doc_id,category,title,document_part,term,term_count,total_terms,tf,df,idf,tfidf_score
1,machine learning,Penerapan machine learning dalam prediksi tingkat kasus penyakit di Indonesia,title,terap,1,8,0.125,30,0.8239087409443188,0.10298859261803985
1,machine learning,Penerapan machine learning dalam prediksi tingkat kasus penyakit di Indonesia,title,machine,1,8,0.125,54,0.5686362358410126,0.07107952948012658
1,machine learning,Penerapan machine learning dalam prediksi tingkat kasus penyakit di Indonesia,title,learning,1,8,0.125,63,0.5016894462103995,0.06271118077629993
1,machine learning,Penerapan machine learning dalam prediksi tingkat kasus penyakit di Indonesia,title,prediksi,1,8,0.125,9,1.3467874862246563,0.16834843577808203
1,machine learning,Penerapan machine learning dalam prediksi tingkat kasus penyakit di Indonesia,title,tingkat,1,8,0.125,17,1.0705810742857074,0.13382263428571342
1,machine learning,Penerapan machine learning dalam prediksi tingkat kasus penyakit di Indonesia,title,kasus,1,8,0.125,8,1.3979400086720377,0.17474250108400471
1,machine learning,Penerapan machine learning dalam prediksi tingkat kasus penyakit di Indonesia,title,sakit,1,8,0.125,4,1.6989700043360187,0.21237125054200234
1,machine learning,Penerapan machine learning dalam prediksi tingkat kasus penyakit di Indonesia,title,indonesia,1,8,0.125,19,1.0222763947111522,0.12778454933889402
1,machine learning,Penerapan machine learning dalam prediksi tingkat kasus penyakit di Indonesia,abstract,jabar,1,15,0.06666666666666667,1,2.3010299956639813,0.15340199971093207
1,machine learning,Penerapan machine learning dalam prediksi tingkat kasus penyakit di Indonesia,abstract,implementasi,2,15,0.13333333333333333,7,1.4559319556497243,0.19412426075329658
1,machine learning,Penerapan machine learning dalam prediksi tingkat kasus penyakit di Indonesia,abstract,machine,3,15,0.2,54,0.5686362358410126,0.11372724716820254
1,machine learning,Penerapan machine learning dalam prediksi tingkat kasus penyakit di Indonesia,abstract,learning,3,15,0.2,63,0.5016894462103995,0.1003378892420799
1,machine learning,Penerapan machine learning dalam prediksi tingkat kasus penyakit di Indonesia,abstract,prediksi,1,15,0.06666666666666667,9,1.3467874862246563,0.08978583241497709
1,machine learning,Penerapan machine learning dalam prediksi tingkat kasus penyakit di Indonesia,abstract,kasus,1,15,0.06666666666666667,8,1.3979400086720377,0.09319600057813585
1,machine learning,Penerapan machine learning dalam prediksi tingkat kasus penyakit di Indonesia,abstract,aplikasi,1,15,0.06666666666666667,54,0.5686362358410126,0.03790908238940084
1,machine learning,Penerapan machine learning dalam prediksi tingkat kasus penyakit di Indonesia,abstract,model,1,15,0.06666666666666667,14,1.1549019599857433,0.07699346399904955
1,machine learning,Penerapan machine learning dalam prediksi tingkat kasus penyakit di Indonesia,abstract,arima,1,15,0.06666666666666667,1,2.3010299956639813,0.15340199971093207
1,machine learning,Penerapan machine learning dalam prediksi tingkat kasus penyakit di Indonesia,abstract,kemudian,1,15,0.06666666666666667,1,2.3010299956639813,0.15340199971093207
2,machine learning,Tinjauan Pustaka Sistematis: Penerapan Metode Machine Learning untuk Deteksi Bencana Banjir,title,tinjau,1,10,0.1,5,1.6020599913279623,0.16020599913279623
2,machine learning,Tinjauan Pustaka Sistematis: Penerapan Metode Machine Learning untuk Deteksi Bencana Banjir,title,pustaka,1,10,0.1,1,2.3010299956639813,0.23010299956639813
2,machine learning,Tinjauan Pustaka Sistematis: Penerapan Metode Machine Learning untuk Deteksi Bencana Banjir,title,sistematis,1,10,0.1,1,2.3010299956639813,0.23010299956639813
2,machine learning,Tinjauan Pustaka Sistematis: Penerapan Metode Machine Learning untuk Deteksi Bencana Banjir,title,terap,1,10,0.1,30,0.8239087409443188,0.08239087409443188
2,machine learning,Tinjauan Pustaka Sistematis: Penerapan Metode Machine Learning untuk Deteksi Bencana Banjir,title,metode,1,10,0.1,20,1.0,0.1
2,machine learning,Tinjauan Pustaka Sistematis: Penerapan Metode Machine Learning untuk Deteksi Bencana Banjir,title,machine,1,10,0.1,54,0.5686362358410126,0.05686362358410127
2,machine learning,Tinjauan Pustaka Sistematis: Penerapan Metode Machine Learning untuk Deteksi Bencana Banjir,title,learning,1,10,0.1,63,0.5016894462103995,0.05016894462103995
2,machine learning,Tinjauan Pustaka Sistematis: Penerapan Metode Machine Learning untuk Deteksi Bencana Banjir,title,deteksi,1,10,0.1,4,1.6989700043360187,0.1698970004336019
2,machine learning,Tinjauan Pustaka Sistematis: Penerapan Metode Machine Learning untuk Deteksi Bencana Banjir,title,bencana,1,10,0.1,2,2.0,0.2
2,machine learning,Tinjauan Pustaka Sistematis: Penerapan Metode Machine Learning untuk Deteksi Bencana Banjir,title,banjir,1,10,0.1,2,2.0,0.2
2,machine learning,Tinjauan Pustaka Sistematis: Penerapan Metode Machine Learning untuk Deteksi Bencana Banjir,abstract,machine,3,16,0.1875,54,0.5686362358410126,0.10661929422018987
2,machine learning,Tinjauan Pustaka Sistematis: Penerapan Metode Machine Learning untuk Deteksi Bencana Banjir,abstract,learning,3,16,0.1875,63,0.5016894462103995,0.09406677116444989
2,machine learning,Tinjauan Pustaka Sistematis: Penerapan Metode Machine Learning untuk Deteksi Bencana Banjir,abstract,ajar,1,16,0.0625,5,1.6020599913279623,0.10012874945799764
2,machine learning,Tinjauan Pustaka Sistematis: Penerapan Metode Machine Learning untuk Deteksi Bencana Banjir,abstract,pola,1,16,0.0625,1,2.3010299956639813,0.14381437472899883
2,machine learning,Tinjauan Pustaka Sistematis: Penerapan Metode Machine Learning untuk Deteksi Bencana Banjir,abstract,data,1,16,0.0625,27,0.8696662315049939,0.05435413946906212
2,machine learning,Tinjauan Pustaka Sistematis: Penerapan Metode Machine Learning untuk Deteksi Bencana Banjir,abstract,historis,1,16,0.0625,1,2.3010299956639813,0.14381437472899883
2,machine learning,Tinjauan Pustaka Sistematis: Penerapan Metode Machine Learning untuk Deteksi Bencana Banjir,abstract,sehingga,1,16,0.0625,2,2.0,0.125
2,machine learning,Tinjauan Pustaka Sistematis: Penerapan Metode Machine Learning untuk Deteksi Bencana Banjir,abstract,guna,1,16,0.0625,46,0.638272163982407,0.03989201024890044
2,machine learning,Tinjauan Pustaka Sistematis: Penerapan Metode Machine Learning untuk Deteksi Bencana Banjir,abstract,metode,1,16,0.0625,20,1.0,0.0625
2,machine learning,Tinjauan Pustaka Sistematis: Penerapan Metode Machine Learning untuk Deteksi Bencana Banjir,abstract,hasil,1,16,0.0625,9,1.3467874862246563,0.08417421788904102
2,machine learning,Tinjauan Pustaka Sistematis: Penerapan Metode Machine Learning untuk Deteksi Bencana Banjir,abstract,teliti,1,16,0.0625,22,0.958607314841775,0.059912957177610936
2,machine learning,Tinjauan Pustaka Sistematis: Penerapan Metode Machine Learning untuk Deteksi Bencana Banjir,abstract,tunjuk,1,16,0.0625,2,2.0,0.125
3,machine learning,"Penerapan Machine Learning, Deep Learning, Dan Data Mining Dalam Deteksi Kecurangan Laporan Keuangan-a Systematic Literature Review",title,terap,1,14,0.07142857142857142,30,0.8239087409443188,0.058850624353165626
3,machine learning,"Penerapan Machine Learning, Deep Learning, Dan Data Mining Dalam Deteksi Kecurangan Laporan Keuangan-a Systematic Literature Review",title,machine,1,14,0.07142857142857142,54,0.5686362358410126,0.040616873988643755
3,machine learning,"Penerapan Machine Learning, Deep Learning, Dan Data Mining Dalam Deteksi Kecurangan Laporan Keuangan-a Systematic Literature Review",title,learning,2,14,0.14285714285714285,63,0.5016894462103995,0.07166992088719992
3,machine learning,"Penerapan Machine Learning, Deep Learning, Dan Data Mining Dalam Deteksi Kecurangan Laporan Keuangan-a Systematic Literature Review",title,deep,1,14,0.07142857142857142,13,1.1870866433571445,0.08479190309693889
3,machine learning,"Penerapan Machine Learning, Deep Learning, Dan Data Mining Dalam Deteksi Kecurangan Laporan Keuangan-a Systematic Literature Review",title,data,1,14,0.07142857142857142,27,0.8696662315049939,0.06211901653607099
3,machine learning,"Penerapan Machine Learning, Deep Learning, Dan Data Mining Dalam Deteksi Kecurangan Laporan Keuangan-a Systematic Literature Review",title,mining,1,14,0.07142857142857142,3,1.8239087409443189,0.13027919578173705
3,machine learning,"Penerapan Machine Learning, Deep Learning, Dan Data Mining Dalam Deteksi Kecurangan Laporan Keuangan-a Systematic Literature Review",title,deteksi,1,14,0.07142857142857142,4,1.6989700043360187,0.12135500030971562
3,machine learning,"Penerapan Machine Learning, Deep Learning, Dan Data Mining Dalam Deteksi Kecurangan Laporan Keuangan-a Systematic Literature Review",title,curang,1,14,0.07142857142857142,1,2.3010299956639813,0.1643592854045701
3,machine learning,"Penerapan Machine Learning, Deep Learning, Dan Data Mining Dalam Deteksi Kecurangan Laporan Keuangan-a Systematic Literature Review",title,lapor,1,14,0.07142857142857142,3,1.8239087409443189,0.13027919578173705
3,machine learning,"Penerapan Machine Learning, Deep Learning, Dan Data Mining Dalam Deteksi Kecurangan Laporan Keuangan-a Systematic Literature Review",title,uang,1,14,0.07142857142857142,4,1.6989700043360187,0.12135500030971562
3,machine learning,"Penerapan Machine Learning, Deep Learning, Dan Data Mining Dalam Deteksi Kecurangan Laporan Keuangan-a Systematic Literature Review",title,systematic,1,14,0.07142857142857142,14,1.1549019599857433,0.0824929971418388
3,machine learning,"Penerapan Machine Learning, Deep Learning, Dan Data Mining Dalam Deteksi Kecurangan Laporan Keuangan-a Systematic Literature Review",title,literature,1,14,0.07142857142857142,9,1.3467874862246563,0.09619910615890401
3,machine learning,"Penerapan Machine Learning, Deep Learning, Dan Data Mining Dalam Deteksi Kecurangan Laporan Keuangan-a Systematic Literature Review",title,review,1,14,0.07142857142857142,26,0.8860566476931633,0.06328976054951166
3,machine learning,"Penerapan Machine Learning, Deep Learning, Dan Data Mining Dalam Deteksi Kecurangan Laporan Keuangan-a Systematic Literature Review",abstract,application,1,19,0.05263157894736842,38,0.721246399047171,0.037960336791956366
3,machine learning,"Penerapan Machine Learning, Deep Learning, Dan Data Mining Dalam Deteksi Kecurangan Laporan Keuangan-a Systematic Literature Review",abstract,machine,3,19,0.15789473684210525,54,0.5686362358410126,0.08978466881700199
3,machine learning,"Penerapan Machine Learning, Deep Learning, Dan Data Mining Dalam Deteksi Kecurangan Laporan Keuangan-a Systematic Literature Review",abstract,learning,6,19,0.3157894736842105,63,0.5016894462103995,0.1584282461717051
3,machine learning,"Penerapan Machine Learning, Deep Learning, Dan Data Mining Dalam Deteksi Kecurangan Laporan Keuangan-a Systematic Literature Review",abstract,deep,3,19,0.15789473684210525,13,1.1870866433571445,0.18743473316165438
3,machine learning,"Penerapan Machine Learning, Deep Learning, Dan Data Mining Dalam Deteksi Kecurangan Laporan Keuangan-a Systematic Literature Review",abstract,data,1,19,0.05263157894736842,27,0.8696662315049939,0.04577190692131546
3,machine learning,"Penerapan Machine Learning, Deep Learning, Dan Data Mining Dalam Deteksi Kecurangan Laporan Keuangan-a Systematic Literature Review",abstract,provides,1,19,0.05263157894736842,5,1.6020599913279623,0.08431894691199801
3,machine learning,"Penerapan Machine Learning, Deep Learning, Dan Data Mining Dalam Deteksi Kecurangan Laporan Keuangan-a Systematic Literature Review",abstract,evidence,1,19,0.05263157894736842,1,2.3010299956639813,0.12110684187705163
3,machine learning,"Penerapan Machine Learning, Deep Learning, Dan Data Mining Dalam Deteksi Kecurangan Laporan Keuangan-a Systematic Literature Review",abstract,new,1,19,0.05263157894736842,11,1.2596373105057561,0.06629670055293453
3,machine learning,"Penerapan Machine Learning, Deep Learning, Dan Data Mining Dalam Deteksi Kecurangan Laporan Keuangan-a Systematic Literature Review",abstract,technologies,1,19,0.05263157894736842,5,1.6020599913279623,0.08431894691199801
3,machine learning,"Penerapan Machine Learning, Deep Learning, Dan Data Mining Dalam Deteksi Kecurangan Laporan Keuangan-a Systematic Literature Review",abstract,such,1,19,0.05263157894736842,5,1.6020599913279623,0.08431894691199801
4,machine learning,Penerapan machine learning untuk prediksi bencana banjir,title,terap,1,6,0.16666666666666666,30,0.8239087409443188,0.13731812349071978
4,machine learning,Penerapan machine learning untuk prediksi bencana banjir,title,machine,1,6,0.16666666666666666,54,0.5686362358410126,0.0947727059735021
4,machine learning,Penerapan machine learning untuk prediksi bencana banjir,title,learning,1,6,0.16666666666666666,63,0.5016894462103995,0.08361490770173324
4,machine learning,Penerapan machine learning untuk prediksi bencana banjir,title,prediksi,1,6,0.16666666666666666,9,1.3467874862246563,0.2244645810374427
4,machine learning,Penerapan machine learning untuk prediksi bencana banjir,title,bencana,1,6,0.16666666666666666,2,2.0,0.3333333333333333
4,machine learning,Penerapan machine learning untuk prediksi bencana banjir,title,banjir,1,6,0.16666666666666666,2,2.0,0.3333333333333333
4,machine learning,Penerapan machine learning untuk prediksi bencana banjir,abstract,indonesia,2,17,0.11764705882352941,19,1.0222763947111522,0.1202678111424885
4,machine learning,Penerapan machine learning untuk prediksi bencana banjir,abstract,iklim,1,17,0.058823529411764705,1,2.3010299956639813,0.13535470562729301
4,machine learning,Penerapan machine learning untuk prediksi bencana banjir,abstract,tropis,1,17,0.058823529411764705,1,2.3010299956639813,0.13535470562729301
4,machine learning,Penerapan machine learning untuk prediksi bencana banjir,abstract,letak,1,17,0.058823529411764705,2,2.0,0.11764705882352941
4,machine learning,Penerapan machine learning untuk prediksi bencana banjir,abstract,garis,1,17,0.058823529411764705,1,2.3010299956639813,0.13535470562729301
4,machine learning,Penerapan machine learning untuk prediksi bencana banjir,abstract,katulistiwa,1,17,0.058823529411764705,1,2.3010299956639813,0.13535470562729301
4,machine learning,Penerapan machine learning untuk prediksi bencana banjir,abstract,milik,1,17,0.058823529411764705,7,1.4559319556497243,0.08564305621468966
4,machine learning,Penerapan machine learning untuk prediksi bencana banjir,abstract,dua,1,17,0.058823529411764705,1,2.3010299956639813,0.13535470562729301
4,machine learning,Penerapan machine learning untuk prediksi bencana banjir,abstract,musim,4,17,0.23529411764705882,1,2.3010299956639813,0.5414188225091721
4,machine learning,Penerapan machine learning untuk prediksi bencana banjir,abstract,kemarau,1,17,0.058823529411764705,1,2.3010299956639813,0.13535470562729301
4,machine learning,Penerapan machine learning untuk prediksi bencana banjir,abstract,hujan,2,17,0.11764705882352941,1,2.3010299956639813,0.27070941125458603
4,machine learning,Penerapan machine learning untuk prediksi bencana banjir,abstract,apabila,1,17,0.058823529411764705,1,2.3010299956639813,0.13535470562729301
5,machine learning,Penerapan Machine Learning dan Deep Learning pada Peningkatan Deteksi Credit Card Fraud-A Systematic Literature Review,title,terap,1,13,0.07692307692307693,30,0.8239087409443188,0.0633775954572553
5,machine learning,Penerapan Machine Learning dan Deep Learning pada Peningkatan Deteksi Credit Card Fraud-A Systematic Literature Review,title,machine,1,13,0.07692307692307693,54,0.5686362358410126,0.04374124891084713
5,machine learning,Penerapan Machine Learning dan Deep Learning pada Peningkatan Deteksi Credit Card Fraud-A Systematic Literature Review,title,learning,2,13,0.15384615384615385,63,0.5016894462103995,0.07718299172467684
5,machine learning,Penerapan Machine Learning dan Deep Learning pada Peningkatan Deteksi Credit Card Fraud-A Systematic Literature Review,title,deep,1,13,0.07692307692307693,13,1.1870866433571445,0.09131435718131882
5,machine learning,Penerapan Machine Learning dan Deep Learning pada Peningkatan Deteksi Credit Card Fraud-A Systematic Literature Review,title,tingkat,1,13,0.07692307692307693,17,1.0705810742857074,0.0823523903296698
5,machine learning,Penerapan Machine Learning dan Deep Learning pada Peningkatan Deteksi Credit Card Fraud-A Systematic Literature Review,title,deteksi,1,13,0.07692307692307693,4,1.6989700043360187,0.13069000033353992
5,machine learning,Penerapan Machine Learning dan Deep Learning pada Peningkatan Deteksi Credit Card Fraud-A Systematic Literature Review,title,credit,1,13,0.07692307692307693,1,2.3010299956639813,0.1770023073587678
5,machine learning,Penerapan Machine Learning dan Deep Learning pada Peningkatan Deteksi Credit Card Fraud-A Systematic Literature Review,title,card,1,13,0.07692307692307693,1,2.3010299956639813,0.1770023073587678
5,machine learning,Penerapan Machine Learning dan Deep Learning pada Peningkatan Deteksi Credit Card Fraud-A Systematic Literature Review,title,fraud,1,13,0.07692307692307693,1,2.3010299956639813,0.1770023073587678
5,machine learning,Penerapan Machine Learning dan Deep Learning pada Peningkatan Deteksi Credit Card Fraud-A Systematic Literature Review,title,systematic,1,13,0.07692307692307693,14,1.1549019599857433,0.08883861230659565
5,machine learning,Penerapan Machine Learning dan Deep Learning pada Peningkatan Deteksi Credit Card Fraud-A Systematic Literature Review,title,literature,1,13,0.07692307692307693,9,1.3467874862246563,0.10359903740189665
5,machine learning,Penerapan Machine Learning dan Deep Learning pada Peningkatan Deteksi Credit Card Fraud-A Systematic Literature Review,title,review,1,13,0.07692307692307693,26,0.8860566476931633,0.06815820366870487
5,machine learning,Penerapan Machine Learning dan Deep Learning pada Peningkatan Deteksi Credit Card Fraud-A Systematic Literature Review,abstract,research,1,18,0.05555555555555555,12,1.2218487496163564,0.06788048608979758
5,machine learning,Penerapan Machine Learning dan Deep Learning pada Peningkatan Deteksi Credit Card Fraud-A Systematic Literature Review,abstract,aims,1,18,0.05555555555555555,5,1.6020599913279623,0.08900333285155346
5,machine learning,Penerapan Machine Learning dan Deep Learning pada Peningkatan Deteksi Credit Card Fraud-A Systematic Literature Review,abstract,explore,1,18,0.05555555555555555,3,1.8239087409443189,0.10132826338579548
5,machine learning,Penerapan Machine Learning dan Deep Learning pada Peningkatan Deteksi Credit Card Fraud-A Systematic Literature Review,abstract,application,1,18,0.05555555555555555,38,0.721246399047171,0.0400692443915095
5,machine learning,Penerapan Machine Learning dan Deep Learning pada Peningkatan Deteksi Credit Card Fraud-A Systematic Literature Review,abstract,machine,1,18,0.05555555555555555,54,0.5686362358410126,0.03159090199116737
5,machine learning,Penerapan Machine Learning dan Deep Learning pada Peningkatan Deteksi Credit Card Fraud-A Systematic Literature Review,abstract,learning,2,18,0.1111111111111111,63,0.5016894462103995,0.05574327180115549
5,machine learning,Penerapan Machine Learning dan Deep Learning pada Peningkatan Deteksi Credit Card Fraud-A Systematic Literature Review,abstract,deep,1,18,0.05555555555555555,13,1.1870866433571445,0.0659492579642858
5,machine learning,Penerapan Machine Learning dan Deep Learning pada Peningkatan Deteksi Credit Card Fraud-A Systematic Literature Review,abstract,enhancing,1,18,0.05555555555555555,2,2.0,0.1111111111111111
5,machine learning,Penerapan Machine Learning dan Deep Learning pada Peningkatan Deteksi Credit Card Fraud-A Systematic Literature Review,abstract,credit,1,18,0.05555555555555555,1,2.3010299956639813,0.12783499975911006
5,machine learning,Penerapan Machine Learning dan Deep Learning pada Peningkatan Deteksi Credit Card Fraud-A Systematic Literature Review,abstract,card,1,18,0.05555555555555555,1,2.3010299956639813,0.12783499975911006
5,machine learning,Penerapan Machine Learning dan Deep Learning pada Peningkatan Deteksi Credit Card Fraud-A Systematic Literature Review,abstract,fraud,1,18,0.05555555555555555,1,2.3010299956639813,0.12783499975911006
5,machine learning,Penerapan Machine Learning dan Deep Learning pada Peningkatan Deteksi Credit Card Fraud-A Systematic Literature Review,abstract,detection,1,18,0.05555555555555555,1,2.3010299956639813,0.12783499975911006
5,machine learning,Penerapan Machine Learning dan Deep Learning pada Peningkatan Deteksi Credit Card Fraud-A Systematic Literature Review,abstract,identifying,1,18,0.05555555555555555,3,1.8239087409443189,0.10132826338579548
5,machine learning,Penerapan Machine Learning dan Deep Learning pada Peningkatan Deteksi Credit Card Fraud-A Systematic Literature Review,abstract,gaps,1,18,0.05555555555555555,2,2.0,0.1111111111111111
5,machine learning,Penerapan Machine Learning dan Deep Learning pada Peningkatan Deteksi Credit Card Fraud-A Systematic Literature Review,abstract,knowledge,1,18,0.05555555555555555,4,1.6989700043360187,0.09438722246311215
5,machine learning,Penerapan Machine Learning dan Deep Learning pada Peningkatan Deteksi Credit Card Fraud-A Systematic Literature Review,abstract,could,1,18,0.05555555555555555,1,2.3010299956639813,0.12783499975911006
5,machine learning,Penerapan Machine Learning dan Deep Learning pada Peningkatan Deteksi Credit Card Fraud-A Systematic Literature Review,abstract,serve,1,18,0.05555555555555555,1,2.3010299956639813,0.12783499975911006
6,machine learning,Penerapan Machine Learning dengan Konsep Data Mining Rough Set (Prediksi Tingkat Pemahaman Mahasiswa terhadap Matakuliah),title,terap,1,13,0.07692307692307693,30,0.8239087409443188,0.0633775954572553
6,machine learning,Penerapan Machine Learning dengan Konsep Data Mining Rough Set (Prediksi Tingkat Pemahaman Mahasiswa terhadap Matakuliah),title,machine,1,13,0.07692307692307693,54,0.5686362358410126,0.04374124891084713
6,machine learning,Penerapan Machine Learning dengan Konsep Data Mining Rough Set (Prediksi Tingkat Pemahaman Mahasiswa terhadap Matakuliah),title,learning,1,13,0.07692307692307693,63,0.5016894462103995,0.03859149586233842
6,machine learning,Penerapan Machine Learning dengan Konsep Data Mining Rough Set (Prediksi Tingkat Pemahaman Mahasiswa terhadap Matakuliah),title,konsep,1,13,0.07692307692307693,3,1.8239087409443189,0.14030067238033223
6,machine learning,Penerapan Machine Learning dengan Konsep Data Mining Rough Set (Prediksi Tingkat Pemahaman Mahasiswa terhadap Matakuliah),title,data,1,13,0.07692307692307693,27,0.8696662315049939,0.06689740242346107
6,machine learning,Penerapan Machine Learning dengan Konsep Data Mining Rough Set (Prediksi Tingkat Pemahaman Mahasiswa terhadap Matakuliah),title,mining,1,13,0.07692307692307693,3,1.8239087409443189,0.14030067238033223
6,machine learning,Penerapan Machine Learning dengan Konsep Data Mining Rough Set (Prediksi Tingkat Pemahaman Mahasiswa terhadap Matakuliah),title,rough,1,13,0.07692307692307693,1,2.3010299956639813,0.1770023073587678
6,machine learning,Penerapan Machine Learning dengan Konsep Data Mining Rough Set (Prediksi Tingkat Pemahaman Mahasiswa terhadap Matakuliah),title,set,1,13,0.07692307692307693,3,1.8239087409443189,0.14030067238033223
6,machine learning,Penerapan Machine Learning dengan Konsep Data Mining Rough Set (Prediksi Tingkat Pemahaman Mahasiswa terhadap Matakuliah),title,prediksi,1,13,0.07692307692307693,9,1.3467874862246563,0.10359903740189665
6,machine learning,Penerapan Machine Learning dengan Konsep Data Mining Rough Set (Prediksi Tingkat Pemahaman Mahasiswa terhadap Matakuliah),title,tingkat,1,13,0.07692307692307693,17,1.0705810742857074,0.0823523903296698
6,machine learning,Penerapan Machine Learning dengan Konsep Data Mining Rough Set (Prediksi Tingkat Pemahaman Mahasiswa terhadap Matakuliah),title,paham,1,13,0.07692307692307693,2,2.0,0.15384615384615385
6,machine learning,Penerapan Machine Learning dengan Konsep Data Mining Rough Set (Prediksi Tingkat Pemahaman Mahasiswa terhadap Matakuliah),title,mahasiswa,1,13,0.07692307692307693,3,1.8239087409443189,0.14030067238033223
6,machine learning,Penerapan Machine Learning dengan Konsep Data Mining Rough Set (Prediksi Tingkat Pemahaman Mahasiswa terhadap Matakuliah),title,matakuliah,1,13,0.07692307692307693,1,2.3010299956639813,0.1770023073587678
6,machine learning,Penerapan Machine Learning dengan Konsep Data Mining Rough Set (Prediksi Tingkat Pemahaman Mahasiswa terhadap Matakuliah),abstract,metode,1,17,0.058823529411764705,20,1.0,0.058823529411764705
6,machine learning,Penerapan Machine Learning dengan Konsep Data Mining Rough Set (Prediksi Tingkat Pemahaman Mahasiswa terhadap Matakuliah),abstract,rough,1,17,0.058823529411764705,1,2.3010299956639813,0.13535470562729301
6,machine learning,Penerapan Machine Learning dengan Konsep Data Mining Rough Set (Prediksi Tingkat Pemahaman Mahasiswa terhadap Matakuliah),abstract,set,1,17,0.058823529411764705,3,1.8239087409443189,0.10728874946731287
6,machine learning,Penerapan Machine Learning dengan Konsep Data Mining Rough Set (Prediksi Tingkat Pemahaman Mahasiswa terhadap Matakuliah),abstract,rs,1,17,0.058823529411764705,1,2.3010299956639813,0.13535470562729301
6,machine learning,Penerapan Machine Learning dengan Konsep Data Mining Rough Set (Prediksi Tingkat Pemahaman Mahasiswa terhadap Matakuliah),abstract,rupa,1,17,0.058823529411764705,6,1.5228787452803376,0.08958110266354927
6,machine learning,Penerapan Machine Learning dengan Konsep Data Mining Rough Set (Prediksi Tingkat Pemahaman Mahasiswa terhadap Matakuliah),abstract,bagi,1,17,0.058823529411764705,3,1.8239087409443189,0.10728874946731287
6,machine learning,Penerapan Machine Learning dengan Konsep Data Mining Rough Set (Prediksi Tingkat Pemahaman Mahasiswa terhadap Matakuliah),abstract,machine,1,17,0.058823529411764705,54,0.5686362358410126,0.03344919034358898
6,machine learning,Penerapan Machine Learning dengan Konsep Data Mining Rough Set (Prediksi Tingkat Pemahaman Mahasiswa terhadap Matakuliah),abstract,learning,1,17,0.058823529411764705,63,0.5016894462103995,0.02951114389472938
6,machine learning,Penerapan Machine Learning dengan Konsep Data Mining Rough Set (Prediksi Tingkat Pemahaman Mahasiswa terhadap Matakuliah),abstract,analis,1,17,0.058823529411764705,5,1.6020599913279623,0.0942388230192919
6,machine learning,Penerapan Machine Learning dengan Konsep Data Mining Rough Set (Prediksi Tingkat Pemahaman Mahasiswa terhadap Matakuliah),abstract,ketidakpastian,1,17,0.058823529411764705,1,2.3010299956639813,0.13535470562729301
6,machine learning,Penerapan Machine Learning dengan Konsep Data Mining Rough Set (Prediksi Tingkat Pemahaman Mahasiswa terhadap Matakuliah),abstract,dataset,1,17,0.058823529411764705,2,2.0,0.11764705882352941
6,machine learning,Penerapan Machine Learning dengan Konsep Data Mining Rough Set (Prediksi Tingkat Pemahaman Mahasiswa terhadap Matakuliah),abstract,guna,1,17,0.058823529411764705,46,0.638272163982407,0.03754542141072983
6,machine learning,Penerapan Machine Learning dengan Konsep Data Mining Rough Set (Prediksi Tingkat Pemahaman Mahasiswa terhadap Matakuliah),abstract,tentu,1,17,0.058823529411764705,3,1.8239087409443189,0.10728874946731287
6,machine learning,Penerapan Machine Learning dengan Konsep Data Mining Rough Set (Prediksi Tingkat Pemahaman Mahasiswa terhadap Matakuliah),abstract,atribut,1,17,0.058823529411764705,1,2.3010299956639813,0.13535470562729301
6,machine learning,Penerapan Machine Learning dengan Konsep Data Mining Rough Set (Prediksi Tingkat Pemahaman Mahasiswa terhadap Matakuliah),abstract,objek,1,17,0.058823529411764705,2,2.0,0.11764705882352941
6,machine learning,Penerapan Machine Learning dengan Konsep Data Mining Rough Set (Prediksi Tingkat Pemahaman Mahasiswa terhadap Matakuliah),abstract,penting,1,17,0.058823529411764705,7,1.4559319556497243,0.08564305621468966
6,machine learning,Penerapan Machine Learning dengan Konsep Data Mining Rough Set (Prediksi Tingkat Pemahaman Mahasiswa terhadap Matakuliah),abstract,klasifikasi,1,17,0.058823529411764705,3,1.8239087409443189,0.10728874946731287
7,machine learning,Penerapan Metode Machine Learning dalam Klasifikasi Risiko Kejadian Berat Badan Lahir Rendah di Indonesia,title,terap,1,12,0.08333333333333333,30,0.8239087409443188,0.06865906174535989
7,machine learning,Penerapan Metode Machine Learning dalam Klasifikasi Risiko Kejadian Berat Badan Lahir Rendah di Indonesia,title,metode,1,12,0.08333333333333333,20,1.0,0.08333333333333333
7,machine learning,Penerapan Metode Machine Learning dalam Klasifikasi Risiko Kejadian Berat Badan Lahir Rendah di Indonesia,title,machine,1,12,0.08333333333333333,54,0.5686362358410126,0.04738635298675105
7,machine learning,Penerapan Metode Machine Learning dalam Klasifikasi Risiko Kejadian Berat Badan Lahir Rendah di Indonesia,title,learning,1,12,0.08333333333333333,63,0.5016894462103995,0.04180745385086662
7,machine learning,Penerapan Metode Machine Learning dalam Klasifikasi Risiko Kejadian Berat Badan Lahir Rendah di Indonesia,title,klasifikasi,1,12,0.08333333333333333,3,1.8239087409443189,0.15199239507869322
7,machine learning,Penerapan Metode Machine Learning dalam Klasifikasi Risiko Kejadian Berat Badan Lahir Rendah di Indonesia,title,risiko,1,12,0.08333333333333333,3,1.8239087409443189,0.15199239507869322
7,machine learning,Penerapan Metode Machine Learning dalam Klasifikasi Risiko Kejadian Berat Badan Lahir Rendah di Indonesia,title,jadi,1,12,0.08333333333333333,2,2.0,0.16666666666666666
7,machine learning,Penerapan Metode Machine Learning dalam Klasifikasi Risiko Kejadian Berat Badan Lahir Rendah di Indonesia,title,berat,1,12,0.08333333333333333,1,2.3010299956639813,0.19175249963866509
7,machine learning,Penerapan Metode Machine Learning dalam Klasifikasi Risiko Kejadian Berat Badan Lahir Rendah di Indonesia,title,badan,1,12,0.08333333333333333,1,2.3010299956639813,0.19175249963866509
7,machine learning,Penerapan Metode Machine Learning dalam Klasifikasi Risiko Kejadian Berat Badan Lahir Rendah di Indonesia,title,lahir,1,12,0.08333333333333333,1,2.3010299956639813,0.19175249963866509
7,machine learning,Penerapan Metode Machine Learning dalam Klasifikasi Risiko Kejadian Berat Badan Lahir Rendah di Indonesia,title,rendah,1,12,0.08333333333333333,1,2.3010299956639813,0.19175249963866509
7,machine learning,Penerapan Metode Machine Learning dalam Klasifikasi Risiko Kejadian Berat Badan Lahir Rendah di Indonesia,title,indonesia,1,12,0.08333333333333333,19,1.0222763947111522,0.08518969955926267
7,machine learning,Penerapan Metode Machine Learning dalam Klasifikasi Risiko Kejadian Berat Badan Lahir Rendah di Indonesia,abstract,kaji,1,15,0.06666666666666667,3,1.8239087409443189,0.1215939160629546
7,machine learning,Penerapan Metode Machine Learning dalam Klasifikasi Risiko Kejadian Berat Badan Lahir Rendah di Indonesia,abstract,terap,1,15,0.06666666666666667,30,0.8239087409443188,0.05492724939628792
7,machine learning,Penerapan Metode Machine Learning dalam Klasifikasi Risiko Kejadian Berat Badan Lahir Rendah di Indonesia,abstract,metode,2,15,0.13333333333333333,20,1.0,0.13333333333333333
7,machine learning,Penerapan Metode Machine Learning dalam Klasifikasi Risiko Kejadian Berat Badan Lahir Rendah di Indonesia,abstract,machine,1,15,0.06666666666666667,54,0.5686362358410126,0.03790908238940084
7,machine learning,Penerapan Metode Machine Learning dalam Klasifikasi Risiko Kejadian Berat Badan Lahir Rendah di Indonesia,abstract,learning,2,15,0.13333333333333333,63,0.5016894462103995,0.06689192616138659
7,machine learning,Penerapan Metode Machine Learning dalam Klasifikasi Risiko Kejadian Berat Badan Lahir Rendah di Indonesia,abstract,perhati,1,15,0.06666666666666667,3,1.8239087409443189,0.1215939160629546
7,machine learning,Penerapan Metode Machine Learning dalam Klasifikasi Risiko Kejadian Berat Badan Lahir Rendah di Indonesia,abstract,kasus,1,15,0.06666666666666667,8,1.3979400086720377,0.09319600057813585
7,machine learning,Penerapan Metode Machine Learning dalam Klasifikasi Risiko Kejadian Berat Badan Lahir Rendah di Indonesia,abstract,imbalanced,1,15,0.06666666666666667,1,2.3010299956639813,0.15340199971093207
7,machine learning,Penerapan Metode Machine Learning dalam Klasifikasi Risiko Kejadian Berat Badan Lahir Rendah di Indonesia,abstract,data,1,15,0.06666666666666667,27,0.8696662315049939,0.05797774876699959
7,machine learning,Penerapan Metode Machine Learning dalam Klasifikasi Risiko Kejadian Berat Badan Lahir Rendah di Indonesia,abstract,model,1,15,0.06666666666666667,14,1.1549019599857433,0.07699346399904955
7,machine learning,Penerapan Metode Machine Learning dalam Klasifikasi Risiko Kejadian Berat Badan Lahir Rendah di Indonesia,abstract,klasifikasi,1,15,0.06666666666666667,3,1.8239087409443189,0.1215939160629546
7,machine learning,Penerapan Metode Machine Learning dalam Klasifikasi Risiko Kejadian Berat Badan Lahir Rendah di Indonesia,abstract,adapun,1,15,0.06666666666666667,3,1.8239087409443189,0.1215939160629546
7,machine learning,Penerapan Metode Machine Learning dalam Klasifikasi Risiko Kejadian Berat Badan Lahir Rendah di Indonesia,abstract,meachine,1,15,0.06666666666666667,1,2.3010299956639813,0.15340199971093207
8,machine learning,Penerapan Machine Learning Untuk Menentukan Tingkat Kepuasan Tamu Hotel Dymens Menggunakan Metode Vader,title,terap,1,12,0.08333333333333333,30,0.8239087409443188,0.06865906174535989
8,machine learning,Penerapan Machine Learning Untuk Menentukan Tingkat Kepuasan Tamu Hotel Dymens Menggunakan Metode Vader,title,machine,1,12,0.08333333333333333,54,0.5686362358410126,0.04738635298675105
8,machine learning,Penerapan Machine Learning Untuk Menentukan Tingkat Kepuasan Tamu Hotel Dymens Menggunakan Metode Vader,title,learning,1,12,0.08333333333333333,63,0.5016894462103995,0.04180745385086662
8,machine learning,Penerapan Machine Learning Untuk Menentukan Tingkat Kepuasan Tamu Hotel Dymens Menggunakan Metode Vader,title,tentu,1,12,0.08333333333333333,3,1.8239087409443189,0.15199239507869322
8,machine learning,Penerapan Machine Learning Untuk Menentukan Tingkat Kepuasan Tamu Hotel Dymens Menggunakan Metode Vader,title,tingkat,1,12,0.08333333333333333,17,1.0705810742857074,0.08921508952380894
8,machine learning,Penerapan Machine Learning Untuk Menentukan Tingkat Kepuasan Tamu Hotel Dymens Menggunakan Metode Vader,title,puas,1,12,0.08333333333333333,3,1.8239087409443189,0.15199239507869322
8,machine learning,Penerapan Machine Learning Untuk Menentukan Tingkat Kepuasan Tamu Hotel Dymens Menggunakan Metode Vader,title,tamu,1,12,0.08333333333333333,1,2.3010299956639813,0.19175249963866509
8,machine learning,Penerapan Machine Learning Untuk Menentukan Tingkat Kepuasan Tamu Hotel Dymens Menggunakan Metode Vader,title,hotel,1,12,0.08333333333333333,1,2.3010299956639813,0.19175249963866509
8,machine learning,Penerapan Machine Learning Untuk Menentukan Tingkat Kepuasan Tamu Hotel Dymens Menggunakan Metode Vader,title,dymens,1,12,0.08333333333333333,1,2.3010299956639813,0.19175249963866509
8,machine learning,Penerapan Machine Learning Untuk Menentukan Tingkat Kepuasan Tamu Hotel Dymens Menggunakan Metode Vader,title,guna,1,12,0.08333333333333333,46,0.638272163982407,0.05318934699853392
8,machine learning,Penerapan Machine Learning Untuk Menentukan Tingkat Kepuasan Tamu Hotel Dymens Menggunakan Metode Vader,title,metode,1,12,0.08333333333333333,20,1.0,0.08333333333333333
8,machine learning,Penerapan Machine Learning Untuk Menentukan Tingkat Kepuasan Tamu Hotel Dymens Menggunakan Metode Vader,title,vader,1,12,0.08333333333333333,1,2.3010299956639813,0.19175249963866509
8,machine learning,Penerapan Machine Learning Untuk Menentukan Tingkat Kepuasan Tamu Hotel Dymens Menggunakan Metode Vader,abstract,over,1,22,0.045454545454545456,3,1.8239087409443189,0.08290494277019632
8,machine learning,Penerapan Machine Learning Untuk Menentukan Tingkat Kepuasan Tamu Hotel Dymens Menggunakan Metode Vader,abstract,time,1,22,0.045454545454545456,5,1.6020599913279623,0.07282090869672556
8,machine learning,Penerapan Machine Learning Untuk Menentukan Tingkat Kepuasan Tamu Hotel Dymens Menggunakan Metode Vader,abstract,machine,2,22,0.09090909090909091,54,0.5686362358410126,0.051694203258273876
8,machine learning,Penerapan Machine Learning Untuk Menentukan Tingkat Kepuasan Tamu Hotel Dymens Menggunakan Metode Vader,abstract,learning,2,22,0.09090909090909091,63,0.5016894462103995,0.04560813147367268
8,machine learning,Penerapan Machine Learning Untuk Menentukan Tingkat Kepuasan Tamu Hotel Dymens Menggunakan Metode Vader,abstract,can,1,22,0.045454545454545456,11,1.2596373105057561,0.05725624138662528
8,machine learning,Penerapan Machine Learning Untuk Menentukan Tingkat Kepuasan Tamu Hotel Dymens Menggunakan Metode Vader,abstract,replace,1,22,0.045454545454545456,1,2.3010299956639813,0.10459227253018097
8,machine learning,Penerapan Machine Learning Untuk Menentukan Tingkat Kepuasan Tamu Hotel Dymens Menggunakan Metode Vader,abstract,improve,1,22,0.045454545454545456,6,1.5228787452803376,0.06922176114910626
8,machine learning,Penerapan Machine Learning Untuk Menentukan Tingkat Kepuasan Tamu Hotel Dymens Menggunakan Metode Vader,abstract,human,1,22,0.045454545454545456,3,1.8239087409443189,0.08290494277019632
8,machine learning,Penerapan Machine Learning Untuk Menentukan Tingkat Kepuasan Tamu Hotel Dymens Menggunakan Metode Vader,abstract,abilities,1,22,0.045454545454545456,1,2.3010299956639813,0.10459227253018097
8,machine learning,Penerapan Machine Learning Untuk Menentukan Tingkat Kepuasan Tamu Hotel Dymens Menggunakan Metode Vader,abstract,various,2,22,0.09090909090909091,4,1.6989700043360187,0.1544518185760017
8,machine learning,Penerapan Machine Learning Untuk Menentukan Tingkat Kepuasan Tamu Hotel Dymens Menggunakan Metode Vader,abstract,fields,1,22,0.045454545454545456,1,2.3010299956639813,0.10459227253018097
8,machine learning,Penerapan Machine Learning Untuk Menentukan Tingkat Kepuasan Tamu Hotel Dymens Menggunakan Metode Vader,abstract,has,1,22,0.045454545454545456,12,1.2218487496163564,0.0555385795280162
8,machine learning,Penerapan Machine Learning Untuk Menentukan Tingkat Kepuasan Tamu Hotel Dymens Menggunakan Metode Vader,abstract,been,1,22,0.045454545454545456,3,1.8239087409443189,0.08290494277019632
8,machine learning,Penerapan Machine Learning Untuk Menentukan Tingkat Kepuasan Tamu Hotel Dymens Menggunakan Metode Vader,abstract,extensively,1,22,0.045454545454545456,1,2.3010299956639813,0.10459227253018097
8,machine learning,Penerapan Machine Learning Untuk Menentukan Tingkat Kepuasan Tamu Hotel Dymens Menggunakan Metode Vader,abstract,researched,1,22,0.045454545454545456,1,2.3010299956639813,0.10459227253018097
8,machine learning,Penerapan Machine Learning Untuk Menentukan Tingkat Kepuasan Tamu Hotel Dymens Menggunakan Metode Vader,abstract,used,1,22,0.045454545454545456,7,1.4559319556497243,0.06617872525680565
8,machine learning,Penerapan Machine Learning Untuk Menentukan Tingkat Kepuasan Tamu Hotel Dymens Menggunakan Metode Vader,abstract,solve,1,22,0.045454545454545456,1,2.3010299956639813,0.10459227253018097
8,machine learning,Penerapan Machine Learning Untuk Menentukan Tingkat Kepuasan Tamu Hotel Dymens Menggunakan Metode Vader,abstract,problems,1,22,0.045454545454545456,2,2.0,0.09090909090909091
8,machine learning,Penerapan Machine Learning Untuk Menentukan Tingkat Kepuasan Tamu Hotel Dymens Menggunakan Metode Vader,abstract,among,1,22,0.045454545454545456,2,2.0,0.09090909090909091
9,machine learning,Klasifikasi kualitas air minum menggunakan penerapan algoritma machine learning dengan pendekatan supervised learning,title,klasifikasi,1,12,0.08333333333333333,3,1.8239087409443189,0.15199239507869322
9,machine learning,Klasifikasi kualitas air minum menggunakan penerapan algoritma machine learning dengan pendekatan supervised learning,title,kualitas,1,12,0.08333333333333333,7,1.4559319556497243,0.12132766297081035
9,machine learning,Klasifikasi kualitas air minum menggunakan penerapan algoritma machine learning dengan pendekatan supervised learning,title,air,1,12,0.08333333333333333,1,2.3010299956639813,0.19175249963866509
9,machine learning,Klasifikasi kualitas air minum menggunakan penerapan algoritma machine learning dengan pendekatan supervised learning,title,minum,1,12,0.08333333333333333,1,2.3010299956639813,0.19175249963866509
9,machine learning,Klasifikasi kualitas air minum menggunakan penerapan algoritma machine learning dengan pendekatan supervised learning,title,guna,1,12,0.08333333333333333,46,0.638272163982407,0.05318934699853392
9,machine learning,Klasifikasi kualitas air minum menggunakan penerapan algoritma machine learning dengan pendekatan supervised learning,title,terap,1,12,0.08333333333333333,30,0.8239087409443188,0.06865906174535989
9,machine learning,Klasifikasi kualitas air minum menggunakan penerapan algoritma machine learning dengan pendekatan supervised learning,title,algoritma,1,12,0.08333333333333333,9,1.3467874862246563,0.11223229051872136
9,machine learning,Klasifikasi kualitas air minum menggunakan penerapan algoritma machine learning dengan pendekatan supervised learning,title,machine,1,12,0.08333333333333333,54,0.5686362358410126,0.04738635298675105
9,machine learning,Klasifikasi kualitas air minum menggunakan penerapan algoritma machine learning dengan pendekatan supervised learning,title,learning,2,12,0.16666666666666666,63,0.5016894462103995,0.08361490770173324
9,machine learning,Klasifikasi kualitas air minum menggunakan penerapan algoritma machine learning dengan pendekatan supervised learning,title,dekat,1,12,0.08333333333333333,3,1.8239087409443189,0.15199239507869322
9,machine learning,Klasifikasi kualitas air minum menggunakan penerapan algoritma machine learning dengan pendekatan supervised learning,title,supervised,1,12,0.08333333333333333,3,1.8239087409443189,0.15199239507869322
9,machine learning,Klasifikasi kualitas air minum menggunakan penerapan algoritma machine learning dengan pendekatan supervised learning,abstract,klasifikasi,1,17,0.058823529411764705,3,1.8239087409443189,0.10728874946731287
9,machine learning,Klasifikasi kualitas air minum menggunakan penerapan algoritma machine learning dengan pendekatan supervised learning,abstract,kualitas,1,17,0.058823529411764705,7,1.4559319556497243,0.08564305621468966
9,machine learning,Klasifikasi kualitas air minum menggunakan penerapan algoritma machine learning dengan pendekatan supervised learning,abstract,air,1,17,0.058823529411764705,1,2.3010299956639813,0.13535470562729301
9,machine learning,Klasifikasi kualitas air minum menggunakan penerapan algoritma machine learning dengan pendekatan supervised learning,abstract,minum,1,17,0.058823529411764705,1,2.3010299956639813,0.13535470562729301
9,machine learning,Klasifikasi kualitas air minum menggunakan penerapan algoritma machine learning dengan pendekatan supervised learning,abstract,guna,1,17,0.058823529411764705,46,0.638272163982407,0.03754542141072983
9,machine learning,Klasifikasi kualitas air minum menggunakan penerapan algoritma machine learning dengan pendekatan supervised learning,abstract,terap,1,17,0.058823529411764705,30,0.8239087409443188,0.04846522005554816
9,machine learning,Klasifikasi kualitas air minum menggunakan penerapan algoritma machine learning dengan pendekatan supervised learning,abstract,machine,2,17,0.11764705882352941,54,0.5686362358410126,0.06689838068717796
9,machine learning,Klasifikasi kualitas air minum menggunakan penerapan algoritma machine learning dengan pendekatan supervised learning,abstract,learning,1,17,0.058823529411764705,63,0.5016894462103995,0.02951114389472938
9,machine learning,Klasifikasi kualitas air minum menggunakan penerapan algoritma machine learning dengan pendekatan supervised learning,abstract,cakup,1,17,0.058823529411764705,3,1.8239087409443189,0.10728874946731287
9,machine learning,Klasifikasi kualitas air minum menggunakan penerapan algoritma machine learning dengan pendekatan supervised learning,abstract,model,1,17,0.058823529411764705,14,1.1549019599857433,0.06793540941092607
9,machine learning,Klasifikasi kualitas air minum menggunakan penerapan algoritma machine learning dengan pendekatan supervised learning,abstract,logistic,1,17,0.058823529411764705,1,2.3010299956639813,0.13535470562729301
9,machine learning,Klasifikasi kualitas air minum menggunakan penerapan algoritma machine learning dengan pendekatan supervised learning,abstract,regression,1,17,0.058823529411764705,4,1.6989700043360187,0.0999394120197658
9,machine learning,Klasifikasi kualitas air minum menggunakan penerapan algoritma machine learning dengan pendekatan supervised learning,abstract,support,1,17,0.058823529411764705,4,1.6989700043360187,0.0999394120197658
9,machine learning,Klasifikasi kualitas air minum menggunakan penerapan algoritma machine learning dengan pendekatan supervised learning,abstract,vector,1,17,0.058823529411764705,3,1.8239087409443189,0.10728874946731287
9,machine learning,Klasifikasi kualitas air minum menggunakan penerapan algoritma machine learning dengan pendekatan supervised learning,abstract,svm,1,17,0.058823529411764705,1,2.3010299956639813,0.13535470562729301
9,machine learning,Klasifikasi kualitas air minum menggunakan penerapan algoritma machine learning dengan pendekatan supervised learning,abstract,random,1,17,0.058823529411764705,2,2.0,0.11764705882352941
10,machine learning,Visualisasi Data dan Penerapan Machine Learning Menggunakan Decision Tree Untuk Keputusan Layanan Kesehatan COVID-19,title,visualisasi,1,13,0.07692307692307693,1,2.3010299956639813,0.1770023073587678
10,machine learning,Visualisasi Data dan Penerapan Machine Learning Menggunakan Decision Tree Untuk Keputusan Layanan Kesehatan COVID-19,title,data,1,13,0.07692307692307693,27,0.8696662315049939,0.06689740242346107
10,machine learning,Visualisasi Data dan Penerapan Machine Learning Menggunakan Decision Tree Untuk Keputusan Layanan Kesehatan COVID-19,title,terap,1,13,0.07692307692307693,30,0.8239087409443188,0.0633775954572553
10,machine learning,Visualisasi Data dan Penerapan Machine Learning Menggunakan Decision Tree Untuk Keputusan Layanan Kesehatan COVID-19,title,machine,1,13,0.07692307692307693,54,0.5686362358410126,0.04374124891084713
10,machine learning,Visualisasi Data dan Penerapan Machine Learning Menggunakan Decision Tree Untuk Keputusan Layanan Kesehatan COVID-19,title,learning,1,13,0.07692307692307693,63,0.5016894462103995,0.03859149586233842
10,machine learning,Visualisasi Data dan Penerapan Machine Learning Menggunakan Decision Tree Untuk Keputusan Layanan Kesehatan COVID-19,title,guna,1,13,0.07692307692307693,46,0.638272163982407,0.04909785876787747
10,machine learning,Visualisasi Data dan Penerapan Machine Learning Menggunakan Decision Tree Untuk Keputusan Layanan Kesehatan COVID-19,title,decision,1,13,0.07692307692307693,1,2.3010299956639813,0.1770023073587678
10,machine learning,Visualisasi Data dan Penerapan Machine Learning Menggunakan Decision Tree Untuk Keputusan Layanan Kesehatan COVID-19,title,tree,1,13,0.07692307692307693,2,2.0,0.15384615384615385
10,machine learning,Visualisasi Data dan Penerapan Machine Learning Menggunakan Decision Tree Untuk Keputusan Layanan Kesehatan COVID-19,title,putus,1,13,0.07692307692307693,2,2.0,0.15384615384615385
10,machine learning,Visualisasi Data dan Penerapan Machine Learning Menggunakan Decision Tree Untuk Keputusan Layanan Kesehatan COVID-19,title,layan,1,13,0.07692307692307693,11,1.2596373105057561,0.09689517773121202
10,machine learning,Visualisasi Data dan Penerapan Machine Learning Menggunakan Decision Tree Untuk Keputusan Layanan Kesehatan COVID-19,title,sehat,1,13,0.07692307692307693,6,1.5228787452803376,0.11714451886771829
10,machine learning,Visualisasi Data dan Penerapan Machine Learning Menggunakan Decision Tree Untuk Keputusan Layanan Kesehatan COVID-19,title,covid,1,13,0.07692307692307693,6,1.5228787452803376,0.11714451886771829
10,machine learning,Visualisasi Data dan Penerapan Machine Learning Menggunakan Decision Tree Untuk Keputusan Layanan Kesehatan COVID-19,title,19,1,13,0.07692307692307693,7,1.4559319556497243,0.11199476581920957
10,machine learning,Visualisasi Data dan Penerapan Machine Learning Menggunakan Decision Tree Untuk Keputusan Layanan Kesehatan COVID-19,abstract,terap,1,18,0.05555555555555555,30,0.8239087409443188,0.04577270783023993
10,machine learning,Visualisasi Data dan Penerapan Machine Learning Menggunakan Decision Tree Untuk Keputusan Layanan Kesehatan COVID-19,abstract,machine,3,18,0.16666666666666666,54,0.5686362358410126,0.0947727059735021
10,machine learning,Visualisasi Data dan Penerapan Machine Learning Menggunakan Decision Tree Untuk Keputusan Layanan Kesehatan COVID-19,abstract,learning,3,18,0.16666666666666666,63,0.5016894462103995,0.08361490770173324
10,machine learning,Visualisasi Data dan Penerapan Machine Learning Menggunakan Decision Tree Untuk Keputusan Layanan Kesehatan COVID-19,abstract,aplikasi,1,18,0.05555555555555555,54,0.5686362358410126,0.03159090199116737
10,machine learning,Visualisasi Data dan Penerapan Machine Learning Menggunakan Decision Tree Untuk Keputusan Layanan Kesehatan COVID-19,abstract,dunia,1,18,0.05555555555555555,4,1.6989700043360187,0.09438722246311215
10,machine learning,Visualisasi Data dan Penerapan Machine Learning Menggunakan Decision Tree Untuk Keputusan Layanan Kesehatan COVID-19,abstract,nyata,1,18,0.05555555555555555,1,2.3010299956639813,0.12783499975911006
10,machine learning,Visualisasi Data dan Penerapan Machine Learning Menggunakan Decision Tree Untuk Keputusan Layanan Kesehatan COVID-19,abstract,mana,1,18,0.05555555555555555,1,2.3010299956639813,0.12783499975911006
10,machine learning,Visualisasi Data dan Penerapan Machine Learning Menggunakan Decision Tree Untuk Keputusan Layanan Kesehatan COVID-19,abstract,data,1,18,0.05555555555555555,27,0.8696662315049939,0.04831479063916633
10,machine learning,Visualisasi Data dan Penerapan Machine Learning Menggunakan Decision Tree Untuk Keputusan Layanan Kesehatan COVID-19,abstract,hasil,1,18,0.05555555555555555,9,1.3467874862246563,0.0748215270124809
10,machine learning,Visualisasi Data dan Penerapan Machine Learning Menggunakan Decision Tree Untuk Keputusan Layanan Kesehatan COVID-19,abstract,cara,1,18,0.05555555555555555,1,2.3010299956639813,0.12783499975911006
10,machine learning,Visualisasi Data dan Penerapan Machine Learning Menggunakan Decision Tree Untuk Keputusan Layanan Kesehatan COVID-19,abstract,terus,2,18,0.1111111111111111,1,2.3010299956639813,0.2556699995182201
10,machine learning,Visualisasi Data dan Penerapan Machine Learning Menggunakan Decision Tree Untuk Keputusan Layanan Kesehatan COVID-19,abstract,16,1,18,0.05555555555555555,2,2.0,0.1111111111111111
10,machine learning,Visualisasi Data dan Penerapan Machine Learning Menggunakan Decision Tree Untuk Keputusan Layanan Kesehatan COVID-19,abstract,metode,1,18,0.05555555555555555,20,1.0,0.05555555555555555
11,machine learning,Penerapan Konsep Machine Learning & Deep Learning,title,terap,1,6,0.16666666666666666,30,0.8239087409443188,0.13731812349071978
11,machine learning,Penerapan Konsep Machine Learning & Deep Learning,title,konsep,1,6,0.16666666666666666,3,1.8239087409443189,0.30398479015738644
11,machine learning,Penerapan Konsep Machine Learning & Deep Learning,title,machine,1,6,0.16666666666666666,54,0.5686362358410126,0.0947727059735021
11,machine learning,Penerapan Konsep Machine Learning & Deep Learning,title,learning,2,6,0.3333333333333333,63,0.5016894462103995,0.1672298154034665
11,machine learning,Penerapan Konsep Machine Learning & Deep Learning,title,deep,1,6,0.16666666666666666,13,1.1870866433571445,0.1978477738928574
11,machine learning,Penerapan Konsep Machine Learning & Deep Learning,abstract,buku,1,14,0.07142857142857142,1,2.3010299956639813,0.1643592854045701
11,machine learning,Penerapan Konsep Machine Learning & Deep Learning,abstract,algoritma,1,14,0.07142857142857142,9,1.3467874862246563,0.09619910615890401
11,machine learning,Penerapan Konsep Machine Learning & Deep Learning,abstract,machine,1,14,0.07142857142857142,54,0.5686362358410126,0.040616873988643755
11,machine learning,Penerapan Konsep Machine Learning & Deep Learning,abstract,learning,2,14,0.14285714285714285,63,0.5016894462103995,0.07166992088719992
11,machine learning,Penerapan Konsep Machine Learning & Deep Learning,abstract,deep,1,14,0.07142857142857142,13,1.1870866433571445,0.08479190309693889
11,machine learning,Penerapan Konsep Machine Learning & Deep Learning,abstract,jelas,1,14,0.07142857142857142,2,2.0,0.14285714285714285
11,machine learning,Penerapan Konsep Machine Learning & Deep Learning,abstract,dekat,1,14,0.07142857142857142,3,1.8239087409443189,0.13027919578173705
11,machine learning,Penerapan Konsep Machine Learning & Deep Learning,abstract,matematis,1,14,0.07142857142857142,1,2.3010299956639813,0.1643592854045701
11,machine learning,Penerapan Konsep Machine Learning & Deep Learning,abstract,sederhana,1,14,0.07142857142857142,2,2.0,0.14285714285714285
11,machine learning,Penerapan Konsep Machine Learning & Deep Learning,abstract,ikut,1,14,0.07142857142857142,1,2.3010299956639813,0.1643592854045701
11,machine learning,Penerapan Konsep Machine Learning & Deep Learning,abstract,baca,1,14,0.07142857142857142,1,2.3010299956639813,0.1643592854045701
11,machine learning,Penerapan Konsep Machine Learning & Deep Learning,abstract,saran,1,14,0.07142857142857142,2,2.0,0.14285714285714285
11,machine learning,Penerapan Konsep Machine Learning & Deep Learning,abstract,milik,1,14,0.07142857142857142,7,1.4559319556497243,0.10399513968926602
12,machine learning,Penerapan Machine Learning Pada Analisis Sentimen Aplikasi Mytelkomsel Mengunakan Data Ulasan Google Playstore,title,terap,1,12,0.08333333333333333,30,0.8239087409443188,0.06865906174535989
12,machine learning,Penerapan Machine Learning Pada Analisis Sentimen Aplikasi Mytelkomsel Mengunakan Data Ulasan Google Playstore,title,machine,1,12,0.08333333333333333,54,0.5686362358410126,0.04738635298675105
12,machine learning,Penerapan Machine Learning Pada Analisis Sentimen Aplikasi Mytelkomsel Mengunakan Data Ulasan Google Playstore,title,learning,1,12,0.08333333333333333,63,0.5016894462103995,0.04180745385086662
12,machine learning,Penerapan Machine Learning Pada Analisis Sentimen Aplikasi Mytelkomsel Mengunakan Data Ulasan Google Playstore,title,analisis,1,12,0.08333333333333333,17,1.0705810742857074,0.08921508952380894
12,machine learning,Penerapan Machine Learning Pada Analisis Sentimen Aplikasi Mytelkomsel Mengunakan Data Ulasan Google Playstore,title,sentimen,1,12,0.08333333333333333,3,1.8239087409443189,0.15199239507869322
12,machine learning,Penerapan Machine Learning Pada Analisis Sentimen Aplikasi Mytelkomsel Mengunakan Data Ulasan Google Playstore,title,aplikasi,1,12,0.08333333333333333,54,0.5686362358410126,0.04738635298675105
12,machine learning,Penerapan Machine Learning Pada Analisis Sentimen Aplikasi Mytelkomsel Mengunakan Data Ulasan Google Playstore,title,mytelkomsel,1,12,0.08333333333333333,1,2.3010299956639813,0.19175249963866509
12,machine learning,Penerapan Machine Learning Pada Analisis Sentimen Aplikasi Mytelkomsel Mengunakan Data Ulasan Google Playstore,title,mengunakan,1,12,0.08333333333333333,1,2.3010299956639813,0.19175249963866509
12,machine learning,Penerapan Machine Learning Pada Analisis Sentimen Aplikasi Mytelkomsel Mengunakan Data Ulasan Google Playstore,title,data,1,12,0.08333333333333333,27,0.8696662315049939,0.07247218595874949
12,machine learning,Penerapan Machine Learning Pada Analisis Sentimen Aplikasi Mytelkomsel Mengunakan Data Ulasan Google Playstore,title,ulas,1,12,0.08333333333333333,4,1.6989700043360187,0.14158083369466823
12,machine learning,Penerapan Machine Learning Pada Analisis Sentimen Aplikasi Mytelkomsel Mengunakan Data Ulasan Google Playstore,title,google,1,12,0.08333333333333333,3,1.8239087409443189,0.15199239507869322
12,machine learning,Penerapan Machine Learning Pada Analisis Sentimen Aplikasi Mytelkomsel Mengunakan Data Ulasan Google Playstore,title,playstore,1,12,0.08333333333333333,2,2.0,0.16666666666666666
12,machine learning,Penerapan Machine Learning Pada Analisis Sentimen Aplikasi Mytelkomsel Mengunakan Data Ulasan Google Playstore,abstract,mytelkomsel,2,15,0.13333333333333333,1,2.3010299956639813,0.30680399942186415
12,machine learning,Penerapan Machine Learning Pada Analisis Sentimen Aplikasi Mytelkomsel Mengunakan Data Ulasan Google Playstore,abstract,application,2,15,0.13333333333333333,38,0.721246399047171,0.0961661865396228
12,machine learning,Penerapan Machine Learning Pada Analisis Sentimen Aplikasi Mytelkomsel Mengunakan Data Ulasan Google Playstore,abstract,digital,1,15,0.06666666666666667,11,1.2596373105057561,0.08397582070038374
12,machine learning,Penerapan Machine Learning Pada Analisis Sentimen Aplikasi Mytelkomsel Mengunakan Data Ulasan Google Playstore,abstract,access,1,15,0.06666666666666667,5,1.6020599913279623,0.10680399942186415
12,machine learning,Penerapan Machine Learning Pada Analisis Sentimen Aplikasi Mytelkomsel Mengunakan Data Ulasan Google Playstore,abstract,platform,1,15,0.06666666666666667,3,1.8239087409443189,0.1215939160629546
12,machine learning,Penerapan Machine Learning Pada Analisis Sentimen Aplikasi Mytelkomsel Mengunakan Data Ulasan Google Playstore,abstract,provides,1,15,0.06666666666666667,5,1.6020599913279623,0.10680399942186415
12,machine learning,Penerapan Machine Learning Pada Analisis Sentimen Aplikasi Mytelkomsel Mengunakan Data Ulasan Google Playstore,abstract,telecommunications,1,15,0.06666666666666667,1,2.3010299956639813,0.15340199971093207
12,machine learning,Penerapan Machine Learning Pada Analisis Sentimen Aplikasi Mytelkomsel Mengunakan Data Ulasan Google Playstore,abstract,services,1,15,0.06666666666666667,3,1.8239087409443189,0.1215939160629546
12,machine learning,Penerapan Machine Learning Pada Analisis Sentimen Aplikasi Mytelkomsel Mengunakan Data Ulasan Google Playstore,abstract,therefore,1,15,0.06666666666666667,2,2.0,0.13333333333333333
12,machine learning,Penerapan Machine Learning Pada Analisis Sentimen Aplikasi Mytelkomsel Mengunakan Data Ulasan Google Playstore,abstract,sentiment,1,15,0.06666666666666667,1,2.3010299956639813,0.15340199971093207
12,machine learning,Penerapan Machine Learning Pada Analisis Sentimen Aplikasi Mytelkomsel Mengunakan Data Ulasan Google Playstore,abstract,analysis,1,15,0.06666666666666667,13,1.1870866433571445,0.07913910955714297
12,machine learning,Penerapan Machine Learning Pada Analisis Sentimen Aplikasi Mytelkomsel Mengunakan Data Ulasan Google Playstore,abstract,users,1,15,0.06666666666666667,9,1.3467874862246563,0.08978583241497709
12,machine learning,Penerapan Machine Learning Pada Analisis Sentimen Aplikasi Mytelkomsel Mengunakan Data Ulasan Google Playstore,abstract,relevant,1,15,0.06666666666666667,1,2.3010299956639813,0.15340199971093207
13,machine learning,Penerapan Machine Learning Untuk Mengategorikan Sampah Plastik Rumah Tangga,title,terap,1,8,0.125,30,0.8239087409443188,0.10298859261803985
13,machine learning,Penerapan Machine Learning Untuk Mengategorikan Sampah Plastik Rumah Tangga,title,machine,1,8,0.125,54,0.5686362358410126,0.07107952948012658
13,machine learning,Penerapan Machine Learning Untuk Mengategorikan Sampah Plastik Rumah Tangga,title,learning,1,8,0.125,63,0.5016894462103995,0.06271118077629993
13,machine learning,Penerapan Machine Learning Untuk Mengategorikan Sampah Plastik Rumah Tangga,title,kategori,1,8,0.125,3,1.8239087409443189,0.22798859261803986
13,machine learning,Penerapan Machine Learning Untuk Mengategorikan Sampah Plastik Rumah Tangga,title,sampah,1,8,0.125,1,2.3010299956639813,0.28762874945799766
13,machine learning,Penerapan Machine Learning Untuk Mengategorikan Sampah Plastik Rumah Tangga,title,plastik,1,8,0.125,1,2.3010299956639813,0.28762874945799766
13,machine learning,Penerapan Machine Learning Untuk Mengategorikan Sampah Plastik Rumah Tangga,title,rumah,1,8,0.125,1,2.3010299956639813,0.28762874945799766
13,machine learning,Penerapan Machine Learning Untuk Mengategorikan Sampah Plastik Rumah Tangga,title,tangga,1,8,0.125,1,2.3010299956639813,0.28762874945799766
13,machine learning,Penerapan Machine Learning Untuk Mengategorikan Sampah Plastik Rumah Tangga,abstract,help,1,15,0.06666666666666667,5,1.6020599913279623,0.10680399942186415
13,machine learning,Penerapan Machine Learning Untuk Mengategorikan Sampah Plastik Rumah Tangga,abstract,machine,3,15,0.2,54,0.5686362358410126,0.11372724716820254
13,machine learning,Penerapan Machine Learning Untuk Mengategorikan Sampah Plastik Rumah Tangga,abstract,learning,4,15,0.26666666666666666,63,0.5016894462103995,0.13378385232277318
13,machine learning,Penerapan Machine Learning Untuk Mengategorikan Sampah Plastik Rumah Tangga,abstract,deep,1,15,0.06666666666666667,13,1.1870866433571445,0.07913910955714297
13,machine learning,Penerapan Machine Learning Untuk Mengategorikan Sampah Plastik Rumah Tangga,abstract,we,1,15,0.06666666666666667,28,0.853871964321762,0.0569247976214508
13,machine learning,Penerapan Machine Learning Untuk Mengategorikan Sampah Plastik Rumah Tangga,abstract,terap,1,15,0.06666666666666667,30,0.8239087409443188,0.05492724939628792
13,machine learning,Penerapan Machine Learning Untuk Mengategorikan Sampah Plastik Rumah Tangga,abstract,olah,1,15,0.06666666666666667,1,2.3010299956639813,0.15340199971093207
13,machine learning,Penerapan Machine Learning Untuk Mengategorikan Sampah Plastik Rumah Tangga,abstract,data,2,15,0.13333333333333333,27,0.8696662315049939,0.11595549753399918
13,machine learning,Penerapan Machine Learning Untuk Mengategorikan Sampah Plastik Rumah Tangga,abstract,simpan,1,15,0.06666666666666667,1,2.3010299956639813,0.15340199971093207
14,machine learning,Penerapan Machine Learning dengan Algoritma Logistik Regresi untuk Memprediksi Diabetes,title,terap,1,8,0.125,30,0.8239087409443188,0.10298859261803985
14,machine learning,Penerapan Machine Learning dengan Algoritma Logistik Regresi untuk Memprediksi Diabetes,title,machine,1,8,0.125,54,0.5686362358410126,0.07107952948012658
14,machine learning,Penerapan Machine Learning dengan Algoritma Logistik Regresi untuk Memprediksi Diabetes,title,learning,1,8,0.125,63,0.5016894462103995,0.06271118077629993
14,machine learning,Penerapan Machine Learning dengan Algoritma Logistik Regresi untuk Memprediksi Diabetes,title,algoritma,1,8,0.125,9,1.3467874862246563,0.16834843577808203
14,machine learning,Penerapan Machine Learning dengan Algoritma Logistik Regresi untuk Memprediksi Diabetes,title,logistik,1,8,0.125,1,2.3010299956639813,0.28762874945799766
14,machine learning,Penerapan Machine Learning dengan Algoritma Logistik Regresi untuk Memprediksi Diabetes,title,regresi,1,8,0.125,2,2.0,0.25
14,machine learning,Penerapan Machine Learning dengan Algoritma Logistik Regresi untuk Memprediksi Diabetes,title,prediksi,1,8,0.125,9,1.3467874862246563,0.16834843577808203
14,machine learning,Penerapan Machine Learning dengan Algoritma Logistik Regresi untuk Memprediksi Diabetes,title,diabetes,1,8,0.125,2,2.0,0.25
14,machine learning,Penerapan Machine Learning dengan Algoritma Logistik Regresi untuk Memprediksi Diabetes,abstract,diabetes,1,17,0.058823529411764705,2,2.0,0.11764705882352941
14,machine learning,Penerapan Machine Learning dengan Algoritma Logistik Regresi untuk Memprediksi Diabetes,abstract,rupa,1,17,0.058823529411764705,6,1.5228787452803376,0.08958110266354927
14,machine learning,Penerapan Machine Learning dengan Algoritma Logistik Regresi untuk Memprediksi Diabetes,abstract,masalah,1,17,0.058823529411764705,2,2.0,0.11764705882352941
14,machine learning,Penerapan Machine Learning dengan Algoritma Logistik Regresi untuk Memprediksi Diabetes,abstract,sehat,1,17,0.058823529411764705,6,1.5228787452803376,0.08958110266354927
14,machine learning,Penerapan Machine Learning dengan Algoritma Logistik Regresi untuk Memprediksi Diabetes,abstract,global,1,17,0.058823529411764705,4,1.6989700043360187,0.0999394120197658
14,machine learning,Penerapan Machine Learning dengan Algoritma Logistik Regresi untuk Memprediksi Diabetes,abstract,signifikan,1,17,0.058823529411764705,2,2.0,0.11764705882352941
14,machine learning,Penerapan Machine Learning dengan Algoritma Logistik Regresi untuk Memprediksi Diabetes,abstract,pengaruh,1,17,0.058823529411764705,3,1.8239087409443189,0.10728874946731287
14,machine learning,Penerapan Machine Learning dengan Algoritma Logistik Regresi untuk Memprediksi Diabetes,abstract,kualitas,1,17,0.058823529411764705,7,1.4559319556497243,0.08564305621468966
14,machine learning,Penerapan Machine Learning dengan Algoritma Logistik Regresi untuk Memprediksi Diabetes,abstract,hidup,1,17,0.058823529411764705,1,2.3010299956639813,0.13535470562729301
14,machine learning,Penerapan Machine Learning dengan Algoritma Logistik Regresi untuk Memprediksi Diabetes,abstract,individu,1,17,0.058823529411764705,1,2.3010299956639813,0.13535470562729301
14,machine learning,Penerapan Machine Learning dengan Algoritma Logistik Regresi untuk Memprediksi Diabetes,abstract,timbul,1,17,0.058823529411764705,2,2.0,0.11764705882352941
14,machine learning,Penerapan Machine Learning dengan Algoritma Logistik Regresi untuk Memprediksi Diabetes,abstract,beban,1,17,0.058823529411764705,1,2.3010299956639813,0.13535470562729301
14,machine learning,Penerapan Machine Learning dengan Algoritma Logistik Regresi untuk Memprediksi Diabetes,abstract,ekonomi,1,17,0.058823529411764705,2,2.0,0.11764705882352941
14,machine learning,Penerapan Machine Learning dengan Algoritma Logistik Regresi untuk Memprediksi Diabetes,abstract,sosial,1,17,0.058823529411764705,1,2.3010299956639813,0.13535470562729301
14,machine learning,Penerapan Machine Learning dengan Algoritma Logistik Regresi untuk Memprediksi Diabetes,abstract,machine,1,17,0.058823529411764705,54,0.5686362358410126,0.03344919034358898
14,machine learning,Penerapan Machine Learning dengan Algoritma Logistik Regresi untuk Memprediksi Diabetes,abstract,learning,1,17,0.058823529411764705,63,0.5016894462103995,0.02951114389472938
14,machine learning,Penerapan Machine Learning dengan Algoritma Logistik Regresi untuk Memprediksi Diabetes,abstract,ajar,1,17,0.058823529411764705,5,1.6020599913279623,0.0942388230192919
15,machine learning,Penerapan Machine Learning Algoritma Random Forest Untuk Prediksi Penyakit Jantung,title,terap,1,9,0.1111111111111111,30,0.8239087409443188,0.09154541566047986
15,machine learning,Penerapan Machine Learning Algoritma Random Forest Untuk Prediksi Penyakit Jantung,title,machine,1,9,0.1111111111111111,54,0.5686362358410126,0.06318180398233474
15,machine learning,Penerapan Machine Learning Algoritma Random Forest Untuk Prediksi Penyakit Jantung,title,learning,1,9,0.1111111111111111,63,0.5016894462103995,0.05574327180115549
15,machine learning,Penerapan Machine Learning Algoritma Random Forest Untuk Prediksi Penyakit Jantung,title,algoritma,1,9,0.1111111111111111,9,1.3467874862246563,0.1496430540249618
15,machine learning,Penerapan Machine Learning Algoritma Random Forest Untuk Prediksi Penyakit Jantung,title,random,1,9,0.1111111111111111,2,2.0,0.2222222222222222
15,machine learning,Penerapan Machine Learning Algoritma Random Forest Untuk Prediksi Penyakit Jantung,title,forest,1,9,0.1111111111111111,1,2.3010299956639813,0.2556699995182201
15,machine learning,Penerapan Machine Learning Algoritma Random Forest Untuk Prediksi Penyakit Jantung,title,prediksi,1,9,0.1111111111111111,9,1.3467874862246563,0.1496430540249618
15,machine learning,Penerapan Machine Learning Algoritma Random Forest Untuk Prediksi Penyakit Jantung,title,sakit,1,9,0.1111111111111111,4,1.6989700043360187,0.1887744449262243
15,machine learning,Penerapan Machine Learning Algoritma Random Forest Untuk Prediksi Penyakit Jantung,title,jantung,1,9,0.1111111111111111,1,2.3010299956639813,0.2556699995182201
15,machine learning,Penerapan Machine Learning Algoritma Random Forest Untuk Prediksi Penyakit Jantung,abstract,turut,1,19,0.05263157894736842,1,2.3010299956639813,0.12110684187705163
15,machine learning,Penerapan Machine Learning Algoritma Random Forest Untuk Prediksi Penyakit Jantung,abstract,kira,1,19,0.05263157894736842,1,2.3010299956639813,0.12110684187705163
15,machine learning,Penerapan Machine Learning Algoritma Random Forest Untuk Prediksi Penyakit Jantung,abstract,organisasi,1,19,0.05263157894736842,2,2.0,0.10526315789473684
15,machine learning,Penerapan Machine Learning Algoritma Random Forest Untuk Prediksi Penyakit Jantung,abstract,sehat,1,19,0.05263157894736842,6,1.5228787452803376,0.08015151290949145
15,machine learning,Penerapan Machine Learning Algoritma Random Forest Untuk Prediksi Penyakit Jantung,abstract,dunia,2,19,0.10526315789473684,4,1.6989700043360187,0.17883894782484408
15,machine learning,Penerapan Machine Learning Algoritma Random Forest Untuk Prediksi Penyakit Jantung,abstract,who,1,19,0.05263157894736842,2,2.0,0.10526315789473684
15,machine learning,Penerapan Machine Learning Algoritma Random Forest Untuk Prediksi Penyakit Jantung,abstract,sakit,1,19,0.05263157894736842,4,1.6989700043360187,0.08941947391242204
15,machine learning,Penerapan Machine Learning Algoritma Random Forest Untuk Prediksi Penyakit Jantung,abstract,jantung,1,19,0.05263157894736842,1,2.3010299956639813,0.12110684187705163
15,machine learning,Penerapan Machine Learning Algoritma Random Forest Untuk Prediksi Penyakit Jantung,abstract,proyeksi,1,19,0.05263157894736842,1,2.3010299956639813,0.12110684187705163
15,machine learning,Penerapan Machine Learning Algoritma Random Forest Untuk Prediksi Penyakit Jantung,abstract,tetap,1,19,0.05263157894736842,1,2.3010299956639813,0.12110684187705163
15,machine learning,Penerapan Machine Learning Algoritma Random Forest Untuk Prediksi Penyakit Jantung,abstract,sebab,1,19,0.05263157894736842,1,2.3010299956639813,0.12110684187705163
15,machine learning,Penerapan Machine Learning Algoritma Random Forest Untuk Prediksi Penyakit Jantung,abstract,mati,1,19,0.05263157894736842,2,2.0,0.10526315789473684
15,machine learning,Penerapan Machine Learning Algoritma Random Forest Untuk Prediksi Penyakit Jantung,abstract,utama,1,19,0.05263157894736842,2,2.0,0.10526315789473684
15,machine learning,Penerapan Machine Learning Algoritma Random Forest Untuk Prediksi Penyakit Jantung,abstract,tahun,1,19,0.05263157894736842,2,2.0,0.10526315789473684
15,machine learning,Penerapan Machine Learning Algoritma Random Forest Untuk Prediksi Penyakit Jantung,abstract,2030,1,19,0.05263157894736842,1,2.3010299956639813,0.12110684187705163
15,machine learning,Penerapan Machine Learning Algoritma Random Forest Untuk Prediksi Penyakit Jantung,abstract,17,1,19,0.05263157894736842,1,2.3010299956639813,0.12110684187705163
15,machine learning,Penerapan Machine Learning Algoritma Random Forest Untuk Prediksi Penyakit Jantung,abstract,juta,1,19,0.05263157894736842,1,2.3010299956639813,0.12110684187705163
15,machine learning,Penerapan Machine Learning Algoritma Random Forest Untuk Prediksi Penyakit Jantung,abstract,jiwa,1,19,0.05263157894736842,1,2.3010299956639813,0.12110684187705163
16,machine learning,Penerapan Machine Learning menggunakan algoritma C4. 5 berbasis PSO dalam Menganalisa Data Siswa Putus Sekolah,title,terap,1,13,0.07692307692307693,30,0.8239087409443188,0.0633775954572553
16,machine learning,Penerapan Machine Learning menggunakan algoritma C4. 5 berbasis PSO dalam Menganalisa Data Siswa Putus Sekolah,title,machine,1,13,0.07692307692307693,54,0.5686362358410126,0.04374124891084713
16,machine learning,Penerapan Machine Learning menggunakan algoritma C4. 5 berbasis PSO dalam Menganalisa Data Siswa Putus Sekolah,title,learning,1,13,0.07692307692307693,63,0.5016894462103995,0.03859149586233842
16,machine learning,Penerapan Machine Learning menggunakan algoritma C4. 5 berbasis PSO dalam Menganalisa Data Siswa Putus Sekolah,title,guna,1,13,0.07692307692307693,46,0.638272163982407,0.04909785876787747
16,machine learning,Penerapan Machine Learning menggunakan algoritma C4. 5 berbasis PSO dalam Menganalisa Data Siswa Putus Sekolah,title,algoritma,1,13,0.07692307692307693,9,1.3467874862246563,0.10359903740189665
16,machine learning,Penerapan Machine Learning menggunakan algoritma C4. 5 berbasis PSO dalam Menganalisa Data Siswa Putus Sekolah,title,c4,1,13,0.07692307692307693,1,2.3010299956639813,0.1770023073587678
16,machine learning,Penerapan Machine Learning menggunakan algoritma C4. 5 berbasis PSO dalam Menganalisa Data Siswa Putus Sekolah,title,bas,1,13,0.07692307692307693,28,0.853871964321762,0.0656824587939817
16,machine learning,Penerapan Machine Learning menggunakan algoritma C4. 5 berbasis PSO dalam Menganalisa Data Siswa Putus Sekolah,title,pso,1,13,0.07692307692307693,1,2.3010299956639813,0.1770023073587678
16,machine learning,Penerapan Machine Learning menggunakan algoritma C4. 5 berbasis PSO dalam Menganalisa Data Siswa Putus Sekolah,title,menganalisa,1,13,0.07692307692307693,1,2.3010299956639813,0.1770023073587678
16,machine learning,Penerapan Machine Learning menggunakan algoritma C4. 5 berbasis PSO dalam Menganalisa Data Siswa Putus Sekolah,title,data,1,13,0.07692307692307693,27,0.8696662315049939,0.06689740242346107
16,machine learning,Penerapan Machine Learning menggunakan algoritma C4. 5 berbasis PSO dalam Menganalisa Data Siswa Putus Sekolah,title,siswa,1,13,0.07692307692307693,3,1.8239087409443189,0.14030067238033223
16,machine learning,Penerapan Machine Learning menggunakan algoritma C4. 5 berbasis PSO dalam Menganalisa Data Siswa Putus Sekolah,title,putus,1,13,0.07692307692307693,2,2.0,0.15384615384615385
16,machine learning,Penerapan Machine Learning menggunakan algoritma C4. 5 berbasis PSO dalam Menganalisa Data Siswa Putus Sekolah,title,sekolah,1,13,0.07692307692307693,2,2.0,0.15384615384615385
16,machine learning,Penerapan Machine Learning menggunakan algoritma C4. 5 berbasis PSO dalam Menganalisa Data Siswa Putus Sekolah,abstract,didik,1,15,0.06666666666666667,4,1.6989700043360187,0.11326466695573457
16,machine learning,Penerapan Machine Learning menggunakan algoritma C4. 5 berbasis PSO dalam Menganalisa Data Siswa Putus Sekolah,abstract,sangat,1,15,0.06666666666666667,5,1.6020599913279623,0.10680399942186415
16,machine learning,Penerapan Machine Learning menggunakan algoritma C4. 5 berbasis PSO dalam Menganalisa Data Siswa Putus Sekolah,abstract,pegang,1,15,0.06666666666666667,1,2.3010299956639813,0.15340199971093207
16,machine learning,Penerapan Machine Learning menggunakan algoritma C4. 5 berbasis PSO dalam Menganalisa Data Siswa Putus Sekolah,abstract,peran,1,15,0.06666666666666667,1,2.3010299956639813,0.15340199971093207
16,machine learning,Penerapan Machine Learning menggunakan algoritma C4. 5 berbasis PSO dalam Menganalisa Data Siswa Putus Sekolah,abstract,penting,1,15,0.06666666666666667,7,1.4559319556497243,0.09706213037664829
16,machine learning,Penerapan Machine Learning menggunakan algoritma C4. 5 berbasis PSO dalam Menganalisa Data Siswa Putus Sekolah,abstract,tingkat,1,15,0.06666666666666667,17,1.0705810742857074,0.07137207161904716
16,machine learning,Penerapan Machine Learning menggunakan algoritma C4. 5 berbasis PSO dalam Menganalisa Data Siswa Putus Sekolah,abstract,kualitas,1,15,0.06666666666666667,7,1.4559319556497243,0.09706213037664829
16,machine learning,Penerapan Machine Learning menggunakan algoritma C4. 5 berbasis PSO dalam Menganalisa Data Siswa Putus Sekolah,abstract,sumber,1,15,0.06666666666666667,2,2.0,0.13333333333333333
16,machine learning,Penerapan Machine Learning menggunakan algoritma C4. 5 berbasis PSO dalam Menganalisa Data Siswa Putus Sekolah,abstract,daya,1,15,0.06666666666666667,1,2.3010299956639813,0.15340199971093207
16,machine learning,Penerapan Machine Learning menggunakan algoritma C4. 5 berbasis PSO dalam Menganalisa Data Siswa Putus Sekolah,abstract,manusia,1,15,0.06666666666666667,1,2.3010299956639813,0.15340199971093207
16,machine learning,Penerapan Machine Learning menggunakan algoritma C4. 5 berbasis PSO dalam Menganalisa Data Siswa Putus Sekolah,abstract,indonesia,1,15,0.06666666666666667,19,1.0222763947111522,0.06815175964741015
16,machine learning,Penerapan Machine Learning menggunakan algoritma C4. 5 berbasis PSO dalam Menganalisa Data Siswa Putus Sekolah,abstract,perintah,1,15,0.06666666666666667,3,1.8239087409443189,0.1215939160629546
16,machine learning,Penerapan Machine Learning menggunakan algoritma C4. 5 berbasis PSO dalam Menganalisa Data Siswa Putus Sekolah,abstract,galak,1,15,0.06666666666666667,1,2.3010299956639813,0.15340199971093207
16,machine learning,Penerapan Machine Learning menggunakan algoritma C4. 5 berbasis PSO dalam Menganalisa Data Siswa Putus Sekolah,abstract,program,1,15,0.06666666666666667,3,1.8239087409443189,0.1215939160629546
16,machine learning,Penerapan Machine Learning menggunakan algoritma C4. 5 berbasis PSO dalam Menganalisa Data Siswa Putus Sekolah,abstract,wajib,1,15,0.06666666666666667,1,2.3010299956639813,0.15340199971093207
17,machine learning,Penerapan machine learning dengan algoritma support vector machine untuk prediksi kelembapan udara rata-rata,title,terap,1,12,0.08333333333333333,30,0.8239087409443188,0.06865906174535989
17,machine learning,Penerapan machine learning dengan algoritma support vector machine untuk prediksi kelembapan udara rata-rata,title,machine,2,12,0.16666666666666666,54,0.5686362358410126,0.0947727059735021
17,machine learning,Penerapan machine learning dengan algoritma support vector machine untuk prediksi kelembapan udara rata-rata,title,learning,1,12,0.08333333333333333,63,0.5016894462103995,0.04180745385086662
17,machine learning,Penerapan machine learning dengan algoritma support vector machine untuk prediksi kelembapan udara rata-rata,title,algoritma,1,12,0.08333333333333333,9,1.3467874862246563,0.11223229051872136
17,machine learning,Penerapan machine learning dengan algoritma support vector machine untuk prediksi kelembapan udara rata-rata,title,support,1,12,0.08333333333333333,4,1.6989700043360187,0.14158083369466823
17,machine learning,Penerapan machine learning dengan algoritma support vector machine untuk prediksi kelembapan udara rata-rata,title,vector,1,12,0.08333333333333333,3,1.8239087409443189,0.15199239507869322
17,machine learning,Penerapan machine learning dengan algoritma support vector machine untuk prediksi kelembapan udara rata-rata,title,prediksi,1,12,0.08333333333333333,9,1.3467874862246563,0.11223229051872136
17,machine learning,Penerapan machine learning dengan algoritma support vector machine untuk prediksi kelembapan udara rata-rata,title,lembap,1,12,0.08333333333333333,1,2.3010299956639813,0.19175249963866509
17,machine learning,Penerapan machine learning dengan algoritma support vector machine untuk prediksi kelembapan udara rata-rata,title,udara,1,12,0.08333333333333333,1,2.3010299956639813,0.19175249963866509
17,machine learning,Penerapan machine learning dengan algoritma support vector machine untuk prediksi kelembapan udara rata-rata,title,rata,2,12,0.16666666666666666,1,2.3010299956639813,0.38350499927733017
17,machine learning,Penerapan machine learning dengan algoritma support vector machine untuk prediksi kelembapan udara rata-rata,abstract,machine,2,15,0.13333333333333333,54,0.5686362358410126,0.07581816477880168
17,machine learning,Penerapan machine learning dengan algoritma support vector machine untuk prediksi kelembapan udara rata-rata,abstract,learning,1,15,0.06666666666666667,63,0.5016894462103995,0.033445963080693294
17,machine learning,Penerapan machine learning dengan algoritma support vector machine untuk prediksi kelembapan udara rata-rata,abstract,guna,2,15,0.13333333333333333,46,0.638272163982407,0.08510295519765428
17,machine learning,Penerapan machine learning dengan algoritma support vector machine untuk prediksi kelembapan udara rata-rata,abstract,prediksi,1,15,0.06666666666666667,9,1.3467874862246563,0.08978583241497709
17,machine learning,Penerapan machine learning dengan algoritma support vector machine untuk prediksi kelembapan udara rata-rata,abstract,data,2,15,0.13333333333333333,27,0.8696662315049939,0.11595549753399918
17,machine learning,Penerapan machine learning dengan algoritma support vector machine untuk prediksi kelembapan udara rata-rata,abstract,support,1,15,0.06666666666666667,4,1.6989700043360187,0.11326466695573457
17,machine learning,Penerapan machine learning dengan algoritma support vector machine untuk prediksi kelembapan udara rata-rata,abstract,vector,1,15,0.06666666666666667,3,1.8239087409443189,0.1215939160629546
17,machine learning,Penerapan machine learning dengan algoritma support vector machine untuk prediksi kelembapan udara rata-rata,abstract,rupa,1,15,0.06666666666666667,6,1.5228787452803376,0.10152524968535584
17,machine learning,Penerapan machine learning dengan algoritma support vector machine untuk prediksi kelembapan udara rata-rata,abstract,bagi,1,15,0.06666666666666667,3,1.8239087409443189,0.1215939160629546
17,machine learning,Penerapan machine learning dengan algoritma support vector machine untuk prediksi kelembapan udara rata-rata,abstract,teknik,1,15,0.06666666666666667,1,2.3010299956639813,0.15340199971093207
17,machine learning,Penerapan machine learning dengan algoritma support vector machine untuk prediksi kelembapan udara rata-rata,abstract,mining,1,15,0.06666666666666667,3,1.8239087409443189,0.1215939160629546
17,machine learning,Penerapan machine learning dengan algoritma support vector machine untuk prediksi kelembapan udara rata-rata,abstract,identifikasi,1,15,0.06666666666666667,2,2.0,0.13333333333333333
18,machine learning,penerapan machine learning dalam melakukan prediksi harga saham pt. Bank mandiri (persero) tbk dengan algoritma linear regression,title,terap,1,15,0.06666666666666667,30,0.8239087409443188,0.05492724939628792
18,machine learning,penerapan machine learning dalam melakukan prediksi harga saham pt. Bank mandiri (persero) tbk dengan algoritma linear regression,title,machine,1,15,0.06666666666666667,54,0.5686362358410126,0.03790908238940084
18,machine learning,penerapan machine learning dalam melakukan prediksi harga saham pt. Bank mandiri (persero) tbk dengan algoritma linear regression,title,learning,1,15,0.06666666666666667,63,0.5016894462103995,0.033445963080693294
18,machine learning,penerapan machine learning dalam melakukan prediksi harga saham pt. Bank mandiri (persero) tbk dengan algoritma linear regression,title,laku,1,15,0.06666666666666667,6,1.5228787452803376,0.10152524968535584
18,machine learning,penerapan machine learning dalam melakukan prediksi harga saham pt. Bank mandiri (persero) tbk dengan algoritma linear regression,title,prediksi,1,15,0.06666666666666667,9,1.3467874862246563,0.08978583241497709
18,machine learning,penerapan machine learning dalam melakukan prediksi harga saham pt. Bank mandiri (persero) tbk dengan algoritma linear regression,title,harga,1,15,0.06666666666666667,3,1.8239087409443189,0.1215939160629546
18,machine learning,penerapan machine learning dalam melakukan prediksi harga saham pt. Bank mandiri (persero) tbk dengan algoritma linear regression,title,saham,1,15,0.06666666666666667,1,2.3010299956639813,0.15340199971093207
18,machine learning,penerapan machine learning dalam melakukan prediksi harga saham pt. Bank mandiri (persero) tbk dengan algoritma linear regression,title,pt,1,15,0.06666666666666667,1,2.3010299956639813,0.15340199971093207
18,machine learning,penerapan machine learning dalam melakukan prediksi harga saham pt. Bank mandiri (persero) tbk dengan algoritma linear regression,title,bank,1,15,0.06666666666666667,3,1.8239087409443189,0.1215939160629546
18,machine learning,penerapan machine learning dalam melakukan prediksi harga saham pt. Bank mandiri (persero) tbk dengan algoritma linear regression,title,mandiri,1,15,0.06666666666666667,1,2.3010299956639813,0.15340199971093207
18,machine learning,penerapan machine learning dalam melakukan prediksi harga saham pt. Bank mandiri (persero) tbk dengan algoritma linear regression,title,persero,1,15,0.06666666666666667,1,2.3010299956639813,0.15340199971093207
18,machine learning,penerapan machine learning dalam melakukan prediksi harga saham pt. Bank mandiri (persero) tbk dengan algoritma linear regression,title,tbk,1,15,0.06666666666666667,1,2.3010299956639813,0.15340199971093207
18,machine learning,penerapan machine learning dalam melakukan prediksi harga saham pt. Bank mandiri (persero) tbk dengan algoritma linear regression,title,algoritma,1,15,0.06666666666666667,9,1.3467874862246563,0.08978583241497709
18,machine learning,penerapan machine learning dalam melakukan prediksi harga saham pt. Bank mandiri (persero) tbk dengan algoritma linear regression,title,linear,1,15,0.06666666666666667,3,1.8239087409443189,0.1215939160629546
18,machine learning,penerapan machine learning dalam melakukan prediksi harga saham pt. Bank mandiri (persero) tbk dengan algoritma linear regression,title,regression,1,15,0.06666666666666667,4,1.6989700043360187,0.11326466695573457
18,machine learning,penerapan machine learning dalam melakukan prediksi harga saham pt. Bank mandiri (persero) tbk dengan algoritma linear regression,abstract,machine,2,14,0.14285714285714285,54,0.5686362358410126,0.08123374797728751
18,machine learning,penerapan machine learning dalam melakukan prediksi harga saham pt. Bank mandiri (persero) tbk dengan algoritma linear regression,abstract,learning,2,14,0.14285714285714285,63,0.5016894462103995,0.07166992088719992
18,machine learning,penerapan machine learning dalam melakukan prediksi harga saham pt. Bank mandiri (persero) tbk dengan algoritma linear regression,abstract,representasi,1,14,0.07142857142857142,1,2.3010299956639813,0.1643592854045701
18,machine learning,penerapan machine learning dalam melakukan prediksi harga saham pt. Bank mandiri (persero) tbk dengan algoritma linear regression,abstract,unggul,1,14,0.07142857142857142,1,2.3010299956639813,0.1643592854045701
18,machine learning,penerapan machine learning dalam melakukan prediksi harga saham pt. Bank mandiri (persero) tbk dengan algoritma linear regression,abstract,luar,1,14,0.07142857142857142,1,2.3010299956639813,0.1643592854045701
18,machine learning,penerapan machine learning dalam melakukan prediksi harga saham pt. Bank mandiri (persero) tbk dengan algoritma linear regression,abstract,biasa,1,14,0.07142857142857142,2,2.0,0.14285714285714285
18,machine learning,penerapan machine learning dalam melakukan prediksi harga saham pt. Bank mandiri (persero) tbk dengan algoritma linear regression,abstract,laku,1,14,0.07142857142857142,6,1.5228787452803376,0.10877705323430982
18,machine learning,penerapan machine learning dalam melakukan prediksi harga saham pt. Bank mandiri (persero) tbk dengan algoritma linear regression,abstract,teliti,1,14,0.07142857142857142,22,0.958607314841775,0.06847195106012678
18,machine learning,penerapan machine learning dalam melakukan prediksi harga saham pt. Bank mandiri (persero) tbk dengan algoritma linear regression,abstract,tuju,1,14,0.07142857142857142,12,1.2218487496163564,0.08727491068688259
18,machine learning,penerapan machine learning dalam melakukan prediksi harga saham pt. Bank mandiri (persero) tbk dengan algoritma linear regression,abstract,buat,1,14,0.07142857142857142,18,1.045757490560675,0.07469696361147678
18,machine learning,penerapan machine learning dalam melakukan prediksi harga saham pt. Bank mandiri (persero) tbk dengan algoritma linear regression,abstract,model,1,14,0.07142857142857142,14,1.1549019599857433,0.0824929971418388
18,machine learning,penerapan machine learning dalam melakukan prediksi harga saham pt. Bank mandiri (persero) tbk dengan algoritma linear regression,abstract,prediksi,1,14,0.07142857142857142,9,1.3467874862246563,0.09619910615890401
19,machine learning,Penerapan Algoritma Machine Learning dalam Prediksi Prestasi Akademik Mahasiswa,title,terap,1,8,0.125,30,0.8239087409443188,0.10298859261803985
19,machine learning,Penerapan Algoritma Machine Learning dalam Prediksi Prestasi Akademik Mahasiswa,title,algoritma,1,8,0.125,9,1.3467874862246563,0.16834843577808203
19,machine learning,Penerapan Algoritma Machine Learning dalam Prediksi Prestasi Akademik Mahasiswa,title,machine,1,8,0.125,54,0.5686362358410126,0.07107952948012658
19,machine learning,Penerapan Algoritma Machine Learning dalam Prediksi Prestasi Akademik Mahasiswa,title,learning,1,8,0.125,63,0.5016894462103995,0.06271118077629993
19,machine learning,Penerapan Algoritma Machine Learning dalam Prediksi Prestasi Akademik Mahasiswa,title,prediksi,1,8,0.125,9,1.3467874862246563,0.16834843577808203
19,machine learning,Penerapan Algoritma Machine Learning dalam Prediksi Prestasi Akademik Mahasiswa,title,prestasi,1,8,0.125,1,2.3010299956639813,0.28762874945799766
19,machine learning,Penerapan Algoritma Machine Learning dalam Prediksi Prestasi Akademik Mahasiswa,title,akademik,1,8,0.125,1,2.3010299956639813,0.28762874945799766
19,machine learning,Penerapan Algoritma Machine Learning dalam Prediksi Prestasi Akademik Mahasiswa,title,mahasiswa,1,8,0.125,3,1.8239087409443189,0.22798859261803986
19,machine learning,Penerapan Algoritma Machine Learning dalam Prediksi Prestasi Akademik Mahasiswa,abstract,students,1,20,0.05,2,2.0,0.1
19,machine learning,Penerapan Algoritma Machine Learning dalam Prediksi Prestasi Akademik Mahasiswa,abstract,learning,3,20,0.15,63,0.5016894462103995,0.07525341693155992
19,machine learning,Penerapan Algoritma Machine Learning dalam Prediksi Prestasi Akademik Mahasiswa,abstract,patterns,1,20,0.05,1,2.3010299956639813,0.11505149978319906
19,machine learning,Penerapan Algoritma Machine Learning dalam Prediksi Prestasi Akademik Mahasiswa,abstract,machine,1,20,0.05,54,0.5686362358410126,0.028431811792050635
19,machine learning,Penerapan Algoritma Machine Learning dalam Prediksi Prestasi Akademik Mahasiswa,abstract,models,1,20,0.05,4,1.6989700043360187,0.08494850021680095
19,machine learning,Penerapan Algoritma Machine Learning dalam Prediksi Prestasi Akademik Mahasiswa,abstract,can,1,20,0.05,11,1.2596373105057561,0.06298186552528781
19,machine learning,Penerapan Algoritma Machine Learning dalam Prediksi Prestasi Akademik Mahasiswa,abstract,assist,1,20,0.05,2,2.0,0.1
19,machine learning,Penerapan Algoritma Machine Learning dalam Prediksi Prestasi Akademik Mahasiswa,abstract,educators,1,20,0.05,1,2.3010299956639813,0.11505149978319906
19,machine learning,Penerapan Algoritma Machine Learning dalam Prediksi Prestasi Akademik Mahasiswa,abstract,identifying,1,20,0.05,3,1.8239087409443189,0.09119543704721594
19,machine learning,Penerapan Algoritma Machine Learning dalam Prediksi Prestasi Akademik Mahasiswa,abstract,key,1,20,0.05,4,1.6989700043360187,0.08494850021680095
19,machine learning,Penerapan Algoritma Machine Learning dalam Prediksi Prestasi Akademik Mahasiswa,abstract,factors,1,20,0.05,5,1.6020599913279623,0.08010299956639812
19,machine learning,Penerapan Algoritma Machine Learning dalam Prediksi Prestasi Akademik Mahasiswa,abstract,influencing,1,20,0.05,2,2.0,0.1
19,machine learning,Penerapan Algoritma Machine Learning dalam Prediksi Prestasi Akademik Mahasiswa,abstract,student,1,20,0.05,2,2.0,0.1
19,machine learning,Penerapan Algoritma Machine Learning dalam Prediksi Prestasi Akademik Mahasiswa,abstract,performance,1,20,0.05,5,1.6020599913279623,0.08010299956639812
19,machine learning,Penerapan Algoritma Machine Learning dalam Prediksi Prestasi Akademik Mahasiswa,abstract,enabling,1,20,0.05,1,2.3010299956639813,0.11505149978319906
19,machine learning,Penerapan Algoritma Machine Learning dalam Prediksi Prestasi Akademik Mahasiswa,abstract,targeted,1,20,0.05,1,2.3010299956639813,0.11505149978319906
19,machine learning,Penerapan Algoritma Machine Learning dalam Prediksi Prestasi Akademik Mahasiswa,abstract,interventions,1,20,0.05,3,1.8239087409443189,0.09119543704721594
19,machine learning,Penerapan Algoritma Machine Learning dalam Prediksi Prestasi Akademik Mahasiswa,abstract,enhance,1,20,0.05,1,2.3010299956639813,0.11505149978319906
20,machine learning,Penerapan Machine Learning Clustering K-Means dan Linear Regression Dalam Penentuan Tingkat Resiko Tuberkulosis Paru,title,terap,1,12,0.08333333333333333,30,0.8239087409443188,0.06865906174535989
20,machine learning,Penerapan Machine Learning Clustering K-Means dan Linear Regression Dalam Penentuan Tingkat Resiko Tuberkulosis Paru,title,machine,1,12,0.08333333333333333,54,0.5686362358410126,0.04738635298675105
20,machine learning,Penerapan Machine Learning Clustering K-Means dan Linear Regression Dalam Penentuan Tingkat Resiko Tuberkulosis Paru,title,learning,1,12,0.08333333333333333,63,0.5016894462103995,0.04180745385086662
20,machine learning,Penerapan Machine Learning Clustering K-Means dan Linear Regression Dalam Penentuan Tingkat Resiko Tuberkulosis Paru,title,clustering,1,12,0.08333333333333333,1,2.3010299956639813,0.19175249963866509
20,machine learning,Penerapan Machine Learning Clustering K-Means dan Linear Regression Dalam Penentuan Tingkat Resiko Tuberkulosis Paru,title,means,1,12,0.08333333333333333,1,2.3010299956639813,0.19175249963866509
20,machine learning,Penerapan Machine Learning Clustering K-Means dan Linear Regression Dalam Penentuan Tingkat Resiko Tuberkulosis Paru,title,linear,1,12,0.08333333333333333,3,1.8239087409443189,0.15199239507869322
20,machine learning,Penerapan Machine Learning Clustering K-Means dan Linear Regression Dalam Penentuan Tingkat Resiko Tuberkulosis Paru,title,regression,1,12,0.08333333333333333,4,1.6989700043360187,0.14158083369466823
20,machine learning,Penerapan Machine Learning Clustering K-Means dan Linear Regression Dalam Penentuan Tingkat Resiko Tuberkulosis Paru,title,tentu,1,12,0.08333333333333333,3,1.8239087409443189,0.15199239507869322
20,machine learning,Penerapan Machine Learning Clustering K-Means dan Linear Regression Dalam Penentuan Tingkat Resiko Tuberkulosis Paru,title,tingkat,1,12,0.08333333333333333,17,1.0705810742857074,0.08921508952380894
20,machine learning,Penerapan Machine Learning Clustering K-Means dan Linear Regression Dalam Penentuan Tingkat Resiko Tuberkulosis Paru,title,resiko,1,12,0.08333333333333333,1,2.3010299956639813,0.19175249963866509
20,machine learning,Penerapan Machine Learning Clustering K-Means dan Linear Regression Dalam Penentuan Tingkat Resiko Tuberkulosis Paru,title,tuberkulosis,1,12,0.08333333333333333,1,2.3010299956639813,0.19175249963866509
20,machine learning,Penerapan Machine Learning Clustering K-Means dan Linear Regression Dalam Penentuan Tingkat Resiko Tuberkulosis Paru,title,paru,1,12,0.08333333333333333,1,2.3010299956639813,0.19175249963866509
20,machine learning,Penerapan Machine Learning Clustering K-Means dan Linear Regression Dalam Penentuan Tingkat Resiko Tuberkulosis Paru,abstract,sakit,2,17,0.11764705882352941,4,1.6989700043360187,0.1998788240395316
20,machine learning,Penerapan Machine Learning Clustering K-Means dan Linear Regression Dalam Penentuan Tingkat Resiko Tuberkulosis Paru,abstract,tuberkulosis,1,17,0.058823529411764705,1,2.3010299956639813,0.13535470562729301
20,machine learning,Penerapan Machine Learning Clustering K-Means dan Linear Regression Dalam Penentuan Tingkat Resiko Tuberkulosis Paru,abstract,paru,2,17,0.11764705882352941,1,2.3010299956639813,0.27070941125458603
20,machine learning,Penerapan Machine Learning Clustering K-Means dan Linear Regression Dalam Penentuan Tingkat Resiko Tuberkulosis Paru,abstract,paling,1,17,0.058823529411764705,1,2.3010299956639813,0.13535470562729301
20,machine learning,Penerapan Machine Learning Clustering K-Means dan Linear Regression Dalam Penentuan Tingkat Resiko Tuberkulosis Paru,abstract,sebar,1,17,0.058823529411764705,1,2.3010299956639813,0.13535470562729301
20,machine learning,Penerapan Machine Learning Clustering K-Means dan Linear Regression Dalam Penentuan Tingkat Resiko Tuberkulosis Paru,abstract,bakteri,1,17,0.058823529411764705,1,2.3010299956639813,0.13535470562729301
20,machine learning,Penerapan Machine Learning Clustering K-Means dan Linear Regression Dalam Penentuan Tingkat Resiko Tuberkulosis Paru,abstract,mycobacterium,1,17,0.058823529411764705,1,2.3010299956639813,0.13535470562729301
20,machine learning,Penerapan Machine Learning Clustering K-Means dan Linear Regression Dalam Penentuan Tingkat Resiko Tuberkulosis Paru,abstract,tipe,1,17,0.058823529411764705,1,2.3010299956639813,0.13535470562729301
20,machine learning,Penerapan Machine Learning Clustering K-Means dan Linear Regression Dalam Penentuan Tingkat Resiko Tuberkulosis Paru,abstract,tular,1,17,0.058823529411764705,1,2.3010299956639813,0.13535470562729301
20,machine learning,Penerapan Machine Learning Clustering K-Means dan Linear Regression Dalam Penentuan Tingkat Resiko Tuberkulosis Paru,abstract,bagi,1,17,0.058823529411764705,3,1.8239087409443189,0.10728874946731287
20,machine learning,Penerapan Machine Learning Clustering K-Means dan Linear Regression Dalam Penentuan Tingkat Resiko Tuberkulosis Paru,abstract,catat,2,17,0.11764705882352941,1,2.3010299956639813,0.27070941125458603
20,machine learning,Penerapan Machine Learning Clustering K-Means dan Linear Regression Dalam Penentuan Tingkat Resiko Tuberkulosis Paru,abstract,tahun,1,17,0.058823529411764705,2,2.0,0.11764705882352941
20,machine learning,Penerapan Machine Learning Clustering K-Means dan Linear Regression Dalam Penentuan Tingkat Resiko Tuberkulosis Paru,abstract,2019,1,17,0.058823529411764705,1,2.3010299956639813,0.13535470562729301
20,machine learning,Penerapan Machine Learning Clustering K-Means dan Linear Regression Dalam Penentuan Tingkat Resiko Tuberkulosis Paru,abstract,sekitar,1,17,0.058823529411764705,1,2.3010299956639813,0.13535470562729301
21,machine learning,Penerapan Teknologi Machine Learning dalam Deteksi Dini Penyakit Pada Tanaman Pangan,title,terap,1,9,0.1111111111111111,30,0.8239087409443188,0.09154541566047986
21,machine learning,Penerapan Teknologi Machine Learning dalam Deteksi Dini Penyakit Pada Tanaman Pangan,title,teknologi,1,9,0.1111111111111111,9,1.3467874862246563,0.1496430540249618
21,machine learning,Penerapan Teknologi Machine Learning dalam Deteksi Dini Penyakit Pada Tanaman Pangan,title,machine,1,9,0.1111111111111111,54,0.5686362358410126,0.06318180398233474
21,machine learning,Penerapan Teknologi Machine Learning dalam Deteksi Dini Penyakit Pada Tanaman Pangan,title,learning,1,9,0.1111111111111111,63,0.5016894462103995,0.05574327180115549
21,machine learning,Penerapan Teknologi Machine Learning dalam Deteksi Dini Penyakit Pada Tanaman Pangan,title,deteksi,1,9,0.1111111111111111,4,1.6989700043360187,0.1887744449262243
21,machine learning,Penerapan Teknologi Machine Learning dalam Deteksi Dini Penyakit Pada Tanaman Pangan,title,dini,1,9,0.1111111111111111,1,2.3010299956639813,0.2556699995182201
21,machine learning,Penerapan Teknologi Machine Learning dalam Deteksi Dini Penyakit Pada Tanaman Pangan,title,sakit,1,9,0.1111111111111111,4,1.6989700043360187,0.1887744449262243
21,machine learning,Penerapan Teknologi Machine Learning dalam Deteksi Dini Penyakit Pada Tanaman Pangan,title,tanam,1,9,0.1111111111111111,1,2.3010299956639813,0.2556699995182201
21,machine learning,Penerapan Teknologi Machine Learning dalam Deteksi Dini Penyakit Pada Tanaman Pangan,title,pangan,1,9,0.1111111111111111,1,2.3010299956639813,0.2556699995182201
21,machine learning,Penerapan Teknologi Machine Learning dalam Deteksi Dini Penyakit Pada Tanaman Pangan,abstract,study,1,19,0.05263157894736842,13,1.1870866433571445,0.06247824438721813
21,machine learning,Penerapan Teknologi Machine Learning dalam Deteksi Dini Penyakit Pada Tanaman Pangan,abstract,aims,1,19,0.05263157894736842,5,1.6020599913279623,0.08431894691199801
21,machine learning,Penerapan Teknologi Machine Learning dalam Deteksi Dini Penyakit Pada Tanaman Pangan,abstract,explore,1,19,0.05263157894736842,3,1.8239087409443189,0.09599519689180624
21,machine learning,Penerapan Teknologi Machine Learning dalam Deteksi Dini Penyakit Pada Tanaman Pangan,abstract,application,2,19,0.10526315789473684,38,0.721246399047171,0.07592067358391273
21,machine learning,Penerapan Teknologi Machine Learning dalam Deteksi Dini Penyakit Pada Tanaman Pangan,abstract,machine,3,19,0.15789473684210525,54,0.5686362358410126,0.08978466881700199
21,machine learning,Penerapan Teknologi Machine Learning dalam Deteksi Dini Penyakit Pada Tanaman Pangan,abstract,learning,3,19,0.15789473684210525,63,0.5016894462103995,0.07921412308585254
21,machine learning,Penerapan Teknologi Machine Learning dalam Deteksi Dini Penyakit Pada Tanaman Pangan,abstract,then,1,19,0.05263157894736842,1,2.3010299956639813,0.12110684187705163
21,machine learning,Penerapan Teknologi Machine Learning dalam Deteksi Dini Penyakit Pada Tanaman Pangan,abstract,analyzed,1,19,0.05263157894736842,2,2.0,0.10526315789473684
21,machine learning,Penerapan Teknologi Machine Learning dalam Deteksi Dini Penyakit Pada Tanaman Pangan,abstract,using,1,19,0.05263157894736842,15,1.1249387366083,0.05920730192675262
21,machine learning,Penerapan Teknologi Machine Learning dalam Deteksi Dini Penyakit Pada Tanaman Pangan,abstract,several,1,19,0.05263157894736842,2,2.0,0.10526315789473684
21,machine learning,Penerapan Teknologi Machine Learning dalam Deteksi Dini Penyakit Pada Tanaman Pangan,abstract,algorithms,1,19,0.05263157894736842,4,1.6989700043360187,0.08941947391242204
21,machine learning,Penerapan Teknologi Machine Learning dalam Deteksi Dini Penyakit Pada Tanaman Pangan,abstract,such,1,19,0.05263157894736842,5,1.6020599913279623,0.08431894691199801
21,machine learning,Penerapan Teknologi Machine Learning dalam Deteksi Dini Penyakit Pada Tanaman Pangan,abstract,results,1,19,0.05263157894736842,5,1.6020599913279623,0.08431894691199801
21,machine learning,Penerapan Teknologi Machine Learning dalam Deteksi Dini Penyakit Pada Tanaman Pangan,abstract,show,1,19,0.05263157894736842,4,1.6989700043360187,0.08941947391242204
22,machine learning,Pemanfaatan machine learning di bidang kesehatan,title,manfaat,1,5,0.2,4,1.6989700043360187,0.3397940008672038
22,machine learning,Pemanfaatan machine learning di bidang kesehatan,title,machine,1,5,0.2,54,0.5686362358410126,0.11372724716820254
22,machine learning,Pemanfaatan machine learning di bidang kesehatan,title,learning,1,5,0.2,63,0.5016894462103995,0.1003378892420799
22,machine learning,Pemanfaatan machine learning di bidang kesehatan,title,bidang,1,5,0.2,1,2.3010299956639813,0.46020599913279625
22,machine learning,Pemanfaatan machine learning di bidang kesehatan,title,sehat,1,5,0.2,6,1.5228787452803376,0.30457574905606755
22,machine learning,Pemanfaatan machine learning di bidang kesehatan,abstract,pesat,1,17,0.058823529411764705,4,1.6989700043360187,0.0999394120197658
22,machine learning,Pemanfaatan machine learning di bidang kesehatan,abstract,machine,3,17,0.17647058823529413,54,0.5686362358410126,0.10034757103076694
22,machine learning,Pemanfaatan machine learning di bidang kesehatan,abstract,learning,3,17,0.17647058823529413,63,0.5016894462103995,0.08853343168418815
22,machine learning,Pemanfaatan machine learning di bidang kesehatan,abstract,salah,1,17,0.058823529411764705,5,1.6020599913279623,0.0942388230192919
22,machine learning,Pemanfaatan machine learning di bidang kesehatan,abstract,satu,1,17,0.058823529411764705,6,1.5228787452803376,0.08958110266354927
22,machine learning,Pemanfaatan machine learning di bidang kesehatan,abstract,dekat,1,17,0.058823529411764705,3,1.8239087409443189,0.10728874946731287
22,machine learning,Pemanfaatan machine learning di bidang kesehatan,abstract,penting,1,17,0.058823529411764705,7,1.4559319556497243,0.08564305621468966
22,machine learning,Pemanfaatan machine learning di bidang kesehatan,abstract,bagai,1,17,0.058823529411764705,2,2.0,0.11764705882352941
22,machine learning,Pemanfaatan machine learning di bidang kesehatan,abstract,bidang,1,17,0.058823529411764705,1,2.3010299956639813,0.13535470562729301
22,machine learning,Pemanfaatan machine learning di bidang kesehatan,abstract,masuk,1,17,0.058823529411764705,3,1.8239087409443189,0.10728874946731287
22,machine learning,Pemanfaatan machine learning di bidang kesehatan,abstract,sehat,1,17,0.058823529411764705,6,1.5228787452803376,0.08958110266354927
22,machine learning,Pemanfaatan machine learning di bidang kesehatan,abstract,ulas,1,17,0.058823529411764705,4,1.6989700043360187,0.0999394120197658
22,machine learning,Pemanfaatan machine learning di bidang kesehatan,abstract,terap,1,17,0.058823529411764705,30,0.8239087409443188,0.04846522005554816
23,machine learning,Penerapan Metode Machine Learning dalam Mengidentifikasi Berita Hoaks,title,terap,1,7,0.14285714285714285,30,0.8239087409443188,0.11770124870633125
23,machine learning,Penerapan Metode Machine Learning dalam Mengidentifikasi Berita Hoaks,title,metode,1,7,0.14285714285714285,20,1.0,0.14285714285714285
23,machine learning,Penerapan Metode Machine Learning dalam Mengidentifikasi Berita Hoaks,title,machine,1,7,0.14285714285714285,54,0.5686362358410126,0.08123374797728751
23,machine learning,Penerapan Metode Machine Learning dalam Mengidentifikasi Berita Hoaks,title,learning,1,7,0.14285714285714285,63,0.5016894462103995,0.07166992088719992
23,machine learning,Penerapan Metode Machine Learning dalam Mengidentifikasi Berita Hoaks,title,identifikasi,1,7,0.14285714285714285,2,2.0,0.2857142857142857
23,machine learning,Penerapan Metode Machine Learning dalam Mengidentifikasi Berita Hoaks,title,berita,1,7,0.14285714285714285,1,2.3010299956639813,0.3287185708091402
23,machine learning,Penerapan Metode Machine Learning dalam Mengidentifikasi Berita Hoaks,title,hoaks,1,7,0.14285714285714285,1,2.3010299956639813,0.3287185708091402
23,machine learning,Penerapan Metode Machine Learning dalam Mengidentifikasi Berita Hoaks,abstract,method,1,18,0.05555555555555555,2,2.0,0.1111111111111111
23,machine learning,Penerapan Metode Machine Learning dalam Mengidentifikasi Berita Hoaks,abstract,using,1,18,0.05555555555555555,15,1.1249387366083,0.06249659647823888
23,machine learning,Penerapan Metode Machine Learning dalam Mengidentifikasi Berita Hoaks,abstract,machine,3,18,0.16666666666666666,54,0.5686362358410126,0.0947727059735021
23,machine learning,Penerapan Metode Machine Learning dalam Mengidentifikasi Berita Hoaks,abstract,learning,3,18,0.16666666666666666,63,0.5016894462103995,0.08361490770173324
23,machine learning,Penerapan Metode Machine Learning dalam Mengidentifikasi Berita Hoaks,abstract,approach,1,18,0.05555555555555555,4,1.6989700043360187,0.09438722246311215
23,machine learning,Penerapan Metode Machine Learning dalam Mengidentifikasi Berita Hoaks,abstract,news,1,18,0.05555555555555555,1,2.3010299956639813,0.12783499975911006
23,machine learning,Penerapan Metode Machine Learning dalam Mengidentifikasi Berita Hoaks,abstract,data,1,18,0.05555555555555555,27,0.8696662315049939,0.04831479063916633
23,machine learning,Penerapan Metode Machine Learning dalam Mengidentifikasi Berita Hoaks,abstract,sources,1,18,0.05555555555555555,1,2.3010299956639813,0.12783499975911006
23,machine learning,Penerapan Metode Machine Learning dalam Mengidentifikasi Berita Hoaks,abstract,applying,1,18,0.05555555555555555,2,2.0,0.1111111111111111
23,machine learning,Penerapan Metode Machine Learning dalam Mengidentifikasi Berita Hoaks,abstract,algorithms,1,18,0.05555555555555555,4,1.6989700043360187,0.09438722246311215
23,machine learning,Penerapan Metode Machine Learning dalam Mengidentifikasi Berita Hoaks,abstract,including,1,18,0.05555555555555555,3,1.8239087409443189,0.10132826338579548
23,machine learning,Penerapan Metode Machine Learning dalam Mengidentifikasi Berita Hoaks,abstract,results,1,18,0.05555555555555555,5,1.6020599913279623,0.08900333285155346
23,machine learning,Penerapan Metode Machine Learning dalam Mengidentifikasi Berita Hoaks,abstract,research,1,18,0.05555555555555555,12,1.2218487496163564,0.06788048608979758
23,machine learning,Penerapan Metode Machine Learning dalam Mengidentifikasi Berita Hoaks,abstract,show,1,18,0.05555555555555555,4,1.6989700043360187,0.09438722246311215
24,machine learning,"Penerapan artificial intelligence, machine learning dan deep learning pada Kurikulum Akuntansi-A systematic literature review",title,terap,1,12,0.08333333333333333,30,0.8239087409443188,0.06865906174535989
24,machine learning,"Penerapan artificial intelligence, machine learning dan deep learning pada Kurikulum Akuntansi-A systematic literature review",title,artificial,1,12,0.08333333333333333,6,1.5228787452803376,0.1269065621066948
24,machine learning,"Penerapan artificial intelligence, machine learning dan deep learning pada Kurikulum Akuntansi-A systematic literature review",title,intelligence,1,12,0.08333333333333333,6,1.5228787452803376,0.1269065621066948
24,machine learning,"Penerapan artificial intelligence, machine learning dan deep learning pada Kurikulum Akuntansi-A systematic literature review",title,machine,1,12,0.08333333333333333,54,0.5686362358410126,0.04738635298675105
24,machine learning,"Penerapan artificial intelligence, machine learning dan deep learning pada Kurikulum Akuntansi-A systematic literature review",title,learning,2,12,0.16666666666666666,63,0.5016894462103995,0.08361490770173324
24,machine learning,"Penerapan artificial intelligence, machine learning dan deep learning pada Kurikulum Akuntansi-A systematic literature review",title,deep,1,12,0.08333333333333333,13,1.1870866433571445,0.0989238869464287
24,machine learning,"Penerapan artificial intelligence, machine learning dan deep learning pada Kurikulum Akuntansi-A systematic literature review",title,kurikulum,1,12,0.08333333333333333,1,2.3010299956639813,0.19175249963866509
24,machine learning,"Penerapan artificial intelligence, machine learning dan deep learning pada Kurikulum Akuntansi-A systematic literature review",title,akuntansi,1,12,0.08333333333333333,1,2.3010299956639813,0.19175249963866509
24,machine learning,"Penerapan artificial intelligence, machine learning dan deep learning pada Kurikulum Akuntansi-A systematic literature review",title,systematic,1,12,0.08333333333333333,14,1.1549019599857433,0.09624182999881194
24,machine learning,"Penerapan artificial intelligence, machine learning dan deep learning pada Kurikulum Akuntansi-A systematic literature review",title,literature,1,12,0.08333333333333333,9,1.3467874862246563,0.11223229051872136
24,machine learning,"Penerapan artificial intelligence, machine learning dan deep learning pada Kurikulum Akuntansi-A systematic literature review",title,review,1,12,0.08333333333333333,26,0.8860566476931633,0.07383805397443027
24,machine learning,"Penerapan artificial intelligence, machine learning dan deep learning pada Kurikulum Akuntansi-A systematic literature review",abstract,implementing,1,18,0.05555555555555555,1,2.3010299956639813,0.12783499975911006
24,machine learning,"Penerapan artificial intelligence, machine learning dan deep learning pada Kurikulum Akuntansi-A systematic literature review",abstract,artificial,2,18,0.1111111111111111,6,1.5228787452803376,0.16920874947559306
24,machine learning,"Penerapan artificial intelligence, machine learning dan deep learning pada Kurikulum Akuntansi-A systematic literature review",abstract,intelligence,2,18,0.1111111111111111,6,1.5228787452803376,0.16920874947559306
24,machine learning,"Penerapan artificial intelligence, machine learning dan deep learning pada Kurikulum Akuntansi-A systematic literature review",abstract,machine,2,18,0.1111111111111111,54,0.5686362358410126,0.06318180398233474
24,machine learning,"Penerapan artificial intelligence, machine learning dan deep learning pada Kurikulum Akuntansi-A systematic literature review",abstract,learning,4,18,0.2222222222222222,63,0.5016894462103995,0.11148654360231099
24,machine learning,"Penerapan artificial intelligence, machine learning dan deep learning pada Kurikulum Akuntansi-A systematic literature review",abstract,deep,2,18,0.1111111111111111,13,1.1870866433571445,0.1318985159285716
24,machine learning,"Penerapan artificial intelligence, machine learning dan deep learning pada Kurikulum Akuntansi-A systematic literature review",abstract,accounting,1,18,0.05555555555555555,1,2.3010299956639813,0.12783499975911006
24,machine learning,"Penerapan artificial intelligence, machine learning dan deep learning pada Kurikulum Akuntansi-A systematic literature review",abstract,curriculum,1,18,0.05555555555555555,1,2.3010299956639813,0.12783499975911006
24,machine learning,"Penerapan artificial intelligence, machine learning dan deep learning pada Kurikulum Akuntansi-A systematic literature review",abstract,new,1,18,0.05555555555555555,11,1.2596373105057561,0.06997985058365311
24,machine learning,"Penerapan artificial intelligence, machine learning dan deep learning pada Kurikulum Akuntansi-A systematic literature review",abstract,technologies,1,18,0.05555555555555555,5,1.6020599913279623,0.08900333285155346
24,machine learning,"Penerapan artificial intelligence, machine learning dan deep learning pada Kurikulum Akuntansi-A systematic literature review",abstract,such,1,18,0.05555555555555555,5,1.6020599913279623,0.08900333285155346
25,machine learning,Penerapan Machine Learning untuk Prediksi Kenaikan Harga Beras Premium Menggunakan Algoritma Regresi Linier: Application of Machine Learning for Premium …,title,terap,1,16,0.0625,30,0.8239087409443188,0.05149429630901992
25,machine learning,Penerapan Machine Learning untuk Prediksi Kenaikan Harga Beras Premium Menggunakan Algoritma Regresi Linier: Application of Machine Learning for Premium …,title,machine,2,16,0.125,54,0.5686362358410126,0.07107952948012658
25,machine learning,Penerapan Machine Learning untuk Prediksi Kenaikan Harga Beras Premium Menggunakan Algoritma Regresi Linier: Application of Machine Learning for Premium …,title,learning,2,16,0.125,63,0.5016894462103995,0.06271118077629993
25,machine learning,Penerapan Machine Learning untuk Prediksi Kenaikan Harga Beras Premium Menggunakan Algoritma Regresi Linier: Application of Machine Learning for Premium …,title,prediksi,1,16,0.0625,9,1.3467874862246563,0.08417421788904102
25,machine learning,Penerapan Machine Learning untuk Prediksi Kenaikan Harga Beras Premium Menggunakan Algoritma Regresi Linier: Application of Machine Learning for Premium …,title,naik,1,16,0.0625,1,2.3010299956639813,0.14381437472899883
25,machine learning,Penerapan Machine Learning untuk Prediksi Kenaikan Harga Beras Premium Menggunakan Algoritma Regresi Linier: Application of Machine Learning for Premium …,title,harga,1,16,0.0625,3,1.8239087409443189,0.11399429630901993
25,machine learning,Penerapan Machine Learning untuk Prediksi Kenaikan Harga Beras Premium Menggunakan Algoritma Regresi Linier: Application of Machine Learning for Premium …,title,beras,1,16,0.0625,1,2.3010299956639813,0.14381437472899883
25,machine learning,Penerapan Machine Learning untuk Prediksi Kenaikan Harga Beras Premium Menggunakan Algoritma Regresi Linier: Application of Machine Learning for Premium …,title,premium,2,16,0.125,1,2.3010299956639813,0.28762874945799766
25,machine learning,Penerapan Machine Learning untuk Prediksi Kenaikan Harga Beras Premium Menggunakan Algoritma Regresi Linier: Application of Machine Learning for Premium …,title,guna,1,16,0.0625,46,0.638272163982407,0.03989201024890044
25,machine learning,Penerapan Machine Learning untuk Prediksi Kenaikan Harga Beras Premium Menggunakan Algoritma Regresi Linier: Application of Machine Learning for Premium …,title,algoritma,1,16,0.0625,9,1.3467874862246563,0.08417421788904102
25,machine learning,Penerapan Machine Learning untuk Prediksi Kenaikan Harga Beras Premium Menggunakan Algoritma Regresi Linier: Application of Machine Learning for Premium …,title,regresi,1,16,0.0625,2,2.0,0.125
25,machine learning,Penerapan Machine Learning untuk Prediksi Kenaikan Harga Beras Premium Menggunakan Algoritma Regresi Linier: Application of Machine Learning for Premium …,title,linier,1,16,0.0625,1,2.3010299956639813,0.14381437472899883
25,machine learning,Penerapan Machine Learning untuk Prediksi Kenaikan Harga Beras Premium Menggunakan Algoritma Regresi Linier: Application of Machine Learning for Premium …,title,application,1,16,0.0625,38,0.721246399047171,0.04507789994044819
25,machine learning,Penerapan Machine Learning untuk Prediksi Kenaikan Harga Beras Premium Menggunakan Algoritma Regresi Linier: Application of Machine Learning for Premium …,abstract,research,1,18,0.05555555555555555,12,1.2218487496163564,0.06788048608979758
25,machine learning,Penerapan Machine Learning untuk Prediksi Kenaikan Harga Beras Premium Menggunakan Algoritma Regresi Linier: Application of Machine Learning for Premium …,abstract,applies,1,18,0.05555555555555555,1,2.3010299956639813,0.12783499975911006
25,machine learning,Penerapan Machine Learning untuk Prediksi Kenaikan Harga Beras Premium Menggunakan Algoritma Regresi Linier: Application of Machine Learning for Premium …,abstract,machine,2,18,0.1111111111111111,54,0.5686362358410126,0.06318180398233474
25,machine learning,Penerapan Machine Learning untuk Prediksi Kenaikan Harga Beras Premium Menggunakan Algoritma Regresi Linier: Application of Machine Learning for Premium …,abstract,learning,2,18,0.1111111111111111,63,0.5016894462103995,0.05574327180115549
25,machine learning,Penerapan Machine Learning untuk Prediksi Kenaikan Harga Beras Premium Menggunakan Algoritma Regresi Linier: Application of Machine Learning for Premium …,abstract,algorithm,1,18,0.05555555555555555,2,2.0,0.1111111111111111
25,machine learning,Penerapan Machine Learning untuk Prediksi Kenaikan Harga Beras Premium Menggunakan Algoritma Regresi Linier: Application of Machine Learning for Premium …,abstract,namely,1,18,0.05555555555555555,2,2.0,0.1111111111111111
25,machine learning,Penerapan Machine Learning untuk Prediksi Kenaikan Harga Beras Premium Menggunakan Algoritma Regresi Linier: Application of Machine Learning for Premium …,abstract,linear,1,18,0.05555555555555555,3,1.8239087409443189,0.10132826338579548
25,machine learning,Penerapan Machine Learning untuk Prediksi Kenaikan Harga Beras Premium Menggunakan Algoritma Regresi Linier: Application of Machine Learning for Premium …,abstract,regression,1,18,0.05555555555555555,4,1.6989700043360187,0.09438722246311215
25,machine learning,Penerapan Machine Learning untuk Prediksi Kenaikan Harga Beras Premium Menggunakan Algoritma Regresi Linier: Application of Machine Learning for Premium …,abstract,predict,1,18,0.05555555555555555,2,2.0,0.1111111111111111
25,machine learning,Penerapan Machine Learning untuk Prediksi Kenaikan Harga Beras Premium Menggunakan Algoritma Regresi Linier: Application of Machine Learning for Premium …,abstract,model,1,18,0.05555555555555555,14,1.1549019599857433,0.06416121999920796
25,machine learning,Penerapan Machine Learning untuk Prediksi Kenaikan Harga Beras Premium Menggunakan Algoritma Regresi Linier: Application of Machine Learning for Premium …,abstract,exploring,1,18,0.05555555555555555,1,2.3010299956639813,0.12783499975911006
25,machine learning,Penerapan Machine Learning untuk Prediksi Kenaikan Harga Beras Premium Menggunakan Algoritma Regresi Linier: Application of Machine Learning for Premium …,abstract,other,1,18,0.05555555555555555,2,2.0,0.1111111111111111
25,machine learning,Penerapan Machine Learning untuk Prediksi Kenaikan Harga Beras Premium Menggunakan Algoritma Regresi Linier: Application of Machine Learning for Premium …,abstract,algorithms,1,18,0.05555555555555555,4,1.6989700043360187,0.09438722246311215
25,machine learning,Penerapan Machine Learning untuk Prediksi Kenaikan Harga Beras Premium Menggunakan Algoritma Regresi Linier: Application of Machine Learning for Premium …,abstract,commodity,1,18,0.05555555555555555,1,2.3010299956639813,0.12783499975911006
25,machine learning,Penerapan Machine Learning untuk Prediksi Kenaikan Harga Beras Premium Menggunakan Algoritma Regresi Linier: Application of Machine Learning for Premium …,abstract,price,1,18,0.05555555555555555,1,2.3010299956639813,0.12783499975911006
25,machine learning,Penerapan Machine Learning untuk Prediksi Kenaikan Harga Beras Premium Menggunakan Algoritma Regresi Linier: Application of Machine Learning for Premium …,abstract,prediction,1,18,0.05555555555555555,5,1.6020599913279623,0.08900333285155346
26,machine learning,What is machine learning?,title,what,1,3,0.3333333333333333,6,1.5228787452803376,0.5076262484267792
26,machine learning,What is machine learning?,title,machine,1,3,0.3333333333333333,54,0.5686362358410126,0.1895454119470042
26,machine learning,What is machine learning?,title,learning,1,3,0.3333333333333333,63,0.5016894462103995,0.1672298154034665
26,machine learning,What is machine learning?,abstract,one,1,21,0.047619047619047616,4,1.6989700043360187,0.08090333353981041
26,machine learning,What is machine learning?,abstract,can,1,21,0.047619047619047616,11,1.2596373105057561,0.05998272907170267
26,machine learning,What is machine learning?,abstract,employ,1,21,0.047619047619047616,1,2.3010299956639813,0.10957285693638005
26,machine learning,What is machine learning?,abstract,machine,1,21,0.047619047619047616,54,0.5686362358410126,0.02707791599242917
26,machine learning,What is machine learning?,abstract,learning,5,21,0.23809523809523808,63,0.5016894462103995,0.1194498681453332
26,machine learning,What is machine learning?,abstract,ml,1,21,0.047619047619047616,7,1.4559319556497243,0.06933009312617734
26,machine learning,What is machine learning?,abstract,required,1,21,0.047619047619047616,1,2.3010299956639813,0.10957285693638005
26,machine learning,What is machine learning?,abstract,two,1,21,0.047619047619047616,2,2.0,0.09523809523809523
26,machine learning,What is machine learning?,abstract,types,1,21,0.047619047619047616,2,2.0,0.09523809523809523
26,machine learning,What is machine learning?,abstract,supervised,1,21,0.047619047619047616,3,1.8239087409443189,0.08685279718782471
26,machine learning,What is machine learning?,abstract,unsupervised,1,21,0.047619047619047616,1,2.3010299956639813,0.10957285693638005
26,machine learning,What is machine learning?,abstract,skills,1,21,0.047619047619047616,1,2.3010299956639813,0.10957285693638005
26,machine learning,What is machine learning?,abstract,through,1,21,0.047619047619047616,4,1.6989700043360187,0.08090333353981041
26,machine learning,What is machine learning?,abstract,either,1,21,0.047619047619047616,1,2.3010299956639813,0.10957285693638005
26,machine learning,What is machine learning?,abstract,automated,1,21,0.047619047619047616,1,2.3010299956639813,0.10957285693638005
26,machine learning,What is machine learning?,abstract,via,1,21,0.047619047619047616,6,1.5228787452803376,0.07251803548953989
26,machine learning,What is machine learning?,abstract,human,1,21,0.047619047619047616,3,1.8239087409443189,0.08685279718782471
27,machine learning,Machine learning for microbiologists,title,machine,1,3,0.3333333333333333,54,0.5686362358410126,0.1895454119470042
27,machine learning,Machine learning for microbiologists,title,learning,1,3,0.3333333333333333,63,0.5016894462103995,0.1672298154034665
27,machine learning,Machine learning for microbiologists,title,microbiologists,1,3,0.3333333333333333,1,2.3010299956639813,0.7670099985546603
27,machine learning,Machine learning for microbiologists,abstract,how,2,20,0.1,8,1.3979400086720377,0.13979400086720378
27,machine learning,Machine learning for microbiologists,abstract,evaluate,1,20,0.05,1,2.3010299956639813,0.11505149978319906
27,machine learning,Machine learning for microbiologists,abstract,machine,3,20,0.15,54,0.5686362358410126,0.08529543537615189
27,machine learning,Machine learning for microbiologists,abstract,learning,3,20,0.15,63,0.5016894462103995,0.07525341693155992
27,machine learning,Machine learning for microbiologists,abstract,model,1,20,0.05,14,1.1549019599857433,0.05774509799928717
27,machine learning,Machine learning for microbiologists,abstract,based,1,20,0.05,18,1.045757490560675,0.052287874528033754
27,machine learning,Machine learning for microbiologists,abstract,work,2,20,0.1,4,1.6989700043360187,0.1698970004336019
27,machine learning,Machine learning for microbiologists,abstract,topics,1,20,0.05,1,2.3010299956639813,0.11505149978319906
27,machine learning,Machine learning for microbiologists,abstract,presented,1,20,0.05,2,2.0,0.1
27,machine learning,Machine learning for microbiologists,abstract,will,1,20,0.05,4,1.6989700043360187,0.08494850021680095
27,machine learning,Machine learning for microbiologists,abstract,allow,1,20,0.05,2,2.0,0.1
27,machine learning,Machine learning for microbiologists,abstract,microbiologists,1,20,0.05,1,2.3010299956639813,0.11505149978319906
27,machine learning,Machine learning for microbiologists,abstract,grasp,1,20,0.05,1,2.3010299956639813,0.11505149978319906
27,machine learning,Machine learning for microbiologists,abstract,potential,1,20,0.05,3,1.8239087409443189,0.09119543704721594
28,machine learning,Designing nanotheranostics with machine learning,title,designing,1,4,0.25,1,2.3010299956639813,0.5752574989159953
28,machine learning,Designing nanotheranostics with machine learning,title,nanotheranostics,1,4,0.25,1,2.3010299956639813,0.5752574989159953
28,machine learning,Designing nanotheranostics with machine learning,title,machine,1,4,0.25,54,0.5686362358410126,0.14215905896025316
28,machine learning,Designing nanotheranostics with machine learning,title,learning,1,4,0.25,63,0.5016894462103995,0.12542236155259986
28,machine learning,Designing nanotheranostics with machine learning,abstract,key,1,20,0.05,4,1.6989700043360187,0.08494850021680095
28,machine learning,Designing nanotheranostics with machine learning,abstract,branch,1,20,0.05,1,2.3010299956639813,0.11505149978319906
28,machine learning,Designing nanotheranostics with machine learning,abstract,artificial,1,20,0.05,6,1.5228787452803376,0.07614393726401689
28,machine learning,Designing nanotheranostics with machine learning,abstract,intelligence,1,20,0.05,6,1.5228787452803376,0.07614393726401689
28,machine learning,Designing nanotheranostics with machine learning,abstract,machine,1,20,0.05,54,0.5686362358410126,0.028431811792050635
28,machine learning,Designing nanotheranostics with machine learning,abstract,learning,1,20,0.05,63,0.5016894462103995,0.025084472310519974
28,machine learning,Designing nanotheranostics with machine learning,abstract,ml,1,20,0.05,7,1.4559319556497243,0.07279659778248622
28,machine learning,Designing nanotheranostics with machine learning,abstract,provides,1,20,0.05,5,1.6020599913279623,0.08010299956639812
28,machine learning,Designing nanotheranostics with machine learning,abstract,set,1,20,0.05,3,1.8239087409443189,0.09119543704721594
28,machine learning,Designing nanotheranostics with machine learning,abstract,tools,1,20,0.05,7,1.4559319556497243,0.07279659778248622
28,machine learning,Designing nanotheranostics with machine learning,abstract,capable,1,20,0.05,1,2.3010299956639813,0.11505149978319906
28,machine learning,Designing nanotheranostics with machine learning,abstract,performing,1,20,0.05,1,2.3010299956639813,0.11505149978319906
28,machine learning,Designing nanotheranostics with machine learning,abstract,time,1,20,0.05,5,1.6020599913279623,0.08010299956639812
28,machine learning,Designing nanotheranostics with machine learning,abstract,consuming,1,20,0.05,1,2.3010299956639813,0.11505149978319906
28,machine learning,Designing nanotheranostics with machine learning,abstract,result,1,20,0.05,1,2.3010299956639813,0.11505149978319906
28,machine learning,Designing nanotheranostics with machine learning,abstract,perception,1,20,0.05,1,2.3010299956639813,0.11505149978319906
28,machine learning,Designing nanotheranostics with machine learning,abstract,tasks,1,20,0.05,2,2.0,0.1
28,machine learning,Designing nanotheranostics with machine learning,abstract,thus,1,20,0.05,1,2.3010299956639813,0.11505149978319906
28,machine learning,Designing nanotheranostics with machine learning,abstract,offering,1,20,0.05,2,2.0,0.1
28,machine learning,Designing nanotheranostics with machine learning,abstract,unique,1,20,0.05,1,2.3010299956639813,0.11505149978319906
29,machine learning,A guide to machine learning for biologists,title,guide,1,4,0.25,1,2.3010299956639813,0.5752574989159953
29,machine learning,A guide to machine learning for biologists,title,machine,1,4,0.25,54,0.5686362358410126,0.14215905896025316
29,machine learning,A guide to machine learning for biologists,title,learning,1,4,0.25,63,0.5016894462103995,0.12542236155259986
29,machine learning,A guide to machine learning for biologists,title,biologists,1,4,0.25,2,2.0,0.5
29,machine learning,A guide to machine learning for biologists,abstract,machine,2,17,0.11764705882352941,54,0.5686362358410126,0.06689838068717796
29,machine learning,A guide to machine learning for biologists,abstract,learning,2,17,0.11764705882352941,63,0.5016894462103995,0.05902228778945876
29,machine learning,A guide to machine learning for biologists,abstract,task,1,17,0.058823529411764705,1,2.3010299956639813,0.13535470562729301
29,machine learning,A guide to machine learning for biologists,abstract,objective,1,17,0.058823529411764705,1,2.3010299956639813,0.13535470562729301
29,machine learning,A guide to machine learning for biologists,abstract,specification,1,17,0.058823529411764705,1,2.3010299956639813,0.13535470562729301
29,machine learning,A guide to machine learning for biologists,abstract,what,1,17,0.058823529411764705,6,1.5228787452803376,0.08958110266354927
29,machine learning,A guide to machine learning for biologists,abstract,we,1,17,0.058823529411764705,28,0.853871964321762,0.050227762607162475
29,machine learning,A guide to machine learning for biologists,abstract,want,1,17,0.058823529411764705,1,2.3010299956639813,0.13535470562729301
29,machine learning,A guide to machine learning for biologists,abstract,model,1,17,0.058823529411764705,14,1.1549019599857433,0.06793540941092607
29,machine learning,A guide to machine learning for biologists,abstract,accomplish,1,17,0.058823529411764705,1,2.3010299956639813,0.13535470562729301
29,machine learning,A guide to machine learning for biologists,abstract,example,1,17,0.058823529411764705,2,2.0,0.11764705882352941
29,machine learning,A guide to machine learning for biologists,abstract,experiment,1,17,0.058823529411764705,1,2.3010299956639813,0.13535470562729301
29,machine learning,A guide to machine learning for biologists,abstract,investigating,1,17,0.058823529411764705,1,2.3010299956639813,0.13535470562729301
29,machine learning,A guide to machine learning for biologists,abstract,expression,1,17,0.058823529411764705,1,2.3010299956639813,0.13535470562729301
29,machine learning,A guide to machine learning for biologists,abstract,genes,1,17,0.058823529411764705,1,2.3010299956639813,0.13535470562729301
30,machine learning,Machine learning and deep learning: C. Janiesch et al.,title,machine,1,7,0.14285714285714285,54,0.5686362358410126,0.08123374797728751
30,machine learning,Machine learning and deep learning: C. Janiesch et al.,title,learning,2,7,0.2857142857142857,63,0.5016894462103995,0.14333984177439985
30,machine learning,Machine learning and deep learning: C. Janiesch et al.,title,deep,1,7,0.14285714285714285,13,1.1870866433571445,0.16958380619387778
30,machine learning,Machine learning and deep learning: C. Janiesch et al.,title,janiesch,1,7,0.14285714285714285,1,2.3010299956639813,0.3287185708091402
30,machine learning,Machine learning and deep learning: C. Janiesch et al.,title,et,1,7,0.14285714285714285,2,2.0,0.2857142857142857
30,machine learning,Machine learning and deep learning: C. Janiesch et al.,title,al,1,7,0.14285714285714285,2,2.0,0.2857142857142857
30,machine learning,Machine learning and deep learning: C. Janiesch et al.,abstract,deep,3,19,0.15789473684210525,13,1.1870866433571445,0.18743473316165438
30,machine learning,Machine learning and deep learning: C. Janiesch et al.,abstract,learning,6,19,0.3157894736842105,63,0.5016894462103995,0.1584282461717051
30,machine learning,Machine learning and deep learning: C. Janiesch et al.,abstract,machine,3,19,0.15789473684210525,54,0.5686362358410126,0.08978466881700199
30,machine learning,Machine learning and deep learning: C. Janiesch et al.,abstract,concept,1,19,0.05263157894736842,2,2.0,0.10526315789473684
30,machine learning,Machine learning and deep learning: C. Janiesch et al.,abstract,based,1,19,0.05263157894736842,18,1.045757490560675,0.055039867924246054
30,machine learning,Machine learning and deep learning: C. Janiesch et al.,abstract,models,1,19,0.05263157894736842,4,1.6989700043360187,0.08941947391242204
30,machine learning,Machine learning and deep learning: C. Janiesch et al.,abstract,outperform,1,19,0.05263157894736842,1,2.3010299956639813,0.12110684187705163
30,machine learning,Machine learning and deep learning: C. Janiesch et al.,abstract,shallow,1,19,0.05263157894736842,1,2.3010299956639813,0.12110684187705163
30,machine learning,Machine learning and deep learning: C. Janiesch et al.,abstract,fundamentals,1,19,0.05263157894736842,1,2.3010299956639813,0.12110684187705163
30,machine learning,Machine learning and deep learning: C. Janiesch et al.,abstract,generate,1,19,0.05263157894736842,1,2.3010299956639813,0.12110684187705163
31,machine learning,Financial machine learning,title,financial,1,3,0.3333333333333333,1,2.3010299956639813,0.7670099985546603
31,machine learning,Financial machine learning,title,machine,1,3,0.3333333333333333,54,0.5686362358410126,0.1895454119470042
31,machine learning,Financial machine learning,title,learning,1,3,0.3333333333333333,63,0.5016894462103995,0.1672298154034665
31,machine learning,Financial machine learning,abstract,we,2,19,0.10526315789473684,28,0.853871964321762,0.08988125940229073
31,machine learning,Financial machine learning,abstract,survey,1,19,0.05263157894736842,10,1.3010299956639813,0.06847526292968321
31,machine learning,Financial machine learning,abstract,nascent,1,19,0.05263157894736842,1,2.3010299956639813,0.12110684187705163
31,machine learning,Financial machine learning,abstract,literature,1,19,0.05263157894736842,9,1.3467874862246563,0.07088355190656086
31,machine learning,Financial machine learning,abstract,machine,3,19,0.15789473684210525,54,0.5686362358410126,0.08978466881700199
31,machine learning,Financial machine learning,abstract,learning,2,19,0.10526315789473684,63,0.5016894462103995,0.05280941539056836
31,machine learning,Financial machine learning,abstract,study,1,19,0.05263157894736842,13,1.1870866433571445,0.06247824438721813
31,machine learning,Financial machine learning,abstract,financial,1,19,0.05263157894736842,1,2.3010299956639813,0.12110684187705163
31,machine learning,Financial machine learning,abstract,markets,1,19,0.05263157894736842,1,2.3010299956639813,0.12110684187705163
31,machine learning,Financial machine learning,abstract,grasping,1,19,0.05263157894736842,1,2.3010299956639813,0.12110684187705163
31,machine learning,Financial machine learning,abstract,tools,1,19,0.05263157894736842,7,1.4559319556497243,0.07662799766577497
31,machine learning,Financial machine learning,abstract,well,1,19,0.05263157894736842,3,1.8239087409443189,0.09599519689180624
31,machine learning,Financial machine learning,abstract,statisticians,1,19,0.05263157894736842,1,2.3010299956639813,0.12110684187705163
31,machine learning,Financial machine learning,abstract,learners,1,19,0.05263157894736842,1,2.3010299956639813,0.12110684187705163
31,machine learning,Financial machine learning,abstract,seeking,1,19,0.05263157894736842,1,2.3010299956639813,0.12110684187705163
32,machine learning,Open-environment machine learning,title,open,1,4,0.25,5,1.6020599913279623,0.40051499783199057
32,machine learning,Open-environment machine learning,title,environment,1,4,0.25,1,2.3010299956639813,0.5752574989159953
32,machine learning,Open-environment machine learning,title,machine,1,4,0.25,54,0.5686362358410126,0.14215905896025316
32,machine learning,Open-environment machine learning,title,learning,1,4,0.25,63,0.5016894462103995,0.12542236155259986
32,machine learning,Open-environment machine learning,abstract,open,3,21,0.14285714285714285,5,1.6020599913279623,0.22886571304685174
32,machine learning,Open-environment machine learning,abstract,learning,3,21,0.14285714285714285,63,0.5016894462103995,0.07166992088719992
32,machine learning,Open-environment machine learning,abstract,ml,1,21,0.047619047619047616,7,1.4559319556497243,0.06933009312617734
32,machine learning,Open-environment machine learning,abstract,short,1,21,0.047619047619047616,2,2.0,0.09523809523809523
32,machine learning,Open-environment machine learning,abstract,note,1,21,0.047619047619047616,1,2.3010299956639813,0.10957285693638005
32,machine learning,Open-environment machine learning,abstract,name,1,21,0.047619047619047616,1,2.3010299956639813,0.10957285693638005
32,machine learning,Open-environment machine learning,abstract,world,1,21,0.047619047619047616,1,2.3010299956639813,0.10957285693638005
32,machine learning,Open-environment machine learning,abstract,machine,2,21,0.09523809523809523,54,0.5686362358410126,0.05415583198485834
32,machine learning,Open-environment machine learning,abstract,used,1,21,0.047619047619047616,7,1.4559319556497243,0.06933009312617734
32,machine learning,Open-environment machine learning,abstract,refer,1,21,0.047619047619047616,1,2.3010299956639813,0.10957285693638005
32,machine learning,Open-environment machine learning,abstract,unseen,1,21,0.047619047619047616,1,2.3010299956639813,0.10957285693638005
32,machine learning,Open-environment machine learning,abstract,class,1,21,0.047619047619047616,1,2.3010299956639813,0.10957285693638005
32,machine learning,Open-environment machine learning,abstract,outof,1,21,0.047619047619047616,1,2.3010299956639813,0.10957285693638005
32,machine learning,Open-environment machine learning,abstract,distribution,1,21,0.047619047619047616,1,2.3010299956639813,0.10957285693638005
32,machine learning,Open-environment machine learning,abstract,ood,1,21,0.047619047619047616,1,2.3010299956639813,0.10957285693638005
32,machine learning,Open-environment machine learning,abstract,data,1,21,0.047619047619047616,27,0.8696662315049939,0.041412677690713995
33,machine learning,Using machine learning to detect misstatements,title,using,1,5,0.2,15,1.1249387366083,0.22498774732166
33,machine learning,Using machine learning to detect misstatements,title,machine,1,5,0.2,54,0.5686362358410126,0.11372724716820254
33,machine learning,Using machine learning to detect misstatements,title,learning,1,5,0.2,63,0.5016894462103995,0.1003378892420799
33,machine learning,Using machine learning to detect misstatements,title,detect,1,5,0.2,1,2.3010299956639813,0.46020599913279625
33,machine learning,Using machine learning to detect misstatements,title,misstatements,1,5,0.2,1,2.3010299956639813,0.46020599913279625
33,machine learning,Using machine learning to detect misstatements,abstract,intuitively,1,19,0.05263157894736842,1,2.3010299956639813,0.12110684187705163
33,machine learning,Using machine learning to detect misstatements,abstract,machine,3,19,0.15789473684210525,54,0.5686362358410126,0.08978466881700199
33,machine learning,Using machine learning to detect misstatements,abstract,learning,3,19,0.15789473684210525,63,0.5016894462103995,0.07921412308585254
33,machine learning,Using machine learning to detect misstatements,abstract,algorithm,1,19,0.05263157894736842,2,2.0,0.10526315789473684
33,machine learning,Using machine learning to detect misstatements,abstract,can,1,19,0.05263157894736842,11,1.2596373105057561,0.06629670055293453
33,machine learning,Using machine learning to detect misstatements,abstract,taught,1,19,0.05263157894736842,1,2.3010299956639813,0.12110684187705163
33,machine learning,Using machine learning to detect misstatements,abstract,algorithms,1,19,0.05263157894736842,4,1.6989700043360187,0.08941947391242204
33,machine learning,Using machine learning to detect misstatements,abstract,capture,1,19,0.05263157894736842,1,2.3010299956639813,0.12110684187705163
33,machine learning,Using machine learning to detect misstatements,abstract,relationship,1,19,0.05263157894736842,1,2.3010299956639813,0.12110684187705163
33,machine learning,Using machine learning to detect misstatements,abstract,we,1,19,0.05263157894736842,28,0.853871964321762,0.04494062970114537
33,machine learning,Using machine learning to detect misstatements,abstract,also,1,19,0.05263157894736842,4,1.6989700043360187,0.08941947391242204
33,machine learning,Using machine learning to detect misstatements,abstract,examine,1,19,0.05263157894736842,1,2.3010299956639813,0.12110684187705163
33,machine learning,Using machine learning to detect misstatements,abstract,number,1,19,0.05263157894736842,3,1.8239087409443189,0.09599519689180624
33,machine learning,Using machine learning to detect misstatements,abstract,alternative,1,19,0.05263157894736842,1,2.3010299956639813,0.12110684187705163
33,machine learning,Using machine learning to detect misstatements,abstract,approaches,1,19,0.05263157894736842,2,2.0,0.10526315789473684
34,machine learning,Machine learning for the educational sciences,title,machine,1,4,0.25,54,0.5686362358410126,0.14215905896025316
34,machine learning,Machine learning for the educational sciences,title,learning,1,4,0.25,63,0.5016894462103995,0.12542236155259986
34,machine learning,Machine learning for the educational sciences,title,educational,1,4,0.25,1,2.3010299956639813,0.5752574989159953
34,machine learning,Machine learning for the educational sciences,title,sciences,1,4,0.25,1,2.3010299956639813,0.5752574989159953
34,machine learning,Machine learning for the educational sciences,abstract,demonstrates,1,15,0.06666666666666667,1,2.3010299956639813,0.15340199971093207
34,machine learning,Machine learning for the educational sciences,abstract,widespread,1,15,0.06666666666666667,3,1.8239087409443189,0.1215939160629546
34,machine learning,Machine learning for the educational sciences,abstract,adoption,1,15,0.06666666666666667,3,1.8239087409443189,0.1215939160629546
34,machine learning,Machine learning for the educational sciences,abstract,machine,2,15,0.13333333333333333,54,0.5686362358410126,0.07581816477880168
34,machine learning,Machine learning for the educational sciences,abstract,learning,2,15,0.13333333333333333,63,0.5016894462103995,0.06689192616138659
34,machine learning,Machine learning for the educational sciences,abstract,techniques,1,15,0.06666666666666667,4,1.6989700043360187,0.11326466695573457
34,machine learning,Machine learning for the educational sciences,abstract,central,1,15,0.06666666666666667,1,2.3010299956639813,0.15340199971093207
34,machine learning,Machine learning for the educational sciences,abstract,helping,1,15,0.06666666666666667,1,2.3010299956639813,0.15340199971093207
34,machine learning,Machine learning for the educational sciences,abstract,leverage,1,15,0.06666666666666667,1,2.3010299956639813,0.15340199971093207
34,machine learning,Machine learning for the educational sciences,abstract,opportunities,1,15,0.06666666666666667,3,1.8239087409443189,0.1215939160629546
34,machine learning,Machine learning for the educational sciences,abstract,avoid,1,15,0.06666666666666667,1,2.3010299956639813,0.15340199971093207
34,machine learning,Machine learning for the educational sciences,abstract,common,1,15,0.06666666666666667,4,1.6989700043360187,0.11326466695573457
34,machine learning,Machine learning for the educational sciences,abstract,pitfalls,1,15,0.06666666666666667,1,2.3010299956639813,0.15340199971093207
35,machine learning,A survey on the explainability of supervised machine learning,title,survey,1,5,0.2,10,1.3010299956639813,0.26020599913279624
35,machine learning,A survey on the explainability of supervised machine learning,title,explainability,1,5,0.2,1,2.3010299956639813,0.46020599913279625
35,machine learning,A survey on the explainability of supervised machine learning,title,supervised,1,5,0.2,3,1.8239087409443189,0.3647817481888638
35,machine learning,A survey on the explainability of supervised machine learning,title,machine,1,5,0.2,54,0.5686362358410126,0.11372724716820254
35,machine learning,A survey on the explainability of supervised machine learning,title,learning,1,5,0.2,63,0.5016894462103995,0.1003378892420799
35,machine learning,A survey on the explainability of supervised machine learning,abstract,following,1,19,0.05263157894736842,1,2.3010299956639813,0.12110684187705163
35,machine learning,A survey on the explainability of supervised machine learning,abstract,sections,1,19,0.05263157894736842,1,2.3010299956639813,0.12110684187705163
35,machine learning,A survey on the explainability of supervised machine learning,abstract,we,3,19,0.15789473684210525,28,0.853871964321762,0.1348218891034361
35,machine learning,A survey on the explainability of supervised machine learning,abstract,structure,1,19,0.05263157894736842,1,2.3010299956639813,0.12110684187705163
35,machine learning,A survey on the explainability of supervised machine learning,abstract,area,1,19,0.05263157894736842,3,1.8239087409443189,0.09599519689180624
35,machine learning,A survey on the explainability of supervised machine learning,abstract,explainable,1,19,0.05263157894736842,1,2.3010299956639813,0.12110684187705163
35,machine learning,A survey on the explainability of supervised machine learning,abstract,supervised,1,19,0.05263157894736842,3,1.8239087409443189,0.09599519689180624
35,machine learning,A survey on the explainability of supervised machine learning,abstract,machine,1,19,0.05263157894736842,54,0.5686362358410126,0.029928222939000663
35,machine learning,A survey on the explainability of supervised machine learning,abstract,learning,1,19,0.05263157894736842,63,0.5016894462103995,0.02640470769528418
35,machine learning,A survey on the explainability of supervised machine learning,abstract,first,1,19,0.05263157894736842,3,1.8239087409443189,0.09599519689180624
35,machine learning,A survey on the explainability of supervised machine learning,abstract,describe,1,19,0.05263157894736842,3,1.8239087409443189,0.09599519689180624
35,machine learning,A survey on the explainability of supervised machine learning,abstract,problem,1,19,0.05263157894736842,1,2.3010299956639813,0.12110684187705163
35,machine learning,A survey on the explainability of supervised machine learning,abstract,definitions,1,19,0.05263157894736842,1,2.3010299956639813,0.12110684187705163
35,machine learning,A survey on the explainability of supervised machine learning,abstract,dimensions,1,19,0.05263157894736842,2,2.0,0.10526315789473684
35,machine learning,A survey on the explainability of supervised machine learning,abstract,next,1,19,0.05263157894736842,1,2.3010299956639813,0.12110684187705163
35,machine learning,A survey on the explainability of supervised machine learning,abstract,introduce,1,19,0.05263157894736842,1,2.3010299956639813,0.12110684187705163
35,machine learning,A survey on the explainability of supervised machine learning,abstract,interpretable,1,19,0.05263157894736842,1,2.3010299956639813,0.12110684187705163
36,machine learning,Challenges in deploying machine learning: a survey of case studies,title,challenges,1,7,0.14285714285714285,9,1.3467874862246563,0.19239821231780802
36,machine learning,Challenges in deploying machine learning: a survey of case studies,title,deploying,1,7,0.14285714285714285,1,2.3010299956639813,0.3287185708091402
36,machine learning,Challenges in deploying machine learning: a survey of case studies,title,machine,1,7,0.14285714285714285,54,0.5686362358410126,0.08123374797728751
36,machine learning,Challenges in deploying machine learning: a survey of case studies,title,learning,1,7,0.14285714285714285,63,0.5016894462103995,0.07166992088719992
36,machine learning,Challenges in deploying machine learning: a survey of case studies,title,survey,1,7,0.14285714285714285,10,1.3010299956639813,0.1858614279519973
36,machine learning,Challenges in deploying machine learning: a survey of case studies,title,case,1,7,0.14285714285714285,2,2.0,0.2857142857142857
36,machine learning,Challenges in deploying machine learning: a survey of case studies,title,studies,1,7,0.14285714285714285,6,1.5228787452803376,0.21755410646861964
36,machine learning,Challenges in deploying machine learning: a survey of case studies,abstract,survey,1,17,0.058823529411764705,10,1.3010299956639813,0.07653117621552831
36,machine learning,Challenges in deploying machine learning: a survey of case studies,abstract,reviews,1,17,0.058823529411764705,1,2.3010299956639813,0.13535470562729301
36,machine learning,Challenges in deploying machine learning: a survey of case studies,abstract,published,1,17,0.058823529411764705,1,2.3010299956639813,0.13535470562729301
36,machine learning,Challenges in deploying machine learning: a survey of case studies,abstract,reports,1,17,0.058823529411764705,1,2.3010299956639813,0.13535470562729301
36,machine learning,Challenges in deploying machine learning: a survey of case studies,abstract,deploying,1,17,0.058823529411764705,1,2.3010299956639813,0.13535470562729301
36,machine learning,Challenges in deploying machine learning: a survey of case studies,abstract,machine,3,17,0.17647058823529413,54,0.5686362358410126,0.10034757103076694
36,machine learning,Challenges in deploying machine learning: a survey of case studies,abstract,learning,3,17,0.17647058823529413,63,0.5016894462103995,0.08853343168418815
36,machine learning,Challenges in deploying machine learning: a survey of case studies,abstract,deployment,1,17,0.058823529411764705,2,2.0,0.11764705882352941
36,machine learning,Challenges in deploying machine learning: a survey of case studies,abstract,workflow,1,17,0.058823529411764705,1,2.3010299956639813,0.13535470562729301
36,machine learning,Challenges in deploying machine learning: a survey of case studies,abstract,mapping,1,17,0.058823529411764705,2,2.0,0.11764705882352941
36,machine learning,Challenges in deploying machine learning: a survey of case studies,abstract,found,1,17,0.058823529411764705,1,2.3010299956639813,0.13535470562729301
36,machine learning,Challenges in deploying machine learning: a survey of case studies,abstract,challenges,1,17,0.058823529411764705,9,1.3467874862246563,0.07922279330733271
36,machine learning,Challenges in deploying machine learning: a survey of case studies,abstract,steps,1,17,0.058823529411764705,2,2.0,0.11764705882352941
37,machine learning,"Machine learning operations (mlops): Overview, definition, and architecture",title,machine,1,7,0.14285714285714285,54,0.5686362358410126,0.08123374797728751
37,machine learning,"Machine learning operations (mlops): Overview, definition, and architecture",title,learning,1,7,0.14285714285714285,63,0.5016894462103995,0.07166992088719992
37,machine learning,"Machine learning operations (mlops): Overview, definition, and architecture",title,operations,1,7,0.14285714285714285,1,2.3010299956639813,0.3287185708091402
37,machine learning,"Machine learning operations (mlops): Overview, definition, and architecture",title,mlops,1,7,0.14285714285714285,1,2.3010299956639813,0.3287185708091402
37,machine learning,"Machine learning operations (mlops): Overview, definition, and architecture",title,overview,1,7,0.14285714285714285,6,1.5228787452803376,0.21755410646861964
37,machine learning,"Machine learning operations (mlops): Overview, definition, and architecture",title,definition,1,7,0.14285714285714285,2,2.0,0.2857142857142857
37,machine learning,"Machine learning operations (mlops): Overview, definition, and architecture",title,architecture,1,7,0.14285714285714285,1,2.3010299956639813,0.3287185708091402
37,machine learning,"Machine learning operations (mlops): Overview, definition, and architecture",abstract,abstract,1,19,0.05263157894736842,1,2.3010299956639813,0.12110684187705163
37,machine learning,"Machine learning operations (mlops): Overview, definition, and architecture",abstract,final,1,19,0.05263157894736842,1,2.3010299956639813,0.12110684187705163
37,machine learning,"Machine learning operations (mlops): Overview, definition, and architecture",abstract,goal,1,19,0.05263157894736842,2,2.0,0.10526315789473684
37,machine learning,"Machine learning operations (mlops): Overview, definition, and architecture",abstract,all,1,19,0.05263157894736842,4,1.6989700043360187,0.08941947391242204
37,machine learning,"Machine learning operations (mlops): Overview, definition, and architecture",abstract,industrial,1,19,0.05263157894736842,2,2.0,0.10526315789473684
37,machine learning,"Machine learning operations (mlops): Overview, definition, and architecture",abstract,machine,2,19,0.10526315789473684,54,0.5686362358410126,0.059856445878001326
37,machine learning,"Machine learning operations (mlops): Overview, definition, and architecture",abstract,learning,2,19,0.10526315789473684,63,0.5016894462103995,0.05280941539056836
37,machine learning,"Machine learning operations (mlops): Overview, definition, and architecture",abstract,ml,2,19,0.10526315789473684,7,1.4559319556497243,0.15325599533154993
37,machine learning,"Machine learning operations (mlops): Overview, definition, and architecture",abstract,projects,1,19,0.05263157894736842,1,2.3010299956639813,0.12110684187705163
37,machine learning,"Machine learning operations (mlops): Overview, definition, and architecture",abstract,develop,1,19,0.05263157894736842,3,1.8239087409443189,0.09599519689180624
37,machine learning,"Machine learning operations (mlops): Overview, definition, and architecture",abstract,paradigm,1,19,0.05263157894736842,1,2.3010299956639813,0.12110684187705163
37,machine learning,"Machine learning operations (mlops): Overview, definition, and architecture",abstract,operations,1,19,0.05263157894736842,1,2.3010299956639813,0.12110684187705163
37,machine learning,"Machine learning operations (mlops): Overview, definition, and architecture",abstract,mlops,2,19,0.10526315789473684,1,2.3010299956639813,0.24221368375410327
37,machine learning,"Machine learning operations (mlops): Overview, definition, and architecture",abstract,addresses,1,19,0.05263157894736842,1,2.3010299956639813,0.12110684187705163
37,machine learning,"Machine learning operations (mlops): Overview, definition, and architecture",abstract,issue,1,19,0.05263157894736842,1,2.3010299956639813,0.12110684187705163
38,machine learning,A survey on dataset quality in machine learning,title,survey,1,5,0.2,10,1.3010299956639813,0.26020599913279624
38,machine learning,A survey on dataset quality in machine learning,title,dataset,1,5,0.2,2,2.0,0.4
38,machine learning,A survey on dataset quality in machine learning,title,quality,1,5,0.2,7,1.4559319556497243,0.2911863911299449
38,machine learning,A survey on dataset quality in machine learning,title,machine,1,5,0.2,54,0.5686362358410126,0.11372724716820254
38,machine learning,A survey on dataset quality in machine learning,title,learning,1,5,0.2,63,0.5016894462103995,0.1003378892420799
38,machine learning,A survey on dataset quality in machine learning,abstract,dataset,1,18,0.05555555555555555,2,2.0,0.1111111111111111
38,machine learning,A survey on dataset quality in machine learning,abstract,quality,1,18,0.05555555555555555,7,1.4559319556497243,0.0808851086472069
38,machine learning,A survey on dataset quality in machine learning,abstract,machine,3,18,0.16666666666666666,54,0.5686362358410126,0.0947727059735021
38,machine learning,A survey on dataset quality in machine learning,abstract,learning,3,18,0.16666666666666666,63,0.5016894462103995,0.08361490770173324
38,machine learning,A survey on dataset quality in machine learning,abstract,including,1,18,0.05555555555555555,3,1.8239087409443189,0.10132826338579548
38,machine learning,A survey on dataset quality in machine learning,abstract,definition,1,18,0.05555555555555555,2,2.0,0.1111111111111111
38,machine learning,A survey on dataset quality in machine learning,abstract,which,1,18,0.05555555555555555,6,1.5228787452803376,0.08460437473779653
38,machine learning,A survey on dataset quality in machine learning,abstract,can,1,18,0.05555555555555555,11,1.2596373105057561,0.06997985058365311
38,machine learning,A survey on dataset quality in machine learning,abstract,help,1,18,0.05555555555555555,5,1.6020599913279623,0.08900333285155346
38,machine learning,A survey on dataset quality in machine learning,abstract,improve,1,18,0.05555555555555555,6,1.5228787452803376,0.08460437473779653
38,machine learning,A survey on dataset quality in machine learning,abstract,accuracy,1,18,0.05555555555555555,1,2.3010299956639813,0.12783499975911006
38,machine learning,A survey on dataset quality in machine learning,abstract,efficiency,1,18,0.05555555555555555,3,1.8239087409443189,0.10132826338579548
38,machine learning,A survey on dataset quality in machine learning,abstract,generalization,1,18,0.05555555555555555,1,2.3010299956639813,0.12783499975911006
38,machine learning,A survey on dataset quality in machine learning,abstract,ability,1,18,0.05555555555555555,1,2.3010299956639813,0.12783499975911006
39,machine learning,A review of the application of machine learning in water quality evaluation,title,review,1,7,0.14285714285714285,26,0.8860566476931633,0.12657952109902332
39,machine learning,A review of the application of machine learning in water quality evaluation,title,application,1,7,0.14285714285714285,38,0.721246399047171,0.10303519986388157
39,machine learning,A review of the application of machine learning in water quality evaluation,title,machine,1,7,0.14285714285714285,54,0.5686362358410126,0.08123374797728751
39,machine learning,A review of the application of machine learning in water quality evaluation,title,learning,1,7,0.14285714285714285,63,0.5016894462103995,0.07166992088719992
39,machine learning,A review of the application of machine learning in water quality evaluation,title,water,1,7,0.14285714285714285,1,2.3010299956639813,0.3287185708091402
39,machine learning,A review of the application of machine learning in water quality evaluation,title,quality,1,7,0.14285714285714285,7,1.4559319556497243,0.20799027937853204
39,machine learning,A review of the application of machine learning in water quality evaluation,title,evaluation,1,7,0.14285714285714285,5,1.6020599913279623,0.22886571304685174
39,machine learning,A review of the application of machine learning in water quality evaluation,abstract,additionally,1,19,0.05263157894736842,2,2.0,0.10526315789473684
39,machine learning,A review of the application of machine learning in water quality evaluation,abstract,machine,3,19,0.15789473684210525,54,0.5686362358410126,0.08978466881700199
39,machine learning,A review of the application of machine learning in water quality evaluation,abstract,learning,3,19,0.15789473684210525,63,0.5016894462103995,0.07921412308585254
39,machine learning,A review of the application of machine learning in water quality evaluation,abstract,can,1,19,0.05263157894736842,11,1.2596373105057561,0.06629670055293453
39,machine learning,A review of the application of machine learning in water quality evaluation,abstract,provide,1,19,0.05263157894736842,3,1.8239087409443189,0.09599519689180624
39,machine learning,A review of the application of machine learning in water quality evaluation,abstract,solutions,1,19,0.05263157894736842,1,2.3010299956639813,0.12110684187705163
39,machine learning,A review of the application of machine learning in water quality evaluation,abstract,water,2,19,0.10526315789473684,1,2.3010299956639813,0.24221368375410327
39,machine learning,A review of the application of machine learning in water quality evaluation,abstract,review,1,19,0.05263157894736842,26,0.8860566476931633,0.046634560404903325
39,machine learning,A review of the application of machine learning in water quality evaluation,abstract,we,1,19,0.05263157894736842,28,0.853871964321762,0.04494062970114537
39,machine learning,A review of the application of machine learning in water quality evaluation,abstract,describe,1,19,0.05263157894736842,3,1.8239087409443189,0.09599519689180624
39,machine learning,A review of the application of machine learning in water quality evaluation,abstract,cases,1,19,0.05263157894736842,2,2.0,0.10526315789473684
39,machine learning,A review of the application of machine learning in water quality evaluation,abstract,which,1,19,0.05263157894736842,6,1.5228787452803376,0.08015151290949145
39,machine learning,A review of the application of machine learning in water quality evaluation,abstract,approaches,1,19,0.05263157894736842,2,2.0,0.10526315789473684
39,machine learning,A review of the application of machine learning in water quality evaluation,abstract,environments,1,19,0.05263157894736842,1,2.3010299956639813,0.12110684187705163
40,machine learning,An overview of machine learning classification techniques,title,overview,1,5,0.2,6,1.5228787452803376,0.30457574905606755
40,machine learning,An overview of machine learning classification techniques,title,machine,1,5,0.2,54,0.5686362358410126,0.11372724716820254
40,machine learning,An overview of machine learning classification techniques,title,learning,1,5,0.2,63,0.5016894462103995,0.1003378892420799
40,machine learning,An overview of machine learning classification techniques,title,classification,1,5,0.2,2,2.0,0.4
40,machine learning,An overview of machine learning classification techniques,title,techniques,1,5,0.2,4,1.6989700043360187,0.3397940008672038
40,machine learning,An overview of machine learning classification techniques,abstract,statistical,1,19,0.05263157894736842,1,2.3010299956639813,0.12110684187705163
40,machine learning,An overview of machine learning classification techniques,abstract,learning,5,19,0.2631578947368421,63,0.5016894462103995,0.1320235384764209
40,machine learning,An overview of machine learning classification techniques,abstract,pattern,1,19,0.05263157894736842,2,2.0,0.10526315789473684
40,machine learning,An overview of machine learning classification techniques,abstract,recognition,1,19,0.05263157894736842,3,1.8239087409443189,0.09599519689180624
40,machine learning,An overview of machine learning classification techniques,abstract,machine,3,19,0.15789473684210525,54,0.5686362358410126,0.08978466881700199
40,machine learning,An overview of machine learning classification techniques,abstract,now,1,19,0.05263157894736842,2,2.0,0.10526315789473684
40,machine learning,An overview of machine learning classification techniques,abstract,between,1,19,0.05263157894736842,2,2.0,0.10526315789473684
40,machine learning,An overview of machine learning classification techniques,abstract,statistics,1,19,0.05263157894736842,1,2.3010299956639813,0.12110684187705163
40,machine learning,An overview of machine learning classification techniques,abstract,evident,1,19,0.05263157894736842,1,2.3010299956639813,0.12110684187705163
40,machine learning,An overview of machine learning classification techniques,abstract,core,1,19,0.05263157894736842,2,2.0,0.10526315789473684
40,machine learning,An overview of machine learning classification techniques,abstract,lies,1,19,0.05263157894736842,1,2.3010299956639813,0.12110684187705163
40,machine learning,An overview of machine learning classification techniques,abstract,concept,1,19,0.05263157894736842,2,2.0,0.10526315789473684
40,machine learning,An overview of machine learning classification techniques,abstract,self,1,19,0.05263157894736842,1,2.3010299956639813,0.12110684187705163
41,machine learning,A systematic review of teaching and learning machine learning in K-12 education,title,systematic,1,8,0.125,14,1.1549019599857433,0.1443627449982179
41,machine learning,A systematic review of teaching and learning machine learning in K-12 education,title,review,1,8,0.125,26,0.8860566476931633,0.11075708096164541
41,machine learning,A systematic review of teaching and learning machine learning in K-12 education,title,teaching,1,8,0.125,3,1.8239087409443189,0.22798859261803986
41,machine learning,A systematic review of teaching and learning machine learning in K-12 education,title,learning,2,8,0.25,63,0.5016894462103995,0.12542236155259986
41,machine learning,A systematic review of teaching and learning machine learning in K-12 education,title,machine,1,8,0.125,54,0.5686362358410126,0.07107952948012658
41,machine learning,A systematic review of teaching and learning machine learning in K-12 education,title,12,1,8,0.125,1,2.3010299956639813,0.28762874945799766
41,machine learning,A systematic review of teaching and learning machine learning in K-12 education,title,education,1,8,0.125,5,1.6020599913279623,0.20025749891599529
41,machine learning,A systematic review of teaching and learning machine learning in K-12 education,abstract,being,1,16,0.0625,2,2.0,0.125
41,machine learning,A systematic review of teaching and learning machine learning in K-12 education,abstract,contribution,1,16,0.0625,2,2.0,0.125
41,machine learning,A systematic review of teaching and learning machine learning in K-12 education,abstract,field,1,16,0.0625,3,1.8239087409443189,0.11399429630901993
41,machine learning,A systematic review of teaching and learning machine learning in K-12 education,abstract,machine,2,16,0.125,54,0.5686362358410126,0.07107952948012658
41,machine learning,A systematic review of teaching and learning machine learning in K-12 education,abstract,learning,3,16,0.1875,63,0.5016894462103995,0.09406677116444989
41,machine learning,A systematic review of teaching and learning machine learning in K-12 education,abstract,education,1,16,0.0625,5,1.6020599913279623,0.10012874945799764
41,machine learning,A systematic review of teaching and learning machine learning in K-12 education,abstract,systematically,1,16,0.0625,1,2.3010299956639813,0.14381437472899883
41,machine learning,A systematic review of teaching and learning machine learning in K-12 education,abstract,synthesizes,1,16,0.0625,1,2.3010299956639813,0.14381437472899883
41,machine learning,A systematic review of teaching and learning machine learning in K-12 education,abstract,research,1,16,0.0625,12,1.2218487496163564,0.07636554685102227
41,machine learning,A systematic review of teaching and learning machine learning in K-12 education,abstract,conducted,1,16,0.0625,3,1.8239087409443189,0.11399429630901993
41,machine learning,A systematic review of teaching and learning machine learning in K-12 education,abstract,teaching,1,16,0.0625,3,1.8239087409443189,0.11399429630901993
41,machine learning,A systematic review of teaching and learning machine learning in K-12 education,abstract,12,1,16,0.0625,1,2.3010299956639813,0.14381437472899883
41,machine learning,A systematic review of teaching and learning machine learning in K-12 education,abstract,levels,1,16,0.0625,1,2.3010299956639813,0.14381437472899883
51,cyber security,Teknologi Keamanan Siber (Cyber Security),title,teknologi,1,5,0.2,9,1.3467874862246563,0.26935749724493124
51,cyber security,Teknologi Keamanan Siber (Cyber Security),title,aman,1,5,0.2,25,0.9030899869919435,0.1806179973983887
51,cyber security,Teknologi Keamanan Siber (Cyber Security),title,siber,1,5,0.2,25,0.9030899869919435,0.1806179973983887
51,cyber security,Teknologi Keamanan Siber (Cyber Security),title,cyber,1,5,0.2,29,0.8386319977650251,0.16772639955300503
51,cyber security,Teknologi Keamanan Siber (Cyber Security),title,security,1,5,0.2,31,0.8096683018297085,0.1619336603659417
51,cyber security,Teknologi Keamanan Siber (Cyber Security),abstract,aman,3,16,0.1875,25,0.9030899869919435,0.1693293725609894
51,cyber security,Teknologi Keamanan Siber (Cyber Security),abstract,kalang,1,16,0.0625,1,2.3010299956639813,0.14381437472899883
51,cyber security,Teknologi Keamanan Siber (Cyber Security),abstract,guna,1,16,0.0625,46,0.638272163982407,0.03989201024890044
51,cyber security,Teknologi Keamanan Siber (Cyber Security),abstract,staf,1,16,0.0625,1,2.3010299956639813,0.14381437472899883
51,cyber security,Teknologi Keamanan Siber (Cyber Security),abstract,organisasi,1,16,0.0625,2,2.0,0.125
51,cyber security,Teknologi Keamanan Siber (Cyber Security),abstract,minimal,1,16,0.0625,1,2.3010299956639813,0.14381437472899883
51,cyber security,Teknologi Keamanan Siber (Cyber Security),abstract,dampak,1,16,0.0625,2,2.0,0.125
51,cyber security,Teknologi Keamanan Siber (Cyber Security),abstract,serang,1,16,0.0625,5,1.6020599913279623,0.10012874945799764
51,cyber security,Teknologi Keamanan Siber (Cyber Security),abstract,siber,2,16,0.125,25,0.9030899869919435,0.11288624837399294
51,cyber security,Teknologi Keamanan Siber (Cyber Security),abstract,tingkat,1,16,0.0625,17,1.0705810742857074,0.06691131714285671
51,cyber security,Teknologi Keamanan Siber (Cyber Security),abstract,overall,1,16,0.0625,1,2.3010299956639813,0.14381437472899883
51,cyber security,Teknologi Keamanan Siber (Cyber Security),abstract,jaring,1,16,0.0625,2,2.0,0.125
51,cyber security,Teknologi Keamanan Siber (Cyber Security),abstract,komputer,1,16,0.0625,2,2.0,0.125
42,machine learning,A survey of human-in-the-loop for machine learning,title,survey,1,5,0.2,10,1.3010299956639813,0.26020599913279624
42,machine learning,A survey of human-in-the-loop for machine learning,title,human,1,5,0.2,3,1.8239087409443189,0.3647817481888638
42,machine learning,A survey of human-in-the-loop for machine learning,title,loop,1,5,0.2,1,2.3010299956639813,0.46020599913279625
42,machine learning,A survey of human-in-the-loop for machine learning,title,machine,1,5,0.2,54,0.5686362358410126,0.11372724716820254
42,machine learning,A survey of human-in-the-loop for machine learning,title,learning,1,5,0.2,63,0.5016894462103995,0.1003378892420799
42,machine learning,A survey of human-in-the-loop for machine learning,abstract,posed,1,19,0.05263157894736842,1,2.3010299956639813,0.12110684187705163
42,machine learning,A survey of human-in-the-loop for machine learning,abstract,machine,3,19,0.15789473684210525,54,0.5686362358410126,0.08978466881700199
42,machine learning,A survey of human-in-the-loop for machine learning,abstract,learning,3,19,0.15789473684210525,63,0.5016894462103995,0.07921412308585254
42,machine learning,A survey of human-in-the-loop for machine learning,abstract,human,1,19,0.05263157894736842,3,1.8239087409443189,0.09599519689180624
42,machine learning,A survey of human-in-the-loop for machine learning,abstract,loop,1,19,0.05263157894736842,1,2.3010299956639813,0.12110684187705163
42,machine learning,A survey of human-in-the-loop for machine learning,abstract,area,1,19,0.05263157894736842,3,1.8239087409443189,0.09599519689180624
42,machine learning,A survey of human-in-the-loop for machine learning,abstract,we,1,19,0.05263157894736842,28,0.853871964321762,0.04494062970114537
42,machine learning,A survey of human-in-the-loop for machine learning,abstract,see,1,19,0.05263157894736842,1,2.3010299956639813,0.12110684187705163
42,machine learning,A survey of human-in-the-loop for machine learning,abstract,increasingly,1,19,0.05263157894736842,1,2.3010299956639813,0.12110684187705163
42,machine learning,A survey of human-in-the-loop for machine learning,abstract,important,1,19,0.05263157894736842,2,2.0,0.10526315789473684
42,machine learning,A survey of human-in-the-loop for machine learning,abstract,future,1,19,0.05263157894736842,8,1.3979400086720377,0.07357578993010724
42,machine learning,A survey of human-in-the-loop for machine learning,abstract,research,1,19,0.05263157894736842,12,1.2218487496163564,0.06430782892717665
42,machine learning,A survey of human-in-the-loop for machine learning,abstract,due,1,19,0.05263157894736842,2,2.0,0.10526315789473684
42,machine learning,A survey of human-in-the-loop for machine learning,abstract,knowledge,1,19,0.05263157894736842,4,1.6989700043360187,0.08941947391242204
42,machine learning,A survey of human-in-the-loop for machine learning,abstract,learned,1,19,0.05263157894736842,1,2.3010299956639813,0.12110684187705163
43,machine learning,Machine learning in economics and finance,title,machine,1,4,0.25,54,0.5686362358410126,0.14215905896025316
43,machine learning,Machine learning in economics and finance,title,learning,1,4,0.25,63,0.5016894462103995,0.12542236155259986
43,machine learning,Machine learning in economics and finance,title,economics,1,4,0.25,1,2.3010299956639813,0.5752574989159953
43,machine learning,Machine learning in economics and finance,title,finance,1,4,0.25,1,2.3010299956639813,0.5752574989159953
43,machine learning,Machine learning in economics and finance,abstract,machine,2,19,0.10526315789473684,54,0.5686362358410126,0.059856445878001326
43,machine learning,Machine learning in economics and finance,abstract,learning,3,19,0.15789473684210525,63,0.5016894462103995,0.07921412308585254
43,machine learning,Machine learning in economics and finance,abstract,ml,1,19,0.05263157894736842,7,1.4559319556497243,0.07662799766577497
43,machine learning,Machine learning in economics and finance,abstract,introduced,1,19,0.05263157894736842,1,2.3010299956639813,0.12110684187705163
43,machine learning,Machine learning in economics and finance,abstract,arthur,1,19,0.05263157894736842,1,2.3010299956639813,0.12110684187705163
43,machine learning,Machine learning in economics and finance,abstract,samuel,1,19,0.05263157894736842,1,2.3010299956639813,0.12110684187705163
43,machine learning,Machine learning in economics and finance,abstract,while,1,19,0.05263157894736842,1,2.3010299956639813,0.12110684187705163
43,machine learning,Machine learning in economics and finance,abstract,working,1,19,0.05263157894736842,1,2.3010299956639813,0.12110684187705163
43,machine learning,Machine learning in economics and finance,abstract,ibm,1,19,0.05263157894736842,1,2.3010299956639813,0.12110684187705163
43,machine learning,Machine learning in economics and finance,abstract,1959,1,19,0.05263157894736842,1,2.3010299956639813,0.12110684187705163
43,machine learning,Machine learning in economics and finance,abstract,mainly,1,19,0.05263157894736842,1,2.3010299956639813,0.12110684187705163
43,machine learning,Machine learning in economics and finance,abstract,describe,1,19,0.05263157894736842,3,1.8239087409443189,0.09599519689180624
43,machine learning,Machine learning in economics and finance,abstract,pattern,1,19,0.05263157894736842,2,2.0,0.10526315789473684
43,machine learning,Machine learning in economics and finance,abstract,recognition,1,19,0.05263157894736842,3,1.8239087409443189,0.09599519689180624
43,machine learning,Machine learning in economics and finance,abstract,tasks,1,19,0.05263157894736842,2,2.0,0.10526315789473684
43,machine learning,Machine learning in economics and finance,abstract,delivered,1,19,0.05263157894736842,1,2.3010299956639813,0.12110684187705163
44,machine learning,Causality for machine learning,title,causality,1,3,0.3333333333333333,1,2.3010299956639813,0.7670099985546603
44,machine learning,Causality for machine learning,title,machine,1,3,0.3333333333333333,54,0.5686362358410126,0.1895454119470042
44,machine learning,Causality for machine learning,title,learning,1,3,0.3333333333333333,63,0.5016894462103995,0.1672298154034665
44,machine learning,Causality for machine learning,abstract,machine,3,22,0.13636363636363635,54,0.5686362358410126,0.0775413048874108
44,machine learning,Causality for machine learning,abstract,learning,3,22,0.13636363636363635,63,0.5016894462103995,0.06841219721050901
44,machine learning,Causality for machine learning,abstract,spite,1,22,0.045454545454545456,1,2.3010299956639813,0.10459227253018097
44,machine learning,Causality for machine learning,abstract,all,1,22,0.045454545454545456,4,1.6989700043360187,0.07722590928800085
44,machine learning,Causality for machine learning,abstract,recent,1,22,0.045454545454545456,5,1.6020599913279623,0.07282090869672556
44,machine learning,Causality for machine learning,abstract,successes,1,22,0.045454545454545456,1,2.3010299956639813,0.10459227253018097
44,machine learning,Causality for machine learning,abstract,if,1,22,0.045454545454545456,2,2.0,0.09090909090909091
44,machine learning,Causality for machine learning,abstract,we,1,22,0.045454545454545456,28,0.853871964321762,0.03881236201462555
44,machine learning,Causality for machine learning,abstract,compare,1,22,0.045454545454545456,1,2.3010299956639813,0.10459227253018097
44,machine learning,Causality for machine learning,abstract,what,1,22,0.045454545454545456,6,1.5228787452803376,0.06922176114910626
44,machine learning,Causality for machine learning,abstract,shortcoming,1,22,0.045454545454545456,1,2.3010299956639813,0.10459227253018097
44,machine learning,Causality for machine learning,abstract,not,1,22,0.045454545454545456,7,1.4559319556497243,0.06617872525680565
44,machine learning,Causality for machine learning,abstract,too,1,22,0.045454545454545456,1,2.3010299956639813,0.10459227253018097
44,machine learning,Causality for machine learning,abstract,surprising,1,22,0.045454545454545456,1,2.3010299956639813,0.10459227253018097
44,machine learning,Causality for machine learning,abstract,since,1,22,0.045454545454545456,1,2.3010299956639813,0.10459227253018097
44,machine learning,Causality for machine learning,abstract,often,1,22,0.045454545454545456,1,2.3010299956639813,0.10459227253018097
44,machine learning,Causality for machine learning,abstract,disregards,1,22,0.045454545454545456,1,2.3010299956639813,0.10459227253018097
44,machine learning,Causality for machine learning,abstract,information,1,22,0.045454545454545456,1,2.3010299956639813,0.10459227253018097
45,machine learning,Scope of machine learning in materials research—A review,title,scope,1,6,0.16666666666666666,1,2.3010299956639813,0.38350499927733017
45,machine learning,Scope of machine learning in materials research—A review,title,machine,1,6,0.16666666666666666,54,0.5686362358410126,0.0947727059735021
45,machine learning,Scope of machine learning in materials research—A review,title,learning,1,6,0.16666666666666666,63,0.5016894462103995,0.08361490770173324
45,machine learning,Scope of machine learning in materials research—A review,title,materials,1,6,0.16666666666666666,1,2.3010299956639813,0.38350499927733017
45,machine learning,Scope of machine learning in materials research—A review,title,research,1,6,0.16666666666666666,12,1.2218487496163564,0.20364145826939273
45,machine learning,Scope of machine learning in materials research—A review,title,review,1,6,0.16666666666666666,26,0.8860566476931633,0.14767610794886055
45,machine learning,Scope of machine learning in materials research—A review,abstract,comprehensive,1,17,0.058823529411764705,5,1.6020599913279623,0.0942388230192919
45,machine learning,Scope of machine learning in materials research—A review,abstract,review,1,17,0.058823529411764705,26,0.8860566476931633,0.05212097927606843
45,machine learning,Scope of machine learning in materials research—A review,abstract,investigates,1,17,0.058823529411764705,1,2.3010299956639813,0.13535470562729301
45,machine learning,Scope of machine learning in materials research—A review,abstract,multifaceted,1,17,0.058823529411764705,1,2.3010299956639813,0.13535470562729301
45,machine learning,Scope of machine learning in materials research—A review,abstract,applications,1,17,0.058823529411764705,27,0.8696662315049939,0.05115683714735258
45,machine learning,Scope of machine learning in materials research—A review,abstract,machine,1,17,0.058823529411764705,54,0.5686362358410126,0.03344919034358898
45,machine learning,Scope of machine learning in materials research—A review,abstract,learning,1,17,0.058823529411764705,63,0.5016894462103995,0.02951114389472938
45,machine learning,Scope of machine learning in materials research—A review,abstract,materials,1,17,0.058823529411764705,1,2.3010299956639813,0.13535470562729301
45,machine learning,Scope of machine learning in materials research—A review,abstract,research,1,17,0.058823529411764705,12,1.2218487496163564,0.07187345585978566
45,machine learning,Scope of machine learning in materials research—A review,abstract,across,1,17,0.058823529411764705,1,2.3010299956639813,0.13535470562729301
45,machine learning,Scope of machine learning in materials research—A review,abstract,six,1,17,0.058823529411764705,1,2.3010299956639813,0.13535470562729301
45,machine learning,Scope of machine learning in materials research—A review,abstract,key,1,17,0.058823529411764705,4,1.6989700043360187,0.0999394120197658
45,machine learning,Scope of machine learning in materials research—A review,abstract,dimensions,1,17,0.058823529411764705,2,2.0,0.11764705882352941
45,machine learning,Scope of machine learning in materials research—A review,abstract,redefining,1,17,0.058823529411764705,1,2.3010299956639813,0.13535470562729301
45,machine learning,Scope of machine learning in materials research—A review,abstract,field,1,17,0.058823529411764705,3,1.8239087409443189,0.10728874946731287
45,machine learning,Scope of machine learning in materials research—A review,abstract,boundaries,1,17,0.058823529411764705,1,2.3010299956639813,0.13535470562729301
45,machine learning,Scope of machine learning in materials research—A review,abstract,explains,1,17,0.058823529411764705,1,2.3010299956639813,0.13535470562729301
46,machine learning,Machine learning for biochemical engineering: A review,title,machine,1,5,0.2,54,0.5686362358410126,0.11372724716820254
46,machine learning,Machine learning for biochemical engineering: A review,title,learning,1,5,0.2,63,0.5016894462103995,0.1003378892420799
46,machine learning,Machine learning for biochemical engineering: A review,title,biochemical,1,5,0.2,1,2.3010299956639813,0.46020599913279625
46,machine learning,Machine learning for biochemical engineering: A review,title,engineering,1,5,0.2,3,1.8239087409443189,0.3647817481888638
46,machine learning,Machine learning for biochemical engineering: A review,title,review,1,5,0.2,26,0.8860566476931633,0.17721132953863267
46,machine learning,Machine learning for biochemical engineering: A review,abstract,use,1,21,0.047619047619047616,7,1.4559319556497243,0.06933009312617734
46,machine learning,Machine learning for biochemical engineering: A review,abstract,machine,3,21,0.14285714285714285,54,0.5686362358410126,0.08123374797728751
46,machine learning,Machine learning for biochemical engineering: A review,abstract,learning,3,21,0.14285714285714285,63,0.5016894462103995,0.07166992088719992
46,machine learning,Machine learning for biochemical engineering: A review,abstract,within,1,21,0.047619047619047616,3,1.8239087409443189,0.08685279718782471
46,machine learning,Machine learning for biochemical engineering: A review,abstract,biochemical,1,21,0.047619047619047616,1,2.3010299956639813,0.10957285693638005
46,machine learning,Machine learning for biochemical engineering: A review,abstract,engineering,1,21,0.047619047619047616,3,1.8239087409443189,0.08685279718782471
46,machine learning,Machine learning for biochemical engineering: A review,abstract,over,1,21,0.047619047619047616,3,1.8239087409443189,0.08685279718782471
46,machine learning,Machine learning for biochemical engineering: A review,abstract,last,1,21,0.047619047619047616,1,2.3010299956639813,0.10957285693638005
46,machine learning,Machine learning for biochemical engineering: A review,abstract,20,1,21,0.047619047619047616,1,2.3010299956639813,0.10957285693638005
46,machine learning,Machine learning for biochemical engineering: A review,abstract,years,1,21,0.047619047619047616,1,2.3010299956639813,0.10957285693638005
46,machine learning,Machine learning for biochemical engineering: A review,abstract,most,1,21,0.047619047619047616,3,1.8239087409443189,0.08685279718782471
46,machine learning,Machine learning for biochemical engineering: A review,abstract,prevalent,1,21,0.047619047619047616,1,2.3010299956639813,0.10957285693638005
46,machine learning,Machine learning for biochemical engineering: A review,abstract,finally,1,21,0.047619047619047616,3,1.8239087409443189,0.08685279718782471
46,machine learning,Machine learning for biochemical engineering: A review,abstract,core,1,21,0.047619047619047616,2,2.0,0.09523809523809523
46,machine learning,Machine learning for biochemical engineering: A review,abstract,challenges,1,21,0.047619047619047616,9,1.3467874862246563,0.06413273743926934
46,machine learning,Machine learning for biochemical engineering: A review,abstract,into,1,21,0.047619047619047616,2,2.0,0.09523809523809523
46,machine learning,Machine learning for biochemical engineering: A review,abstract,application,1,21,0.047619047619047616,38,0.721246399047171,0.03434506662129386
47,machine learning,Machine learning: new ideas and tools in environmental science and engineering,title,machine,1,8,0.125,54,0.5686362358410126,0.07107952948012658
47,machine learning,Machine learning: new ideas and tools in environmental science and engineering,title,learning,1,8,0.125,63,0.5016894462103995,0.06271118077629993
47,machine learning,Machine learning: new ideas and tools in environmental science and engineering,title,new,1,8,0.125,11,1.2596373105057561,0.15745466381321951
47,machine learning,Machine learning: new ideas and tools in environmental science and engineering,title,ideas,1,8,0.125,1,2.3010299956639813,0.28762874945799766
47,machine learning,Machine learning: new ideas and tools in environmental science and engineering,title,tools,1,8,0.125,7,1.4559319556497243,0.18199149445621554
47,machine learning,Machine learning: new ideas and tools in environmental science and engineering,title,environmental,1,8,0.125,1,2.3010299956639813,0.28762874945799766
47,machine learning,Machine learning: new ideas and tools in environmental science and engineering,title,science,1,8,0.125,1,2.3010299956639813,0.28762874945799766
47,machine learning,Machine learning: new ideas and tools in environmental science and engineering,title,engineering,1,8,0.125,3,1.8239087409443189,0.22798859261803986
47,machine learning,Machine learning: new ideas and tools in environmental science and engineering,abstract,machine,2,16,0.125,54,0.5686362358410126,0.07107952948012658
47,machine learning,Machine learning: new ideas and tools in environmental science and engineering,abstract,learning,2,16,0.125,63,0.5016894462103995,0.06271118077629993
47,machine learning,Machine learning: new ideas and tools in environmental science and engineering,abstract,has,1,16,0.0625,12,1.2218487496163564,0.07636554685102227
47,machine learning,Machine learning: new ideas and tools in environmental science and engineering,abstract,potential,1,16,0.0625,3,1.8239087409443189,0.11399429630901993
47,machine learning,Machine learning: new ideas and tools in environmental science and engineering,abstract,revolutionize,1,16,0.0625,1,2.3010299956639813,0.14381437472899883
47,machine learning,Machine learning: new ideas and tools in environmental science and engineering,abstract,data,1,16,0.0625,27,0.8696662315049939,0.05435413946906212
47,machine learning,Machine learning: new ideas and tools in environmental science and engineering,abstract,analysis,1,16,0.0625,13,1.1870866433571445,0.07419291520982153
47,machine learning,Machine learning: new ideas and tools in environmental science and engineering,abstract,modeling,1,16,0.0625,1,2.3010299956639813,0.14381437472899883
47,machine learning,Machine learning: new ideas and tools in environmental science and engineering,abstract,shortcomings,1,16,0.0625,1,2.3010299956639813,0.14381437472899883
47,machine learning,Machine learning: new ideas and tools in environmental science and engineering,abstract,challenges,1,16,0.0625,9,1.3467874862246563,0.08417421788904102
47,machine learning,Machine learning: new ideas and tools in environmental science and engineering,abstract,opportunities,1,16,0.0625,3,1.8239087409443189,0.11399429630901993
47,machine learning,Machine learning: new ideas and tools in environmental science and engineering,abstract,applications,1,16,0.0625,27,0.8696662315049939,0.05435413946906212
47,machine learning,Machine learning: new ideas and tools in environmental science and engineering,abstract,ese,1,16,0.0625,1,2.3010299956639813,0.14381437472899883
47,machine learning,Machine learning: new ideas and tools in environmental science and engineering,abstract,field,1,16,0.0625,3,1.8239087409443189,0.11399429630901993
48,machine learning,Participation is not a design fix for machine learning,title,participation,1,6,0.16666666666666666,1,2.3010299956639813,0.38350499927733017
48,machine learning,Participation is not a design fix for machine learning,title,not,1,6,0.16666666666666666,7,1.4559319556497243,0.2426553259416207
48,machine learning,Participation is not a design fix for machine learning,title,design,1,6,0.16666666666666666,10,1.3010299956639813,0.21683833261066354
48,machine learning,Participation is not a design fix for machine learning,title,fix,1,6,0.16666666666666666,1,2.3010299956639813,0.38350499927733017
48,machine learning,Participation is not a design fix for machine learning,title,machine,1,6,0.16666666666666666,54,0.5686362358410126,0.0947727059735021
48,machine learning,Participation is not a design fix for machine learning,title,learning,1,6,0.16666666666666666,63,0.5016894462103995,0.08361490770173324
48,machine learning,Participation is not a design fix for machine learning,abstract,machine,3,19,0.15789473684210525,54,0.5686362358410126,0.08978466881700199
48,machine learning,Participation is not a design fix for machine learning,abstract,learning,3,19,0.15789473684210525,63,0.5016894462103995,0.07921412308585254
48,machine learning,Participation is not a design fix for machine learning,abstract,examines,1,19,0.05263157894736842,1,2.3010299956639813,0.12110684187705163
48,machine learning,Participation is not a design fix for machine learning,abstract,three,1,19,0.05263157894736842,4,1.6989700043360187,0.08941947391242204
48,machine learning,Participation is not a design fix for machine learning,abstract,existing,1,19,0.05263157894736842,2,2.0,0.10526315789473684
48,machine learning,Participation is not a design fix for machine learning,abstract,kinds,1,19,0.05263157894736842,3,1.8239087409443189,0.09599519689180624
48,machine learning,Participation is not a design fix for machine learning,abstract,participation,1,19,0.05263157894736842,1,2.3010299956639813,0.12110684187705163
48,machine learning,Participation is not a design fix for machine learning,abstract,design,1,19,0.05263157894736842,10,1.3010299956639813,0.06847526292968321
48,machine learning,Participation is not a design fix for machine learning,abstract,practice,1,19,0.05263157894736842,1,2.3010299956639813,0.12110684187705163
48,machine learning,Participation is not a design fix for machine learning,abstract,justice,1,19,0.05263157894736842,1,2.3010299956639813,0.12110684187705163
48,machine learning,Participation is not a design fix for machine learning,abstract,argue,1,19,0.05263157894736842,1,2.3010299956639813,0.12110684187705163
48,machine learning,Participation is not a design fix for machine learning,abstract,community,1,19,0.05263157894736842,1,2.3010299956639813,0.12110684187705163
48,machine learning,Participation is not a design fix for machine learning,abstract,must,1,19,0.05263157894736842,1,2.3010299956639813,0.12110684187705163
48,machine learning,Participation is not a design fix for machine learning,abstract,become,1,19,0.05263157894736842,3,1.8239087409443189,0.09599519689180624
48,machine learning,Participation is not a design fix for machine learning,abstract,attuned,1,19,0.05263157894736842,1,2.3010299956639813,0.12110684187705163
49,machine learning,Machine learning for a sustainable energy future,title,machine,1,5,0.2,54,0.5686362358410126,0.11372724716820254
49,machine learning,Machine learning for a sustainable energy future,title,learning,1,5,0.2,63,0.5016894462103995,0.1003378892420799
49,machine learning,Machine learning for a sustainable energy future,title,sustainable,1,5,0.2,3,1.8239087409443189,0.3647817481888638
49,machine learning,Machine learning for a sustainable energy future,title,energy,1,5,0.2,2,2.0,0.4
49,machine learning,Machine learning for a sustainable energy future,title,future,1,5,0.2,8,1.3979400086720377,0.27958800173440757
49,machine learning,Machine learning for a sustainable energy future,abstract,here,1,23,0.043478260869565216,2,2.0,0.08695652173913043
49,machine learning,Machine learning for a sustainable energy future,abstract,we,1,23,0.043478260869565216,28,0.853871964321762,0.037124868013989655
49,machine learning,Machine learning for a sustainable energy future,abstract,explore,1,23,0.043478260869565216,3,1.8239087409443189,0.07930038004105734
49,machine learning,Machine learning for a sustainable energy future,abstract,extent,1,23,0.043478260869565216,1,2.3010299956639813,0.10004478242017309
49,machine learning,Machine learning for a sustainable energy future,abstract,which,1,23,0.043478260869565216,6,1.5228787452803376,0.06621211936001467
49,machine learning,Machine learning for a sustainable energy future,abstract,machine,1,23,0.043478260869565216,54,0.5686362358410126,0.024723314601783158
49,machine learning,Machine learning for a sustainable energy future,abstract,learning,1,23,0.043478260869565216,63,0.5016894462103995,0.021812584617843453
49,machine learning,Machine learning for a sustainable energy future,abstract,ml,2,23,0.08695652173913043,7,1.4559319556497243,0.12660277875214992
49,machine learning,Machine learning for a sustainable energy future,abstract,techniques,1,23,0.043478260869565216,4,1.6989700043360187,0.07386826105808778
49,machine learning,Machine learning for a sustainable energy future,abstract,can,2,23,0.08695652173913043,11,1.2596373105057561,0.10953367917441358
49,machine learning,Machine learning for a sustainable energy future,abstract,help,1,23,0.043478260869565216,5,1.6020599913279623,0.06965478223165053
49,machine learning,Machine learning for a sustainable energy future,abstract,address,1,23,0.043478260869565216,2,2.0,0.08695652173913043
49,machine learning,Machine learning for a sustainable energy future,abstract,many,1,23,0.043478260869565216,2,2.0,0.08695652173913043
49,machine learning,Machine learning for a sustainable energy future,abstract,these,1,23,0.043478260869565216,10,1.3010299956639813,0.05656652155060788
49,machine learning,Machine learning for a sustainable energy future,abstract,challenges,1,23,0.043478260869565216,9,1.3467874862246563,0.05855597766194157
49,machine learning,Machine learning for a sustainable energy future,abstract,10,1,23,0.043478260869565216,1,2.3010299956639813,0.10004478242017309
49,machine learning,Machine learning for a sustainable energy future,abstract,models,1,23,0.043478260869565216,4,1.6989700043360187,0.07386826105808778
49,machine learning,Machine learning for a sustainable energy future,abstract,used,1,23,0.043478260869565216,7,1.4559319556497243,0.06330138937607496
49,machine learning,Machine learning for a sustainable energy future,abstract,predict,1,23,0.043478260869565216,2,2.0,0.08695652173913043
49,machine learning,Machine learning for a sustainable energy future,abstract,specific,1,23,0.043478260869565216,2,2.0,0.08695652173913043
49,machine learning,Machine learning for a sustainable energy future,abstract,properties,1,23,0.043478260869565216,1,2.3010299956639813,0.10004478242017309
50,machine learning,Understanding from machine learning models,title,understanding,1,4,0.25,1,2.3010299956639813,0.5752574989159953
50,machine learning,Understanding from machine learning models,title,machine,1,4,0.25,54,0.5686362358410126,0.14215905896025316
50,machine learning,Understanding from machine learning models,title,learning,1,4,0.25,63,0.5016894462103995,0.12542236155259986
50,machine learning,Understanding from machine learning models,title,models,1,4,0.25,4,1.6989700043360187,0.4247425010840047
50,machine learning,Understanding from machine learning models,abstract,opposite,1,18,0.05555555555555555,1,2.3010299956639813,0.12783499975911006
50,machine learning,Understanding from machine learning models,abstract,direction,1,18,0.05555555555555555,2,2.0,0.1111111111111111
50,machine learning,Understanding from machine learning models,abstract,utilizing,1,18,0.05555555555555555,1,2.3010299956639813,0.12783499975911006
50,machine learning,Understanding from machine learning models,abstract,opaque,1,18,0.05555555555555555,1,2.3010299956639813,0.12783499975911006
50,machine learning,Understanding from machine learning models,abstract,machine,2,18,0.1111111111111111,54,0.5686362358410126,0.06318180398233474
50,machine learning,Understanding from machine learning models,abstract,learning,2,18,0.1111111111111111,63,0.5016894462103995,0.05574327180115549
50,machine learning,Understanding from machine learning models,abstract,models,1,18,0.05555555555555555,4,1.6989700043360187,0.09438722246311215
50,machine learning,Understanding from machine learning models,abstract,make,1,18,0.05555555555555555,4,1.6989700043360187,0.09438722246311215
50,machine learning,Understanding from machine learning models,abstract,predictions,1,18,0.05555555555555555,1,2.3010299956639813,0.12783499975911006
50,machine learning,Understanding from machine learning models,abstract,pragmatic,1,18,0.05555555555555555,1,2.3010299956639813,0.12783499975911006
50,machine learning,Understanding from machine learning models,abstract,good,1,18,0.05555555555555555,1,2.3010299956639813,0.12783499975911006
50,machine learning,Understanding from machine learning models,abstract,when,1,18,0.05555555555555555,2,2.0,0.1111111111111111
50,machine learning,Understanding from machine learning models,abstract,they,1,18,0.05555555555555555,5,1.6020599913279623,0.08900333285155346
50,machine learning,Understanding from machine learning models,abstract,choose,1,18,0.05555555555555555,2,2.0,0.1111111111111111
50,machine learning,Understanding from machine learning models,abstract,model,1,18,0.05555555555555555,14,1.1549019599857433,0.06416121999920796
50,machine learning,Understanding from machine learning models,abstract,assumptions,1,18,0.05555555555555555,1,2.3010299956639813,0.12783499975911006
52,cyber security,Analisis hukum terhadap tantangan keamanan siber: Studi kasus penegakan hukum siber di Indonesia,title,analisis,1,11,0.09090909090909091,17,1.0705810742857074,0.09732555220779159
52,cyber security,Analisis hukum terhadap tantangan keamanan siber: Studi kasus penegakan hukum siber di Indonesia,title,hukum,2,11,0.18181818181818182,3,1.8239087409443189,0.3316197710807853
52,cyber security,Analisis hukum terhadap tantangan keamanan siber: Studi kasus penegakan hukum siber di Indonesia,title,tantang,1,11,0.09090909090909091,4,1.6989700043360187,0.1544518185760017
52,cyber security,Analisis hukum terhadap tantangan keamanan siber: Studi kasus penegakan hukum siber di Indonesia,title,aman,1,11,0.09090909090909091,25,0.9030899869919435,0.08209908972654033
52,cyber security,Analisis hukum terhadap tantangan keamanan siber: Studi kasus penegakan hukum siber di Indonesia,title,siber,2,11,0.18181818181818182,25,0.9030899869919435,0.16419817945308066
52,cyber security,Analisis hukum terhadap tantangan keamanan siber: Studi kasus penegakan hukum siber di Indonesia,title,studi,1,11,0.09090909090909091,8,1.3979400086720377,0.12708545533382162
52,cyber security,Analisis hukum terhadap tantangan keamanan siber: Studi kasus penegakan hukum siber di Indonesia,title,kasus,1,11,0.09090909090909091,8,1.3979400086720377,0.12708545533382162
52,cyber security,Analisis hukum terhadap tantangan keamanan siber: Studi kasus penegakan hukum siber di Indonesia,title,tega,1,11,0.09090909090909091,2,2.0,0.18181818181818182
52,cyber security,Analisis hukum terhadap tantangan keamanan siber: Studi kasus penegakan hukum siber di Indonesia,title,indonesia,1,11,0.09090909090909091,19,1.0222763947111522,0.09293421770101383
52,cyber security,Analisis hukum terhadap tantangan keamanan siber: Studi kasus penegakan hukum siber di Indonesia,abstract,adopsi,1,17,0.058823529411764705,2,2.0,0.11764705882352941
52,cyber security,Analisis hukum terhadap tantangan keamanan siber: Studi kasus penegakan hukum siber di Indonesia,abstract,regulasi,1,17,0.058823529411764705,4,1.6989700043360187,0.0999394120197658
52,cyber security,Analisis hukum terhadap tantangan keamanan siber: Studi kasus penegakan hukum siber di Indonesia,abstract,kait,1,17,0.058823529411764705,3,1.8239087409443189,0.10728874946731287
52,cyber security,Analisis hukum terhadap tantangan keamanan siber: Studi kasus penegakan hukum siber di Indonesia,abstract,aman,3,17,0.17647058823529413,25,0.9030899869919435,0.1593688212338724
52,cyber security,Analisis hukum terhadap tantangan keamanan siber: Studi kasus penegakan hukum siber di Indonesia,abstract,siber,3,17,0.17647058823529413,25,0.9030899869919435,0.1593688212338724
52,cyber security,Analisis hukum terhadap tantangan keamanan siber: Studi kasus penegakan hukum siber di Indonesia,abstract,seperti,1,17,0.058823529411764705,5,1.6020599913279623,0.0942388230192919
52,cyber security,Analisis hukum terhadap tantangan keamanan siber: Studi kasus penegakan hukum siber di Indonesia,abstract,undang,1,17,0.058823529411764705,1,2.3010299956639813,0.13535470562729301
52,cyber security,Analisis hukum terhadap tantangan keamanan siber: Studi kasus penegakan hukum siber di Indonesia,abstract,rangkai,1,17,0.058823529411764705,1,2.3010299956639813,0.13535470562729301
52,cyber security,Analisis hukum terhadap tantangan keamanan siber: Studi kasus penegakan hukum siber di Indonesia,abstract,insiden,1,17,0.058823529411764705,1,2.3010299956639813,0.13535470562729301
52,cyber security,Analisis hukum terhadap tantangan keamanan siber: Studi kasus penegakan hukum siber di Indonesia,abstract,jadi,1,17,0.058823529411764705,2,2.0,0.11764705882352941
52,cyber security,Analisis hukum terhadap tantangan keamanan siber: Studi kasus penegakan hukum siber di Indonesia,abstract,tangan,1,17,0.058823529411764705,1,2.3010299956639813,0.13535470562729301
52,cyber security,Analisis hukum terhadap tantangan keamanan siber: Studi kasus penegakan hukum siber di Indonesia,abstract,masalah,1,17,0.058823529411764705,2,2.0,0.11764705882352941
52,cyber security,Analisis hukum terhadap tantangan keamanan siber: Studi kasus penegakan hukum siber di Indonesia,abstract,fokus,1,17,0.058823529411764705,3,1.8239087409443189,0.10728874946731287
53,cyber security,Data privasi dan keamanan siber pada smart-city: Tinjauan literatur,title,data,1,8,0.125,27,0.8696662315049939,0.10870827893812424
53,cyber security,Data privasi dan keamanan siber pada smart-city: Tinjauan literatur,title,privasi,1,8,0.125,1,2.3010299956639813,0.28762874945799766
53,cyber security,Data privasi dan keamanan siber pada smart-city: Tinjauan literatur,title,aman,1,8,0.125,25,0.9030899869919435,0.11288624837399294
53,cyber security,Data privasi dan keamanan siber pada smart-city: Tinjauan literatur,title,siber,1,8,0.125,25,0.9030899869919435,0.11288624837399294
53,cyber security,Data privasi dan keamanan siber pada smart-city: Tinjauan literatur,title,smart,1,8,0.125,7,1.4559319556497243,0.18199149445621554
53,cyber security,Data privasi dan keamanan siber pada smart-city: Tinjauan literatur,title,city,1,8,0.125,2,2.0,0.25
53,cyber security,Data privasi dan keamanan siber pada smart-city: Tinjauan literatur,title,tinjau,1,8,0.125,5,1.6020599913279623,0.20025749891599529
53,cyber security,Data privasi dan keamanan siber pada smart-city: Tinjauan literatur,title,literatur,1,8,0.125,4,1.6989700043360187,0.21237125054200234
53,cyber security,Data privasi dan keamanan siber pada smart-city: Tinjauan literatur,abstract,butuh,1,15,0.06666666666666667,4,1.6989700043360187,0.11326466695573457
53,cyber security,Data privasi dan keamanan siber pada smart-city: Tinjauan literatur,abstract,aman,3,15,0.2,25,0.9030899869919435,0.1806179973983887
53,cyber security,Data privasi dan keamanan siber pada smart-city: Tinjauan literatur,abstract,dukung,1,15,0.06666666666666667,4,1.6989700043360187,0.11326466695573457
53,cyber security,Data privasi dan keamanan siber pada smart-city: Tinjauan literatur,abstract,teliti,1,15,0.06666666666666667,22,0.958607314841775,0.063907154322785
53,cyber security,Data privasi dan keamanan siber pada smart-city: Tinjauan literatur,abstract,saran,1,15,0.06666666666666667,2,2.0,0.13333333333333333
53,cyber security,Data privasi dan keamanan siber pada smart-city: Tinjauan literatur,abstract,mitigasi,1,15,0.06666666666666667,1,2.3010299956639813,0.15340199971093207
53,cyber security,Data privasi dan keamanan siber pada smart-city: Tinjauan literatur,abstract,baik,1,15,0.06666666666666667,3,1.8239087409443189,0.1215939160629546
53,cyber security,Data privasi dan keamanan siber pada smart-city: Tinjauan literatur,abstract,hal,1,15,0.06666666666666667,2,2.0,0.13333333333333333
53,cyber security,Data privasi dan keamanan siber pada smart-city: Tinjauan literatur,abstract,siber,2,15,0.13333333333333333,25,0.9030899869919435,0.12041199826559247
53,cyber security,Data privasi dan keamanan siber pada smart-city: Tinjauan literatur,abstract,data,1,15,0.06666666666666667,27,0.8696662315049939,0.05797774876699959
53,cyber security,Data privasi dan keamanan siber pada smart-city: Tinjauan literatur,abstract,privasi,1,15,0.06666666666666667,1,2.3010299956639813,0.15340199971093207
53,cyber security,Data privasi dan keamanan siber pada smart-city: Tinjauan literatur,abstract,guna,1,15,0.06666666666666667,46,0.638272163982407,0.04255147759882714
54,cyber security,Analisis risiko keamanan siber dalam transformasi digital pelayanan publik di Indonesia,title,analisis,1,9,0.1111111111111111,17,1.0705810742857074,0.11895345269841193
54,cyber security,Analisis risiko keamanan siber dalam transformasi digital pelayanan publik di Indonesia,title,risiko,1,9,0.1111111111111111,3,1.8239087409443189,0.20265652677159096
54,cyber security,Analisis risiko keamanan siber dalam transformasi digital pelayanan publik di Indonesia,title,aman,1,9,0.1111111111111111,25,0.9030899869919435,0.10034333188799371
54,cyber security,Analisis risiko keamanan siber dalam transformasi digital pelayanan publik di Indonesia,title,siber,1,9,0.1111111111111111,25,0.9030899869919435,0.10034333188799371
54,cyber security,Analisis risiko keamanan siber dalam transformasi digital pelayanan publik di Indonesia,title,transformasi,1,9,0.1111111111111111,2,2.0,0.2222222222222222
54,cyber security,Analisis risiko keamanan siber dalam transformasi digital pelayanan publik di Indonesia,title,digital,1,9,0.1111111111111111,11,1.2596373105057561,0.13995970116730622
54,cyber security,Analisis risiko keamanan siber dalam transformasi digital pelayanan publik di Indonesia,title,layan,1,9,0.1111111111111111,11,1.2596373105057561,0.13995970116730622
54,cyber security,Analisis risiko keamanan siber dalam transformasi digital pelayanan publik di Indonesia,title,publik,1,9,0.1111111111111111,1,2.3010299956639813,0.2556699995182201
54,cyber security,Analisis risiko keamanan siber dalam transformasi digital pelayanan publik di Indonesia,title,indonesia,1,9,0.1111111111111111,19,1.0222763947111522,0.1135862660790169
54,cyber security,Analisis risiko keamanan siber dalam transformasi digital pelayanan publik di Indonesia,abstract,regulasi,1,16,0.0625,4,1.6989700043360187,0.10618562527100117
54,cyber security,Analisis risiko keamanan siber dalam transformasi digital pelayanan publik di Indonesia,abstract,aman,3,16,0.1875,25,0.9030899869919435,0.1693293725609894
54,cyber security,Analisis risiko keamanan siber dalam transformasi digital pelayanan publik di Indonesia,abstract,siber,3,16,0.1875,25,0.9030899869919435,0.1693293725609894
54,cyber security,Analisis risiko keamanan siber dalam transformasi digital pelayanan publik di Indonesia,abstract,beri,1,16,0.0625,5,1.6020599913279623,0.10012874945799764
54,cyber security,Analisis risiko keamanan siber dalam transformasi digital pelayanan publik di Indonesia,abstract,refleksi,1,16,0.0625,1,2.3010299956639813,0.14381437472899883
54,cyber security,Analisis risiko keamanan siber dalam transformasi digital pelayanan publik di Indonesia,abstract,bentuk,1,16,0.0625,3,1.8239087409443189,0.11399429630901993
54,cyber security,Analisis risiko keamanan siber dalam transformasi digital pelayanan publik di Indonesia,abstract,upaya,1,16,0.0625,4,1.6989700043360187,0.10618562527100117
54,cyber security,Analisis risiko keamanan siber dalam transformasi digital pelayanan publik di Indonesia,abstract,buat,1,16,0.0625,18,1.045757490560675,0.06535984316004219
54,cyber security,Analisis risiko keamanan siber dalam transformasi digital pelayanan publik di Indonesia,abstract,rekomendasi,1,16,0.0625,3,1.8239087409443189,0.11399429630901993
54,cyber security,Analisis risiko keamanan siber dalam transformasi digital pelayanan publik di Indonesia,abstract,bijak,1,16,0.0625,4,1.6989700043360187,0.10618562527100117
54,cyber security,Analisis risiko keamanan siber dalam transformasi digital pelayanan publik di Indonesia,abstract,kuat,1,16,0.0625,4,1.6989700043360187,0.10618562527100117
54,cyber security,Analisis risiko keamanan siber dalam transformasi digital pelayanan publik di Indonesia,abstract,lindung,1,16,0.0625,3,1.8239087409443189,0.11399429630901993
55,cyber security,Manajemen keamanan cyber di era digital,title,manajemen,1,5,0.2,2,2.0,0.4
55,cyber security,Manajemen keamanan cyber di era digital,title,aman,1,5,0.2,25,0.9030899869919435,0.1806179973983887
55,cyber security,Manajemen keamanan cyber di era digital,title,cyber,1,5,0.2,29,0.8386319977650251,0.16772639955300503
55,cyber security,Manajemen keamanan cyber di era digital,title,era,1,5,0.2,7,1.4559319556497243,0.2911863911299449
55,cyber security,Manajemen keamanan cyber di era digital,title,digital,1,5,0.2,11,1.2596373105057561,0.25192746210115124
55,cyber security,Manajemen keamanan cyber di era digital,abstract,abstrak,1,16,0.0625,1,2.3010299956639813,0.14381437472899883
55,cyber security,Manajemen keamanan cyber di era digital,abstract,era,1,16,0.0625,7,1.4559319556497243,0.09099574722810777
55,cyber security,Manajemen keamanan cyber di era digital,abstract,digital,1,16,0.0625,11,1.2596373105057561,0.07872733190660976
55,cyber security,Manajemen keamanan cyber di era digital,abstract,kembang,2,16,0.125,17,1.0705810742857074,0.13382263428571342
55,cyber security,Manajemen keamanan cyber di era digital,abstract,pesat,1,16,0.0625,4,1.6989700043360187,0.10618562527100117
55,cyber security,Manajemen keamanan cyber di era digital,abstract,aman,1,16,0.0625,25,0.9030899869919435,0.05644312418699647
55,cyber security,Manajemen keamanan cyber di era digital,abstract,siber,1,16,0.0625,25,0.9030899869919435,0.05644312418699647
55,cyber security,Manajemen keamanan cyber di era digital,abstract,salah,1,16,0.0625,5,1.6020599913279623,0.10012874945799764
55,cyber security,Manajemen keamanan cyber di era digital,abstract,satu,1,16,0.0625,6,1.5228787452803376,0.0951799215800211
55,cyber security,Manajemen keamanan cyber di era digital,abstract,aspek,1,16,0.0625,2,2.0,0.125
55,cyber security,Manajemen keamanan cyber di era digital,abstract,sangat,1,16,0.0625,5,1.6020599913279623,0.10012874945799764
55,cyber security,Manajemen keamanan cyber di era digital,abstract,penting,1,16,0.0625,7,1.4559319556497243,0.09099574722810777
55,cyber security,Manajemen keamanan cyber di era digital,abstract,perhati,1,16,0.0625,3,1.8239087409443189,0.11399429630901993
55,cyber security,Manajemen keamanan cyber di era digital,abstract,teknologi,1,16,0.0625,9,1.3467874862246563,0.08417421788904102
55,cyber security,Manajemen keamanan cyber di era digital,abstract,informasi,1,16,0.0625,6,1.5228787452803376,0.0951799215800211
56,cyber security,Analisis penerapan sistem keamanan siber terhadap kejahatan siber di indonesia,title,analisis,1,8,0.125,17,1.0705810742857074,0.13382263428571342
56,cyber security,Analisis penerapan sistem keamanan siber terhadap kejahatan siber di indonesia,title,terap,1,8,0.125,30,0.8239087409443188,0.10298859261803985
56,cyber security,Analisis penerapan sistem keamanan siber terhadap kejahatan siber di indonesia,title,sistem,1,8,0.125,16,1.0969100130080565,0.13711375162600706
56,cyber security,Analisis penerapan sistem keamanan siber terhadap kejahatan siber di indonesia,title,aman,1,8,0.125,25,0.9030899869919435,0.11288624837399294
56,cyber security,Analisis penerapan sistem keamanan siber terhadap kejahatan siber di indonesia,title,siber,2,8,0.25,25,0.9030899869919435,0.22577249674798588
56,cyber security,Analisis penerapan sistem keamanan siber terhadap kejahatan siber di indonesia,title,jahat,1,8,0.125,3,1.8239087409443189,0.22798859261803986
56,cyber security,Analisis penerapan sistem keamanan siber terhadap kejahatan siber di indonesia,title,indonesia,1,8,0.125,19,1.0222763947111522,0.12778454933889402
56,cyber security,Analisis penerapan sistem keamanan siber terhadap kejahatan siber di indonesia,abstract,teliti,1,14,0.07142857142857142,22,0.958607314841775,0.06847195106012678
56,cyber security,Analisis penerapan sistem keamanan siber terhadap kejahatan siber di indonesia,abstract,tahu,1,14,0.07142857142857142,5,1.6020599913279623,0.11443285652342587
56,cyber security,Analisis penerapan sistem keamanan siber terhadap kejahatan siber di indonesia,abstract,bagaimana,1,14,0.07142857142857142,4,1.6989700043360187,0.12135500030971562
56,cyber security,Analisis penerapan sistem keamanan siber terhadap kejahatan siber di indonesia,abstract,sistem,2,14,0.14285714285714285,16,1.0969100130080565,0.15670143042972234
56,cyber security,Analisis penerapan sistem keamanan siber terhadap kejahatan siber di indonesia,abstract,aman,2,14,0.14285714285714285,25,0.9030899869919435,0.12901285528456335
56,cyber security,Analisis penerapan sistem keamanan siber terhadap kejahatan siber di indonesia,abstract,siber,2,14,0.14285714285714285,25,0.9030899869919435,0.12901285528456335
56,cyber security,Analisis penerapan sistem keamanan siber terhadap kejahatan siber di indonesia,abstract,analis,1,14,0.07142857142857142,5,1.6020599913279623,0.11443285652342587
56,cyber security,Analisis penerapan sistem keamanan siber terhadap kejahatan siber di indonesia,abstract,hambat,1,14,0.07142857142857142,1,2.3010299956639813,0.1643592854045701
56,cyber security,Analisis penerapan sistem keamanan siber terhadap kejahatan siber di indonesia,abstract,upaya,1,14,0.07142857142857142,4,1.6989700043360187,0.12135500030971562
56,cyber security,Analisis penerapan sistem keamanan siber terhadap kejahatan siber di indonesia,abstract,kembang,1,14,0.07142857142857142,17,1.0705810742857074,0.07647007673469337
56,cyber security,Analisis penerapan sistem keamanan siber terhadap kejahatan siber di indonesia,abstract,indonesia,1,14,0.07142857142857142,19,1.0222763947111522,0.073019742479368
57,cyber security,Edukasi Keamanan Siber Berdigital dengan Aman,title,edukasi,1,5,0.2,2,2.0,0.4
57,cyber security,Edukasi Keamanan Siber Berdigital dengan Aman,title,aman,2,5,0.4,25,0.9030899869919435,0.3612359947967774
57,cyber security,Edukasi Keamanan Siber Berdigital dengan Aman,title,siber,1,5,0.2,25,0.9030899869919435,0.1806179973983887
57,cyber security,Edukasi Keamanan Siber Berdigital dengan Aman,title,digital,1,5,0.2,11,1.2596373105057561,0.25192746210115124
57,cyber security,Edukasi Keamanan Siber Berdigital dengan Aman,abstract,efektif,1,17,0.058823529411764705,4,1.6989700043360187,0.0999394120197658
57,cyber security,Edukasi Keamanan Siber Berdigital dengan Aman,abstract,tingkat,1,17,0.058823529411764705,17,1.0705810742857074,0.06297535731092396
57,cyber security,Edukasi Keamanan Siber Berdigital dengan Aman,abstract,terampil,1,17,0.058823529411764705,1,2.3010299956639813,0.13535470562729301
57,cyber security,Edukasi Keamanan Siber Berdigital dengan Aman,abstract,aman,3,17,0.17647058823529413,25,0.9030899869919435,0.1593688212338724
57,cyber security,Edukasi Keamanan Siber Berdigital dengan Aman,abstract,siber,3,17,0.17647058823529413,25,0.9030899869919435,0.1593688212338724
57,cyber security,Edukasi Keamanan Siber Berdigital dengan Aman,abstract,lanjut,1,17,0.058823529411764705,1,2.3010299956639813,0.13535470562729301
57,cyber security,Edukasi Keamanan Siber Berdigital dengan Aman,abstract,seperti,1,17,0.058823529411764705,5,1.6020599913279623,0.0942388230192919
57,cyber security,Edukasi Keamanan Siber Berdigital dengan Aman,abstract,usaha,1,17,0.058823529411764705,3,1.8239087409443189,0.10728874946731287
57,cyber security,Edukasi Keamanan Siber Berdigital dengan Aman,abstract,kecil,1,17,0.058823529411764705,2,2.0,0.11764705882352941
57,cyber security,Edukasi Keamanan Siber Berdigital dengan Aman,abstract,kurang,1,17,0.058823529411764705,4,1.6989700043360187,0.0999394120197658
57,cyber security,Edukasi Keamanan Siber Berdigital dengan Aman,abstract,paham,1,17,0.058823529411764705,2,2.0,0.11764705882352941
57,cyber security,Edukasi Keamanan Siber Berdigital dengan Aman,abstract,konsep,1,17,0.058823529411764705,3,1.8239087409443189,0.10728874946731287
57,cyber security,Edukasi Keamanan Siber Berdigital dengan Aman,abstract,dasar,1,17,0.058823529411764705,7,1.4559319556497243,0.08564305621468966
58,cyber security,Tinjauan Literatur Tentang Ancaman Cybercrime Dan Implementasi Keamanan Siber Di Industri Perbankan,title,tinjau,1,10,0.1,5,1.6020599913279623,0.16020599913279623
58,cyber security,Tinjauan Literatur Tentang Ancaman Cybercrime Dan Implementasi Keamanan Siber Di Industri Perbankan,title,literatur,1,10,0.1,4,1.6989700043360187,0.1698970004336019
58,cyber security,Tinjauan Literatur Tentang Ancaman Cybercrime Dan Implementasi Keamanan Siber Di Industri Perbankan,title,tentang,1,10,0.1,5,1.6020599913279623,0.16020599913279623
58,cyber security,Tinjauan Literatur Tentang Ancaman Cybercrime Dan Implementasi Keamanan Siber Di Industri Perbankan,title,ancam,1,10,0.1,5,1.6020599913279623,0.16020599913279623
58,cyber security,Tinjauan Literatur Tentang Ancaman Cybercrime Dan Implementasi Keamanan Siber Di Industri Perbankan,title,cybercrime,1,10,0.1,2,2.0,0.2
58,cyber security,Tinjauan Literatur Tentang Ancaman Cybercrime Dan Implementasi Keamanan Siber Di Industri Perbankan,title,implementasi,1,10,0.1,7,1.4559319556497243,0.14559319556497244
58,cyber security,Tinjauan Literatur Tentang Ancaman Cybercrime Dan Implementasi Keamanan Siber Di Industri Perbankan,title,aman,1,10,0.1,25,0.9030899869919435,0.09030899869919436
58,cyber security,Tinjauan Literatur Tentang Ancaman Cybercrime Dan Implementasi Keamanan Siber Di Industri Perbankan,title,siber,1,10,0.1,25,0.9030899869919435,0.09030899869919436
58,cyber security,Tinjauan Literatur Tentang Ancaman Cybercrime Dan Implementasi Keamanan Siber Di Industri Perbankan,title,industri,1,10,0.1,1,2.3010299956639813,0.23010299956639813
58,cyber security,Tinjauan Literatur Tentang Ancaman Cybercrime Dan Implementasi Keamanan Siber Di Industri Perbankan,title,perban,1,10,0.1,1,2.3010299956639813,0.23010299956639813
58,cyber security,Tinjauan Literatur Tentang Ancaman Cybercrime Dan Implementasi Keamanan Siber Di Industri Perbankan,abstract,tingkat,2,16,0.125,17,1.0705810742857074,0.13382263428571342
58,cyber security,Tinjauan Literatur Tentang Ancaman Cybercrime Dan Implementasi Keamanan Siber Di Industri Perbankan,abstract,aman,3,16,0.1875,25,0.9030899869919435,0.1693293725609894
58,cyber security,Tinjauan Literatur Tentang Ancaman Cybercrime Dan Implementasi Keamanan Siber Di Industri Perbankan,abstract,siber,3,16,0.1875,25,0.9030899869919435,0.1693293725609894
58,cyber security,Tinjauan Literatur Tentang Ancaman Cybercrime Dan Implementasi Keamanan Siber Di Industri Perbankan,abstract,meski,1,16,0.0625,1,2.3010299956639813,0.14381437472899883
58,cyber security,Tinjauan Literatur Tentang Ancaman Cybercrime Dan Implementasi Keamanan Siber Di Industri Perbankan,abstract,evaluasi,1,16,0.0625,2,2.0,0.125
58,cyber security,Tinjauan Literatur Tentang Ancaman Cybercrime Dan Implementasi Keamanan Siber Di Industri Perbankan,abstract,bijak,1,16,0.0625,4,1.6989700043360187,0.10618562527100117
58,cyber security,Tinjauan Literatur Tentang Ancaman Cybercrime Dan Implementasi Keamanan Siber Di Industri Perbankan,abstract,hadap,1,16,0.0625,2,2.0,0.125
58,cyber security,Tinjauan Literatur Tentang Ancaman Cybercrime Dan Implementasi Keamanan Siber Di Industri Perbankan,abstract,kendala,1,16,0.0625,1,2.3010299956639813,0.14381437472899883
58,cyber security,Tinjauan Literatur Tentang Ancaman Cybercrime Dan Implementasi Keamanan Siber Di Industri Perbankan,abstract,langkahlangkah,1,16,0.0625,1,2.3010299956639813,0.14381437472899883
58,cyber security,Tinjauan Literatur Tentang Ancaman Cybercrime Dan Implementasi Keamanan Siber Di Industri Perbankan,abstract,cegah,1,16,0.0625,1,2.3010299956639813,0.14381437472899883
58,cyber security,Tinjauan Literatur Tentang Ancaman Cybercrime Dan Implementasi Keamanan Siber Di Industri Perbankan,abstract,ambil,1,16,0.0625,1,2.3010299956639813,0.14381437472899883
59,cyber security,Peraturan dan Regulasi Keamanan Siber di Era Digital,title,atur,1,6,0.16666666666666666,2,2.0,0.3333333333333333
59,cyber security,Peraturan dan Regulasi Keamanan Siber di Era Digital,title,regulasi,1,6,0.16666666666666666,4,1.6989700043360187,0.28316166738933646
59,cyber security,Peraturan dan Regulasi Keamanan Siber di Era Digital,title,aman,1,6,0.16666666666666666,25,0.9030899869919435,0.15051499783199057
59,cyber security,Peraturan dan Regulasi Keamanan Siber di Era Digital,title,siber,1,6,0.16666666666666666,25,0.9030899869919435,0.15051499783199057
59,cyber security,Peraturan dan Regulasi Keamanan Siber di Era Digital,title,era,1,6,0.16666666666666666,7,1.4559319556497243,0.2426553259416207
59,cyber security,Peraturan dan Regulasi Keamanan Siber di Era Digital,title,digital,1,6,0.16666666666666666,11,1.2596373105057561,0.20993955175095935
59,cyber security,Peraturan dan Regulasi Keamanan Siber di Era Digital,abstract,bangun,1,17,0.058823529411764705,13,1.1870866433571445,0.06982862607983203
59,cyber security,Peraturan dan Regulasi Keamanan Siber di Era Digital,abstract,ekosistem,1,17,0.058823529411764705,1,2.3010299956639813,0.13535470562729301
59,cyber security,Peraturan dan Regulasi Keamanan Siber di Era Digital,abstract,aman,3,17,0.17647058823529413,25,0.9030899869919435,0.1593688212338724
59,cyber security,Peraturan dan Regulasi Keamanan Siber di Era Digital,abstract,siber,3,17,0.17647058823529413,25,0.9030899869919435,0.1593688212338724
59,cyber security,Peraturan dan Regulasi Keamanan Siber di Era Digital,abstract,artikel,1,17,0.058823529411764705,3,1.8239087409443189,0.10728874946731287
59,cyber security,Peraturan dan Regulasi Keamanan Siber di Era Digital,abstract,beri,1,17,0.058823529411764705,5,1.6020599913279623,0.0942388230192919
59,cyber security,Peraturan dan Regulasi Keamanan Siber di Era Digital,abstract,rekomendasi,1,17,0.058823529411764705,3,1.8239087409443189,0.10728874946731287
59,cyber security,Peraturan dan Regulasi Keamanan Siber di Era Digital,abstract,strategis,1,17,0.058823529411764705,2,2.0,0.11764705882352941
59,cyber security,Peraturan dan Regulasi Keamanan Siber di Era Digital,abstract,buat,1,17,0.058823529411764705,18,1.045757490560675,0.06151514650356912
59,cyber security,Peraturan dan Regulasi Keamanan Siber di Era Digital,abstract,bijak,1,17,0.058823529411764705,4,1.6989700043360187,0.0999394120197658
59,cyber security,Peraturan dan Regulasi Keamanan Siber di Era Digital,abstract,tegak,1,17,0.058823529411764705,1,2.3010299956639813,0.13535470562729301
59,cyber security,Peraturan dan Regulasi Keamanan Siber di Era Digital,abstract,hukum,1,17,0.058823529411764705,3,1.8239087409443189,0.10728874946731287
59,cyber security,Peraturan dan Regulasi Keamanan Siber di Era Digital,abstract,praktisi,1,17,0.058823529411764705,1,2.3010299956639813,0.13535470562729301
60,cyber security,Sistem Keamanan Siber dan Kedaulatan Data di Indonesia dalam Perspektif Ekonomi Politik (Studi Kasus Perlindungan Data Pribadi)[Cyber Security System and …,title,sistem,1,17,0.058823529411764705,16,1.0969100130080565,0.06452411841223861
60,cyber security,Sistem Keamanan Siber dan Kedaulatan Data di Indonesia dalam Perspektif Ekonomi Politik (Studi Kasus Perlindungan Data Pribadi)[Cyber Security System and …,title,aman,1,17,0.058823529411764705,25,0.9030899869919435,0.053122940411290794
60,cyber security,Sistem Keamanan Siber dan Kedaulatan Data di Indonesia dalam Perspektif Ekonomi Politik (Studi Kasus Perlindungan Data Pribadi)[Cyber Security System and …,title,siber,1,17,0.058823529411764705,25,0.9030899869919435,0.053122940411290794
60,cyber security,Sistem Keamanan Siber dan Kedaulatan Data di Indonesia dalam Perspektif Ekonomi Politik (Studi Kasus Perlindungan Data Pribadi)[Cyber Security System and …,title,daulat,1,17,0.058823529411764705,1,2.3010299956639813,0.13535470562729301
60,cyber security,Sistem Keamanan Siber dan Kedaulatan Data di Indonesia dalam Perspektif Ekonomi Politik (Studi Kasus Perlindungan Data Pribadi)[Cyber Security System and …,title,data,2,17,0.11764705882352941,27,0.8696662315049939,0.10231367429470516
60,cyber security,Sistem Keamanan Siber dan Kedaulatan Data di Indonesia dalam Perspektif Ekonomi Politik (Studi Kasus Perlindungan Data Pribadi)[Cyber Security System and …,title,indonesia,1,17,0.058823529411764705,19,1.0222763947111522,0.06013390557124425
60,cyber security,Sistem Keamanan Siber dan Kedaulatan Data di Indonesia dalam Perspektif Ekonomi Politik (Studi Kasus Perlindungan Data Pribadi)[Cyber Security System and …,title,perspektif,1,17,0.058823529411764705,2,2.0,0.11764705882352941
60,cyber security,Sistem Keamanan Siber dan Kedaulatan Data di Indonesia dalam Perspektif Ekonomi Politik (Studi Kasus Perlindungan Data Pribadi)[Cyber Security System and …,title,ekonomi,1,17,0.058823529411764705,2,2.0,0.11764705882352941
60,cyber security,Sistem Keamanan Siber dan Kedaulatan Data di Indonesia dalam Perspektif Ekonomi Politik (Studi Kasus Perlindungan Data Pribadi)[Cyber Security System and …,title,politik,1,17,0.058823529411764705,2,2.0,0.11764705882352941
60,cyber security,Sistem Keamanan Siber dan Kedaulatan Data di Indonesia dalam Perspektif Ekonomi Politik (Studi Kasus Perlindungan Data Pribadi)[Cyber Security System and …,title,studi,1,17,0.058823529411764705,8,1.3979400086720377,0.08223176521600221
60,cyber security,Sistem Keamanan Siber dan Kedaulatan Data di Indonesia dalam Perspektif Ekonomi Politik (Studi Kasus Perlindungan Data Pribadi)[Cyber Security System and …,title,kasus,1,17,0.058823529411764705,8,1.3979400086720377,0.08223176521600221
60,cyber security,Sistem Keamanan Siber dan Kedaulatan Data di Indonesia dalam Perspektif Ekonomi Politik (Studi Kasus Perlindungan Data Pribadi)[Cyber Security System and …,title,lindung,1,17,0.058823529411764705,3,1.8239087409443189,0.10728874946731287
60,cyber security,Sistem Keamanan Siber dan Kedaulatan Data di Indonesia dalam Perspektif Ekonomi Politik (Studi Kasus Perlindungan Data Pribadi)[Cyber Security System and …,title,pribadi,1,17,0.058823529411764705,1,2.3010299956639813,0.13535470562729301
60,cyber security,Sistem Keamanan Siber dan Kedaulatan Data di Indonesia dalam Perspektif Ekonomi Politik (Studi Kasus Perlindungan Data Pribadi)[Cyber Security System and …,title,cyber,1,17,0.058823529411764705,29,0.8386319977650251,0.04933129398617794
60,cyber security,Sistem Keamanan Siber dan Kedaulatan Data di Indonesia dalam Perspektif Ekonomi Politik (Studi Kasus Perlindungan Data Pribadi)[Cyber Security System and …,title,security,1,17,0.058823529411764705,31,0.8096683018297085,0.04762754716645344
60,cyber security,Sistem Keamanan Siber dan Kedaulatan Data di Indonesia dalam Perspektif Ekonomi Politik (Studi Kasus Perlindungan Data Pribadi)[Cyber Security System and …,title,system,1,17,0.058823529411764705,6,1.5228787452803376,0.08958110266354927
60,cyber security,Sistem Keamanan Siber dan Kedaulatan Data di Indonesia dalam Perspektif Ekonomi Politik (Studi Kasus Perlindungan Data Pribadi)[Cyber Security System and …,abstract,lindung,1,15,0.06666666666666667,3,1.8239087409443189,0.1215939160629546
60,cyber security,Sistem Keamanan Siber dan Kedaulatan Data di Indonesia dalam Perspektif Ekonomi Politik (Studi Kasus Perlindungan Data Pribadi)[Cyber Security System and …,abstract,data,2,15,0.13333333333333333,27,0.8696662315049939,0.11595549753399918
60,cyber security,Sistem Keamanan Siber dan Kedaulatan Data di Indonesia dalam Perspektif Ekonomi Politik (Studi Kasus Perlindungan Data Pribadi)[Cyber Security System and …,abstract,siber,4,15,0.26666666666666666,25,0.9030899869919435,0.24082399653118494
60,cyber security,Sistem Keamanan Siber dan Kedaulatan Data di Indonesia dalam Perspektif Ekonomi Politik (Studi Kasus Perlindungan Data Pribadi)[Cyber Security System and …,abstract,aman,3,15,0.2,25,0.9030899869919435,0.1806179973983887
60,cyber security,Sistem Keamanan Siber dan Kedaulatan Data di Indonesia dalam Perspektif Ekonomi Politik (Studi Kasus Perlindungan Data Pribadi)[Cyber Security System and …,abstract,jamin,1,15,0.06666666666666667,1,2.3010299956639813,0.15340199971093207
60,cyber security,Sistem Keamanan Siber dan Kedaulatan Data di Indonesia dalam Perspektif Ekonomi Politik (Studi Kasus Perlindungan Data Pribadi)[Cyber Security System and …,abstract,guna,1,15,0.06666666666666667,46,0.638272163982407,0.04255147759882714
60,cyber security,Sistem Keamanan Siber dan Kedaulatan Data di Indonesia dalam Perspektif Ekonomi Politik (Studi Kasus Perlindungan Data Pribadi)[Cyber Security System and …,abstract,bangun,2,15,0.13333333333333333,13,1.1870866433571445,0.15827821911428594
60,cyber security,Sistem Keamanan Siber dan Kedaulatan Data di Indonesia dalam Perspektif Ekonomi Politik (Studi Kasus Perlindungan Data Pribadi)[Cyber Security System and …,abstract,daulat,1,15,0.06666666666666667,1,2.3010299956639813,0.15340199971093207
61,cyber security,Tantangan keamanan siber dalam manajemen likuiditas bank syariah: Menjaga stabilitas keuangan di era digital,title,tantang,1,12,0.08333333333333333,4,1.6989700043360187,0.14158083369466823
61,cyber security,Tantangan keamanan siber dalam manajemen likuiditas bank syariah: Menjaga stabilitas keuangan di era digital,title,aman,1,12,0.08333333333333333,25,0.9030899869919435,0.07525749891599529
61,cyber security,Tantangan keamanan siber dalam manajemen likuiditas bank syariah: Menjaga stabilitas keuangan di era digital,title,siber,1,12,0.08333333333333333,25,0.9030899869919435,0.07525749891599529
61,cyber security,Tantangan keamanan siber dalam manajemen likuiditas bank syariah: Menjaga stabilitas keuangan di era digital,title,manajemen,1,12,0.08333333333333333,2,2.0,0.16666666666666666
61,cyber security,Tantangan keamanan siber dalam manajemen likuiditas bank syariah: Menjaga stabilitas keuangan di era digital,title,likuiditas,1,12,0.08333333333333333,1,2.3010299956639813,0.19175249963866509
61,cyber security,Tantangan keamanan siber dalam manajemen likuiditas bank syariah: Menjaga stabilitas keuangan di era digital,title,bank,1,12,0.08333333333333333,3,1.8239087409443189,0.15199239507869322
61,cyber security,Tantangan keamanan siber dalam manajemen likuiditas bank syariah: Menjaga stabilitas keuangan di era digital,title,syariah,1,12,0.08333333333333333,1,2.3010299956639813,0.19175249963866509
61,cyber security,Tantangan keamanan siber dalam manajemen likuiditas bank syariah: Menjaga stabilitas keuangan di era digital,title,jaga,1,12,0.08333333333333333,1,2.3010299956639813,0.19175249963866509
61,cyber security,Tantangan keamanan siber dalam manajemen likuiditas bank syariah: Menjaga stabilitas keuangan di era digital,title,stabilitas,1,12,0.08333333333333333,1,2.3010299956639813,0.19175249963866509
61,cyber security,Tantangan keamanan siber dalam manajemen likuiditas bank syariah: Menjaga stabilitas keuangan di era digital,title,uang,1,12,0.08333333333333333,4,1.6989700043360187,0.14158083369466823
61,cyber security,Tantangan keamanan siber dalam manajemen likuiditas bank syariah: Menjaga stabilitas keuangan di era digital,title,era,1,12,0.08333333333333333,7,1.4559319556497243,0.12132766297081035
61,cyber security,Tantangan keamanan siber dalam manajemen likuiditas bank syariah: Menjaga stabilitas keuangan di era digital,title,digital,1,12,0.08333333333333333,11,1.2596373105057561,0.10496977587547968
61,cyber security,Tantangan keamanan siber dalam manajemen likuiditas bank syariah: Menjaga stabilitas keuangan di era digital,abstract,teliti,1,14,0.07142857142857142,22,0.958607314841775,0.06847195106012678
61,cyber security,Tantangan keamanan siber dalam manajemen likuiditas bank syariah: Menjaga stabilitas keuangan di era digital,abstract,eksplorasi,1,14,0.07142857142857142,1,2.3010299956639813,0.1643592854045701
61,cyber security,Tantangan keamanan siber dalam manajemen likuiditas bank syariah: Menjaga stabilitas keuangan di era digital,abstract,tantang,1,14,0.07142857142857142,4,1.6989700043360187,0.12135500030971562
61,cyber security,Tantangan keamanan siber dalam manajemen likuiditas bank syariah: Menjaga stabilitas keuangan di era digital,abstract,aman,2,14,0.14285714285714285,25,0.9030899869919435,0.12901285528456335
61,cyber security,Tantangan keamanan siber dalam manajemen likuiditas bank syariah: Menjaga stabilitas keuangan di era digital,abstract,siber,3,14,0.21428571428571427,25,0.9030899869919435,0.19351928292684503
61,cyber security,Tantangan keamanan siber dalam manajemen likuiditas bank syariah: Menjaga stabilitas keuangan di era digital,abstract,timbul,1,14,0.07142857142857142,2,2.0,0.14285714285714285
61,cyber security,Tantangan keamanan siber dalam manajemen likuiditas bank syariah: Menjaga stabilitas keuangan di era digital,abstract,risiko,1,14,0.07142857142857142,3,1.8239087409443189,0.13027919578173705
61,cyber security,Tantangan keamanan siber dalam manajemen likuiditas bank syariah: Menjaga stabilitas keuangan di era digital,abstract,signifikan,1,14,0.07142857142857142,2,2.0,0.14285714285714285
61,cyber security,Tantangan keamanan siber dalam manajemen likuiditas bank syariah: Menjaga stabilitas keuangan di era digital,abstract,rentan,1,14,0.07142857142857142,3,1.8239087409443189,0.13027919578173705
61,cyber security,Tantangan keamanan siber dalam manajemen likuiditas bank syariah: Menjaga stabilitas keuangan di era digital,abstract,serang,1,14,0.07142857142857142,5,1.6020599913279623,0.11443285652342587
61,cyber security,Tantangan keamanan siber dalam manajemen likuiditas bank syariah: Menjaga stabilitas keuangan di era digital,abstract,ancam,1,14,0.07142857142857142,5,1.6020599913279623,0.11443285652342587
62,cyber security,Upaya membangun kesadaran keamanan siber pada konsumen e-commerce di Indonesia,title,upaya,1,8,0.125,4,1.6989700043360187,0.21237125054200234
62,cyber security,Upaya membangun kesadaran keamanan siber pada konsumen e-commerce di Indonesia,title,bangun,1,8,0.125,13,1.1870866433571445,0.14838583041964307
62,cyber security,Upaya membangun kesadaran keamanan siber pada konsumen e-commerce di Indonesia,title,sadar,1,8,0.125,1,2.3010299956639813,0.28762874945799766
62,cyber security,Upaya membangun kesadaran keamanan siber pada konsumen e-commerce di Indonesia,title,aman,1,8,0.125,25,0.9030899869919435,0.11288624837399294
62,cyber security,Upaya membangun kesadaran keamanan siber pada konsumen e-commerce di Indonesia,title,siber,1,8,0.125,25,0.9030899869919435,0.11288624837399294
62,cyber security,Upaya membangun kesadaran keamanan siber pada konsumen e-commerce di Indonesia,title,konsumen,1,8,0.125,2,2.0,0.25
62,cyber security,Upaya membangun kesadaran keamanan siber pada konsumen e-commerce di Indonesia,title,commerce,1,8,0.125,1,2.3010299956639813,0.28762874945799766
62,cyber security,Upaya membangun kesadaran keamanan siber pada konsumen e-commerce di Indonesia,title,indonesia,1,8,0.125,19,1.0222763947111522,0.12778454933889402
62,cyber security,Upaya membangun kesadaran keamanan siber pada konsumen e-commerce di Indonesia,abstract,aman,3,14,0.21428571428571427,25,0.9030899869919435,0.19351928292684503
62,cyber security,Upaya membangun kesadaran keamanan siber pada konsumen e-commerce di Indonesia,abstract,dunia,1,14,0.07142857142857142,4,1.6989700043360187,0.12135500030971562
62,cyber security,Upaya membangun kesadaran keamanan siber pada konsumen e-commerce di Indonesia,abstract,siber,3,14,0.21428571428571427,25,0.9030899869919435,0.19351928292684503
62,cyber security,Upaya membangun kesadaran keamanan siber pada konsumen e-commerce di Indonesia,abstract,perangkat,1,14,0.07142857142857142,3,1.8239087409443189,0.13027919578173705
62,cyber security,Upaya membangun kesadaran keamanan siber pada konsumen e-commerce di Indonesia,abstract,kuat,1,14,0.07142857142857142,4,1.6989700043360187,0.12135500030971562
62,cyber security,Upaya membangun kesadaran keamanan siber pada konsumen e-commerce di Indonesia,abstract,teliti,1,14,0.07142857142857142,22,0.958607314841775,0.06847195106012678
62,cyber security,Upaya membangun kesadaran keamanan siber pada konsumen e-commerce di Indonesia,abstract,tuju,1,14,0.07142857142857142,12,1.2218487496163564,0.08727491068688259
62,cyber security,Upaya membangun kesadaran keamanan siber pada konsumen e-commerce di Indonesia,abstract,tahu,1,14,0.07142857142857142,5,1.6020599913279623,0.11443285652342587
62,cyber security,Upaya membangun kesadaran keamanan siber pada konsumen e-commerce di Indonesia,abstract,program,1,14,0.07142857142857142,3,1.8239087409443189,0.13027919578173705
62,cyber security,Upaya membangun kesadaran keamanan siber pada konsumen e-commerce di Indonesia,abstract,sadar,1,14,0.07142857142857142,1,2.3010299956639813,0.1643592854045701
63,cyber security,Perkembangan Sistem Pertahanan/Keamanan Siber Indonesia dalam Menghadapi Tantangan Perkembangan Teknologi dan Informasi:-,title,kembang,2,11,0.18181818181818182,17,1.0705810742857074,0.19465110441558317
63,cyber security,Perkembangan Sistem Pertahanan/Keamanan Siber Indonesia dalam Menghadapi Tantangan Perkembangan Teknologi dan Informasi:-,title,sistem,1,11,0.09090909090909091,16,1.0969100130080565,0.0997190920916415
63,cyber security,Perkembangan Sistem Pertahanan/Keamanan Siber Indonesia dalam Menghadapi Tantangan Perkembangan Teknologi dan Informasi:-,title,tahan,1,11,0.09090909090909091,1,2.3010299956639813,0.20918454506036194
63,cyber security,Perkembangan Sistem Pertahanan/Keamanan Siber Indonesia dalam Menghadapi Tantangan Perkembangan Teknologi dan Informasi:-,title,aman,1,11,0.09090909090909091,25,0.9030899869919435,0.08209908972654033
63,cyber security,Perkembangan Sistem Pertahanan/Keamanan Siber Indonesia dalam Menghadapi Tantangan Perkembangan Teknologi dan Informasi:-,title,siber,1,11,0.09090909090909091,25,0.9030899869919435,0.08209908972654033
63,cyber security,Perkembangan Sistem Pertahanan/Keamanan Siber Indonesia dalam Menghadapi Tantangan Perkembangan Teknologi dan Informasi:-,title,indonesia,1,11,0.09090909090909091,19,1.0222763947111522,0.09293421770101383
63,cyber security,Perkembangan Sistem Pertahanan/Keamanan Siber Indonesia dalam Menghadapi Tantangan Perkembangan Teknologi dan Informasi:-,title,hadap,1,11,0.09090909090909091,2,2.0,0.18181818181818182
63,cyber security,Perkembangan Sistem Pertahanan/Keamanan Siber Indonesia dalam Menghadapi Tantangan Perkembangan Teknologi dan Informasi:-,title,tantang,1,11,0.09090909090909091,4,1.6989700043360187,0.1544518185760017
63,cyber security,Perkembangan Sistem Pertahanan/Keamanan Siber Indonesia dalam Menghadapi Tantangan Perkembangan Teknologi dan Informasi:-,title,teknologi,1,11,0.09090909090909091,9,1.3467874862246563,0.1224352260204233
63,cyber security,Perkembangan Sistem Pertahanan/Keamanan Siber Indonesia dalam Menghadapi Tantangan Perkembangan Teknologi dan Informasi:-,title,informasi,1,11,0.09090909090909091,6,1.5228787452803376,0.13844352229821252
63,cyber security,Perkembangan Sistem Pertahanan/Keamanan Siber Indonesia dalam Menghadapi Tantangan Perkembangan Teknologi dan Informasi:-,abstract,aman,2,15,0.13333333333333333,25,0.9030899869919435,0.12041199826559247
63,cyber security,Perkembangan Sistem Pertahanan/Keamanan Siber Indonesia dalam Menghadapi Tantangan Perkembangan Teknologi dan Informasi:-,abstract,siber,3,15,0.2,25,0.9030899869919435,0.1806179973983887
63,cyber security,Perkembangan Sistem Pertahanan/Keamanan Siber Indonesia dalam Menghadapi Tantangan Perkembangan Teknologi dan Informasi:-,abstract,artikel,1,15,0.06666666666666667,3,1.8239087409443189,0.1215939160629546
63,cyber security,Perkembangan Sistem Pertahanan/Keamanan Siber Indonesia dalam Menghadapi Tantangan Perkembangan Teknologi dan Informasi:-,abstract,gambar,1,15,0.06666666666666667,2,2.0,0.13333333333333333
63,cyber security,Perkembangan Sistem Pertahanan/Keamanan Siber Indonesia dalam Menghadapi Tantangan Perkembangan Teknologi dan Informasi:-,abstract,bagaimana,1,15,0.06666666666666667,4,1.6989700043360187,0.11326466695573457
63,cyber security,Perkembangan Sistem Pertahanan/Keamanan Siber Indonesia dalam Menghadapi Tantangan Perkembangan Teknologi dan Informasi:-,abstract,ancam,1,15,0.06666666666666667,5,1.6020599913279623,0.10680399942186415
63,cyber security,Perkembangan Sistem Pertahanan/Keamanan Siber Indonesia dalam Menghadapi Tantangan Perkembangan Teknologi dan Informasi:-,abstract,serang,1,15,0.06666666666666667,5,1.6020599913279623,0.10680399942186415
63,cyber security,Perkembangan Sistem Pertahanan/Keamanan Siber Indonesia dalam Menghadapi Tantangan Perkembangan Teknologi dan Informasi:-,abstract,milik,1,15,0.06666666666666667,7,1.4559319556497243,0.09706213037664829
63,cyber security,Perkembangan Sistem Pertahanan/Keamanan Siber Indonesia dalam Menghadapi Tantangan Perkembangan Teknologi dan Informasi:-,abstract,indonesia,1,15,0.06666666666666667,19,1.0222763947111522,0.06815175964741015
63,cyber security,Perkembangan Sistem Pertahanan/Keamanan Siber Indonesia dalam Menghadapi Tantangan Perkembangan Teknologi dan Informasi:-,abstract,kata,1,15,0.06666666666666667,3,1.8239087409443189,0.1215939160629546
63,cyber security,Perkembangan Sistem Pertahanan/Keamanan Siber Indonesia dalam Menghadapi Tantangan Perkembangan Teknologi dan Informasi:-,abstract,kunci,1,15,0.06666666666666667,2,2.0,0.13333333333333333
63,cyber security,Perkembangan Sistem Pertahanan/Keamanan Siber Indonesia dalam Menghadapi Tantangan Perkembangan Teknologi dan Informasi:-,abstract,tahan,1,15,0.06666666666666667,1,2.3010299956639813,0.15340199971093207
64,cyber security,Strategi efektif untuk implementasi keamanan siber di era digital,title,strategi,1,7,0.14285714285714285,4,1.6989700043360187,0.24271000061943124
64,cyber security,Strategi efektif untuk implementasi keamanan siber di era digital,title,efektif,1,7,0.14285714285714285,4,1.6989700043360187,0.24271000061943124
64,cyber security,Strategi efektif untuk implementasi keamanan siber di era digital,title,implementasi,1,7,0.14285714285714285,7,1.4559319556497243,0.20799027937853204
64,cyber security,Strategi efektif untuk implementasi keamanan siber di era digital,title,aman,1,7,0.14285714285714285,25,0.9030899869919435,0.12901285528456335
64,cyber security,Strategi efektif untuk implementasi keamanan siber di era digital,title,siber,1,7,0.14285714285714285,25,0.9030899869919435,0.12901285528456335
64,cyber security,Strategi efektif untuk implementasi keamanan siber di era digital,title,era,1,7,0.14285714285714285,7,1.4559319556497243,0.20799027937853204
64,cyber security,Strategi efektif untuk implementasi keamanan siber di era digital,title,digital,1,7,0.14285714285714285,11,1.2596373105057561,0.179948187215108
64,cyber security,Strategi efektif untuk implementasi keamanan siber di era digital,abstract,era,1,14,0.07142857142857142,7,1.4559319556497243,0.10399513968926602
64,cyber security,Strategi efektif untuk implementasi keamanan siber di era digital,abstract,digital,1,14,0.07142857142857142,11,1.2596373105057561,0.089974093607554
64,cyber security,Strategi efektif untuk implementasi keamanan siber di era digital,abstract,kembang,1,14,0.07142857142857142,17,1.0705810742857074,0.07647007673469337
64,cyber security,Strategi efektif untuk implementasi keamanan siber di era digital,abstract,pesat,1,14,0.07142857142857142,4,1.6989700043360187,0.12135500030971562
64,cyber security,Strategi efektif untuk implementasi keamanan siber di era digital,abstract,aman,1,14,0.07142857142857142,25,0.9030899869919435,0.06450642764228168
64,cyber security,Strategi efektif untuk implementasi keamanan siber di era digital,abstract,siber,2,14,0.14285714285714285,25,0.9030899869919435,0.12901285528456335
64,cyber security,Strategi efektif untuk implementasi keamanan siber di era digital,abstract,butuh,1,14,0.07142857142857142,4,1.6989700043360187,0.12135500030971562
64,cyber security,Strategi efektif untuk implementasi keamanan siber di era digital,abstract,maju,1,14,0.07142857142857142,2,2.0,0.14285714285714285
64,cyber security,Strategi efektif untuk implementasi keamanan siber di era digital,abstract,teknologi,1,14,0.07142857142857142,9,1.3467874862246563,0.09619910615890401
64,cyber security,Strategi efektif untuk implementasi keamanan siber di era digital,abstract,mungkin,1,14,0.07142857142857142,2,2.0,0.14285714285714285
64,cyber security,Strategi efektif untuk implementasi keamanan siber di era digital,abstract,bagai,1,14,0.07142857142857142,2,2.0,0.14285714285714285
64,cyber security,Strategi efektif untuk implementasi keamanan siber di era digital,abstract,serang,1,14,0.07142857142857142,5,1.6020599913279623,0.11443285652342587
64,cyber security,Strategi efektif untuk implementasi keamanan siber di era digital,abstract,akibat,1,14,0.07142857142857142,1,2.3010299956639813,0.1643592854045701
65,cyber security,Pentingnya Keamanan Siber Dalam Era Digital:: Tinjauan Global Dan Kondisi Di Indonesia,title,penting,1,9,0.1111111111111111,7,1.4559319556497243,0.1617702172944138
65,cyber security,Pentingnya Keamanan Siber Dalam Era Digital:: Tinjauan Global Dan Kondisi Di Indonesia,title,aman,1,9,0.1111111111111111,25,0.9030899869919435,0.10034333188799371
65,cyber security,Pentingnya Keamanan Siber Dalam Era Digital:: Tinjauan Global Dan Kondisi Di Indonesia,title,siber,1,9,0.1111111111111111,25,0.9030899869919435,0.10034333188799371
65,cyber security,Pentingnya Keamanan Siber Dalam Era Digital:: Tinjauan Global Dan Kondisi Di Indonesia,title,era,1,9,0.1111111111111111,7,1.4559319556497243,0.1617702172944138
65,cyber security,Pentingnya Keamanan Siber Dalam Era Digital:: Tinjauan Global Dan Kondisi Di Indonesia,title,digital,1,9,0.1111111111111111,11,1.2596373105057561,0.13995970116730622
65,cyber security,Pentingnya Keamanan Siber Dalam Era Digital:: Tinjauan Global Dan Kondisi Di Indonesia,title,tinjau,1,9,0.1111111111111111,5,1.6020599913279623,0.17800666570310691
65,cyber security,Pentingnya Keamanan Siber Dalam Era Digital:: Tinjauan Global Dan Kondisi Di Indonesia,title,global,1,9,0.1111111111111111,4,1.6989700043360187,0.1887744449262243
65,cyber security,Pentingnya Keamanan Siber Dalam Era Digital:: Tinjauan Global Dan Kondisi Di Indonesia,title,kondisi,1,9,0.1111111111111111,2,2.0,0.2222222222222222
65,cyber security,Pentingnya Keamanan Siber Dalam Era Digital:: Tinjauan Global Dan Kondisi Di Indonesia,title,indonesia,1,9,0.1111111111111111,19,1.0222763947111522,0.1135862660790169
65,cyber security,Pentingnya Keamanan Siber Dalam Era Digital:: Tinjauan Global Dan Kondisi Di Indonesia,abstract,sistem,1,15,0.06666666666666667,16,1.0969100130080565,0.0731273342005371
65,cyber security,Pentingnya Keamanan Siber Dalam Era Digital:: Tinjauan Global Dan Kondisi Di Indonesia,abstract,aman,3,15,0.2,25,0.9030899869919435,0.1806179973983887
65,cyber security,Pentingnya Keamanan Siber Dalam Era Digital:: Tinjauan Global Dan Kondisi Di Indonesia,abstract,siber,2,15,0.13333333333333333,25,0.9030899869919435,0.12041199826559247
65,cyber security,Pentingnya Keamanan Siber Dalam Era Digital:: Tinjauan Global Dan Kondisi Di Indonesia,abstract,dampak,1,15,0.06666666666666667,2,2.0,0.13333333333333333
65,cyber security,Pentingnya Keamanan Siber Dalam Era Digital:: Tinjauan Global Dan Kondisi Di Indonesia,abstract,besar,1,15,0.06666666666666667,1,2.3010299956639813,0.15340199971093207
65,cyber security,Pentingnya Keamanan Siber Dalam Era Digital:: Tinjauan Global Dan Kondisi Di Indonesia,abstract,data,1,15,0.06666666666666667,27,0.8696662315049939,0.05797774876699959
65,cyber security,Pentingnya Keamanan Siber Dalam Era Digital:: Tinjauan Global Dan Kondisi Di Indonesia,abstract,strategis,1,15,0.06666666666666667,2,2.0,0.13333333333333333
65,cyber security,Pentingnya Keamanan Siber Dalam Era Digital:: Tinjauan Global Dan Kondisi Di Indonesia,abstract,negara,1,15,0.06666666666666667,2,2.0,0.13333333333333333
65,cyber security,Pentingnya Keamanan Siber Dalam Era Digital:: Tinjauan Global Dan Kondisi Di Indonesia,abstract,teliti,1,15,0.06666666666666667,22,0.958607314841775,0.063907154322785
65,cyber security,Pentingnya Keamanan Siber Dalam Era Digital:: Tinjauan Global Dan Kondisi Di Indonesia,abstract,tuju,1,15,0.06666666666666667,12,1.2218487496163564,0.0814565833077571
65,cyber security,Pentingnya Keamanan Siber Dalam Era Digital:: Tinjauan Global Dan Kondisi Di Indonesia,abstract,analis,1,15,0.06666666666666667,5,1.6020599913279623,0.10680399942186415
65,cyber security,Pentingnya Keamanan Siber Dalam Era Digital:: Tinjauan Global Dan Kondisi Di Indonesia,abstract,penting,1,15,0.06666666666666667,7,1.4559319556497243,0.09706213037664829
66,cyber security,Analisis Keamanan Siber Dan Hukum Dari Perspektif Gender Dan Filsafat Politik Alison M. Jaggar,title,analisis,1,10,0.1,17,1.0705810742857074,0.10705810742857075
66,cyber security,Analisis Keamanan Siber Dan Hukum Dari Perspektif Gender Dan Filsafat Politik Alison M. Jaggar,title,aman,1,10,0.1,25,0.9030899869919435,0.09030899869919436
66,cyber security,Analisis Keamanan Siber Dan Hukum Dari Perspektif Gender Dan Filsafat Politik Alison M. Jaggar,title,siber,1,10,0.1,25,0.9030899869919435,0.09030899869919436
66,cyber security,Analisis Keamanan Siber Dan Hukum Dari Perspektif Gender Dan Filsafat Politik Alison M. Jaggar,title,hukum,1,10,0.1,3,1.8239087409443189,0.1823908740944319
66,cyber security,Analisis Keamanan Siber Dan Hukum Dari Perspektif Gender Dan Filsafat Politik Alison M. Jaggar,title,perspektif,1,10,0.1,2,2.0,0.2
66,cyber security,Analisis Keamanan Siber Dan Hukum Dari Perspektif Gender Dan Filsafat Politik Alison M. Jaggar,title,gender,1,10,0.1,1,2.3010299956639813,0.23010299956639813
66,cyber security,Analisis Keamanan Siber Dan Hukum Dari Perspektif Gender Dan Filsafat Politik Alison M. Jaggar,title,filsafat,1,10,0.1,1,2.3010299956639813,0.23010299956639813
66,cyber security,Analisis Keamanan Siber Dan Hukum Dari Perspektif Gender Dan Filsafat Politik Alison M. Jaggar,title,politik,1,10,0.1,2,2.0,0.2
66,cyber security,Analisis Keamanan Siber Dan Hukum Dari Perspektif Gender Dan Filsafat Politik Alison M. Jaggar,title,alison,1,10,0.1,1,2.3010299956639813,0.23010299956639813
66,cyber security,Analisis Keamanan Siber Dan Hukum Dari Perspektif Gender Dan Filsafat Politik Alison M. Jaggar,title,jaggar,1,10,0.1,1,2.3010299956639813,0.23010299956639813
66,cyber security,Analisis Keamanan Siber Dan Hukum Dari Perspektif Gender Dan Filsafat Politik Alison M. Jaggar,abstract,aman,3,17,0.17647058823529413,25,0.9030899869919435,0.1593688212338724
66,cyber security,Analisis Keamanan Siber Dan Hukum Dari Perspektif Gender Dan Filsafat Politik Alison M. Jaggar,abstract,siber,3,17,0.17647058823529413,25,0.9030899869919435,0.1593688212338724
66,cyber security,Analisis Keamanan Siber Dan Hukum Dari Perspektif Gender Dan Filsafat Politik Alison M. Jaggar,abstract,hukum,1,17,0.058823529411764705,3,1.8239087409443189,0.10728874946731287
66,cyber security,Analisis Keamanan Siber Dan Hukum Dari Perspektif Gender Dan Filsafat Politik Alison M. Jaggar,abstract,bebas,1,17,0.058823529411764705,1,2.3010299956639813,0.13535470562729301
66,cyber security,Analisis Keamanan Siber Dan Hukum Dari Perspektif Gender Dan Filsafat Politik Alison M. Jaggar,abstract,saya,1,17,0.058823529411764705,1,2.3010299956639813,0.13535470562729301
66,cyber security,Analisis Keamanan Siber Dan Hukum Dari Perspektif Gender Dan Filsafat Politik Alison M. Jaggar,abstract,aju,1,17,0.058823529411764705,2,2.0,0.11764705882352941
66,cyber security,Analisis Keamanan Siber Dan Hukum Dari Perspektif Gender Dan Filsafat Politik Alison M. Jaggar,abstract,tanya,1,17,0.058823529411764705,1,2.3010299956639813,0.13535470562729301
66,cyber security,Analisis Keamanan Siber Dan Hukum Dari Perspektif Gender Dan Filsafat Politik Alison M. Jaggar,abstract,apakah,1,17,0.058823529411764705,1,2.3010299956639813,0.13535470562729301
66,cyber security,Analisis Keamanan Siber Dan Hukum Dari Perspektif Gender Dan Filsafat Politik Alison M. Jaggar,abstract,rumus,1,17,0.058823529411764705,1,2.3010299956639813,0.13535470562729301
66,cyber security,Analisis Keamanan Siber Dan Hukum Dari Perspektif Gender Dan Filsafat Politik Alison M. Jaggar,abstract,artikel,1,17,0.058823529411764705,3,1.8239087409443189,0.10728874946731287
66,cyber security,Analisis Keamanan Siber Dan Hukum Dari Perspektif Gender Dan Filsafat Politik Alison M. Jaggar,abstract,coba,1,17,0.058823529411764705,1,2.3010299956639813,0.13535470562729301
66,cyber security,Analisis Keamanan Siber Dan Hukum Dari Perspektif Gender Dan Filsafat Politik Alison M. Jaggar,abstract,analis,1,17,0.058823529411764705,5,1.6020599913279623,0.0942388230192919
66,cyber security,Analisis Keamanan Siber Dan Hukum Dari Perspektif Gender Dan Filsafat Politik Alison M. Jaggar,abstract,juang,1,17,0.058823529411764705,1,2.3010299956639813,0.13535470562729301
67,cyber security,Optimalisasi penanggulangan kebocoran data melalui regulatory blockchain guna mewujudkan keamanan siber di Indonesia,title,optimalisasi,1,12,0.08333333333333333,1,2.3010299956639813,0.19175249963866509
67,cyber security,Optimalisasi penanggulangan kebocoran data melalui regulatory blockchain guna mewujudkan keamanan siber di Indonesia,title,tanggulang,1,12,0.08333333333333333,2,2.0,0.16666666666666666
67,cyber security,Optimalisasi penanggulangan kebocoran data melalui regulatory blockchain guna mewujudkan keamanan siber di Indonesia,title,bocor,1,12,0.08333333333333333,1,2.3010299956639813,0.19175249963866509
67,cyber security,Optimalisasi penanggulangan kebocoran data melalui regulatory blockchain guna mewujudkan keamanan siber di Indonesia,title,data,1,12,0.08333333333333333,27,0.8696662315049939,0.07247218595874949
67,cyber security,Optimalisasi penanggulangan kebocoran data melalui regulatory blockchain guna mewujudkan keamanan siber di Indonesia,title,lalu,1,12,0.08333333333333333,8,1.3979400086720377,0.1164950007226698
67,cyber security,Optimalisasi penanggulangan kebocoran data melalui regulatory blockchain guna mewujudkan keamanan siber di Indonesia,title,regulatory,1,12,0.08333333333333333,1,2.3010299956639813,0.19175249963866509
67,cyber security,Optimalisasi penanggulangan kebocoran data melalui regulatory blockchain guna mewujudkan keamanan siber di Indonesia,title,blockchain,1,12,0.08333333333333333,2,2.0,0.16666666666666666
67,cyber security,Optimalisasi penanggulangan kebocoran data melalui regulatory blockchain guna mewujudkan keamanan siber di Indonesia,title,guna,1,12,0.08333333333333333,46,0.638272163982407,0.05318934699853392
67,cyber security,Optimalisasi penanggulangan kebocoran data melalui regulatory blockchain guna mewujudkan keamanan siber di Indonesia,title,wujud,1,12,0.08333333333333333,1,2.3010299956639813,0.19175249963866509
67,cyber security,Optimalisasi penanggulangan kebocoran data melalui regulatory blockchain guna mewujudkan keamanan siber di Indonesia,title,aman,1,12,0.08333333333333333,25,0.9030899869919435,0.07525749891599529
67,cyber security,Optimalisasi penanggulangan kebocoran data melalui regulatory blockchain guna mewujudkan keamanan siber di Indonesia,title,siber,1,12,0.08333333333333333,25,0.9030899869919435,0.07525749891599529
67,cyber security,Optimalisasi penanggulangan kebocoran data melalui regulatory blockchain guna mewujudkan keamanan siber di Indonesia,title,indonesia,1,12,0.08333333333333333,19,1.0222763947111522,0.08518969955926267
67,cyber security,Optimalisasi penanggulangan kebocoran data melalui regulatory blockchain guna mewujudkan keamanan siber di Indonesia,abstract,salah,1,17,0.058823529411764705,5,1.6020599913279623,0.0942388230192919
67,cyber security,Optimalisasi penanggulangan kebocoran data melalui regulatory blockchain guna mewujudkan keamanan siber di Indonesia,abstract,satu,1,17,0.058823529411764705,6,1.5228787452803376,0.08958110266354927
67,cyber security,Optimalisasi penanggulangan kebocoran data melalui regulatory blockchain guna mewujudkan keamanan siber di Indonesia,abstract,sistem,2,17,0.11764705882352941,16,1.0969100130080565,0.12904823682447722
67,cyber security,Optimalisasi penanggulangan kebocoran data melalui regulatory blockchain guna mewujudkan keamanan siber di Indonesia,abstract,aman,3,17,0.17647058823529413,25,0.9030899869919435,0.1593688212338724
67,cyber security,Optimalisasi penanggulangan kebocoran data melalui regulatory blockchain guna mewujudkan keamanan siber di Indonesia,abstract,siber,3,17,0.17647058823529413,25,0.9030899869919435,0.1593688212338724
67,cyber security,Optimalisasi penanggulangan kebocoran data melalui regulatory blockchain guna mewujudkan keamanan siber di Indonesia,abstract,atur,1,17,0.058823529411764705,2,2.0,0.11764705882352941
67,cyber security,Optimalisasi penanggulangan kebocoran data melalui regulatory blockchain guna mewujudkan keamanan siber di Indonesia,abstract,bantu,1,17,0.058823529411764705,3,1.8239087409443189,0.10728874946731287
67,cyber security,Optimalisasi penanggulangan kebocoran data melalui regulatory blockchain guna mewujudkan keamanan siber di Indonesia,abstract,wujud,1,17,0.058823529411764705,1,2.3010299956639813,0.13535470562729301
67,cyber security,Optimalisasi penanggulangan kebocoran data melalui regulatory blockchain guna mewujudkan keamanan siber di Indonesia,abstract,tega,1,17,0.058823529411764705,2,2.0,0.11764705882352941
67,cyber security,Optimalisasi penanggulangan kebocoran data melalui regulatory blockchain guna mewujudkan keamanan siber di Indonesia,abstract,indonesia,2,17,0.11764705882352941,19,1.0222763947111522,0.1202678111424885
67,cyber security,Optimalisasi penanggulangan kebocoran data melalui regulatory blockchain guna mewujudkan keamanan siber di Indonesia,abstract,masih,1,17,0.058823529411764705,2,2.0,0.11764705882352941
68,cyber security,Keamanan siber sebagai fondasi pengembangan aplikasi keuangan mobile: Studi literatur mengenai cybercrime dan mitigasinya,title,aman,1,12,0.08333333333333333,25,0.9030899869919435,0.07525749891599529
68,cyber security,Keamanan siber sebagai fondasi pengembangan aplikasi keuangan mobile: Studi literatur mengenai cybercrime dan mitigasinya,title,siber,1,12,0.08333333333333333,25,0.9030899869919435,0.07525749891599529
68,cyber security,Keamanan siber sebagai fondasi pengembangan aplikasi keuangan mobile: Studi literatur mengenai cybercrime dan mitigasinya,title,fondasi,1,12,0.08333333333333333,1,2.3010299956639813,0.19175249963866509
68,cyber security,Keamanan siber sebagai fondasi pengembangan aplikasi keuangan mobile: Studi literatur mengenai cybercrime dan mitigasinya,title,kembang,1,12,0.08333333333333333,17,1.0705810742857074,0.08921508952380894
68,cyber security,Keamanan siber sebagai fondasi pengembangan aplikasi keuangan mobile: Studi literatur mengenai cybercrime dan mitigasinya,title,aplikasi,1,12,0.08333333333333333,54,0.5686362358410126,0.04738635298675105
68,cyber security,Keamanan siber sebagai fondasi pengembangan aplikasi keuangan mobile: Studi literatur mengenai cybercrime dan mitigasinya,title,uang,1,12,0.08333333333333333,4,1.6989700043360187,0.14158083369466823
68,cyber security,Keamanan siber sebagai fondasi pengembangan aplikasi keuangan mobile: Studi literatur mengenai cybercrime dan mitigasinya,title,mobile,1,12,0.08333333333333333,54,0.5686362358410126,0.04738635298675105
68,cyber security,Keamanan siber sebagai fondasi pengembangan aplikasi keuangan mobile: Studi literatur mengenai cybercrime dan mitigasinya,title,studi,1,12,0.08333333333333333,8,1.3979400086720377,0.1164950007226698
68,cyber security,Keamanan siber sebagai fondasi pengembangan aplikasi keuangan mobile: Studi literatur mengenai cybercrime dan mitigasinya,title,literatur,1,12,0.08333333333333333,4,1.6989700043360187,0.14158083369466823
68,cyber security,Keamanan siber sebagai fondasi pengembangan aplikasi keuangan mobile: Studi literatur mengenai cybercrime dan mitigasinya,title,kena,1,12,0.08333333333333333,2,2.0,0.16666666666666666
68,cyber security,Keamanan siber sebagai fondasi pengembangan aplikasi keuangan mobile: Studi literatur mengenai cybercrime dan mitigasinya,title,cybercrime,1,12,0.08333333333333333,2,2.0,0.16666666666666666
68,cyber security,Keamanan siber sebagai fondasi pengembangan aplikasi keuangan mobile: Studi literatur mengenai cybercrime dan mitigasinya,title,mitigasinya,1,12,0.08333333333333333,1,2.3010299956639813,0.19175249963866509
68,cyber security,Keamanan siber sebagai fondasi pengembangan aplikasi keuangan mobile: Studi literatur mengenai cybercrime dan mitigasinya,abstract,teliti,1,17,0.058823529411764705,22,0.958607314841775,0.05638866557892794
68,cyber security,Keamanan siber sebagai fondasi pengembangan aplikasi keuangan mobile: Studi literatur mengenai cybercrime dan mitigasinya,abstract,kaji,1,17,0.058823529411764705,3,1.8239087409443189,0.10728874946731287
68,cyber security,Keamanan siber sebagai fondasi pengembangan aplikasi keuangan mobile: Studi literatur mengenai cybercrime dan mitigasinya,abstract,penting,2,17,0.11764705882352941,7,1.4559319556497243,0.17128611242937933
68,cyber security,Keamanan siber sebagai fondasi pengembangan aplikasi keuangan mobile: Studi literatur mengenai cybercrime dan mitigasinya,abstract,aman,3,17,0.17647058823529413,25,0.9030899869919435,0.1593688212338724
68,cyber security,Keamanan siber sebagai fondasi pengembangan aplikasi keuangan mobile: Studi literatur mengenai cybercrime dan mitigasinya,abstract,siber,2,17,0.11764705882352941,25,0.9030899869919435,0.10624588082258159
68,cyber security,Keamanan siber sebagai fondasi pengembangan aplikasi keuangan mobile: Studi literatur mengenai cybercrime dan mitigasinya,abstract,tentang,1,17,0.058823529411764705,5,1.6020599913279623,0.0942388230192919
68,cyber security,Keamanan siber sebagai fondasi pengembangan aplikasi keuangan mobile: Studi literatur mengenai cybercrime dan mitigasinya,abstract,aplikasi,1,17,0.058823529411764705,54,0.5686362358410126,0.03344919034358898
68,cyber security,Keamanan siber sebagai fondasi pengembangan aplikasi keuangan mobile: Studi literatur mengenai cybercrime dan mitigasinya,abstract,seperti,1,17,0.058823529411764705,5,1.6020599913279623,0.0942388230192919
68,cyber security,Keamanan siber sebagai fondasi pengembangan aplikasi keuangan mobile: Studi literatur mengenai cybercrime dan mitigasinya,abstract,lemah,1,17,0.058823529411764705,1,2.3010299956639813,0.13535470562729301
68,cyber security,Keamanan siber sebagai fondasi pengembangan aplikasi keuangan mobile: Studi literatur mengenai cybercrime dan mitigasinya,abstract,sistem,2,17,0.11764705882352941,16,1.0969100130080565,0.12904823682447722
68,cyber security,Keamanan siber sebagai fondasi pengembangan aplikasi keuangan mobile: Studi literatur mengenai cybercrime dan mitigasinya,abstract,kurang,1,17,0.058823529411764705,4,1.6989700043360187,0.0999394120197658
68,cyber security,Keamanan siber sebagai fondasi pengembangan aplikasi keuangan mobile: Studi literatur mengenai cybercrime dan mitigasinya,abstract,baru,1,17,0.058823529411764705,1,2.3010299956639813,0.13535470562729301
69,cyber security,Transformasi digital dan keamanan siber: Upaya penanggulangan kejahatan di era teknologi di Indonesia,title,transformasi,1,10,0.1,2,2.0,0.2
69,cyber security,Transformasi digital dan keamanan siber: Upaya penanggulangan kejahatan di era teknologi di Indonesia,title,digital,1,10,0.1,11,1.2596373105057561,0.12596373105057562
69,cyber security,Transformasi digital dan keamanan siber: Upaya penanggulangan kejahatan di era teknologi di Indonesia,title,aman,1,10,0.1,25,0.9030899869919435,0.09030899869919436
69,cyber security,Transformasi digital dan keamanan siber: Upaya penanggulangan kejahatan di era teknologi di Indonesia,title,siber,1,10,0.1,25,0.9030899869919435,0.09030899869919436
69,cyber security,Transformasi digital dan keamanan siber: Upaya penanggulangan kejahatan di era teknologi di Indonesia,title,upaya,1,10,0.1,4,1.6989700043360187,0.1698970004336019
69,cyber security,Transformasi digital dan keamanan siber: Upaya penanggulangan kejahatan di era teknologi di Indonesia,title,tanggulang,1,10,0.1,2,2.0,0.2
69,cyber security,Transformasi digital dan keamanan siber: Upaya penanggulangan kejahatan di era teknologi di Indonesia,title,jahat,1,10,0.1,3,1.8239087409443189,0.1823908740944319
69,cyber security,Transformasi digital dan keamanan siber: Upaya penanggulangan kejahatan di era teknologi di Indonesia,title,era,1,10,0.1,7,1.4559319556497243,0.14559319556497244
69,cyber security,Transformasi digital dan keamanan siber: Upaya penanggulangan kejahatan di era teknologi di Indonesia,title,teknologi,1,10,0.1,9,1.3467874862246563,0.13467874862246562
69,cyber security,Transformasi digital dan keamanan siber: Upaya penanggulangan kejahatan di era teknologi di Indonesia,title,indonesia,1,10,0.1,19,1.0222763947111522,0.10222763947111523
69,cyber security,Transformasi digital dan keamanan siber: Upaya penanggulangan kejahatan di era teknologi di Indonesia,abstract,tanggulang,1,16,0.0625,2,2.0,0.125
69,cyber security,Transformasi digital dan keamanan siber: Upaya penanggulangan kejahatan di era teknologi di Indonesia,abstract,jahat,1,16,0.0625,3,1.8239087409443189,0.11399429630901993
69,cyber security,Transformasi digital dan keamanan siber: Upaya penanggulangan kejahatan di era teknologi di Indonesia,abstract,siber,3,16,0.1875,25,0.9030899869919435,0.1693293725609894
69,cyber security,Transformasi digital dan keamanan siber: Upaya penanggulangan kejahatan di era teknologi di Indonesia,abstract,implementasi,1,16,0.0625,7,1.4559319556497243,0.09099574722810777
69,cyber security,Transformasi digital dan keamanan siber: Upaya penanggulangan kejahatan di era teknologi di Indonesia,abstract,strategi,1,16,0.0625,4,1.6989700043360187,0.10618562527100117
69,cyber security,Transformasi digital dan keamanan siber: Upaya penanggulangan kejahatan di era teknologi di Indonesia,abstract,terap,2,16,0.125,30,0.8239087409443188,0.10298859261803985
69,cyber security,Transformasi digital dan keamanan siber: Upaya penanggulangan kejahatan di era teknologi di Indonesia,abstract,cakup,1,16,0.0625,3,1.8239087409443189,0.11399429630901993
69,cyber security,Transformasi digital dan keamanan siber: Upaya penanggulangan kejahatan di era teknologi di Indonesia,abstract,tingkat,1,16,0.0625,17,1.0705810742857074,0.06691131714285671
69,cyber security,Transformasi digital dan keamanan siber: Upaya penanggulangan kejahatan di era teknologi di Indonesia,abstract,didik,1,16,0.0625,4,1.6989700043360187,0.10618562527100117
69,cyber security,Transformasi digital dan keamanan siber: Upaya penanggulangan kejahatan di era teknologi di Indonesia,abstract,tentang,1,16,0.0625,5,1.6020599913279623,0.10012874945799764
69,cyber security,Transformasi digital dan keamanan siber: Upaya penanggulangan kejahatan di era teknologi di Indonesia,abstract,aman,2,16,0.125,25,0.9030899869919435,0.11288624837399294
69,cyber security,Transformasi digital dan keamanan siber: Upaya penanggulangan kejahatan di era teknologi di Indonesia,abstract,teknologi,1,16,0.0625,9,1.3467874862246563,0.08417421788904102
70,cyber security,Analisis Keamanan Siber Pada Platform Pendidikan Islam Berbasis Mobile Apps,title,analisis,1,9,0.1111111111111111,17,1.0705810742857074,0.11895345269841193
70,cyber security,Analisis Keamanan Siber Pada Platform Pendidikan Islam Berbasis Mobile Apps,title,aman,1,9,0.1111111111111111,25,0.9030899869919435,0.10034333188799371
70,cyber security,Analisis Keamanan Siber Pada Platform Pendidikan Islam Berbasis Mobile Apps,title,siber,1,9,0.1111111111111111,25,0.9030899869919435,0.10034333188799371
70,cyber security,Analisis Keamanan Siber Pada Platform Pendidikan Islam Berbasis Mobile Apps,title,platform,1,9,0.1111111111111111,3,1.8239087409443189,0.20265652677159096
70,cyber security,Analisis Keamanan Siber Pada Platform Pendidikan Islam Berbasis Mobile Apps,title,didik,1,9,0.1111111111111111,4,1.6989700043360187,0.1887744449262243
70,cyber security,Analisis Keamanan Siber Pada Platform Pendidikan Islam Berbasis Mobile Apps,title,islam,1,9,0.1111111111111111,1,2.3010299956639813,0.2556699995182201
70,cyber security,Analisis Keamanan Siber Pada Platform Pendidikan Islam Berbasis Mobile Apps,title,bas,1,9,0.1111111111111111,28,0.853871964321762,0.094874662702418
70,cyber security,Analisis Keamanan Siber Pada Platform Pendidikan Islam Berbasis Mobile Apps,title,mobile,1,9,0.1111111111111111,54,0.5686362358410126,0.06318180398233474
70,cyber security,Analisis Keamanan Siber Pada Platform Pendidikan Islam Berbasis Mobile Apps,title,apps,1,9,0.1111111111111111,19,1.0222763947111522,0.1135862660790169
70,cyber security,Analisis Keamanan Siber Pada Platform Pendidikan Islam Berbasis Mobile Apps,abstract,bentuk,1,19,0.05263157894736842,3,1.8239087409443189,0.09599519689180624
70,cyber security,Analisis Keamanan Siber Pada Platform Pendidikan Islam Berbasis Mobile Apps,abstract,ancam,1,19,0.05263157894736842,5,1.6020599913279623,0.08431894691199801
70,cyber security,Analisis Keamanan Siber Pada Platform Pendidikan Islam Berbasis Mobile Apps,abstract,aman,3,19,0.15789473684210525,25,0.9030899869919435,0.14259315584083318
70,cyber security,Analisis Keamanan Siber Pada Platform Pendidikan Islam Berbasis Mobile Apps,abstract,siber,2,19,0.10526315789473684,25,0.9030899869919435,0.09506210389388879
70,cyber security,Analisis Keamanan Siber Pada Platform Pendidikan Islam Berbasis Mobile Apps,abstract,meta,1,19,0.05263157894736842,2,2.0,0.10526315789473684
70,cyber security,Analisis Keamanan Siber Pada Platform Pendidikan Islam Berbasis Mobile Apps,abstract,rentan,1,19,0.05263157894736842,3,1.8239087409443189,0.09599519689180624
70,cyber security,Analisis Keamanan Siber Pada Platform Pendidikan Islam Berbasis Mobile Apps,abstract,rekomendasi,1,19,0.05263157894736842,3,1.8239087409443189,0.09599519689180624
70,cyber security,Analisis Keamanan Siber Pada Platform Pendidikan Islam Berbasis Mobile Apps,abstract,kuat,1,19,0.05263157894736842,4,1.6989700043360187,0.08941947391242204
70,cyber security,Analisis Keamanan Siber Pada Platform Pendidikan Islam Berbasis Mobile Apps,abstract,dasar,1,19,0.05263157894736842,7,1.4559319556497243,0.07662799766577497
70,cyber security,Analisis Keamanan Siber Pada Platform Pendidikan Islam Berbasis Mobile Apps,abstract,temu,1,19,0.05263157894736842,1,2.3010299956639813,0.12110684187705163
70,cyber security,Analisis Keamanan Siber Pada Platform Pendidikan Islam Berbasis Mobile Apps,abstract,lalu,1,19,0.05263157894736842,8,1.3979400086720377,0.07357578993010724
70,cyber security,Analisis Keamanan Siber Pada Platform Pendidikan Islam Berbasis Mobile Apps,abstract,telaah,1,19,0.05263157894736842,1,2.3010299956639813,0.12110684187705163
70,cyber security,Analisis Keamanan Siber Pada Platform Pendidikan Islam Berbasis Mobile Apps,abstract,jurnal,1,19,0.05263157894736842,3,1.8239087409443189,0.09599519689180624
70,cyber security,Analisis Keamanan Siber Pada Platform Pendidikan Islam Berbasis Mobile Apps,abstract,lapor,1,19,0.05263157894736842,3,1.8239087409443189,0.09599519689180624
70,cyber security,Analisis Keamanan Siber Pada Platform Pendidikan Islam Berbasis Mobile Apps,abstract,regulasi,1,19,0.05263157894736842,4,1.6989700043360187,0.08941947391242204
70,cyber security,Analisis Keamanan Siber Pada Platform Pendidikan Islam Berbasis Mobile Apps,abstract,kait,1,19,0.05263157894736842,3,1.8239087409443189,0.09599519689180624
71,cyber security,Mengukur Keamanan Siber Indonesia Melalui Indikator Pilar Kerjasama Dalam Global Cybersecurity Index (GCI),title,ukur,1,12,0.08333333333333333,3,1.8239087409443189,0.15199239507869322
71,cyber security,Mengukur Keamanan Siber Indonesia Melalui Indikator Pilar Kerjasama Dalam Global Cybersecurity Index (GCI),title,aman,1,12,0.08333333333333333,25,0.9030899869919435,0.07525749891599529
71,cyber security,Mengukur Keamanan Siber Indonesia Melalui Indikator Pilar Kerjasama Dalam Global Cybersecurity Index (GCI),title,siber,1,12,0.08333333333333333,25,0.9030899869919435,0.07525749891599529
71,cyber security,Mengukur Keamanan Siber Indonesia Melalui Indikator Pilar Kerjasama Dalam Global Cybersecurity Index (GCI),title,indonesia,1,12,0.08333333333333333,19,1.0222763947111522,0.08518969955926267
71,cyber security,Mengukur Keamanan Siber Indonesia Melalui Indikator Pilar Kerjasama Dalam Global Cybersecurity Index (GCI),title,lalu,1,12,0.08333333333333333,8,1.3979400086720377,0.1164950007226698
71,cyber security,Mengukur Keamanan Siber Indonesia Melalui Indikator Pilar Kerjasama Dalam Global Cybersecurity Index (GCI),title,indikator,1,12,0.08333333333333333,1,2.3010299956639813,0.19175249963866509
71,cyber security,Mengukur Keamanan Siber Indonesia Melalui Indikator Pilar Kerjasama Dalam Global Cybersecurity Index (GCI),title,pilar,1,12,0.08333333333333333,1,2.3010299956639813,0.19175249963866509
71,cyber security,Mengukur Keamanan Siber Indonesia Melalui Indikator Pilar Kerjasama Dalam Global Cybersecurity Index (GCI),title,kerjasama,1,12,0.08333333333333333,1,2.3010299956639813,0.19175249963866509
71,cyber security,Mengukur Keamanan Siber Indonesia Melalui Indikator Pilar Kerjasama Dalam Global Cybersecurity Index (GCI),title,global,1,12,0.08333333333333333,4,1.6989700043360187,0.14158083369466823
71,cyber security,Mengukur Keamanan Siber Indonesia Melalui Indikator Pilar Kerjasama Dalam Global Cybersecurity Index (GCI),title,cybersecurity,1,12,0.08333333333333333,10,1.3010299956639813,0.10841916630533177
71,cyber security,Mengukur Keamanan Siber Indonesia Melalui Indikator Pilar Kerjasama Dalam Global Cybersecurity Index (GCI),title,index,1,12,0.08333333333333333,1,2.3010299956639813,0.19175249963866509
71,cyber security,Mengukur Keamanan Siber Indonesia Melalui Indikator Pilar Kerjasama Dalam Global Cybersecurity Index (GCI),title,gci,1,12,0.08333333333333333,1,2.3010299956639813,0.19175249963866509
71,cyber security,Mengukur Keamanan Siber Indonesia Melalui Indikator Pilar Kerjasama Dalam Global Cybersecurity Index (GCI),abstract,siber,6,17,0.35294117647058826,25,0.9030899869919435,0.3187376424677448
71,cyber security,Mengukur Keamanan Siber Indonesia Melalui Indikator Pilar Kerjasama Dalam Global Cybersecurity Index (GCI),abstract,aman,3,17,0.17647058823529413,25,0.9030899869919435,0.1593688212338724
71,cyber security,Mengukur Keamanan Siber Indonesia Melalui Indikator Pilar Kerjasama Dalam Global Cybersecurity Index (GCI),abstract,hubung,1,17,0.058823529411764705,3,1.8239087409443189,0.10728874946731287
71,cyber security,Mengukur Keamanan Siber Indonesia Melalui Indikator Pilar Kerjasama Dalam Global Cybersecurity Index (GCI),abstract,domain,1,17,0.058823529411764705,2,2.0,0.11764705882352941
71,cyber security,Mengukur Keamanan Siber Indonesia Melalui Indikator Pilar Kerjasama Dalam Global Cybersecurity Index (GCI),abstract,satu,1,17,0.058823529411764705,6,1.5228787452803376,0.08958110266354927
71,cyber security,Mengukur Keamanan Siber Indonesia Melalui Indikator Pilar Kerjasama Dalam Global Cybersecurity Index (GCI),abstract,lain,1,17,0.058823529411764705,3,1.8239087409443189,0.10728874946731287
71,cyber security,Mengukur Keamanan Siber Indonesia Melalui Indikator Pilar Kerjasama Dalam Global Cybersecurity Index (GCI),abstract,buat,1,17,0.058823529411764705,18,1.045757490560675,0.06151514650356912
71,cyber security,Mengukur Keamanan Siber Indonesia Melalui Indikator Pilar Kerjasama Dalam Global Cybersecurity Index (GCI),abstract,ruang,2,17,0.11764705882352941,3,1.8239087409443189,0.21457749893462574
71,cyber security,Mengukur Keamanan Siber Indonesia Melalui Indikator Pilar Kerjasama Dalam Global Cybersecurity Index (GCI),abstract,eksistensi,1,17,0.058823529411764705,1,2.3010299956639813,0.13535470562729301
72,cyber security,Analisis dan peningkatan keamanan cyber: Studi kasus ancaman dan solusi dalam lingkungan digital untuk mengamankan objek vital dan file,title,analisis,1,14,0.07142857142857142,17,1.0705810742857074,0.07647007673469337
72,cyber security,Analisis dan peningkatan keamanan cyber: Studi kasus ancaman dan solusi dalam lingkungan digital untuk mengamankan objek vital dan file,title,tingkat,1,14,0.07142857142857142,17,1.0705810742857074,0.07647007673469337
72,cyber security,Analisis dan peningkatan keamanan cyber: Studi kasus ancaman dan solusi dalam lingkungan digital untuk mengamankan objek vital dan file,title,aman,2,14,0.14285714285714285,25,0.9030899869919435,0.12901285528456335
72,cyber security,Analisis dan peningkatan keamanan cyber: Studi kasus ancaman dan solusi dalam lingkungan digital untuk mengamankan objek vital dan file,title,cyber,1,14,0.07142857142857142,29,0.8386319977650251,0.05990228555464464
72,cyber security,Analisis dan peningkatan keamanan cyber: Studi kasus ancaman dan solusi dalam lingkungan digital untuk mengamankan objek vital dan file,title,studi,1,14,0.07142857142857142,8,1.3979400086720377,0.0998528577622884
72,cyber security,Analisis dan peningkatan keamanan cyber: Studi kasus ancaman dan solusi dalam lingkungan digital untuk mengamankan objek vital dan file,title,kasus,1,14,0.07142857142857142,8,1.3979400086720377,0.0998528577622884
72,cyber security,Analisis dan peningkatan keamanan cyber: Studi kasus ancaman dan solusi dalam lingkungan digital untuk mengamankan objek vital dan file,title,ancam,1,14,0.07142857142857142,5,1.6020599913279623,0.11443285652342587
72,cyber security,Analisis dan peningkatan keamanan cyber: Studi kasus ancaman dan solusi dalam lingkungan digital untuk mengamankan objek vital dan file,title,solusi,1,14,0.07142857142857142,3,1.8239087409443189,0.13027919578173705
72,cyber security,Analisis dan peningkatan keamanan cyber: Studi kasus ancaman dan solusi dalam lingkungan digital untuk mengamankan objek vital dan file,title,lingkung,1,14,0.07142857142857142,1,2.3010299956639813,0.1643592854045701
72,cyber security,Analisis dan peningkatan keamanan cyber: Studi kasus ancaman dan solusi dalam lingkungan digital untuk mengamankan objek vital dan file,title,digital,1,14,0.07142857142857142,11,1.2596373105057561,0.089974093607554
72,cyber security,Analisis dan peningkatan keamanan cyber: Studi kasus ancaman dan solusi dalam lingkungan digital untuk mengamankan objek vital dan file,title,objek,1,14,0.07142857142857142,2,2.0,0.14285714285714285
72,cyber security,Analisis dan peningkatan keamanan cyber: Studi kasus ancaman dan solusi dalam lingkungan digital untuk mengamankan objek vital dan file,title,vital,1,14,0.07142857142857142,3,1.8239087409443189,0.13027919578173705
72,cyber security,Analisis dan peningkatan keamanan cyber: Studi kasus ancaman dan solusi dalam lingkungan digital untuk mengamankan objek vital dan file,title,file,1,14,0.07142857142857142,1,2.3010299956639813,0.1643592854045701
72,cyber security,Analisis dan peningkatan keamanan cyber: Studi kasus ancaman dan solusi dalam lingkungan digital untuk mengamankan objek vital dan file,abstract,ancam,1,17,0.058823529411764705,5,1.6020599913279623,0.0942388230192919
72,cyber security,Analisis dan peningkatan keamanan cyber: Studi kasus ancaman dan solusi dalam lingkungan digital untuk mengamankan objek vital dan file,abstract,objek,1,17,0.058823529411764705,2,2.0,0.11764705882352941
72,cyber security,Analisis dan peningkatan keamanan cyber: Studi kasus ancaman dan solusi dalam lingkungan digital untuk mengamankan objek vital dan file,abstract,vital,1,17,0.058823529411764705,3,1.8239087409443189,0.10728874946731287
72,cyber security,Analisis dan peningkatan keamanan cyber: Studi kasus ancaman dan solusi dalam lingkungan digital untuk mengamankan objek vital dan file,abstract,aman,3,17,0.17647058823529413,25,0.9030899869919435,0.1593688212338724
72,cyber security,Analisis dan peningkatan keamanan cyber: Studi kasus ancaman dan solusi dalam lingkungan digital untuk mengamankan objek vital dan file,abstract,file,1,17,0.058823529411764705,1,2.3010299956639813,0.13535470562729301
72,cyber security,Analisis dan peningkatan keamanan cyber: Studi kasus ancaman dan solusi dalam lingkungan digital untuk mengamankan objek vital dan file,abstract,kembang,1,17,0.058823529411764705,17,1.0705810742857074,0.06297535731092396
72,cyber security,Analisis dan peningkatan keamanan cyber: Studi kasus ancaman dan solusi dalam lingkungan digital untuk mengamankan objek vital dan file,abstract,pesat,1,17,0.058823529411764705,4,1.6989700043360187,0.0999394120197658
72,cyber security,Analisis dan peningkatan keamanan cyber: Studi kasus ancaman dan solusi dalam lingkungan digital untuk mengamankan objek vital dan file,abstract,jahat,1,17,0.058823529411764705,3,1.8239087409443189,0.10728874946731287
72,cyber security,Analisis dan peningkatan keamanan cyber: Studi kasus ancaman dan solusi dalam lingkungan digital untuk mengamankan objek vital dan file,abstract,dunia,1,17,0.058823529411764705,4,1.6989700043360187,0.0999394120197658
72,cyber security,Analisis dan peningkatan keamanan cyber: Studi kasus ancaman dan solusi dalam lingkungan digital untuk mengamankan objek vital dan file,abstract,maya,1,17,0.058823529411764705,1,2.3010299956639813,0.13535470562729301
72,cyber security,Analisis dan peningkatan keamanan cyber: Studi kasus ancaman dan solusi dalam lingkungan digital untuk mengamankan objek vital dan file,abstract,rentan,1,17,0.058823529411764705,3,1.8239087409443189,0.10728874946731287
72,cyber security,Analisis dan peningkatan keamanan cyber: Studi kasus ancaman dan solusi dalam lingkungan digital untuk mengamankan objek vital dan file,abstract,sistem,1,17,0.058823529411764705,16,1.0969100130080565,0.06452411841223861
72,cyber security,Analisis dan peningkatan keamanan cyber: Studi kasus ancaman dan solusi dalam lingkungan digital untuk mengamankan objek vital dan file,abstract,digital,1,17,0.058823529411764705,11,1.2596373105057561,0.07409631238269153
72,cyber security,Analisis dan peningkatan keamanan cyber: Studi kasus ancaman dan solusi dalam lingkungan digital untuk mengamankan objek vital dan file,abstract,tingkat,1,17,0.058823529411764705,17,1.0705810742857074,0.06297535731092396
72,cyber security,Analisis dan peningkatan keamanan cyber: Studi kasus ancaman dan solusi dalam lingkungan digital untuk mengamankan objek vital dan file,abstract,siber,1,17,0.058823529411764705,25,0.9030899869919435,0.053122940411290794
73,cyber security,Serangan cyber dan kesiapan keamanan cyber terhadap bank indonesia,title,serang,1,7,0.14285714285714285,5,1.6020599913279623,0.22886571304685174
73,cyber security,Serangan cyber dan kesiapan keamanan cyber terhadap bank indonesia,title,cyber,2,7,0.2857142857142857,29,0.8386319977650251,0.23960914221857857
73,cyber security,Serangan cyber dan kesiapan keamanan cyber terhadap bank indonesia,title,kesiap,1,7,0.14285714285714285,1,2.3010299956639813,0.3287185708091402
73,cyber security,Serangan cyber dan kesiapan keamanan cyber terhadap bank indonesia,title,aman,1,7,0.14285714285714285,25,0.9030899869919435,0.12901285528456335
73,cyber security,Serangan cyber dan kesiapan keamanan cyber terhadap bank indonesia,title,bank,1,7,0.14285714285714285,3,1.8239087409443189,0.2605583915634741
73,cyber security,Serangan cyber dan kesiapan keamanan cyber terhadap bank indonesia,title,indonesia,1,7,0.14285714285714285,19,1.0222763947111522,0.146039484958736
73,cyber security,Serangan cyber dan kesiapan keamanan cyber terhadap bank indonesia,abstract,terap,1,17,0.058823529411764705,30,0.8239087409443188,0.04846522005554816
73,cyber security,Serangan cyber dan kesiapan keamanan cyber terhadap bank indonesia,abstract,strategi,2,17,0.11764705882352941,4,1.6989700043360187,0.1998788240395316
73,cyber security,Serangan cyber dan kesiapan keamanan cyber terhadap bank indonesia,abstract,aman,3,17,0.17647058823529413,25,0.9030899869919435,0.1593688212338724
73,cyber security,Serangan cyber dan kesiapan keamanan cyber terhadap bank indonesia,abstract,cyber,1,17,0.058823529411764705,29,0.8386319977650251,0.04933129398617794
73,cyber security,Serangan cyber dan kesiapan keamanan cyber terhadap bank indonesia,abstract,efektif,2,17,0.11764705882352941,4,1.6989700043360187,0.1998788240395316
73,cyber security,Serangan cyber dan kesiapan keamanan cyber terhadap bank indonesia,abstract,siber,2,17,0.11764705882352941,25,0.9030899869919435,0.10624588082258159
73,cyber security,Serangan cyber dan kesiapan keamanan cyber terhadap bank indonesia,abstract,demikian,1,17,0.058823529411764705,1,2.3010299956639813,0.13535470562729301
73,cyber security,Serangan cyber dan kesiapan keamanan cyber terhadap bank indonesia,abstract,studi,1,17,0.058823529411764705,8,1.3979400086720377,0.08223176521600221
73,cyber security,Serangan cyber dan kesiapan keamanan cyber terhadap bank indonesia,abstract,jelas,1,17,0.058823529411764705,2,2.0,0.11764705882352941
73,cyber security,Serangan cyber dan kesiapan keamanan cyber terhadap bank indonesia,abstract,kondisi,1,17,0.058823529411764705,2,2.0,0.11764705882352941
73,cyber security,Serangan cyber dan kesiapan keamanan cyber terhadap bank indonesia,abstract,bank,2,17,0.11764705882352941,3,1.8239087409443189,0.21457749893462574
74,cyber security,Strategi Keamanan Siber Malaysia,title,strategi,1,4,0.25,4,1.6989700043360187,0.4247425010840047
74,cyber security,Strategi Keamanan Siber Malaysia,title,aman,1,4,0.25,25,0.9030899869919435,0.22577249674798588
74,cyber security,Strategi Keamanan Siber Malaysia,title,siber,1,4,0.25,25,0.9030899869919435,0.22577249674798588
74,cyber security,Strategi Keamanan Siber Malaysia,title,malaysia,1,4,0.25,1,2.3010299956639813,0.5752574989159953
74,cyber security,Strategi Keamanan Siber Malaysia,abstract,strategi,1,18,0.05555555555555555,4,1.6989700043360187,0.09438722246311215
74,cyber security,Strategi Keamanan Siber Malaysia,abstract,aman,3,18,0.16666666666666666,25,0.9030899869919435,0.15051499783199057
74,cyber security,Strategi Keamanan Siber Malaysia,abstract,siber,4,18,0.2222222222222222,25,0.9030899869919435,0.20068666377598743
74,cyber security,Strategi Keamanan Siber Malaysia,abstract,buat,1,18,0.05555555555555555,18,1.045757490560675,0.058097638364481945
74,cyber security,Strategi Keamanan Siber Malaysia,abstract,perintah,1,18,0.05555555555555555,3,1.8239087409443189,0.10132826338579548
74,cyber security,Strategi Keamanan Siber Malaysia,abstract,malaysia,2,18,0.1111111111111111,1,2.3010299956639813,0.2556699995182201
74,cyber security,Strategi Keamanan Siber Malaysia,abstract,lindung,1,18,0.05555555555555555,3,1.8239087409443189,0.10132826338579548
74,cyber security,Strategi Keamanan Siber Malaysia,abstract,kembang,1,18,0.05555555555555555,17,1.0705810742857074,0.05947672634920596
74,cyber security,Strategi Keamanan Siber Malaysia,abstract,ruang,3,18,0.16666666666666666,3,1.8239087409443189,0.30398479015738644
74,cyber security,Strategi Keamanan Siber Malaysia,abstract,guna,1,18,0.05555555555555555,46,0.638272163982407,0.03545956466568928
75,cyber security,Keamanan siber di masa depan: Tantangan dan teknologi yang dibutuhkan,title,aman,1,7,0.14285714285714285,25,0.9030899869919435,0.12901285528456335
75,cyber security,Keamanan siber di masa depan: Tantangan dan teknologi yang dibutuhkan,title,siber,1,7,0.14285714285714285,25,0.9030899869919435,0.12901285528456335
75,cyber security,Keamanan siber di masa depan: Tantangan dan teknologi yang dibutuhkan,title,masa,1,7,0.14285714285714285,2,2.0,0.2857142857142857
75,cyber security,Keamanan siber di masa depan: Tantangan dan teknologi yang dibutuhkan,title,depan,1,7,0.14285714285714285,1,2.3010299956639813,0.3287185708091402
75,cyber security,Keamanan siber di masa depan: Tantangan dan teknologi yang dibutuhkan,title,tantang,1,7,0.14285714285714285,4,1.6989700043360187,0.24271000061943124
75,cyber security,Keamanan siber di masa depan: Tantangan dan teknologi yang dibutuhkan,title,teknologi,1,7,0.14285714285714285,9,1.3467874862246563,0.19239821231780802
75,cyber security,Keamanan siber di masa depan: Tantangan dan teknologi yang dibutuhkan,title,butuh,1,7,0.14285714285714285,4,1.6989700043360187,0.24271000061943124
75,cyber security,Keamanan siber di masa depan: Tantangan dan teknologi yang dibutuhkan,abstract,lapor,1,18,0.05555555555555555,3,1.8239087409443189,0.10132826338579548
75,cyber security,Keamanan siber di masa depan: Tantangan dan teknologi yang dibutuhkan,abstract,kini,1,18,0.05555555555555555,1,2.3010299956639813,0.12783499975911006
75,cyber security,Keamanan siber di masa depan: Tantangan dan teknologi yang dibutuhkan,abstract,kait,1,18,0.05555555555555555,3,1.8239087409443189,0.10132826338579548
75,cyber security,Keamanan siber di masa depan: Tantangan dan teknologi yang dibutuhkan,abstract,aman,3,18,0.16666666666666666,25,0.9030899869919435,0.15051499783199057
75,cyber security,Keamanan siber di masa depan: Tantangan dan teknologi yang dibutuhkan,abstract,siber,2,18,0.1111111111111111,25,0.9030899869919435,0.10034333188799371
75,cyber security,Keamanan siber di masa depan: Tantangan dan teknologi yang dibutuhkan,abstract,hasil,1,18,0.05555555555555555,9,1.3467874862246563,0.0748215270124809
75,cyber security,Keamanan siber di masa depan: Tantangan dan teknologi yang dibutuhkan,abstract,teliti,1,18,0.05555555555555555,22,0.958607314841775,0.05325596193565416
75,cyber security,Keamanan siber di masa depan: Tantangan dan teknologi yang dibutuhkan,abstract,bas,1,18,0.05555555555555555,28,0.853871964321762,0.047437331351209
75,cyber security,Keamanan siber di masa depan: Tantangan dan teknologi yang dibutuhkan,abstract,blockchain,1,18,0.05555555555555555,2,2.0,0.1111111111111111
75,cyber security,Keamanan siber di masa depan: Tantangan dan teknologi yang dibutuhkan,abstract,kuat,1,18,0.05555555555555555,4,1.6989700043360187,0.09438722246311215
75,cyber security,Keamanan siber di masa depan: Tantangan dan teknologi yang dibutuhkan,abstract,data,1,18,0.05555555555555555,27,0.8696662315049939,0.04831479063916633
75,cyber security,Keamanan siber di masa depan: Tantangan dan teknologi yang dibutuhkan,abstract,selain,1,18,0.05555555555555555,2,2.0,0.1111111111111111
75,cyber security,Keamanan siber di masa depan: Tantangan dan teknologi yang dibutuhkan,abstract,mutakhir,1,18,0.05555555555555555,1,2.3010299956639813,0.12783499975911006
75,cyber security,Keamanan siber di masa depan: Tantangan dan teknologi yang dibutuhkan,abstract,bijak,1,18,0.05555555555555555,4,1.6989700043360187,0.09438722246311215
75,cyber security,Keamanan siber di masa depan: Tantangan dan teknologi yang dibutuhkan,abstract,adaptif,1,18,0.05555555555555555,1,2.3010299956639813,0.12783499975911006
76,cyber security,"Cyber security: State of the art, challenges and future directions",title,cyber,1,7,0.14285714285714285,29,0.8386319977650251,0.11980457110928928
76,cyber security,"Cyber security: State of the art, challenges and future directions",title,security,1,7,0.14285714285714285,31,0.8096683018297085,0.11566690026138693
76,cyber security,"Cyber security: State of the art, challenges and future directions",title,state,1,7,0.14285714285714285,2,2.0,0.2857142857142857
76,cyber security,"Cyber security: State of the art, challenges and future directions",title,art,1,7,0.14285714285714285,1,2.3010299956639813,0.3287185708091402
76,cyber security,"Cyber security: State of the art, challenges and future directions",title,challenges,1,7,0.14285714285714285,9,1.3467874862246563,0.19239821231780802
76,cyber security,"Cyber security: State of the art, challenges and future directions",title,future,1,7,0.14285714285714285,8,1.3979400086720377,0.1997057155245768
76,cyber security,"Cyber security: State of the art, challenges and future directions",title,directions,1,7,0.14285714285714285,2,2.0,0.2857142857142857
76,cyber security,"Cyber security: State of the art, challenges and future directions",abstract,shifting,1,19,0.05263157894736842,1,2.3010299956639813,0.12110684187705163
76,cyber security,"Cyber security: State of the art, challenges and future directions",abstract,cyber,3,19,0.15789473684210525,29,0.8386319977650251,0.13241557859447764
76,cyber security,"Cyber security: State of the art, challenges and future directions",abstract,threats,1,19,0.05263157894736842,7,1.4559319556497243,0.07662799766577497
76,cyber security,"Cyber security: State of the art, challenges and future directions",abstract,article,1,19,0.05263157894736842,4,1.6989700043360187,0.08941947391242204
76,cyber security,"Cyber security: State of the art, challenges and future directions",abstract,provides,1,19,0.05263157894736842,5,1.6020599913279623,0.08431894691199801
76,cyber security,"Cyber security: State of the art, challenges and future directions",abstract,overview,1,19,0.05263157894736842,6,1.5228787452803376,0.08015151290949145
76,cyber security,"Cyber security: State of the art, challenges and future directions",abstract,state,1,19,0.05263157894736842,2,2.0,0.10526315789473684
76,cyber security,"Cyber security: State of the art, challenges and future directions",abstract,art,1,19,0.05263157894736842,1,2.3010299956639813,0.12110684187705163
76,cyber security,"Cyber security: State of the art, challenges and future directions",abstract,security,2,19,0.10526315789473684,31,0.8096683018297085,0.08522824229786405
76,cyber security,"Cyber security: State of the art, challenges and future directions",abstract,moreover,1,19,0.05263157894736842,2,2.0,0.10526315789473684
76,cyber security,"Cyber security: State of the art, challenges and future directions",abstract,we,1,19,0.05263157894736842,28,0.853871964321762,0.04494062970114537
76,cyber security,"Cyber security: State of the art, challenges and future directions",abstract,address,1,19,0.05263157894736842,2,2.0,0.10526315789473684
76,cyber security,"Cyber security: State of the art, challenges and future directions",abstract,future,1,19,0.05263157894736842,8,1.3979400086720377,0.07357578993010724
76,cyber security,"Cyber security: State of the art, challenges and future directions",abstract,direction,1,19,0.05263157894736842,2,2.0,0.10526315789473684
76,cyber security,"Cyber security: State of the art, challenges and future directions",abstract,presenting,1,19,0.05263157894736842,1,2.3010299956639813,0.12110684187705163
76,cyber security,"Cyber security: State of the art, challenges and future directions",abstract,possible,1,19,0.05263157894736842,1,2.3010299956639813,0.12110684187705163
77,cyber security,"Cyber security, cyber threats, implications and future perspectives: A Review",title,cyber,2,8,0.25,29,0.8386319977650251,0.20965799944125627
77,cyber security,"Cyber security, cyber threats, implications and future perspectives: A Review",title,security,1,8,0.125,31,0.8096683018297085,0.10120853772871356
77,cyber security,"Cyber security, cyber threats, implications and future perspectives: A Review",title,threats,1,8,0.125,7,1.4559319556497243,0.18199149445621554
77,cyber security,"Cyber security, cyber threats, implications and future perspectives: A Review",title,implications,1,8,0.125,1,2.3010299956639813,0.28762874945799766
77,cyber security,"Cyber security, cyber threats, implications and future perspectives: A Review",title,future,1,8,0.125,8,1.3979400086720377,0.17474250108400471
77,cyber security,"Cyber security, cyber threats, implications and future perspectives: A Review",title,perspectives,1,8,0.125,2,2.0,0.25
77,cyber security,"Cyber security, cyber threats, implications and future perspectives: A Review",title,review,1,8,0.125,26,0.8860566476931633,0.11075708096164541
77,cyber security,"Cyber security, cyber threats, implications and future perspectives: A Review",abstract,achieve,1,20,0.05,1,2.3010299956639813,0.11505149978319906
77,cyber security,"Cyber security, cyber threats, implications and future perspectives: A Review",abstract,proactive,1,20,0.05,1,2.3010299956639813,0.11505149978319906
77,cyber security,"Cyber security, cyber threats, implications and future perspectives: A Review",abstract,cyber,2,20,0.1,29,0.8386319977650251,0.08386319977650251
77,cyber security,"Cyber security, cyber threats, implications and future perspectives: A Review",abstract,security,2,20,0.1,31,0.8096683018297085,0.08096683018297085
77,cyber security,"Cyber security, cyber threats, implications and future perspectives: A Review",abstract,not,1,20,0.05,7,1.4559319556497243,0.07279659778248622
77,cyber security,"Cyber security, cyber threats, implications and future perspectives: A Review",abstract,just,1,20,0.05,1,2.3010299956639813,0.11505149978319906
77,cyber security,"Cyber security, cyber threats, implications and future perspectives: A Review",abstract,businesses,1,20,0.05,2,2.0,0.1
77,cyber security,"Cyber security, cyber threats, implications and future perspectives: A Review",abstract,but,1,20,0.05,3,1.8239087409443189,0.09119543704721594
77,cyber security,"Cyber security, cyber threats, implications and future perspectives: A Review",abstract,entire,1,20,0.05,1,2.3010299956639813,0.11505149978319906
77,cyber security,"Cyber security, cyber threats, implications and future perspectives: A Review",abstract,society,1,20,0.05,1,2.3010299956639813,0.11505149978319906
77,cyber security,"Cyber security, cyber threats, implications and future perspectives: A Review",abstract,requires,1,20,0.05,1,2.3010299956639813,0.11505149978319906
77,cyber security,"Cyber security, cyber threats, implications and future perspectives: A Review",abstract,high,1,20,0.05,3,1.8239087409443189,0.09119543704721594
77,cyber security,"Cyber security, cyber threats, implications and future perspectives: A Review",abstract,cybersecurity,1,20,0.05,10,1.3010299956639813,0.06505149978319906
77,cyber security,"Cyber security, cyber threats, implications and future perspectives: A Review",abstract,all,1,20,0.05,4,1.6989700043360187,0.08494850021680095
77,cyber security,"Cyber security, cyber threats, implications and future perspectives: A Review",abstract,industries,1,20,0.05,2,2.0,0.1
77,cyber security,"Cyber security, cyber threats, implications and future perspectives: A Review",abstract,viewpoints,1,20,0.05,1,2.3010299956639813,0.11505149978319906
77,cyber security,"Cyber security, cyber threats, implications and future perspectives: A Review",abstract,study,1,20,0.05,13,1.1870866433571445,0.05935433216785723
77,cyber security,"Cyber security, cyber threats, implications and future perspectives: A Review",abstract,prospects,1,20,0.05,1,2.3010299956639813,0.11505149978319906
78,cyber security,A comprehensive review study of cyber-attacks and cyber security; Emerging trends and recent developments,title,comprehensive,1,11,0.09090909090909091,5,1.6020599913279623,0.1456418173934511
78,cyber security,A comprehensive review study of cyber-attacks and cyber security; Emerging trends and recent developments,title,review,1,11,0.09090909090909091,26,0.8860566476931633,0.08055060433574211
78,cyber security,A comprehensive review study of cyber-attacks and cyber security; Emerging trends and recent developments,title,study,1,11,0.09090909090909091,13,1.1870866433571445,0.10791696757792223
78,cyber security,A comprehensive review study of cyber-attacks and cyber security; Emerging trends and recent developments,title,cyber,2,11,0.18181818181818182,29,0.8386319977650251,0.1524785450481864
78,cyber security,A comprehensive review study of cyber-attacks and cyber security; Emerging trends and recent developments,title,attacks,1,11,0.09090909090909091,9,1.3467874862246563,0.1224352260204233
78,cyber security,A comprehensive review study of cyber-attacks and cyber security; Emerging trends and recent developments,title,security,1,11,0.09090909090909091,31,0.8096683018297085,0.07360620925724623
78,cyber security,A comprehensive review study of cyber-attacks and cyber security; Emerging trends and recent developments,title,emerging,1,11,0.09090909090909091,2,2.0,0.18181818181818182
78,cyber security,A comprehensive review study of cyber-attacks and cyber security; Emerging trends and recent developments,title,trends,1,11,0.09090909090909091,4,1.6989700043360187,0.1544518185760017
78,cyber security,A comprehensive review study of cyber-attacks and cyber security; Emerging trends and recent developments,title,recent,1,11,0.09090909090909091,5,1.6020599913279623,0.1456418173934511
78,cyber security,A comprehensive review study of cyber-attacks and cyber security; Emerging trends and recent developments,title,developments,1,11,0.09090909090909091,2,2.0,0.18181818181818182
78,cyber security,A comprehensive review study of cyber-attacks and cyber security; Emerging trends and recent developments,abstract,cyber,3,19,0.15789473684210525,29,0.8386319977650251,0.13241557859447764
78,cyber security,A comprehensive review study of cyber-attacks and cyber security; Emerging trends and recent developments,abstract,security,4,19,0.21052631578947367,31,0.8096683018297085,0.1704564845957281
78,cyber security,A comprehensive review study of cyber-attacks and cyber security; Emerging trends and recent developments,abstract,methods,1,19,0.05263157894736842,3,1.8239087409443189,0.09599519689180624
78,cyber security,A comprehensive review study of cyber-attacks and cyber security; Emerging trends and recent developments,abstract,addition,1,19,0.05263157894736842,1,2.3010299956639813,0.12110684187705163
78,cyber security,A comprehensive review study of cyber-attacks and cyber security; Emerging trends and recent developments,abstract,emerging,1,19,0.05263157894736842,2,2.0,0.10526315789473684
78,cyber security,A comprehensive review study of cyber-attacks and cyber security; Emerging trends and recent developments,abstract,trends,1,19,0.05263157894736842,4,1.6989700043360187,0.08941947391242204
78,cyber security,A comprehensive review study of cyber-attacks and cyber security; Emerging trends and recent developments,abstract,recent,1,19,0.05263157894736842,5,1.6020599913279623,0.08431894691199801
78,cyber security,A comprehensive review study of cyber-attacks and cyber security; Emerging trends and recent developments,abstract,developments,1,19,0.05263157894736842,2,2.0,0.10526315789473684
78,cyber security,A comprehensive review study of cyber-attacks and cyber security; Emerging trends and recent developments,abstract,review,1,19,0.05263157894736842,26,0.8860566476931633,0.046634560404903325
78,cyber security,A comprehensive review study of cyber-attacks and cyber security; Emerging trends and recent developments,abstract,study,1,19,0.05263157894736842,13,1.1870866433571445,0.06247824438721813
78,cyber security,A comprehensive review study of cyber-attacks and cyber security; Emerging trends and recent developments,abstract,presented,1,19,0.05263157894736842,2,2.0,0.10526315789473684
78,cyber security,A comprehensive review study of cyber-attacks and cyber security; Emerging trends and recent developments,abstract,researchers,1,19,0.05263157894736842,2,2.0,0.10526315789473684
78,cyber security,A comprehensive review study of cyber-attacks and cyber security; Emerging trends and recent developments,abstract,will,1,19,0.05263157894736842,4,1.6989700043360187,0.08941947391242204
78,cyber security,A comprehensive review study of cyber-attacks and cyber security; Emerging trends and recent developments,abstract,useful,1,19,0.05263157894736842,1,2.3010299956639813,0.12110684187705163
79,cyber security,The recent trends in cyber security: A review,title,recent,1,5,0.2,5,1.6020599913279623,0.32041199826559247
79,cyber security,The recent trends in cyber security: A review,title,trends,1,5,0.2,4,1.6989700043360187,0.3397940008672038
79,cyber security,The recent trends in cyber security: A review,title,cyber,1,5,0.2,29,0.8386319977650251,0.16772639955300503
79,cyber security,The recent trends in cyber security: A review,title,security,1,5,0.2,31,0.8096683018297085,0.1619336603659417
79,cyber security,The recent trends in cyber security: A review,title,review,1,5,0.2,26,0.8860566476931633,0.17721132953863267
79,cyber security,The recent trends in cyber security: A review,abstract,advanced,1,19,0.05263157894736842,1,2.3010299956639813,0.12110684187705163
79,cyber security,The recent trends in cyber security: A review,abstract,cyber,3,19,0.15789473684210525,29,0.8386319977650251,0.13241557859447764
79,cyber security,The recent trends in cyber security: A review,abstract,security,3,19,0.15789473684210525,31,0.8096683018297085,0.12784236344679606
79,cyber security,The recent trends in cyber security: A review,abstract,standards,1,19,0.05263157894736842,2,2.0,0.10526315789473684
79,cyber security,The recent trends in cyber security: A review,abstract,along,1,19,0.05263157894736842,1,2.3010299956639813,0.12110684187705163
79,cyber security,The recent trends in cyber security: A review,abstract,challenges,1,19,0.05263157894736842,9,1.3467874862246563,0.07088355190656086
79,cyber security,The recent trends in cyber security: A review,abstract,faced,1,19,0.05263157894736842,1,2.3010299956639813,0.12110684187705163
79,cyber security,The recent trends in cyber security: A review,abstract,domain,2,19,0.10526315789473684,2,2.0,0.21052631578947367
79,cyber security,The recent trends in cyber security: A review,abstract,new,1,19,0.05263157894736842,11,1.2596373105057561,0.06629670055293453
79,cyber security,The recent trends in cyber security: A review,abstract,researchers,1,19,0.05263157894736842,2,2.0,0.10526315789473684
79,cyber security,The recent trends in cyber security: A review,abstract,get,1,19,0.05263157894736842,2,2.0,0.10526315789473684
79,cyber security,The recent trends in cyber security: A review,abstract,acquainted,1,19,0.05263157894736842,1,2.3010299956639813,0.12110684187705163
79,cyber security,The recent trends in cyber security: A review,abstract,recent,1,19,0.05263157894736842,5,1.6020599913279623,0.08431894691199801
79,cyber security,The recent trends in cyber security: A review,abstract,advancements,1,19,0.05263157894736842,2,2.0,0.10526315789473684
80,cyber security,A systematic literature review on the cyber security,title,systematic,1,5,0.2,14,1.1549019599857433,0.23098039199714868
80,cyber security,A systematic literature review on the cyber security,title,literature,1,5,0.2,9,1.3467874862246563,0.26935749724493124
80,cyber security,A systematic literature review on the cyber security,title,review,1,5,0.2,26,0.8860566476931633,0.17721132953863267
80,cyber security,A systematic literature review on the cyber security,title,cyber,1,5,0.2,29,0.8386319977650251,0.16772639955300503
80,cyber security,A systematic literature review on the cyber security,title,security,1,5,0.2,31,0.8096683018297085,0.1619336603659417
80,cyber security,A systematic literature review on the cyber security,abstract,cyber,6,21,0.2857142857142857,29,0.8386319977650251,0.23960914221857857
80,cyber security,A systematic literature review on the cyber security,abstract,security,6,21,0.2857142857142857,31,0.8096683018297085,0.23133380052277386
80,cyber security,A systematic literature review on the cyber security,abstract,kinds,1,21,0.047619047619047616,3,1.8239087409443189,0.08685279718782471
80,cyber security,A systematic literature review on the cyber security,abstract,why,1,21,0.047619047619047616,2,2.0,0.09523809523809523
80,cyber security,A systematic literature review on the cyber security,abstract,important,1,21,0.047619047619047616,2,2.0,0.09523809523809523
80,cyber security,A systematic literature review on the cyber security,abstract,framework,1,21,0.047619047619047616,5,1.6020599913279623,0.07628857101561724
80,cyber security,A systematic literature review on the cyber security,abstract,tools,1,21,0.047619047619047616,7,1.4559319556497243,0.06933009312617734
80,cyber security,A systematic literature review on the cyber security,abstract,safeguards,1,21,0.047619047619047616,1,2.3010299956639813,0.10957285693638005
80,cyber security,A systematic literature review on the cyber security,abstract,data,1,21,0.047619047619047616,27,0.8696662315049939,0.041412677690713995
80,cyber security,A systematic literature review on the cyber security,abstract,integrity,1,21,0.047619047619047616,1,2.3010299956639813,0.10957285693638005
80,cyber security,A systematic literature review on the cyber security,abstract,computing,1,21,0.047619047619047616,2,2.0,0.09523809523809523
81,cyber security,Cyber security,title,cyber,1,2,0.5,29,0.8386319977650251,0.41931599888251253
81,cyber security,Cyber security,title,security,1,2,0.5,31,0.8096683018297085,0.40483415091485425
81,cyber security,Cyber security,abstract,cybersecurity,1,21,0.047619047619047616,10,1.3010299956639813,0.06195380931733244
81,cyber security,Cyber security,abstract,has,1,21,0.047619047619047616,12,1.2218487496163564,0.05818327379125506
81,cyber security,Cyber security,abstract,emerged,1,21,0.047619047619047616,1,2.3010299956639813,0.10957285693638005
81,cyber security,Cyber security,abstract,global,1,21,0.047619047619047616,4,1.6989700043360187,0.08090333353981041
81,cyber security,Cyber security,abstract,challenge,1,21,0.047619047619047616,1,2.3010299956639813,0.10957285693638005
81,cyber security,Cyber security,abstract,becoming,1,21,0.047619047619047616,1,2.3010299956639813,0.10957285693638005
81,cyber security,Cyber security,abstract,tier,1,21,0.047619047619047616,1,2.3010299956639813,0.10957285693638005
81,cyber security,Cyber security,abstract,one,1,21,0.047619047619047616,4,1.6989700043360187,0.08090333353981041
81,cyber security,Cyber security,abstract,security,1,21,0.047619047619047616,31,0.8096683018297085,0.03855563342046231
81,cyber security,Cyber security,abstract,threat,1,21,0.047619047619047616,1,2.3010299956639813,0.10957285693638005
81,cyber security,Cyber security,abstract,nation,1,21,0.047619047619047616,1,2.3010299956639813,0.10957285693638005
81,cyber security,Cyber security,abstract,states,2,21,0.09523809523809523,1,2.3010299956639813,0.2191457138727601
81,cyber security,Cyber security,abstract,modern,1,21,0.047619047619047616,2,2.0,0.09523809523809523
81,cyber security,Cyber security,abstract,day,1,21,0.047619047619047616,1,2.3010299956639813,0.10957285693638005
81,cyber security,Cyber security,abstract,cyber,1,21,0.047619047619047616,29,0.8386319977650251,0.03993485703642976
81,cyber security,Cyber security,abstract,age,1,21,0.047619047619047616,2,2.0,0.09523809523809523
81,cyber security,Cyber security,abstract,will,1,21,0.047619047619047616,4,1.6989700043360187,0.08090333353981041
81,cyber security,Cyber security,abstract,expose,1,21,0.047619047619047616,1,2.3010299956639813,0.10957285693638005
81,cyber security,Cyber security,abstract,new,1,21,0.047619047619047616,11,1.2596373105057561,0.05998272907170267
81,cyber security,Cyber security,abstract,challenges,1,21,0.047619047619047616,9,1.3467874862246563,0.06413273743926934
82,cyber security,Cyber security in the metaverse,title,cyber,1,3,0.3333333333333333,29,0.8386319977650251,0.27954399925500834
82,cyber security,Cyber security in the metaverse,title,security,1,3,0.3333333333333333,31,0.8096683018297085,0.26988943394323617
82,cyber security,Cyber security in the metaverse,title,metaverse,1,3,0.3333333333333333,1,2.3010299956639813,0.7670099985546603
82,cyber security,Cyber security in the metaverse,abstract,approach,1,18,0.05555555555555555,4,1.6989700043360187,0.09438722246311215
82,cyber security,Cyber security in the metaverse,abstract,security,1,18,0.05555555555555555,31,0.8096683018297085,0.04498157232387269
82,cyber security,Cyber security in the metaverse,abstract,vital,1,18,0.05555555555555555,3,1.8239087409443189,0.10132826338579548
82,cyber security,Cyber security in the metaverse,abstract,foster,1,18,0.05555555555555555,1,2.3010299956639813,0.12783499975911006
82,cyber security,Cyber security in the metaverse,abstract,trust,1,18,0.05555555555555555,1,2.3010299956639813,0.12783499975911006
82,cyber security,Cyber security in the metaverse,abstract,safeguard,1,18,0.05555555555555555,1,2.3010299956639813,0.12783499975911006
82,cyber security,Cyber security in the metaverse,abstract,virtual,1,18,0.05555555555555555,1,2.3010299956639813,0.12783499975911006
82,cyber security,Cyber security in the metaverse,abstract,realm,1,18,0.05555555555555555,1,2.3010299956639813,0.12783499975911006
82,cyber security,Cyber security in the metaverse,abstract,chapter,1,18,0.05555555555555555,1,2.3010299956639813,0.12783499975911006
82,cyber security,Cyber security in the metaverse,abstract,aims,1,18,0.05555555555555555,5,1.6020599913279623,0.08900333285155346
82,cyber security,Cyber security in the metaverse,abstract,provide,1,18,0.05555555555555555,3,1.8239087409443189,0.10132826338579548
82,cyber security,Cyber security in the metaverse,abstract,overview,1,18,0.05555555555555555,6,1.5228787452803376,0.08460437473779653
82,cyber security,Cyber security in the metaverse,abstract,cybersecurity,1,18,0.05555555555555555,10,1.3010299956639813,0.0722794442035545
82,cyber security,Cyber security in the metaverse,abstract,metaverse,1,18,0.05555555555555555,1,2.3010299956639813,0.12783499975911006
82,cyber security,Cyber security in the metaverse,abstract,discussed,1,18,0.05555555555555555,1,2.3010299956639813,0.12783499975911006
82,cyber security,Cyber security in the metaverse,abstract,various,1,18,0.05555555555555555,4,1.6989700043360187,0.09438722246311215
82,cyber security,Cyber security in the metaverse,abstract,cyber,1,18,0.05555555555555555,29,0.8386319977650251,0.04659066654250139
82,cyber security,Cyber security in the metaverse,abstract,stacks,1,18,0.05555555555555555,1,2.3010299956639813,0.12783499975911006
83,cyber security,Counterattacking cyber threats: A framework for the future of cybersecurity,title,counterattacking,1,6,0.16666666666666666,1,2.3010299956639813,0.38350499927733017
83,cyber security,Counterattacking cyber threats: A framework for the future of cybersecurity,title,cyber,1,6,0.16666666666666666,29,0.8386319977650251,0.13977199962750417
83,cyber security,Counterattacking cyber threats: A framework for the future of cybersecurity,title,threats,1,6,0.16666666666666666,7,1.4559319556497243,0.2426553259416207
83,cyber security,Counterattacking cyber threats: A framework for the future of cybersecurity,title,framework,1,6,0.16666666666666666,5,1.6020599913279623,0.26700999855466034
83,cyber security,Counterattacking cyber threats: A framework for the future of cybersecurity,title,future,1,6,0.16666666666666666,8,1.3979400086720377,0.2329900014453396
83,cyber security,Counterattacking cyber threats: A framework for the future of cybersecurity,title,cybersecurity,1,6,0.16666666666666666,10,1.3010299956639813,0.21683833261066354
83,cyber security,Counterattacking cyber threats: A framework for the future of cybersecurity,abstract,organizational,1,16,0.0625,1,2.3010299956639813,0.14381437472899883
83,cyber security,Counterattacking cyber threats: A framework for the future of cybersecurity,abstract,security,2,16,0.125,31,0.8096683018297085,0.10120853772871356
83,cyber security,Counterattacking cyber threats: A framework for the future of cybersecurity,abstract,article,1,16,0.0625,4,1.6989700043360187,0.10618562527100117
83,cyber security,Counterattacking cyber threats: A framework for the future of cybersecurity,abstract,presents,1,16,0.0625,2,2.0,0.125
83,cyber security,Counterattacking cyber threats: A framework for the future of cybersecurity,abstract,comprehensive,1,16,0.0625,5,1.6020599913279623,0.10012874945799764
83,cyber security,Counterattacking cyber threats: A framework for the future of cybersecurity,abstract,framework,2,16,0.125,5,1.6020599913279623,0.20025749891599529
83,cyber security,Counterattacking cyber threats: A framework for the future of cybersecurity,abstract,aims,1,16,0.0625,5,1.6020599913279623,0.10012874945799764
83,cyber security,Counterattacking cyber threats: A framework for the future of cybersecurity,abstract,shape,1,16,0.0625,2,2.0,0.125
83,cyber security,Counterattacking cyber threats: A framework for the future of cybersecurity,abstract,future,1,16,0.0625,8,1.3979400086720377,0.08737125054200236
83,cyber security,Counterattacking cyber threats: A framework for the future of cybersecurity,abstract,cyber,2,16,0.125,29,0.8386319977650251,0.10482899972062813
83,cyber security,Counterattacking cyber threats: A framework for the future of cybersecurity,abstract,responds,1,16,0.0625,1,2.3010299956639813,0.14381437472899883
83,cyber security,Counterattacking cyber threats: A framework for the future of cybersecurity,abstract,complexities,1,16,0.0625,1,2.3010299956639813,0.14381437472899883
83,cyber security,Counterattacking cyber threats: A framework for the future of cybersecurity,abstract,modern,1,16,0.0625,2,2.0,0.125
84,cyber security,Cyber governance studies in ensuring cybersecurity: an overview of cybersecurity governance,title,cyber,1,8,0.125,29,0.8386319977650251,0.10482899972062813
84,cyber security,Cyber governance studies in ensuring cybersecurity: an overview of cybersecurity governance,title,governance,2,8,0.25,1,2.3010299956639813,0.5752574989159953
84,cyber security,Cyber governance studies in ensuring cybersecurity: an overview of cybersecurity governance,title,studies,1,8,0.125,6,1.5228787452803376,0.1903598431600422
84,cyber security,Cyber governance studies in ensuring cybersecurity: an overview of cybersecurity governance,title,ensuring,1,8,0.125,1,2.3010299956639813,0.28762874945799766
84,cyber security,Cyber governance studies in ensuring cybersecurity: an overview of cybersecurity governance,title,cybersecurity,2,8,0.25,10,1.3010299956639813,0.3252574989159953
84,cyber security,Cyber governance studies in ensuring cybersecurity: an overview of cybersecurity governance,title,overview,1,8,0.125,6,1.5228787452803376,0.1903598431600422
84,cyber security,Cyber governance studies in ensuring cybersecurity: an overview of cybersecurity governance,abstract,steps,2,22,0.09090909090909091,2,2.0,0.18181818181818182
84,cyber security,Cyber governance studies in ensuring cybersecurity: an overview of cybersecurity governance,abstract,taken,2,22,0.09090909090909091,2,2.0,0.18181818181818182
84,cyber security,Cyber governance studies in ensuring cybersecurity: an overview of cybersecurity governance,abstract,against,2,22,0.09090909090909091,3,1.8239087409443189,0.16580988554039264
84,cyber security,Cyber governance studies in ensuring cybersecurity: an overview of cybersecurity governance,abstract,cyber,3,22,0.13636363636363635,29,0.8386319977650251,0.11435890878613977
84,cyber security,Cyber governance studies in ensuring cybersecurity: an overview of cybersecurity governance,abstract,incidents,2,22,0.09090909090909091,2,2.0,0.18181818181818182
84,cyber security,Cyber governance studies in ensuring cybersecurity: an overview of cybersecurity governance,abstract,developed,1,22,0.045454545454545456,3,1.8239087409443189,0.08290494277019632
84,cyber security,Cyber governance studies in ensuring cybersecurity: an overview of cybersecurity governance,abstract,european,1,22,0.045454545454545456,1,2.3010299956639813,0.10459227253018097
84,cyber security,Cyber governance studies in ensuring cybersecurity: an overview of cybersecurity governance,abstract,countries,1,22,0.045454545454545456,1,2.3010299956639813,0.10459227253018097
84,cyber security,Cyber governance studies in ensuring cybersecurity: an overview of cybersecurity governance,abstract,they,1,22,0.045454545454545456,5,1.6020599913279623,0.07282090869672556
84,cyber security,Cyber governance studies in ensuring cybersecurity: an overview of cybersecurity governance,abstract,also,1,22,0.045454545454545456,4,1.6989700043360187,0.07722590928800085
84,cyber security,Cyber governance studies in ensuring cybersecurity: an overview of cybersecurity governance,abstract,stated,1,22,0.045454545454545456,1,2.3010299956639813,0.10459227253018097
84,cyber security,Cyber governance studies in ensuring cybersecurity: an overview of cybersecurity governance,abstract,turkey,1,22,0.045454545454545456,2,2.0,0.09090909090909091
84,cyber security,Cyber governance studies in ensuring cybersecurity: an overview of cybersecurity governance,abstract,has,1,22,0.045454545454545456,12,1.2218487496163564,0.0555385795280162
84,cyber security,Cyber governance studies in ensuring cybersecurity: an overview of cybersecurity governance,abstract,publishing,1,22,0.045454545454545456,1,2.3010299956639813,0.10459227253018097
84,cyber security,Cyber governance studies in ensuring cybersecurity: an overview of cybersecurity governance,abstract,security,1,22,0.045454545454545456,31,0.8096683018297085,0.036803104628623115
84,cyber security,Cyber governance studies in ensuring cybersecurity: an overview of cybersecurity governance,abstract,policies,1,22,0.045454545454545456,2,2.0,0.09090909090909091
85,cyber security,Cyber security in New Space: M. Manulis et al.,title,cyber,1,7,0.14285714285714285,29,0.8386319977650251,0.11980457110928928
85,cyber security,Cyber security in New Space: M. Manulis et al.,title,security,1,7,0.14285714285714285,31,0.8096683018297085,0.11566690026138693
85,cyber security,Cyber security in New Space: M. Manulis et al.,title,new,1,7,0.14285714285714285,11,1.2596373105057561,0.179948187215108
85,cyber security,Cyber security in New Space: M. Manulis et al.,title,space,1,7,0.14285714285714285,1,2.3010299956639813,0.3287185708091402
85,cyber security,Cyber security in New Space: M. Manulis et al.,title,manulis,1,7,0.14285714285714285,1,2.3010299956639813,0.3287185708091402
85,cyber security,Cyber security in New Space: M. Manulis et al.,title,et,1,7,0.14285714285714285,2,2.0,0.2857142857142857
85,cyber security,Cyber security in New Space: M. Manulis et al.,title,al,1,7,0.14285714285714285,2,2.0,0.2857142857142857
85,cyber security,Cyber security in New Space: M. Manulis et al.,abstract,article,1,18,0.05555555555555555,4,1.6989700043360187,0.09438722246311215
85,cyber security,Cyber security in New Space: M. Manulis et al.,abstract,analyses,1,18,0.05555555555555555,1,2.3010299956639813,0.12783499975911006
85,cyber security,Cyber security in New Space: M. Manulis et al.,abstract,past,1,18,0.05555555555555555,3,1.8239087409443189,0.10132826338579548
85,cyber security,Cyber security in New Space: M. Manulis et al.,abstract,satellite,2,18,0.1111111111111111,1,2.3010299956639813,0.2556699995182201
85,cyber security,Cyber security in New Space: M. Manulis et al.,abstract,security,2,18,0.1111111111111111,31,0.8096683018297085,0.08996314464774538
85,cyber security,Cyber security in New Space: M. Manulis et al.,abstract,threats,1,18,0.05555555555555555,7,1.4559319556497243,0.0808851086472069
85,cyber security,Cyber security in New Space: M. Manulis et al.,abstract,incidents,1,18,0.05555555555555555,2,2.0,0.1111111111111111
85,cyber security,Cyber security in New Space: M. Manulis et al.,abstract,assess,1,18,0.05555555555555555,1,2.3010299956639813,0.12783499975911006
85,cyber security,Cyber security in New Space: M. Manulis et al.,abstract,motivations,1,18,0.05555555555555555,1,2.3010299956639813,0.12783499975911006
85,cyber security,Cyber security in New Space: M. Manulis et al.,abstract,key,1,18,0.05555555555555555,4,1.6989700043360187,0.09438722246311215
85,cyber security,Cyber security in New Space: M. Manulis et al.,abstract,technology,1,18,0.05555555555555555,7,1.4559319556497243,0.0808851086472069
85,cyber security,Cyber security in New Space: M. Manulis et al.,abstract,advancements,1,18,0.05555555555555555,2,2.0,0.1111111111111111
85,cyber security,Cyber security in New Space: M. Manulis et al.,abstract,open,1,18,0.05555555555555555,5,1.6020599913279623,0.08900333285155346
85,cyber security,Cyber security in New Space: M. Manulis et al.,abstract,issues,1,18,0.05555555555555555,5,1.6020599913279623,0.08900333285155346
85,cyber security,Cyber security in New Space: M. Manulis et al.,abstract,industry,1,18,0.05555555555555555,3,1.8239087409443189,0.10132826338579548
85,cyber security,Cyber security in New Space: M. Manulis et al.,abstract,related,1,18,0.05555555555555555,4,1.6989700043360187,0.09438722246311215
86,cyber security,Cyber security in the age of COVID-19: A timeline and analysis of cyber-crime and cyber-attacks during the pandemic,title,cyber,3,13,0.23076923076923078,29,0.8386319977650251,0.1935304610226981
86,cyber security,Cyber security in the age of COVID-19: A timeline and analysis of cyber-crime and cyber-attacks during the pandemic,title,security,1,13,0.07692307692307693,31,0.8096683018297085,0.06228217706382373
86,cyber security,Cyber security in the age of COVID-19: A timeline and analysis of cyber-crime and cyber-attacks during the pandemic,title,age,1,13,0.07692307692307693,2,2.0,0.15384615384615385
86,cyber security,Cyber security in the age of COVID-19: A timeline and analysis of cyber-crime and cyber-attacks during the pandemic,title,covid,1,13,0.07692307692307693,6,1.5228787452803376,0.11714451886771829
86,cyber security,Cyber security in the age of COVID-19: A timeline and analysis of cyber-crime and cyber-attacks during the pandemic,title,19,1,13,0.07692307692307693,7,1.4559319556497243,0.11199476581920957
86,cyber security,Cyber security in the age of COVID-19: A timeline and analysis of cyber-crime and cyber-attacks during the pandemic,title,timeline,1,13,0.07692307692307693,1,2.3010299956639813,0.1770023073587678
86,cyber security,Cyber security in the age of COVID-19: A timeline and analysis of cyber-crime and cyber-attacks during the pandemic,title,analysis,1,13,0.07692307692307693,13,1.1870866433571445,0.09131435718131882
86,cyber security,Cyber security in the age of COVID-19: A timeline and analysis of cyber-crime and cyber-attacks during the pandemic,title,crime,1,13,0.07692307692307693,1,2.3010299956639813,0.1770023073587678
86,cyber security,Cyber security in the age of COVID-19: A timeline and analysis of cyber-crime and cyber-attacks during the pandemic,title,attacks,1,13,0.07692307692307693,9,1.3467874862246563,0.10359903740189665
86,cyber security,Cyber security in the age of COVID-19: A timeline and analysis of cyber-crime and cyber-attacks during the pandemic,title,during,1,13,0.07692307692307693,3,1.8239087409443189,0.14030067238033223
86,cyber security,Cyber security in the age of COVID-19: A timeline and analysis of cyber-crime and cyber-attacks during the pandemic,title,pandemic,1,13,0.07692307692307693,2,2.0,0.15384615384615385
86,cyber security,Cyber security in the age of COVID-19: A timeline and analysis of cyber-crime and cyber-attacks during the pandemic,abstract,cyber,4,19,0.21052631578947367,29,0.8386319977650251,0.17655410479263683
86,cyber security,Cyber security in the age of COVID-19: A timeline and analysis of cyber-crime and cyber-attacks during the pandemic,abstract,crime,1,19,0.05263157894736842,1,2.3010299956639813,0.12110684187705163
86,cyber security,Cyber security in the age of COVID-19: A timeline and analysis of cyber-crime and cyber-attacks during the pandemic,abstract,perspective,1,19,0.05263157894736842,1,2.3010299956639813,0.12110684187705163
86,cyber security,Cyber security in the age of COVID-19: A timeline and analysis of cyber-crime and cyber-attacks during the pandemic,abstract,highlights,1,19,0.05263157894736842,1,2.3010299956639813,0.12110684187705163
86,cyber security,Cyber security in the age of COVID-19: A timeline and analysis of cyber-crime and cyber-attacks during the pandemic,abstract,range,1,19,0.05263157894736842,1,2.3010299956639813,0.12110684187705163
86,cyber security,Cyber security in the age of COVID-19: A timeline and analysis of cyber-crime and cyber-attacks during the pandemic,abstract,attacks,1,19,0.05263157894736842,9,1.3467874862246563,0.07088355190656086
86,cyber security,Cyber security in the age of COVID-19: A timeline and analysis of cyber-crime and cyber-attacks during the pandemic,abstract,experienced,1,19,0.05263157894736842,1,2.3010299956639813,0.12110684187705163
86,cyber security,Cyber security in the age of COVID-19: A timeline and analysis of cyber-crime and cyber-attacks during the pandemic,abstract,globally,1,19,0.05263157894736842,1,2.3010299956639813,0.12110684187705163
86,cyber security,Cyber security in the age of COVID-19: A timeline and analysis of cyber-crime and cyber-attacks during the pandemic,abstract,during,1,19,0.05263157894736842,3,1.8239087409443189,0.09599519689180624
86,cyber security,Cyber security in the age of COVID-19: A timeline and analysis of cyber-crime and cyber-attacks during the pandemic,abstract,pandemic,1,19,0.05263157894736842,2,2.0,0.10526315789473684
86,cyber security,Cyber security in the age of COVID-19: A timeline and analysis of cyber-crime and cyber-attacks during the pandemic,abstract,reveal,1,19,0.05263157894736842,1,2.3010299956639813,0.12110684187705163
86,cyber security,Cyber security in the age of COVID-19: A timeline and analysis of cyber-crime and cyber-attacks during the pandemic,abstract,modus,1,19,0.05263157894736842,1,2.3010299956639813,0.12110684187705163
86,cyber security,Cyber security in the age of COVID-19: A timeline and analysis of cyber-crime and cyber-attacks during the pandemic,abstract,operandi,1,19,0.05263157894736842,1,2.3010299956639813,0.12110684187705163
86,cyber security,Cyber security in the age of COVID-19: A timeline and analysis of cyber-crime and cyber-attacks during the pandemic,abstract,attack,1,19,0.05263157894736842,2,2.0,0.10526315789473684
86,cyber security,Cyber security in the age of COVID-19: A timeline and analysis of cyber-crime and cyber-attacks during the pandemic,abstract,campaigns,1,19,0.05263157894736842,1,2.3010299956639813,0.12110684187705163
86,cyber security,Cyber security in the age of COVID-19: A timeline and analysis of cyber-crime and cyber-attacks during the pandemic,abstract,analysis,1,19,0.05263157894736842,13,1.1870866433571445,0.06247824438721813
87,cyber security,Analysis of cyber security knowledge gaps based on cyber security body of knowledge,title,analysis,1,10,0.1,13,1.1870866433571445,0.11870866433571446
87,cyber security,Analysis of cyber security knowledge gaps based on cyber security body of knowledge,title,cyber,2,10,0.2,29,0.8386319977650251,0.16772639955300503
87,cyber security,Analysis of cyber security knowledge gaps based on cyber security body of knowledge,title,security,2,10,0.2,31,0.8096683018297085,0.1619336603659417
87,cyber security,Analysis of cyber security knowledge gaps based on cyber security body of knowledge,title,knowledge,2,10,0.2,4,1.6989700043360187,0.3397940008672038
87,cyber security,Analysis of cyber security knowledge gaps based on cyber security body of knowledge,title,gaps,1,10,0.1,2,2.0,0.2
87,cyber security,Analysis of cyber security knowledge gaps based on cyber security body of knowledge,title,based,1,10,0.1,18,1.045757490560675,0.10457574905606751
87,cyber security,Analysis of cyber security knowledge gaps based on cyber security body of knowledge,title,body,1,10,0.1,1,2.3010299956639813,0.23010299956639813
87,cyber security,Analysis of cyber security knowledge gaps based on cyber security body of knowledge,abstract,gap,1,21,0.047619047619047616,1,2.3010299956639813,0.10957285693638005
87,cyber security,Analysis of cyber security knowledge gaps based on cyber security body of knowledge,abstract,between,1,21,0.047619047619047616,2,2.0,0.09523809523809523
87,cyber security,Analysis of cyber security knowledge gaps based on cyber security body of knowledge,abstract,cyber,4,21,0.19047619047619047,29,0.8386319977650251,0.15973942814571904
87,cyber security,Analysis of cyber security knowledge gaps based on cyber security body of knowledge,abstract,security,4,21,0.19047619047619047,31,0.8096683018297085,0.15422253368184924
87,cyber security,Analysis of cyber security knowledge gaps based on cyber security body of knowledge,abstract,education,1,21,0.047619047619047616,5,1.6020599913279623,0.07628857101561724
87,cyber security,Analysis of cyber security knowledge gaps based on cyber security body of knowledge,abstract,graduates,1,21,0.047619047619047616,1,2.3010299956639813,0.10957285693638005
87,cyber security,Analysis of cyber security knowledge gaps based on cyber security body of knowledge,abstract,who,1,21,0.047619047619047616,2,2.0,0.09523809523809523
87,cyber security,Analysis of cyber security knowledge gaps based on cyber security body of knowledge,abstract,join,1,21,0.047619047619047616,1,2.3010299956639813,0.10957285693638005
87,cyber security,Analysis of cyber security knowledge gaps based on cyber security body of knowledge,abstract,workforce,1,21,0.047619047619047616,1,2.3010299956639813,0.10957285693638005
87,cyber security,Analysis of cyber security knowledge gaps based on cyber security body of knowledge,abstract,we,1,21,0.047619047619047616,28,0.853871964321762,0.040660569729607715
87,cyber security,Analysis of cyber security knowledge gaps based on cyber security body of knowledge,abstract,designed,1,21,0.047619047619047616,1,2.3010299956639813,0.10957285693638005
87,cyber security,Analysis of cyber security knowledge gaps based on cyber security body of knowledge,abstract,performed,1,21,0.047619047619047616,1,2.3010299956639813,0.10957285693638005
87,cyber security,Analysis of cyber security knowledge gaps based on cyber security body of knowledge,abstract,opinion,1,21,0.047619047619047616,1,2.3010299956639813,0.10957285693638005
87,cyber security,Analysis of cyber security knowledge gaps based on cyber security body of knowledge,abstract,survey,1,21,0.047619047619047616,10,1.3010299956639813,0.06195380931733244
87,cyber security,Analysis of cyber security knowledge gaps based on cyber security body of knowledge,abstract,using,1,21,0.047619047619047616,15,1.1249387366083,0.0535685112670619
88,cyber security,Cybersecurity of industrial cyber-physical systems: A review,title,cybersecurity,1,6,0.16666666666666666,10,1.3010299956639813,0.21683833261066354
88,cyber security,Cybersecurity of industrial cyber-physical systems: A review,title,industrial,1,6,0.16666666666666666,2,2.0,0.3333333333333333
88,cyber security,Cybersecurity of industrial cyber-physical systems: A review,title,cyber,1,6,0.16666666666666666,29,0.8386319977650251,0.13977199962750417
88,cyber security,Cybersecurity of industrial cyber-physical systems: A review,title,physical,1,6,0.16666666666666666,2,2.0,0.3333333333333333
88,cyber security,Cybersecurity of industrial cyber-physical systems: A review,title,systems,1,6,0.16666666666666666,5,1.6020599913279623,0.26700999855466034
88,cyber security,Cybersecurity of industrial cyber-physical systems: A review,title,review,1,6,0.16666666666666666,26,0.8860566476931633,0.14767610794886055
88,cyber security,Cybersecurity of industrial cyber-physical systems: A review,abstract,cybersecurity,1,17,0.058823529411764705,10,1.3010299956639813,0.07653117621552831
88,cyber security,Cybersecurity of industrial cyber-physical systems: A review,abstract,studies,1,17,0.058823529411764705,6,1.5228787452803376,0.08958110266354927
88,cyber security,Cybersecurity of industrial cyber-physical systems: A review,abstract,being,1,17,0.058823529411764705,2,2.0,0.11764705882352941
88,cyber security,Cybersecurity of industrial cyber-physical systems: A review,abstract,funded,1,17,0.058823529411764705,1,2.3010299956639813,0.13535470562729301
88,cyber security,Cybersecurity of industrial cyber-physical systems: A review,abstract,security,3,17,0.17647058823529413,31,0.8096683018297085,0.14288264149936034
88,cyber security,Cybersecurity of industrial cyber-physical systems: A review,abstract,companies,1,17,0.058823529411764705,1,2.3010299956639813,0.13535470562729301
88,cyber security,Cybersecurity of industrial cyber-physical systems: A review,abstract,research,2,17,0.11764705882352941,12,1.2218487496163564,0.14374691171957132
88,cyber security,Cybersecurity of industrial cyber-physical systems: A review,abstract,councils,1,17,0.058823529411764705,1,2.3010299956639813,0.13535470562729301
88,cyber security,Cybersecurity of industrial cyber-physical systems: A review,abstract,state,1,17,0.058823529411764705,2,2.0,0.11764705882352941
88,cyber security,Cybersecurity of industrial cyber-physical systems: A review,abstract,establishments,1,17,0.058823529411764705,1,2.3010299956639813,0.13535470562729301
88,cyber security,Cybersecurity of industrial cyber-physical systems: A review,abstract,allows,1,17,0.058823529411764705,2,2.0,0.11764705882352941
88,cyber security,Cybersecurity of industrial cyber-physical systems: A review,abstract,rapid,1,17,0.058823529411764705,1,2.3010299956639813,0.13535470562729301
88,cyber security,Cybersecurity of industrial cyber-physical systems: A review,abstract,development,1,17,0.058823529411764705,9,1.3467874862246563,0.07922279330733271
88,cyber security,Cybersecurity of industrial cyber-physical systems: A review,abstract,cyber,1,17,0.058823529411764705,29,0.8386319977650251,0.04933129398617794
89,cyber security,"Artificial intelligence in cyber security: Research advances, challenges, and opportunities.",title,artificial,1,8,0.125,6,1.5228787452803376,0.1903598431600422
89,cyber security,"Artificial intelligence in cyber security: Research advances, challenges, and opportunities.",title,intelligence,1,8,0.125,6,1.5228787452803376,0.1903598431600422
89,cyber security,"Artificial intelligence in cyber security: Research advances, challenges, and opportunities.",title,cyber,1,8,0.125,29,0.8386319977650251,0.10482899972062813
89,cyber security,"Artificial intelligence in cyber security: Research advances, challenges, and opportunities.",title,security,1,8,0.125,31,0.8096683018297085,0.10120853772871356
89,cyber security,"Artificial intelligence in cyber security: Research advances, challenges, and opportunities.",title,research,1,8,0.125,12,1.2218487496163564,0.15273109370204455
89,cyber security,"Artificial intelligence in cyber security: Research advances, challenges, and opportunities.",title,advances,1,8,0.125,1,2.3010299956639813,0.28762874945799766
89,cyber security,"Artificial intelligence in cyber security: Research advances, challenges, and opportunities.",title,challenges,1,8,0.125,9,1.3467874862246563,0.16834843577808203
89,cyber security,"Artificial intelligence in cyber security: Research advances, challenges, and opportunities.",title,opportunities,1,8,0.125,3,1.8239087409443189,0.22798859261803986
89,cyber security,"Artificial intelligence in cyber security: Research advances, challenges, and opportunities.",abstract,cyber,2,20,0.1,29,0.8386319977650251,0.08386319977650251
89,cyber security,"Artificial intelligence in cyber security: Research advances, challenges, and opportunities.",abstract,security,3,20,0.15,31,0.8096683018297085,0.12145024527445628
89,cyber security,"Artificial intelligence in cyber security: Research advances, challenges, and opportunities.",abstract,mentioned,1,20,0.05,1,2.3010299956639813,0.11505149978319906
89,cyber security,"Artificial intelligence in cyber security: Research advances, challenges, and opportunities.",abstract,paper,1,20,0.05,4,1.6989700043360187,0.08494850021680095
89,cyber security,"Artificial intelligence in cyber security: Research advances, challenges, and opportunities.",abstract,includes,1,20,0.05,1,2.3010299956639813,0.11505149978319906
89,cyber security,"Artificial intelligence in cyber security: Research advances, challenges, and opportunities.",abstract,threats,2,20,0.1,7,1.4559319556497243,0.14559319556497244
89,cyber security,"Artificial intelligence in cyber security: Research advances, challenges, and opportunities.",abstract,outside2,1,20,0.05,1,2.3010299956639813,0.11505149978319906
89,cyber security,"Artificial intelligence in cyber security: Research advances, challenges, and opportunities.",abstract,within,1,20,0.05,3,1.8239087409443189,0.09119543704721594
89,cyber security,"Artificial intelligence in cyber security: Research advances, challenges, and opportunities.",abstract,systems,2,20,0.1,5,1.6020599913279623,0.16020599913279623
89,cyber security,"Artificial intelligence in cyber security: Research advances, challenges, and opportunities.",abstract,known,1,20,0.05,3,1.8239087409443189,0.09119543704721594
89,cyber security,"Artificial intelligence in cyber security: Research advances, challenges, and opportunities.",abstract,network,1,20,0.05,1,2.3010299956639813,0.11505149978319906
89,cyber security,"Artificial intelligence in cyber security: Research advances, challenges, and opportunities.",abstract,so,1,20,0.05,1,2.3010299956639813,0.11505149978319906
89,cyber security,"Artificial intelligence in cyber security: Research advances, challenges, and opportunities.",abstract,goal,1,20,0.05,2,2.0,0.1
89,cyber security,"Artificial intelligence in cyber security: Research advances, challenges, and opportunities.",abstract,protect,1,20,0.05,1,2.3010299956639813,0.11505149978319906
89,cyber security,"Artificial intelligence in cyber security: Research advances, challenges, and opportunities.",abstract,much,1,20,0.05,2,2.0,0.1
90,cyber security,Deep reinforcement learning for cyber security,title,deep,1,5,0.2,13,1.1870866433571445,0.23741732867142892
90,cyber security,Deep reinforcement learning for cyber security,title,reinforcement,1,5,0.2,1,2.3010299956639813,0.46020599913279625
90,cyber security,Deep reinforcement learning for cyber security,title,learning,1,5,0.2,63,0.5016894462103995,0.1003378892420799
90,cyber security,Deep reinforcement learning for cyber security,title,cyber,1,5,0.2,29,0.8386319977650251,0.16772639955300503
90,cyber security,Deep reinforcement learning for cyber security,title,security,1,5,0.2,31,0.8096683018297085,0.1619336603659417
90,cyber security,Deep reinforcement learning for cyber security,abstract,especially,1,21,0.047619047619047616,1,2.3010299956639813,0.10957285693638005
90,cyber security,Deep reinforcement learning for cyber security,abstract,high,1,21,0.047619047619047616,3,1.8239087409443189,0.08685279718782471
90,cyber security,Deep reinforcement learning for cyber security,abstract,dimensional,1,21,0.047619047619047616,1,2.3010299956639813,0.10957285693638005
90,cyber security,Deep reinforcement learning for cyber security,abstract,cyber,3,21,0.14285714285714285,29,0.8386319977650251,0.11980457110928928
90,cyber security,Deep reinforcement learning for cyber security,abstract,defense,1,21,0.047619047619047616,1,2.3010299956639813,0.10957285693638005
90,cyber security,Deep reinforcement learning for cyber security,abstract,problems,1,21,0.047619047619047616,2,2.0,0.09523809523809523
90,cyber security,Deep reinforcement learning for cyber security,abstract,article,1,21,0.047619047619047616,4,1.6989700043360187,0.08090333353981041
90,cyber security,Deep reinforcement learning for cyber security,abstract,presents,1,21,0.047619047619047616,2,2.0,0.09523809523809523
90,cyber security,Deep reinforcement learning for cyber security,abstract,security,2,21,0.09523809523809523,31,0.8096683018297085,0.07711126684092462
90,cyber security,Deep reinforcement learning for cyber security,abstract,we,1,21,0.047619047619047616,28,0.853871964321762,0.040660569729607715
90,cyber security,Deep reinforcement learning for cyber security,abstract,touch,1,21,0.047619047619047616,1,2.3010299956639813,0.10957285693638005
90,cyber security,Deep reinforcement learning for cyber security,abstract,different,1,21,0.047619047619047616,2,2.0,0.09523809523809523
90,cyber security,Deep reinforcement learning for cyber security,abstract,vital,1,21,0.047619047619047616,3,1.8239087409443189,0.08685279718782471
90,cyber security,Deep reinforcement learning for cyber security,abstract,aspects,1,21,0.047619047619047616,2,2.0,0.09523809523809523
90,cyber security,Deep reinforcement learning for cyber security,abstract,including,1,21,0.047619047619047616,3,1.8239087409443189,0.08685279718782471
90,cyber security,Deep reinforcement learning for cyber security,abstract,drl,1,21,0.047619047619047616,1,2.3010299956639813,0.10957285693638005
90,cyber security,Deep reinforcement learning for cyber security,abstract,based,1,21,0.047619047619047616,18,1.045757490560675,0.049797975740984525
90,cyber security,Deep reinforcement learning for cyber security,abstract,methods,1,21,0.047619047619047616,3,1.8239087409443189,0.08685279718782471
91,cyber security,The role of user behaviour in improving cyber security management,title,role,1,7,0.14285714285714285,5,1.6020599913279623,0.22886571304685174
91,cyber security,The role of user behaviour in improving cyber security management,title,user,1,7,0.14285714285714285,9,1.3467874862246563,0.19239821231780802
91,cyber security,The role of user behaviour in improving cyber security management,title,behaviour,1,7,0.14285714285714285,1,2.3010299956639813,0.3287185708091402
91,cyber security,The role of user behaviour in improving cyber security management,title,improving,1,7,0.14285714285714285,1,2.3010299956639813,0.3287185708091402
91,cyber security,The role of user behaviour in improving cyber security management,title,cyber,1,7,0.14285714285714285,29,0.8386319977650251,0.11980457110928928
91,cyber security,The role of user behaviour in improving cyber security management,title,security,1,7,0.14285714285714285,31,0.8096683018297085,0.11566690026138693
91,cyber security,The role of user behaviour in improving cyber security management,title,management,1,7,0.14285714285714285,2,2.0,0.2857142857142857
91,cyber security,The role of user behaviour in improving cyber security management,abstract,complying,1,21,0.047619047619047616,1,2.3010299956639813,0.10957285693638005
91,cyber security,The role of user behaviour in improving cyber security management,abstract,security,3,21,0.14285714285714285,31,0.8096683018297085,0.11566690026138693
91,cyber security,The role of user behaviour in improving cyber security management,abstract,policies,1,21,0.047619047619047616,2,2.0,0.09523809523809523
91,cyber security,The role of user behaviour in improving cyber security management,abstract,second,1,21,0.047619047619047616,2,2.0,0.09523809523809523
91,cyber security,The role of user behaviour in improving cyber security management,abstract,we,2,21,0.09523809523809523,28,0.853871964321762,0.08132113945921543
91,cyber security,The role of user behaviour in improving cyber security management,abstract,discuss,2,21,0.09523809523809523,3,1.8239087409443189,0.17370559437564942
91,cyber security,The role of user behaviour in improving cyber security management,abstract,kinds,1,21,0.047619047619047616,3,1.8239087409443189,0.08685279718782471
91,cyber security,The role of user behaviour in improving cyber security management,abstract,cyber,2,21,0.09523809523809523,29,0.8386319977650251,0.07986971407285952
91,cyber security,The role of user behaviour in improving cyber security management,abstract,errors,1,21,0.047619047619047616,1,2.3010299956639813,0.10957285693638005
91,cyber security,The role of user behaviour in improving cyber security management,abstract,done,1,21,0.047619047619047616,1,2.3010299956639813,0.10957285693638005
91,cyber security,The role of user behaviour in improving cyber security management,abstract,third,1,21,0.047619047619047616,1,2.3010299956639813,0.10957285693638005
91,cyber security,The role of user behaviour in improving cyber security management,abstract,individual,1,21,0.047619047619047616,1,2.3010299956639813,0.10957285693638005
91,cyber security,The role of user behaviour in improving cyber security management,abstract,differences,1,21,0.047619047619047616,1,2.3010299956639813,0.10957285693638005
91,cyber security,The role of user behaviour in improving cyber security management,abstract,underlying,1,21,0.047619047619047616,2,2.0,0.09523809523809523
91,cyber security,The role of user behaviour in improving cyber security management,abstract,behaviours,1,21,0.047619047619047616,1,2.3010299956639813,0.10957285693638005
91,cyber security,The role of user behaviour in improving cyber security management,abstract,computer,1,21,0.047619047619047616,3,1.8239087409443189,0.08685279718782471
92,cyber security,Artificial intelligence-based cyber security in the context of industry 4.0—a survey,title,artificial,1,8,0.125,6,1.5228787452803376,0.1903598431600422
92,cyber security,Artificial intelligence-based cyber security in the context of industry 4.0—a survey,title,intelligence,1,8,0.125,6,1.5228787452803376,0.1903598431600422
92,cyber security,Artificial intelligence-based cyber security in the context of industry 4.0—a survey,title,based,1,8,0.125,18,1.045757490560675,0.13071968632008438
92,cyber security,Artificial intelligence-based cyber security in the context of industry 4.0—a survey,title,cyber,1,8,0.125,29,0.8386319977650251,0.10482899972062813
92,cyber security,Artificial intelligence-based cyber security in the context of industry 4.0—a survey,title,security,1,8,0.125,31,0.8096683018297085,0.10120853772871356
92,cyber security,Artificial intelligence-based cyber security in the context of industry 4.0—a survey,title,context,1,8,0.125,2,2.0,0.25
92,cyber security,Artificial intelligence-based cyber security in the context of industry 4.0—a survey,title,industry,1,8,0.125,3,1.8239087409443189,0.22798859261803986
92,cyber security,Artificial intelligence-based cyber security in the context of industry 4.0—a survey,title,survey,1,8,0.125,10,1.3010299956639813,0.16262874945799766
92,cyber security,Artificial intelligence-based cyber security in the context of industry 4.0—a survey,abstract,technology,1,20,0.05,7,1.4559319556497243,0.07279659778248622
92,cyber security,Artificial intelligence-based cyber security in the context of industry 4.0—a survey,abstract,has,1,20,0.05,12,1.2218487496163564,0.06109243748081782
92,cyber security,Artificial intelligence-based cyber security in the context of industry 4.0—a survey,abstract,increased,1,20,0.05,1,2.3010299956639813,0.11505149978319906
92,cyber security,Artificial intelligence-based cyber security in the context of industry 4.0—a survey,abstract,cyber,5,20,0.25,29,0.8386319977650251,0.20965799944125627
92,cyber security,Artificial intelligence-based cyber security in the context of industry 4.0—a survey,abstract,attack,1,20,0.05,2,2.0,0.1
92,cyber security,Artificial intelligence-based cyber security in the context of industry 4.0—a survey,abstract,surface,1,20,0.05,1,2.3010299956639813,0.11505149978319906
92,cyber security,Artificial intelligence-based cyber security in the context of industry 4.0—a survey,abstract,criminals,1,20,0.05,2,2.0,0.1
92,cyber security,Artificial intelligence-based cyber security in the context of industry 4.0—a survey,abstract,develop,1,20,0.05,3,1.8239087409443189,0.09119543704721594
92,cyber security,Artificial intelligence-based cyber security in the context of industry 4.0—a survey,abstract,knowledge,1,20,0.05,4,1.6989700043360187,0.08494850021680095
92,cyber security,Artificial intelligence-based cyber security in the context of industry 4.0—a survey,abstract,security,2,20,0.1,31,0.8096683018297085,0.08096683018297085
92,cyber security,Artificial intelligence-based cyber security in the context of industry 4.0—a survey,abstract,based,1,20,0.05,18,1.045757490560675,0.052287874528033754
92,cyber security,Artificial intelligence-based cyber security in the context of industry 4.0—a survey,abstract,attacks,1,20,0.05,9,1.3467874862246563,0.06733937431123281
92,cyber security,Artificial intelligence-based cyber security in the context of industry 4.0—a survey,abstract,analyze,1,20,0.05,3,1.8239087409443189,0.09119543704721594
92,cyber security,Artificial intelligence-based cyber security in the context of industry 4.0—a survey,abstract,them,1,20,0.05,1,2.3010299956639813,0.11505149978319906
92,cyber security,Artificial intelligence-based cyber security in the context of industry 4.0—a survey,abstract,deriving,1,20,0.05,1,2.3010299956639813,0.11505149978319906
93,cyber security,"Navigating the cyber security landscape: A comprehensive review of cyber-attacks, emerging trends, and recent developments",title,navigating,1,12,0.08333333333333333,1,2.3010299956639813,0.19175249963866509
93,cyber security,"Navigating the cyber security landscape: A comprehensive review of cyber-attacks, emerging trends, and recent developments",title,cyber,2,12,0.16666666666666666,29,0.8386319977650251,0.13977199962750417
93,cyber security,"Navigating the cyber security landscape: A comprehensive review of cyber-attacks, emerging trends, and recent developments",title,security,1,12,0.08333333333333333,31,0.8096683018297085,0.06747235848580904
93,cyber security,"Navigating the cyber security landscape: A comprehensive review of cyber-attacks, emerging trends, and recent developments",title,landscape,1,12,0.08333333333333333,1,2.3010299956639813,0.19175249963866509
93,cyber security,"Navigating the cyber security landscape: A comprehensive review of cyber-attacks, emerging trends, and recent developments",title,comprehensive,1,12,0.08333333333333333,5,1.6020599913279623,0.13350499927733017
93,cyber security,"Navigating the cyber security landscape: A comprehensive review of cyber-attacks, emerging trends, and recent developments",title,review,1,12,0.08333333333333333,26,0.8860566476931633,0.07383805397443027
93,cyber security,"Navigating the cyber security landscape: A comprehensive review of cyber-attacks, emerging trends, and recent developments",title,attacks,1,12,0.08333333333333333,9,1.3467874862246563,0.11223229051872136
93,cyber security,"Navigating the cyber security landscape: A comprehensive review of cyber-attacks, emerging trends, and recent developments",title,emerging,1,12,0.08333333333333333,2,2.0,0.16666666666666666
93,cyber security,"Navigating the cyber security landscape: A comprehensive review of cyber-attacks, emerging trends, and recent developments",title,trends,1,12,0.08333333333333333,4,1.6989700043360187,0.14158083369466823
93,cyber security,"Navigating the cyber security landscape: A comprehensive review of cyber-attacks, emerging trends, and recent developments",title,recent,1,12,0.08333333333333333,5,1.6020599913279623,0.13350499927733017
93,cyber security,"Navigating the cyber security landscape: A comprehensive review of cyber-attacks, emerging trends, and recent developments",title,developments,1,12,0.08333333333333333,2,2.0,0.16666666666666666
93,cyber security,"Navigating the cyber security landscape: A comprehensive review of cyber-attacks, emerging trends, and recent developments",abstract,has,1,18,0.05555555555555555,12,1.2218487496163564,0.06788048608979758
93,cyber security,"Navigating the cyber security landscape: A comprehensive review of cyber-attacks, emerging trends, and recent developments",abstract,heightened,1,18,0.05555555555555555,1,2.3010299956639813,0.12783499975911006
93,cyber security,"Navigating the cyber security landscape: A comprehensive review of cyber-attacks, emerging trends, and recent developments",abstract,security,1,18,0.05555555555555555,31,0.8096683018297085,0.04498157232387269
93,cyber security,"Navigating the cyber security landscape: A comprehensive review of cyber-attacks, emerging trends, and recent developments",abstract,concerns,1,18,0.05555555555555555,1,2.3010299956639813,0.12783499975911006
93,cyber security,"Navigating the cyber security landscape: A comprehensive review of cyber-attacks, emerging trends, and recent developments",abstract,cyberspace,1,18,0.05555555555555555,1,2.3010299956639813,0.12783499975911006
93,cyber security,"Navigating the cyber security landscape: A comprehensive review of cyber-attacks, emerging trends, and recent developments",abstract,trend,1,18,0.05555555555555555,1,2.3010299956639813,0.12783499975911006
93,cyber security,"Navigating the cyber security landscape: A comprehensive review of cyber-attacks, emerging trends, and recent developments",abstract,cyber,2,18,0.1111111111111111,29,0.8386319977650251,0.09318133308500277
93,cyber security,"Navigating the cyber security landscape: A comprehensive review of cyber-attacks, emerging trends, and recent developments",abstract,criminals,1,18,0.05555555555555555,2,2.0,0.1111111111111111
93,cyber security,"Navigating the cyber security landscape: A comprehensive review of cyber-attacks, emerging trends, and recent developments",abstract,offering,1,18,0.05555555555555555,2,2.0,0.1111111111111111
93,cyber security,"Navigating the cyber security landscape: A comprehensive review of cyber-attacks, emerging trends, and recent developments",abstract,these,1,18,0.05555555555555555,10,1.3010299956639813,0.0722794442035545
93,cyber security,"Navigating the cyber security landscape: A comprehensive review of cyber-attacks, emerging trends, and recent developments",abstract,attacks,1,18,0.05555555555555555,9,1.3467874862246563,0.0748215270124809
93,cyber security,"Navigating the cyber security landscape: A comprehensive review of cyber-attacks, emerging trends, and recent developments",abstract,emphasizing,1,18,0.05555555555555555,1,2.3010299956639813,0.12783499975911006
93,cyber security,"Navigating the cyber security landscape: A comprehensive review of cyber-attacks, emerging trends, and recent developments",abstract,need,1,18,0.05555555555555555,1,2.3010299956639813,0.12783499975911006
93,cyber security,"Navigating the cyber security landscape: A comprehensive review of cyber-attacks, emerging trends, and recent developments",abstract,robust,1,18,0.05555555555555555,2,2.0,0.1111111111111111
93,cyber security,"Navigating the cyber security landscape: A comprehensive review of cyber-attacks, emerging trends, and recent developments",abstract,cybersecurity,1,18,0.05555555555555555,10,1.3010299956639813,0.0722794442035545
93,cyber security,"Navigating the cyber security landscape: A comprehensive review of cyber-attacks, emerging trends, and recent developments",abstract,defenses,1,18,0.05555555555555555,1,2.3010299956639813,0.12783499975911006
93,cyber security,"Navigating the cyber security landscape: A comprehensive review of cyber-attacks, emerging trends, and recent developments",abstract,landscape,1,18,0.05555555555555555,1,2.3010299956639813,0.12783499975911006
94,cyber security,Evaluating the cyber security readiness of organizations and its influence on performance,title,evaluating,1,8,0.125,3,1.8239087409443189,0.22798859261803986
94,cyber security,Evaluating the cyber security readiness of organizations and its influence on performance,title,cyber,1,8,0.125,29,0.8386319977650251,0.10482899972062813
94,cyber security,Evaluating the cyber security readiness of organizations and its influence on performance,title,security,1,8,0.125,31,0.8096683018297085,0.10120853772871356
94,cyber security,Evaluating the cyber security readiness of organizations and its influence on performance,title,readiness,1,8,0.125,1,2.3010299956639813,0.28762874945799766
94,cyber security,Evaluating the cyber security readiness of organizations and its influence on performance,title,organizations,1,8,0.125,1,2.3010299956639813,0.28762874945799766
94,cyber security,Evaluating the cyber security readiness of organizations and its influence on performance,title,its,1,8,0.125,4,1.6989700043360187,0.21237125054200234
94,cyber security,Evaluating the cyber security readiness of organizations and its influence on performance,title,influence,1,8,0.125,1,2.3010299956639813,0.28762874945799766
94,cyber security,Evaluating the cyber security readiness of organizations and its influence on performance,title,performance,1,8,0.125,5,1.6020599913279623,0.20025749891599529
94,cyber security,Evaluating the cyber security readiness of organizations and its influence on performance,abstract,their,1,20,0.05,11,1.2596373105057561,0.06298186552528781
94,cyber security,Evaluating the cyber security readiness of organizations and its influence on performance,abstract,cyber,4,20,0.2,29,0.8386319977650251,0.16772639955300503
94,cyber security,Evaluating the cyber security readiness of organizations and its influence on performance,abstract,security,3,20,0.15,31,0.8096683018297085,0.12145024527445628
94,cyber security,Evaluating the cyber security readiness of organizations and its influence on performance,abstract,prevent,1,20,0.05,1,2.3010299956639813,0.11505149978319906
94,cyber security,Evaluating the cyber security readiness of organizations and its influence on performance,abstract,combat,1,20,0.05,1,2.3010299956639813,0.11505149978319906
94,cyber security,Evaluating the cyber security readiness of organizations and its influence on performance,abstract,attacks,1,20,0.05,9,1.3467874862246563,0.06733937431123281
94,cyber security,Evaluating the cyber security readiness of organizations and its influence on performance,abstract,but,1,20,0.05,3,1.8239087409443189,0.09119543704721594
94,cyber security,Evaluating the cyber security readiness of organizations and its influence on performance,abstract,studies,1,20,0.05,6,1.5228787452803376,0.07614393726401689
94,cyber security,Evaluating the cyber security readiness of organizations and its influence on performance,abstract,factors,2,20,0.1,5,1.6020599913279623,0.16020599913279623
94,cyber security,Evaluating the cyber security readiness of organizations and its influence on performance,abstract,impacting,1,20,0.05,1,2.3010299956639813,0.11505149978319906
94,cyber security,Evaluating the cyber security readiness of organizations and its influence on performance,abstract,set,1,20,0.05,3,1.8239087409443189,0.09119543704721594
94,cyber security,Evaluating the cyber security readiness of organizations and its influence on performance,abstract,influencing,1,20,0.05,2,2.0,0.1
94,cyber security,Evaluating the cyber security readiness of organizations and its influence on performance,abstract,readiness,1,20,0.05,1,2.3010299956639813,0.11505149978319906
94,cyber security,Evaluating the cyber security readiness of organizations and its influence on performance,abstract,organizations,1,20,0.05,1,2.3010299956639813,0.11505149978319906
95,cyber security,Cybersecurity risk,title,cybersecurity,1,2,0.5,10,1.3010299956639813,0.6505149978319906
95,cyber security,Cybersecurity risk,title,risk,1,2,0.5,2,2.0,1.0
95,cyber security,Cybersecurity risk,abstract,based,1,18,0.05555555555555555,18,1.045757490560675,0.058097638364481945
95,cyber security,Cybersecurity risk,abstract,textual,1,18,0.05555555555555555,1,2.3010299956639813,0.12783499975911006
95,cyber security,Cybersecurity risk,abstract,analysis,1,18,0.05555555555555555,13,1.1870866433571445,0.0659492579642858
95,cyber security,Cybersecurity risk,abstract,comparison,1,18,0.05555555555555555,1,2.3010299956639813,0.12783499975911006
95,cyber security,Cybersecurity risk,abstract,cybersecurity,2,18,0.1111111111111111,10,1.3010299956639813,0.144558888407109
95,cyber security,Cybersecurity risk,abstract,risk,1,18,0.05555555555555555,2,2.0,0.1111111111111111
95,cyber security,Cybersecurity risk,abstract,disclosures,1,18,0.05555555555555555,1,2.3010299956639813,0.12783499975911006
95,cyber security,Cybersecurity risk,abstract,firms,1,18,0.05555555555555555,1,2.3010299956639813,0.12783499975911006
95,cyber security,Cybersecurity risk,abstract,hacked,1,18,0.05555555555555555,1,2.3010299956639813,0.12783499975911006
95,cyber security,Cybersecurity risk,abstract,others,1,18,0.05555555555555555,2,2.0,0.1111111111111111
95,cyber security,Cybersecurity risk,abstract,not,1,18,0.05555555555555555,7,1.4559319556497243,0.0808851086472069
95,cyber security,Cybersecurity risk,abstract,we,1,18,0.05555555555555555,28,0.853871964321762,0.047437331351209
95,cyber security,Cybersecurity risk,abstract,propose,1,18,0.05555555555555555,1,2.3010299956639813,0.12783499975911006
95,cyber security,Cybersecurity risk,abstract,novel,1,18,0.05555555555555555,2,2.0,0.1111111111111111
95,cyber security,Cybersecurity risk,abstract,firm,1,18,0.05555555555555555,1,2.3010299956639813,0.12783499975911006
95,cyber security,Cybersecurity risk,abstract,level,1,18,0.05555555555555555,2,2.0,0.1111111111111111
95,cyber security,Cybersecurity risk,abstract,measure,1,18,0.05555555555555555,1,2.3010299956639813,0.12783499975911006
96,cyber security,Artificial intelligence in cyber security,title,artificial,1,4,0.25,6,1.5228787452803376,0.3807196863200844
96,cyber security,Artificial intelligence in cyber security,title,intelligence,1,4,0.25,6,1.5228787452803376,0.3807196863200844
96,cyber security,Artificial intelligence in cyber security,title,cyber,1,4,0.25,29,0.8386319977650251,0.20965799944125627
96,cyber security,Artificial intelligence in cyber security,title,security,1,4,0.25,31,0.8096683018297085,0.20241707545742713
96,cyber security,Artificial intelligence in cyber security,abstract,security,3,17,0.17647058823529413,31,0.8096683018297085,0.14288264149936034
96,cyber security,Artificial intelligence in cyber security,abstract,preparation,1,17,0.058823529411764705,2,2.0,0.11764705882352941
96,cyber security,Artificial intelligence in cyber security,abstract,instance,1,17,0.058823529411764705,1,2.3010299956639813,0.13535470562729301
96,cyber security,Artificial intelligence in cyber security,abstract,cyber,1,17,0.058823529411764705,29,0.8386319977650251,0.04933129398617794
96,cyber security,Artificial intelligence in cyber security,abstract,device,1,17,0.058823529411764705,1,2.3010299956639813,0.13535470562729301
96,cyber security,Artificial intelligence in cyber security,abstract,specialist,1,17,0.058823529411764705,1,2.3010299956639813,0.13535470562729301
96,cyber security,Artificial intelligence in cyber security,abstract,one,1,17,0.058823529411764705,4,1.6989700043360187,0.0999394120197658
96,cyber security,Artificial intelligence in cyber security,abstract,skilled,1,17,0.058823529411764705,1,2.3010299956639813,0.13535470562729301
96,cyber security,Artificial intelligence in cyber security,abstract,system,1,17,0.058823529411764705,6,1.5228787452803376,0.08958110266354927
96,cyber security,Artificial intelligence in cyber security,abstract,enables,1,17,0.058823529411764705,1,2.3010299956639813,0.13535470562729301
96,cyber security,Artificial intelligence in cyber security,abstract,substantially,1,17,0.058823529411764705,1,2.3010299956639813,0.13535470562729301
96,cyber security,Artificial intelligence in cyber security,abstract,collection,1,17,0.058823529411764705,1,2.3010299956639813,0.13535470562729301
96,cyber security,Artificial intelligence in cyber security,abstract,instruction,1,17,0.058823529411764705,1,2.3010299956639813,0.13535470562729301
96,cyber security,Artificial intelligence in cyber security,abstract,initiatives,1,17,0.058823529411764705,1,2.3010299956639813,0.13535470562729301
96,cyber security,Artificial intelligence in cyber security,abstract,optimize,1,17,0.058823529411764705,1,2.3010299956639813,0.13535470562729301
97,cyber security,Cyber resilience and cyber security issues of intelligent cloud computing systems,title,cyber,2,9,0.2222222222222222,29,0.8386319977650251,0.18636266617000555
97,cyber security,Cyber resilience and cyber security issues of intelligent cloud computing systems,title,resilience,1,9,0.1111111111111111,1,2.3010299956639813,0.2556699995182201
97,cyber security,Cyber resilience and cyber security issues of intelligent cloud computing systems,title,security,1,9,0.1111111111111111,31,0.8096683018297085,0.08996314464774538
97,cyber security,Cyber resilience and cyber security issues of intelligent cloud computing systems,title,issues,1,9,0.1111111111111111,5,1.6020599913279623,0.17800666570310691
97,cyber security,Cyber resilience and cyber security issues of intelligent cloud computing systems,title,intelligent,1,9,0.1111111111111111,1,2.3010299956639813,0.2556699995182201
97,cyber security,Cyber resilience and cyber security issues of intelligent cloud computing systems,title,cloud,1,9,0.1111111111111111,1,2.3010299956639813,0.2556699995182201
97,cyber security,Cyber resilience and cyber security issues of intelligent cloud computing systems,title,computing,1,9,0.1111111111111111,2,2.0,0.2222222222222222
97,cyber security,Cyber resilience and cyber security issues of intelligent cloud computing systems,title,systems,1,9,0.1111111111111111,5,1.6020599913279623,0.17800666570310691
97,cyber security,Cyber resilience and cyber security issues of intelligent cloud computing systems,abstract,necessary,1,18,0.05555555555555555,1,2.3010299956639813,0.12783499975911006
97,cyber security,Cyber resilience and cyber security issues of intelligent cloud computing systems,abstract,provide,1,18,0.05555555555555555,3,1.8239087409443189,0.10132826338579548
97,cyber security,Cyber resilience and cyber security issues of intelligent cloud computing systems,abstract,cyber,3,18,0.16666666666666666,29,0.8386319977650251,0.13977199962750417
97,cyber security,Cyber resilience and cyber security issues of intelligent cloud computing systems,abstract,security,3,18,0.16666666666666666,31,0.8096683018297085,0.13494471697161808
97,cyber security,Cyber resilience and cyber security issues of intelligent cloud computing systems,abstract,cloud,1,18,0.05555555555555555,1,2.3010299956639813,0.12783499975911006
97,cyber security,Cyber resilience and cyber security issues of intelligent cloud computing systems,abstract,computing,1,18,0.05555555555555555,2,2.0,0.1111111111111111
97,cyber security,Cyber resilience and cyber security issues of intelligent cloud computing systems,abstract,according,1,18,0.05555555555555555,1,2.3010299956639813,0.12783499975911006
97,cyber security,Cyber resilience and cyber security issues of intelligent cloud computing systems,abstract,technology,1,18,0.05555555555555555,7,1.4559319556497243,0.0808851086472069
97,cyber security,Cyber resilience and cyber security issues of intelligent cloud computing systems,abstract,accurately,1,18,0.05555555555555555,1,2.3010299956639813,0.12783499975911006
97,cyber security,Cyber resilience and cyber security issues of intelligent cloud computing systems,abstract,identify,1,18,0.05555555555555555,3,1.8239087409443189,0.10132826338579548
97,cyber security,Cyber resilience and cyber security issues of intelligent cloud computing systems,abstract,its,1,18,0.05555555555555555,4,1.6989700043360187,0.09438722246311215
97,cyber security,Cyber resilience and cyber security issues of intelligent cloud computing systems,abstract,threats,1,18,0.05555555555555555,7,1.4559319556497243,0.0808851086472069
97,cyber security,Cyber resilience and cyber security issues of intelligent cloud computing systems,abstract,paper,1,18,0.05555555555555555,4,1.6989700043360187,0.09438722246311215
97,cyber security,Cyber resilience and cyber security issues of intelligent cloud computing systems,abstract,new,1,18,0.05555555555555555,11,1.2596373105057561,0.06997985058365311
98,cyber security,Role of AI and its impact on the development of cyber security applications,title,role,1,8,0.125,5,1.6020599913279623,0.20025749891599529
98,cyber security,Role of AI and its impact on the development of cyber security applications,title,ai,1,8,0.125,2,2.0,0.25
98,cyber security,Role of AI and its impact on the development of cyber security applications,title,its,1,8,0.125,4,1.6989700043360187,0.21237125054200234
98,cyber security,Role of AI and its impact on the development of cyber security applications,title,impact,1,8,0.125,2,2.0,0.25
98,cyber security,Role of AI and its impact on the development of cyber security applications,title,development,1,8,0.125,9,1.3467874862246563,0.16834843577808203
98,cyber security,Role of AI and its impact on the development of cyber security applications,title,cyber,1,8,0.125,29,0.8386319977650251,0.10482899972062813
98,cyber security,Role of AI and its impact on the development of cyber security applications,title,security,1,8,0.125,31,0.8096683018297085,0.10120853772871356
98,cyber security,Role of AI and its impact on the development of cyber security applications,title,applications,1,8,0.125,27,0.8696662315049939,0.10870827893812424
98,cyber security,Role of AI and its impact on the development of cyber security applications,abstract,its,1,22,0.045454545454545456,4,1.6989700043360187,0.07722590928800085
98,cyber security,Role of AI and its impact on the development of cyber security applications,abstract,impact,1,22,0.045454545454545456,2,2.0,0.09090909090909091
98,cyber security,Role of AI and its impact on the development of cyber security applications,abstract,cyber,3,22,0.13636363636363635,29,0.8386319977650251,0.11435890878613977
98,cyber security,Role of AI and its impact on the development of cyber security applications,abstract,security,3,22,0.13636363636363635,31,0.8096683018297085,0.11040931388586933
98,cyber security,Role of AI and its impact on the development of cyber security applications,abstract,well,1,22,0.045454545454545456,3,1.8239087409443189,0.08290494277019632
98,cyber security,Role of AI and its impact on the development of cyber security applications,abstract,discuss,1,22,0.045454545454545456,3,1.8239087409443189,0.08290494277019632
98,cyber security,Role of AI and its impact on the development of cyber security applications,abstract,various,1,22,0.045454545454545456,4,1.6989700043360187,0.07722590928800085
98,cyber security,Role of AI and its impact on the development of cyber security applications,abstract,applications,1,22,0.045454545454545456,27,0.8696662315049939,0.039530283250227
98,cyber security,Role of AI and its impact on the development of cyber security applications,abstract,ai,2,22,0.09090909090909091,2,2.0,0.18181818181818182
98,cyber security,Role of AI and its impact on the development of cyber security applications,abstract,detail,1,22,0.045454545454545456,1,2.3010299956639813,0.10459227253018097
98,cyber security,Role of AI and its impact on the development of cyber security applications,abstract,artificial,1,22,0.045454545454545456,6,1.5228787452803376,0.06922176114910626
98,cyber security,Role of AI and its impact on the development of cyber security applications,abstract,intelligence,1,22,0.045454545454545456,6,1.5228787452803376,0.06922176114910626
98,cyber security,Role of AI and its impact on the development of cyber security applications,abstract,how,1,22,0.045454545454545456,8,1.3979400086720377,0.06354272766691081
98,cyber security,Role of AI and its impact on the development of cyber security applications,abstract,has,1,22,0.045454545454545456,12,1.2218487496163564,0.0555385795280162
98,cyber security,Role of AI and its impact on the development of cyber security applications,abstract,evolved,1,22,0.045454545454545456,1,2.3010299956639813,0.10459227253018097
98,cyber security,Role of AI and its impact on the development of cyber security applications,abstract,providing,1,22,0.045454545454545456,2,2.0,0.09090909090909091
98,cyber security,Role of AI and its impact on the development of cyber security applications,abstract,better,1,22,0.045454545454545456,3,1.8239087409443189,0.08290494277019632
99,cyber security,"Review on cyber-physical and cyber-security system in smart grid: Standards, protocols, constraints, and recommendations",title,review,1,12,0.08333333333333333,26,0.8860566476931633,0.07383805397443027
99,cyber security,"Review on cyber-physical and cyber-security system in smart grid: Standards, protocols, constraints, and recommendations",title,cyber,2,12,0.16666666666666666,29,0.8386319977650251,0.13977199962750417
99,cyber security,"Review on cyber-physical and cyber-security system in smart grid: Standards, protocols, constraints, and recommendations",title,physical,1,12,0.08333333333333333,2,2.0,0.16666666666666666
99,cyber security,"Review on cyber-physical and cyber-security system in smart grid: Standards, protocols, constraints, and recommendations",title,security,1,12,0.08333333333333333,31,0.8096683018297085,0.06747235848580904
99,cyber security,"Review on cyber-physical and cyber-security system in smart grid: Standards, protocols, constraints, and recommendations",title,system,1,12,0.08333333333333333,6,1.5228787452803376,0.1269065621066948
99,cyber security,"Review on cyber-physical and cyber-security system in smart grid: Standards, protocols, constraints, and recommendations",title,smart,1,12,0.08333333333333333,7,1.4559319556497243,0.12132766297081035
99,cyber security,"Review on cyber-physical and cyber-security system in smart grid: Standards, protocols, constraints, and recommendations",title,grid,1,12,0.08333333333333333,1,2.3010299956639813,0.19175249963866509
99,cyber security,"Review on cyber-physical and cyber-security system in smart grid: Standards, protocols, constraints, and recommendations",title,standards,1,12,0.08333333333333333,2,2.0,0.16666666666666666
99,cyber security,"Review on cyber-physical and cyber-security system in smart grid: Standards, protocols, constraints, and recommendations",title,protocols,1,12,0.08333333333333333,1,2.3010299956639813,0.19175249963866509
99,cyber security,"Review on cyber-physical and cyber-security system in smart grid: Standards, protocols, constraints, and recommendations",title,constraints,1,12,0.08333333333333333,1,2.3010299956639813,0.19175249963866509
99,cyber security,"Review on cyber-physical and cyber-security system in smart grid: Standards, protocols, constraints, and recommendations",title,recommendations,1,12,0.08333333333333333,2,2.0,0.16666666666666666
99,cyber security,"Review on cyber-physical and cyber-security system in smart grid: Standards, protocols, constraints, and recommendations",abstract,cyber,5,21,0.23809523809523808,29,0.8386319977650251,0.1996742851821488
99,cyber security,"Review on cyber-physical and cyber-security system in smart grid: Standards, protocols, constraints, and recommendations",abstract,security,3,21,0.14285714285714285,31,0.8096683018297085,0.11566690026138693
99,cyber security,"Review on cyber-physical and cyber-security system in smart grid: Standards, protocols, constraints, and recommendations",abstract,principles,1,21,0.047619047619047616,1,2.3010299956639813,0.10957285693638005
99,cyber security,"Review on cyber-physical and cyber-security system in smart grid: Standards, protocols, constraints, and recommendations",abstract,standards,1,21,0.047619047619047616,2,2.0,0.09523809523809523
99,cyber security,"Review on cyber-physical and cyber-security system in smart grid: Standards, protocols, constraints, and recommendations",abstract,protocols,1,21,0.047619047619047616,1,2.3010299956639813,0.10957285693638005
99,cyber security,"Review on cyber-physical and cyber-security system in smart grid: Standards, protocols, constraints, and recommendations",abstract,finally,1,21,0.047619047619047616,3,1.8239087409443189,0.08685279718782471
99,cyber security,"Review on cyber-physical and cyber-security system in smart grid: Standards, protocols, constraints, and recommendations",abstract,we,1,21,0.047619047619047616,28,0.853871964321762,0.040660569729607715
99,cyber security,"Review on cyber-physical and cyber-security system in smart grid: Standards, protocols, constraints, and recommendations",abstract,discuss,1,21,0.047619047619047616,3,1.8239087409443189,0.08685279718782471
99,cyber security,"Review on cyber-physical and cyber-security system in smart grid: Standards, protocols, constraints, and recommendations",abstract,some,1,21,0.047619047619047616,2,2.0,0.09523809523809523
99,cyber security,"Review on cyber-physical and cyber-security system in smart grid: Standards, protocols, constraints, and recommendations",abstract,challenges,1,21,0.047619047619047616,9,1.3467874862246563,0.06413273743926934
99,cyber security,"Review on cyber-physical and cyber-security system in smart grid: Standards, protocols, constraints, and recommendations",abstract,sg,1,21,0.047619047619047616,1,2.3010299956639813,0.10957285693638005
99,cyber security,"Review on cyber-physical and cyber-security system in smart grid: Standards, protocols, constraints, and recommendations",abstract,physical,1,21,0.047619047619047616,2,2.0,0.09523809523809523
99,cyber security,"Review on cyber-physical and cyber-security system in smart grid: Standards, protocols, constraints, and recommendations",abstract,systems,2,21,0.09523809523809523,5,1.6020599913279623,0.1525771420312345
99,cyber security,"Review on cyber-physical and cyber-security system in smart grid: Standards, protocols, constraints, and recommendations",abstract,attacks,1,21,0.047619047619047616,9,1.3467874862246563,0.06413273743926934
100,cyber security,Cyber risk and cybersecurity: a systematic review of data availability,title,cyber,1,7,0.14285714285714285,29,0.8386319977650251,0.11980457110928928
100,cyber security,Cyber risk and cybersecurity: a systematic review of data availability,title,risk,1,7,0.14285714285714285,2,2.0,0.2857142857142857
100,cyber security,Cyber risk and cybersecurity: a systematic review of data availability,title,cybersecurity,1,7,0.14285714285714285,10,1.3010299956639813,0.1858614279519973
100,cyber security,Cyber risk and cybersecurity: a systematic review of data availability,title,systematic,1,7,0.14285714285714285,14,1.1549019599857433,0.1649859942836776
100,cyber security,Cyber risk and cybersecurity: a systematic review of data availability,title,review,1,7,0.14285714285714285,26,0.8860566476931633,0.12657952109902332
100,cyber security,Cyber risk and cybersecurity: a systematic review of data availability,title,data,1,7,0.14285714285714285,27,0.8696662315049939,0.12423803307214198
100,cyber security,Cyber risk and cybersecurity: a systematic review of data availability,title,availability,1,7,0.14285714285714285,1,2.3010299956639813,0.3287185708091402
100,cyber security,Cyber risk and cybersecurity: a systematic review of data availability,abstract,cybersecurity,1,19,0.05263157894736842,10,1.3010299956639813,0.06847526292968321
100,cyber security,Cyber risk and cybersecurity: a systematic review of data availability,abstract,cyber,3,19,0.15789473684210525,29,0.8386319977650251,0.13241557859447764
100,cyber security,Cyber risk and cybersecurity: a systematic review of data availability,abstract,risk,1,19,0.05263157894736842,2,2.0,0.10526315789473684
100,cyber security,Cyber risk and cybersecurity: a systematic review of data availability,abstract,management,1,19,0.05263157894736842,2,2.0,0.10526315789473684
100,cyber security,Cyber risk and cybersecurity: a systematic review of data availability,abstract,particular,1,19,0.05263157894736842,1,2.3010299956639813,0.12110684187705163
100,cyber security,Cyber risk and cybersecurity: a systematic review of data availability,abstract,focus,1,19,0.05263157894736842,2,2.0,0.10526315789473684
100,cyber security,Cyber risk and cybersecurity: a systematic review of data availability,abstract,data,2,19,0.10526315789473684,27,0.8696662315049939,0.09154381384263093
100,cyber security,Cyber risk and cybersecurity: a systematic review of data availability,abstract,availability,1,19,0.05263157894736842,1,2.3010299956639813,0.12110684187705163
100,cyber security,Cyber risk and cybersecurity: a systematic review of data availability,abstract,preliminary,1,19,0.05263157894736842,1,2.3010299956639813,0.12110684187705163
100,cyber security,Cyber risk and cybersecurity: a systematic review of data availability,abstract,search,1,19,0.05263157894736842,3,1.8239087409443189,0.09599519689180624
100,cyber security,Cyber risk and cybersecurity: a systematic review of data availability,abstract,resulting,1,19,0.05263157894736842,1,2.3010299956639813,0.12110684187705163
100,cyber security,Cyber risk and cybersecurity: a systematic review of data availability,abstract,5219,1,19,0.05263157894736842,1,2.3010299956639813,0.12110684187705163
100,cyber security,Cyber risk and cybersecurity: a systematic review of data availability,abstract,we,1,19,0.05263157894736842,28,0.853871964321762,0.04494062970114537
100,cyber security,Cyber risk and cybersecurity: a systematic review of data availability,abstract,posit,1,19,0.05263157894736842,1,2.3010299956639813,0.12110684187705163
100,cyber security,Cyber risk and cybersecurity: a systematic review of data availability,abstract,lack,1,19,0.05263157894736842,1,2.3010299956639813,0.12110684187705163
100,cyber security,Cyber risk and cybersecurity: a systematic review of data availability,abstract,available,1,19,0.05263157894736842,7,1.4559319556497243,0.07662799766577497
101,mobile application,Tren pengembangan aplikasi mobile: Sebuah tinjauan literatur,title,tren,1,6,0.16666666666666666,1,2.3010299956639813,0.38350499927733017
101,mobile application,Tren pengembangan aplikasi mobile: Sebuah tinjauan literatur,title,kembang,1,6,0.16666666666666666,17,1.0705810742857074,0.17843017904761788
101,mobile application,Tren pengembangan aplikasi mobile: Sebuah tinjauan literatur,title,aplikasi,1,6,0.16666666666666666,54,0.5686362358410126,0.0947727059735021
101,mobile application,Tren pengembangan aplikasi mobile: Sebuah tinjauan literatur,title,mobile,1,6,0.16666666666666666,54,0.5686362358410126,0.0947727059735021
101,mobile application,Tren pengembangan aplikasi mobile: Sebuah tinjauan literatur,title,tinjau,1,6,0.16666666666666666,5,1.6020599913279623,0.26700999855466034
101,mobile application,Tren pengembangan aplikasi mobile: Sebuah tinjauan literatur,title,literatur,1,6,0.16666666666666666,4,1.6989700043360187,0.28316166738933646
101,mobile application,Tren pengembangan aplikasi mobile: Sebuah tinjauan literatur,abstract,kembang,3,16,0.1875,17,1.0705810742857074,0.20073395142857015
101,mobile application,Tren pengembangan aplikasi mobile: Sebuah tinjauan literatur,abstract,teknologi,1,16,0.0625,9,1.3467874862246563,0.08417421788904102
101,mobile application,Tren pengembangan aplikasi mobile: Sebuah tinjauan literatur,abstract,tren,2,16,0.125,1,2.3010299956639813,0.28762874945799766
101,mobile application,Tren pengembangan aplikasi mobile: Sebuah tinjauan literatur,abstract,aplikasi,3,16,0.1875,54,0.5686362358410126,0.10661929422018987
101,mobile application,Tren pengembangan aplikasi mobile: Sebuah tinjauan literatur,abstract,mobile,3,16,0.1875,54,0.5686362358410126,0.10661929422018987
101,mobile application,Tren pengembangan aplikasi mobile: Sebuah tinjauan literatur,abstract,tentang,1,16,0.0625,5,1.6020599913279623,0.10012874945799764
101,mobile application,Tren pengembangan aplikasi mobile: Sebuah tinjauan literatur,abstract,tuju,1,16,0.0625,12,1.2218487496163564,0.07636554685102227
101,mobile application,Tren pengembangan aplikasi mobile: Sebuah tinjauan literatur,abstract,guna,1,16,0.0625,46,0.638272163982407,0.03989201024890044
101,mobile application,Tren pengembangan aplikasi mobile: Sebuah tinjauan literatur,abstract,indonesia,1,16,0.0625,19,1.0222763947111522,0.06389227466944701
102,mobile application,Implemetasi aplikasi mobile pengenalan kampus pada masa pandemi Covid-19,title,implemetasi,1,9,0.1111111111111111,1,2.3010299956639813,0.2556699995182201
102,mobile application,Implemetasi aplikasi mobile pengenalan kampus pada masa pandemi Covid-19,title,aplikasi,1,9,0.1111111111111111,54,0.5686362358410126,0.06318180398233474
102,mobile application,Implemetasi aplikasi mobile pengenalan kampus pada masa pandemi Covid-19,title,mobile,1,9,0.1111111111111111,54,0.5686362358410126,0.06318180398233474
102,mobile application,Implemetasi aplikasi mobile pengenalan kampus pada masa pandemi Covid-19,title,kenal,1,9,0.1111111111111111,2,2.0,0.2222222222222222
102,mobile application,Implemetasi aplikasi mobile pengenalan kampus pada masa pandemi Covid-19,title,kampus,1,9,0.1111111111111111,1,2.3010299956639813,0.2556699995182201
102,mobile application,Implemetasi aplikasi mobile pengenalan kampus pada masa pandemi Covid-19,title,masa,1,9,0.1111111111111111,2,2.0,0.2222222222222222
102,mobile application,Implemetasi aplikasi mobile pengenalan kampus pada masa pandemi Covid-19,title,pandemi,1,9,0.1111111111111111,1,2.3010299956639813,0.2556699995182201
102,mobile application,Implemetasi aplikasi mobile pengenalan kampus pada masa pandemi Covid-19,title,covid,1,9,0.1111111111111111,6,1.5228787452803376,0.16920874947559306
102,mobile application,Implemetasi aplikasi mobile pengenalan kampus pada masa pandemi Covid-19,title,19,1,9,0.1111111111111111,7,1.4559319556497243,0.1617702172944138
102,mobile application,Implemetasi aplikasi mobile pengenalan kampus pada masa pandemi Covid-19,abstract,adapun,1,17,0.058823529411764705,3,1.8239087409443189,0.10728874946731287
102,mobile application,Implemetasi aplikasi mobile pengenalan kampus pada masa pandemi Covid-19,abstract,dalam,2,17,0.11764705882352941,1,2.3010299956639813,0.27070941125458603
102,mobile application,Implemetasi aplikasi mobile pengenalan kampus pada masa pandemi Covid-19,abstract,aplikasi,3,17,0.17647058823529413,54,0.5686362358410126,0.10034757103076694
102,mobile application,Implemetasi aplikasi mobile pengenalan kampus pada masa pandemi Covid-19,abstract,dapat,1,17,0.058823529411764705,2,2.0,0.11764705882352941
102,mobile application,Implemetasi aplikasi mobile pengenalan kampus pada masa pandemi Covid-19,abstract,kategori,1,17,0.058823529411764705,3,1.8239087409443189,0.10728874946731287
102,mobile application,Implemetasi aplikasi mobile pengenalan kampus pada masa pandemi Covid-19,abstract,fasilitas,1,17,0.058823529411764705,1,2.3010299956639813,0.13535470562729301
102,mobile application,Implemetasi aplikasi mobile pengenalan kampus pada masa pandemi Covid-19,abstract,umum,1,17,0.058823529411764705,1,2.3010299956639813,0.13535470562729301
102,mobile application,Implemetasi aplikasi mobile pengenalan kampus pada masa pandemi Covid-19,abstract,unit,1,17,0.058823529411764705,1,2.3010299956639813,0.13535470562729301
102,mobile application,Implemetasi aplikasi mobile pengenalan kampus pada masa pandemi Covid-19,abstract,lembaga,1,17,0.058823529411764705,1,2.3010299956639813,0.13535470562729301
102,mobile application,Implemetasi aplikasi mobile pengenalan kampus pada masa pandemi Covid-19,abstract,ruang,1,17,0.058823529411764705,3,1.8239087409443189,0.10728874946731287
102,mobile application,Implemetasi aplikasi mobile pengenalan kampus pada masa pandemi Covid-19,abstract,tingkat,1,17,0.058823529411764705,17,1.0705810742857074,0.06297535731092396
102,mobile application,Implemetasi aplikasi mobile pengenalan kampus pada masa pandemi Covid-19,abstract,akurat,1,17,0.058823529411764705,1,2.3010299956639813,0.13535470562729301
102,mobile application,Implemetasi aplikasi mobile pengenalan kampus pada masa pandemi Covid-19,abstract,ukur,1,17,0.058823529411764705,3,1.8239087409443189,0.10728874946731287
102,mobile application,Implemetasi aplikasi mobile pengenalan kampus pada masa pandemi Covid-19,abstract,menjukkan,1,17,0.058823529411764705,1,2.3010299956639813,0.13535470562729301
103,mobile application,Penerapan metode design thinking dalam perancangan UI/UX aplikasi mobile SIPROPMAWA,title,terap,1,10,0.1,30,0.8239087409443188,0.08239087409443188
103,mobile application,Penerapan metode design thinking dalam perancangan UI/UX aplikasi mobile SIPROPMAWA,title,metode,1,10,0.1,20,1.0,0.1
103,mobile application,Penerapan metode design thinking dalam perancangan UI/UX aplikasi mobile SIPROPMAWA,title,design,1,10,0.1,10,1.3010299956639813,0.13010299956639812
103,mobile application,Penerapan metode design thinking dalam perancangan UI/UX aplikasi mobile SIPROPMAWA,title,thinking,1,10,0.1,5,1.6020599913279623,0.16020599913279623
103,mobile application,Penerapan metode design thinking dalam perancangan UI/UX aplikasi mobile SIPROPMAWA,title,ancang,1,10,0.1,8,1.3979400086720377,0.13979400086720378
103,mobile application,Penerapan metode design thinking dalam perancangan UI/UX aplikasi mobile SIPROPMAWA,title,ui,1,10,0.1,4,1.6989700043360187,0.1698970004336019
103,mobile application,Penerapan metode design thinking dalam perancangan UI/UX aplikasi mobile SIPROPMAWA,title,ux,1,10,0.1,4,1.6989700043360187,0.1698970004336019
103,mobile application,Penerapan metode design thinking dalam perancangan UI/UX aplikasi mobile SIPROPMAWA,title,aplikasi,1,10,0.1,54,0.5686362358410126,0.05686362358410127
103,mobile application,Penerapan metode design thinking dalam perancangan UI/UX aplikasi mobile SIPROPMAWA,title,mobile,1,10,0.1,54,0.5686362358410126,0.05686362358410127
103,mobile application,Penerapan metode design thinking dalam perancangan UI/UX aplikasi mobile SIPROPMAWA,title,sipropmawa,1,10,0.1,1,2.3010299956639813,0.23010299956639813
103,mobile application,Penerapan metode design thinking dalam perancangan UI/UX aplikasi mobile SIPROPMAWA,abstract,ui,1,18,0.05555555555555555,4,1.6989700043360187,0.09438722246311215
103,mobile application,Penerapan metode design thinking dalam perancangan UI/UX aplikasi mobile SIPROPMAWA,abstract,sistem,1,18,0.05555555555555555,16,1.0969100130080565,0.06093944516711425
103,mobile application,Penerapan metode design thinking dalam perancangan UI/UX aplikasi mobile SIPROPMAWA,abstract,aplikasi,3,18,0.16666666666666666,54,0.5686362358410126,0.0947727059735021
103,mobile application,Penerapan metode design thinking dalam perancangan UI/UX aplikasi mobile SIPROPMAWA,abstract,bas,1,18,0.05555555555555555,28,0.853871964321762,0.047437331351209
103,mobile application,Penerapan metode design thinking dalam perancangan UI/UX aplikasi mobile SIPROPMAWA,abstract,mobile,2,18,0.1111111111111111,54,0.5686362358410126,0.06318180398233474
103,mobile application,Penerapan metode design thinking dalam perancangan UI/UX aplikasi mobile SIPROPMAWA,abstract,sangat,1,18,0.05555555555555555,5,1.6020599913279623,0.08900333285155346
103,mobile application,Penerapan metode design thinking dalam perancangan UI/UX aplikasi mobile SIPROPMAWA,abstract,penting,1,18,0.05555555555555555,7,1.4559319556497243,0.0808851086472069
103,mobile application,Penerapan metode design thinking dalam perancangan UI/UX aplikasi mobile SIPROPMAWA,abstract,hampir,1,18,0.05555555555555555,1,2.3010299956639813,0.12783499975911006
103,mobile application,Penerapan metode design thinking dalam perancangan UI/UX aplikasi mobile SIPROPMAWA,abstract,milik,1,18,0.05555555555555555,7,1.4559319556497243,0.0808851086472069
103,mobile application,Penerapan metode design thinking dalam perancangan UI/UX aplikasi mobile SIPROPMAWA,abstract,ketika,1,18,0.05555555555555555,1,2.3010299956639813,0.12783499975911006
103,mobile application,Penerapan metode design thinking dalam perancangan UI/UX aplikasi mobile SIPROPMAWA,abstract,guna,1,18,0.05555555555555555,46,0.638272163982407,0.03545956466568928
103,mobile application,Penerapan metode design thinking dalam perancangan UI/UX aplikasi mobile SIPROPMAWA,abstract,sebut,1,18,0.05555555555555555,8,1.3979400086720377,0.0776633338151132
103,mobile application,Penerapan metode design thinking dalam perancangan UI/UX aplikasi mobile SIPROPMAWA,abstract,kembang,1,18,0.05555555555555555,17,1.0705810742857074,0.05947672634920596
103,mobile application,Penerapan metode design thinking dalam perancangan UI/UX aplikasi mobile SIPROPMAWA,abstract,system,1,18,0.05555555555555555,6,1.5228787452803376,0.08460437473779653
103,mobile application,Penerapan metode design thinking dalam perancangan UI/UX aplikasi mobile SIPROPMAWA,abstract,fokus,1,18,0.05555555555555555,3,1.8239087409443189,0.10132826338579548
104,mobile application,Peluang Penelitian UI/UX pada Pengembangan Aplikasi Mobile: Systematic literature review,title,peluang,1,10,0.1,1,2.3010299956639813,0.23010299956639813
104,mobile application,Peluang Penelitian UI/UX pada Pengembangan Aplikasi Mobile: Systematic literature review,title,teliti,1,10,0.1,22,0.958607314841775,0.09586073148417751
104,mobile application,Peluang Penelitian UI/UX pada Pengembangan Aplikasi Mobile: Systematic literature review,title,ui,1,10,0.1,4,1.6989700043360187,0.1698970004336019
104,mobile application,Peluang Penelitian UI/UX pada Pengembangan Aplikasi Mobile: Systematic literature review,title,ux,1,10,0.1,4,1.6989700043360187,0.1698970004336019
104,mobile application,Peluang Penelitian UI/UX pada Pengembangan Aplikasi Mobile: Systematic literature review,title,kembang,1,10,0.1,17,1.0705810742857074,0.10705810742857075
104,mobile application,Peluang Penelitian UI/UX pada Pengembangan Aplikasi Mobile: Systematic literature review,title,aplikasi,1,10,0.1,54,0.5686362358410126,0.05686362358410127
104,mobile application,Peluang Penelitian UI/UX pada Pengembangan Aplikasi Mobile: Systematic literature review,title,mobile,1,10,0.1,54,0.5686362358410126,0.05686362358410127
104,mobile application,Peluang Penelitian UI/UX pada Pengembangan Aplikasi Mobile: Systematic literature review,title,systematic,1,10,0.1,14,1.1549019599857433,0.11549019599857434
104,mobile application,Peluang Penelitian UI/UX pada Pengembangan Aplikasi Mobile: Systematic literature review,title,literature,1,10,0.1,9,1.3467874862246563,0.13467874862246562
104,mobile application,Peluang Penelitian UI/UX pada Pengembangan Aplikasi Mobile: Systematic literature review,title,review,1,10,0.1,26,0.8860566476931633,0.08860566476931633
104,mobile application,Peluang Penelitian UI/UX pada Pengembangan Aplikasi Mobile: Systematic literature review,abstract,developer,1,16,0.0625,1,2.3010299956639813,0.14381437472899883
104,mobile application,Peluang Penelitian UI/UX pada Pengembangan Aplikasi Mobile: Systematic literature review,abstract,mobile,3,16,0.1875,54,0.5686362358410126,0.10661929422018987
104,mobile application,Peluang Penelitian UI/UX pada Pengembangan Aplikasi Mobile: Systematic literature review,abstract,apps,1,16,0.0625,19,1.0222763947111522,0.06389227466944701
104,mobile application,Peluang Penelitian UI/UX pada Pengembangan Aplikasi Mobile: Systematic literature review,abstract,banyak,1,16,0.0625,2,2.0,0.125
104,mobile application,Peluang Penelitian UI/UX pada Pengembangan Aplikasi Mobile: Systematic literature review,abstract,aplikasi,3,16,0.1875,54,0.5686362358410126,0.10661929422018987
104,mobile application,Peluang Penelitian UI/UX pada Pengembangan Aplikasi Mobile: Systematic literature review,abstract,era,1,16,0.0625,7,1.4559319556497243,0.09099574722810777
104,mobile application,Peluang Penelitian UI/UX pada Pengembangan Aplikasi Mobile: Systematic literature review,abstract,digital,1,16,0.0625,11,1.2596373105057561,0.07872733190660976
104,mobile application,Peluang Penelitian UI/UX pada Pengembangan Aplikasi Mobile: Systematic literature review,abstract,buat,2,16,0.125,18,1.045757490560675,0.13071968632008438
104,mobile application,Peluang Penelitian UI/UX pada Pengembangan Aplikasi Mobile: Systematic literature review,abstract,kembang,1,16,0.0625,17,1.0705810742857074,0.06691131714285671
104,mobile application,Peluang Penelitian UI/UX pada Pengembangan Aplikasi Mobile: Systematic literature review,abstract,giat,1,16,0.0625,2,2.0,0.125
104,mobile application,Peluang Penelitian UI/UX pada Pengembangan Aplikasi Mobile: Systematic literature review,abstract,tarik,1,16,0.0625,1,2.3010299956639813,0.14381437472899883
105,mobile application,Aplikasi E-Sewa Barang Berbasis Mobile,title,aplikasi,1,5,0.2,54,0.5686362358410126,0.11372724716820254
105,mobile application,Aplikasi E-Sewa Barang Berbasis Mobile,title,sewa,1,5,0.2,1,2.3010299956639813,0.46020599913279625
105,mobile application,Aplikasi E-Sewa Barang Berbasis Mobile,title,barang,1,5,0.2,1,2.3010299956639813,0.46020599913279625
105,mobile application,Aplikasi E-Sewa Barang Berbasis Mobile,title,bas,1,5,0.2,28,0.853871964321762,0.17077439286435242
105,mobile application,Aplikasi E-Sewa Barang Berbasis Mobile,title,mobile,1,5,0.2,54,0.5686362358410126,0.11372724716820254
105,mobile application,Aplikasi E-Sewa Barang Berbasis Mobile,abstract,aktivitas,2,17,0.11764705882352941,1,2.3010299956639813,0.27070941125458603
105,mobile application,Aplikasi E-Sewa Barang Berbasis Mobile,abstract,sewa,3,17,0.17647058823529413,1,2.3010299956639813,0.40606411688187904
105,mobile application,Aplikasi E-Sewa Barang Berbasis Mobile,abstract,rupa,1,17,0.058823529411764705,6,1.5228787452803376,0.08958110266354927
105,mobile application,Aplikasi E-Sewa Barang Berbasis Mobile,abstract,pakai,1,17,0.058823529411764705,1,2.3010299956639813,0.13535470562729301
105,mobile application,Aplikasi E-Sewa Barang Berbasis Mobile,abstract,barang,2,17,0.11764705882352941,1,2.3010299956639813,0.27070941125458603
105,mobile application,Aplikasi E-Sewa Barang Berbasis Mobile,abstract,bukan,1,17,0.058823529411764705,1,2.3010299956639813,0.13535470562729301
105,mobile application,Aplikasi E-Sewa Barang Berbasis Mobile,abstract,milik,1,17,0.058823529411764705,7,1.4559319556497243,0.08564305621468966
105,mobile application,Aplikasi E-Sewa Barang Berbasis Mobile,abstract,sendiri,1,17,0.058823529411764705,1,2.3010299956639813,0.13535470562729301
105,mobile application,Aplikasi E-Sewa Barang Berbasis Mobile,abstract,bayar,1,17,0.058823529411764705,2,2.0,0.11764705882352941
105,mobile application,Aplikasi E-Sewa Barang Berbasis Mobile,abstract,jumlah,1,17,0.058823529411764705,2,2.0,0.11764705882352941
105,mobile application,Aplikasi E-Sewa Barang Berbasis Mobile,abstract,uang,1,17,0.058823529411764705,4,1.6989700043360187,0.0999394120197658
105,mobile application,Aplikasi E-Sewa Barang Berbasis Mobile,abstract,kepada,1,17,0.058823529411764705,1,2.3010299956639813,0.13535470562729301
105,mobile application,Aplikasi E-Sewa Barang Berbasis Mobile,abstract,pihak,1,17,0.058823529411764705,1,2.3010299956639813,0.13535470562729301
106,mobile application,Pelatihan membangun aplikasi mobile menggunakan kodular untuk siswa smpn 1 selorejo,title,latih,1,9,0.1111111111111111,1,2.3010299956639813,0.2556699995182201
106,mobile application,Pelatihan membangun aplikasi mobile menggunakan kodular untuk siswa smpn 1 selorejo,title,bangun,1,9,0.1111111111111111,13,1.1870866433571445,0.1318985159285716
106,mobile application,Pelatihan membangun aplikasi mobile menggunakan kodular untuk siswa smpn 1 selorejo,title,aplikasi,1,9,0.1111111111111111,54,0.5686362358410126,0.06318180398233474
106,mobile application,Pelatihan membangun aplikasi mobile menggunakan kodular untuk siswa smpn 1 selorejo,title,mobile,1,9,0.1111111111111111,54,0.5686362358410126,0.06318180398233474
106,mobile application,Pelatihan membangun aplikasi mobile menggunakan kodular untuk siswa smpn 1 selorejo,title,guna,1,9,0.1111111111111111,46,0.638272163982407,0.07091912933137856
106,mobile application,Pelatihan membangun aplikasi mobile menggunakan kodular untuk siswa smpn 1 selorejo,title,kodular,1,9,0.1111111111111111,1,2.3010299956639813,0.2556699995182201
106,mobile application,Pelatihan membangun aplikasi mobile menggunakan kodular untuk siswa smpn 1 selorejo,title,siswa,1,9,0.1111111111111111,3,1.8239087409443189,0.20265652677159096
106,mobile application,Pelatihan membangun aplikasi mobile menggunakan kodular untuk siswa smpn 1 selorejo,title,smpn,1,9,0.1111111111111111,2,2.0,0.2222222222222222
106,mobile application,Pelatihan membangun aplikasi mobile menggunakan kodular untuk siswa smpn 1 selorejo,title,selorejo,1,9,0.1111111111111111,1,2.3010299956639813,0.2556699995182201
106,mobile application,Pelatihan membangun aplikasi mobile menggunakan kodular untuk siswa smpn 1 selorejo,abstract,manfaat,1,16,0.0625,4,1.6989700043360187,0.10618562527100117
106,mobile application,Pelatihan membangun aplikasi mobile menggunakan kodular untuk siswa smpn 1 selorejo,abstract,latih,1,16,0.0625,1,2.3010299956639813,0.14381437472899883
106,mobile application,Pelatihan membangun aplikasi mobile menggunakan kodular untuk siswa smpn 1 selorejo,abstract,bangun,1,16,0.0625,13,1.1870866433571445,0.07419291520982153
106,mobile application,Pelatihan membangun aplikasi mobile menggunakan kodular untuk siswa smpn 1 selorejo,abstract,aplikasi,2,16,0.125,54,0.5686362358410126,0.07107952948012658
106,mobile application,Pelatihan membangun aplikasi mobile menggunakan kodular untuk siswa smpn 1 selorejo,abstract,mobile,1,16,0.0625,54,0.5686362358410126,0.03553976474006329
106,mobile application,Pelatihan membangun aplikasi mobile menggunakan kodular untuk siswa smpn 1 selorejo,abstract,guna,1,16,0.0625,46,0.638272163982407,0.03989201024890044
106,mobile application,Pelatihan membangun aplikasi mobile menggunakan kodular untuk siswa smpn 1 selorejo,abstract,kodular,1,16,0.0625,1,2.3010299956639813,0.14381437472899883
106,mobile application,Pelatihan membangun aplikasi mobile menggunakan kodular untuk siswa smpn 1 selorejo,abstract,perlu,1,16,0.0625,2,2.0,0.125
106,mobile application,Pelatihan membangun aplikasi mobile menggunakan kodular untuk siswa smpn 1 selorejo,abstract,dasar,1,16,0.0625,7,1.4559319556497243,0.09099574722810777
106,mobile application,Pelatihan membangun aplikasi mobile menggunakan kodular untuk siswa smpn 1 selorejo,abstract,seperti,1,16,0.0625,5,1.6020599913279623,0.10012874945799764
106,mobile application,Pelatihan membangun aplikasi mobile menggunakan kodular untuk siswa smpn 1 selorejo,abstract,etik,1,16,0.0625,1,2.3010299956639813,0.14381437472899883
106,mobile application,Pelatihan membangun aplikasi mobile menggunakan kodular untuk siswa smpn 1 selorejo,abstract,microsoft,1,16,0.0625,1,2.3010299956639813,0.14381437472899883
106,mobile application,Pelatihan membangun aplikasi mobile menggunakan kodular untuk siswa smpn 1 selorejo,abstract,word,1,16,0.0625,1,2.3010299956639813,0.14381437472899883
106,mobile application,Pelatihan membangun aplikasi mobile menggunakan kodular untuk siswa smpn 1 selorejo,abstract,buat,1,16,0.0625,18,1.045757490560675,0.06535984316004219
106,mobile application,Pelatihan membangun aplikasi mobile menggunakan kodular untuk siswa smpn 1 selorejo,abstract,presentasi,1,16,0.0625,1,2.3010299956639813,0.14381437472899883
107,mobile application,Aplikasi Mobile JKN Edukasi Tentang Penggunaan Aplikasi Mobile JKN Pada Pasien Rawat Jalan RSUD Anugerah Tomohon,title,aplikasi,2,15,0.13333333333333333,54,0.5686362358410126,0.07581816477880168
107,mobile application,Aplikasi Mobile JKN Edukasi Tentang Penggunaan Aplikasi Mobile JKN Pada Pasien Rawat Jalan RSUD Anugerah Tomohon,title,mobile,2,15,0.13333333333333333,54,0.5686362358410126,0.07581816477880168
107,mobile application,Aplikasi Mobile JKN Edukasi Tentang Penggunaan Aplikasi Mobile JKN Pada Pasien Rawat Jalan RSUD Anugerah Tomohon,title,jkn,2,15,0.13333333333333333,8,1.3979400086720377,0.1863920011562717
107,mobile application,Aplikasi Mobile JKN Edukasi Tentang Penggunaan Aplikasi Mobile JKN Pada Pasien Rawat Jalan RSUD Anugerah Tomohon,title,edukasi,1,15,0.06666666666666667,2,2.0,0.13333333333333333
107,mobile application,Aplikasi Mobile JKN Edukasi Tentang Penggunaan Aplikasi Mobile JKN Pada Pasien Rawat Jalan RSUD Anugerah Tomohon,title,tentang,1,15,0.06666666666666667,5,1.6020599913279623,0.10680399942186415
107,mobile application,Aplikasi Mobile JKN Edukasi Tentang Penggunaan Aplikasi Mobile JKN Pada Pasien Rawat Jalan RSUD Anugerah Tomohon,title,guna,1,15,0.06666666666666667,46,0.638272163982407,0.04255147759882714
107,mobile application,Aplikasi Mobile JKN Edukasi Tentang Penggunaan Aplikasi Mobile JKN Pada Pasien Rawat Jalan RSUD Anugerah Tomohon,title,pasien,1,15,0.06666666666666667,1,2.3010299956639813,0.15340199971093207
107,mobile application,Aplikasi Mobile JKN Edukasi Tentang Penggunaan Aplikasi Mobile JKN Pada Pasien Rawat Jalan RSUD Anugerah Tomohon,title,rawat,1,15,0.06666666666666667,1,2.3010299956639813,0.15340199971093207
107,mobile application,Aplikasi Mobile JKN Edukasi Tentang Penggunaan Aplikasi Mobile JKN Pada Pasien Rawat Jalan RSUD Anugerah Tomohon,title,jalan,1,15,0.06666666666666667,5,1.6020599913279623,0.10680399942186415
107,mobile application,Aplikasi Mobile JKN Edukasi Tentang Penggunaan Aplikasi Mobile JKN Pada Pasien Rawat Jalan RSUD Anugerah Tomohon,title,rsud,1,15,0.06666666666666667,1,2.3010299956639813,0.15340199971093207
107,mobile application,Aplikasi Mobile JKN Edukasi Tentang Penggunaan Aplikasi Mobile JKN Pada Pasien Rawat Jalan RSUD Anugerah Tomohon,title,anugerah,1,15,0.06666666666666667,1,2.3010299956639813,0.15340199971093207
107,mobile application,Aplikasi Mobile JKN Edukasi Tentang Penggunaan Aplikasi Mobile JKN Pada Pasien Rawat Jalan RSUD Anugerah Tomohon,title,tomohon,1,15,0.06666666666666667,1,2.3010299956639813,0.15340199971093207
107,mobile application,Aplikasi Mobile JKN Edukasi Tentang Penggunaan Aplikasi Mobile JKN Pada Pasien Rawat Jalan RSUD Anugerah Tomohon,abstract,kurang,1,17,0.058823529411764705,4,1.6989700043360187,0.0999394120197658
107,mobile application,Aplikasi Mobile JKN Edukasi Tentang Penggunaan Aplikasi Mobile JKN Pada Pasien Rawat Jalan RSUD Anugerah Tomohon,abstract,tahu,1,17,0.058823529411764705,5,1.6020599913279623,0.0942388230192919
107,mobile application,Aplikasi Mobile JKN Edukasi Tentang Penggunaan Aplikasi Mobile JKN Pada Pasien Rawat Jalan RSUD Anugerah Tomohon,abstract,masyarakat,1,17,0.058823529411764705,4,1.6989700043360187,0.0999394120197658
107,mobile application,Aplikasi Mobile JKN Edukasi Tentang Penggunaan Aplikasi Mobile JKN Pada Pasien Rawat Jalan RSUD Anugerah Tomohon,abstract,kena,1,17,0.058823529411764705,2,2.0,0.11764705882352941
107,mobile application,Aplikasi Mobile JKN Edukasi Tentang Penggunaan Aplikasi Mobile JKN Pada Pasien Rawat Jalan RSUD Anugerah Tomohon,abstract,guna,2,17,0.11764705882352941,46,0.638272163982407,0.07509084282145966
107,mobile application,Aplikasi Mobile JKN Edukasi Tentang Penggunaan Aplikasi Mobile JKN Pada Pasien Rawat Jalan RSUD Anugerah Tomohon,abstract,aplikasi,4,17,0.23529411764705882,54,0.5686362358410126,0.13379676137435592
107,mobile application,Aplikasi Mobile JKN Edukasi Tentang Penggunaan Aplikasi Mobile JKN Pada Pasien Rawat Jalan RSUD Anugerah Tomohon,abstract,mobile,2,17,0.11764705882352941,54,0.5686362358410126,0.06689838068717796
107,mobile application,Aplikasi Mobile JKN Edukasi Tentang Penggunaan Aplikasi Mobile JKN Pada Pasien Rawat Jalan RSUD Anugerah Tomohon,abstract,jkn,2,17,0.11764705882352941,8,1.3979400086720377,0.16446353043200443
107,mobile application,Aplikasi Mobile JKN Edukasi Tentang Penggunaan Aplikasi Mobile JKN Pada Pasien Rawat Jalan RSUD Anugerah Tomohon,abstract,selain,1,17,0.058823529411764705,2,2.0,0.11764705882352941
107,mobile application,Aplikasi Mobile JKN Edukasi Tentang Penggunaan Aplikasi Mobile JKN Pada Pasien Rawat Jalan RSUD Anugerah Tomohon,abstract,rupa,1,17,0.058823529411764705,6,1.5228787452803376,0.08958110266354927
107,mobile application,Aplikasi Mobile JKN Edukasi Tentang Penggunaan Aplikasi Mobile JKN Pada Pasien Rawat Jalan RSUD Anugerah Tomohon,abstract,smartphone,1,17,0.058823529411764705,3,1.8239087409443189,0.10728874946731287
108,mobile application,Efektivitas penggunaan aplikasi mobile jkn dalam mengurangi antrian,title,efektivitas,1,7,0.14285714285714285,1,2.3010299956639813,0.3287185708091402
108,mobile application,Efektivitas penggunaan aplikasi mobile jkn dalam mengurangi antrian,title,guna,1,7,0.14285714285714285,46,0.638272163982407,0.09118173771177243
108,mobile application,Efektivitas penggunaan aplikasi mobile jkn dalam mengurangi antrian,title,aplikasi,1,7,0.14285714285714285,54,0.5686362358410126,0.08123374797728751
108,mobile application,Efektivitas penggunaan aplikasi mobile jkn dalam mengurangi antrian,title,mobile,1,7,0.14285714285714285,54,0.5686362358410126,0.08123374797728751
108,mobile application,Efektivitas penggunaan aplikasi mobile jkn dalam mengurangi antrian,title,jkn,1,7,0.14285714285714285,8,1.3979400086720377,0.1997057155245768
108,mobile application,Efektivitas penggunaan aplikasi mobile jkn dalam mengurangi antrian,title,kurang,1,7,0.14285714285714285,4,1.6989700043360187,0.24271000061943124
108,mobile application,Efektivitas penggunaan aplikasi mobile jkn dalam mengurangi antrian,title,antri,1,7,0.14285714285714285,1,2.3010299956639813,0.3287185708091402
108,mobile application,Efektivitas penggunaan aplikasi mobile jkn dalam mengurangi antrian,abstract,mobile,2,16,0.125,54,0.5686362358410126,0.07107952948012658
108,mobile application,Efektivitas penggunaan aplikasi mobile jkn dalam mengurangi antrian,abstract,jkn,2,16,0.125,8,1.3979400086720377,0.17474250108400471
108,mobile application,Efektivitas penggunaan aplikasi mobile jkn dalam mengurangi antrian,abstract,efektif,1,16,0.0625,4,1.6989700043360187,0.10618562527100117
108,mobile application,Efektivitas penggunaan aplikasi mobile jkn dalam mengurangi antrian,abstract,tuju,1,16,0.0625,12,1.2218487496163564,0.07636554685102227
108,mobile application,Efektivitas penggunaan aplikasi mobile jkn dalam mengurangi antrian,abstract,teliti,1,16,0.0625,22,0.958607314841775,0.059912957177610936
108,mobile application,Efektivitas penggunaan aplikasi mobile jkn dalam mengurangi antrian,abstract,tahu,1,16,0.0625,5,1.6020599913279623,0.10012874945799764
108,mobile application,Efektivitas penggunaan aplikasi mobile jkn dalam mengurangi antrian,abstract,guna,2,16,0.125,46,0.638272163982407,0.07978402049780088
108,mobile application,Efektivitas penggunaan aplikasi mobile jkn dalam mengurangi antrian,abstract,aplikasi,2,16,0.125,54,0.5686362358410126,0.07107952948012658
108,mobile application,Efektivitas penggunaan aplikasi mobile jkn dalam mengurangi antrian,abstract,bagaimana,1,16,0.0625,4,1.6989700043360187,0.10618562527100117
108,mobile application,Efektivitas penggunaan aplikasi mobile jkn dalam mengurangi antrian,abstract,efektivitas,1,16,0.0625,1,2.3010299956639813,0.14381437472899883
108,mobile application,Efektivitas penggunaan aplikasi mobile jkn dalam mengurangi antrian,abstract,sebut,1,16,0.0625,8,1.3979400086720377,0.08737125054200236
108,mobile application,Efektivitas penggunaan aplikasi mobile jkn dalam mengurangi antrian,abstract,kantor,1,16,0.0625,1,2.3010299956639813,0.14381437472899883
109,mobile application,Tingkat kepuasan masyarakat terhadap pendaftaran online pada aplikasi Mobile JKN,title,tingkat,1,8,0.125,17,1.0705810742857074,0.13382263428571342
109,mobile application,Tingkat kepuasan masyarakat terhadap pendaftaran online pada aplikasi Mobile JKN,title,puas,1,8,0.125,3,1.8239087409443189,0.22798859261803986
109,mobile application,Tingkat kepuasan masyarakat terhadap pendaftaran online pada aplikasi Mobile JKN,title,masyarakat,1,8,0.125,4,1.6989700043360187,0.21237125054200234
109,mobile application,Tingkat kepuasan masyarakat terhadap pendaftaran online pada aplikasi Mobile JKN,title,daftar,1,8,0.125,2,2.0,0.25
109,mobile application,Tingkat kepuasan masyarakat terhadap pendaftaran online pada aplikasi Mobile JKN,title,online,1,8,0.125,5,1.6020599913279623,0.20025749891599529
109,mobile application,Tingkat kepuasan masyarakat terhadap pendaftaran online pada aplikasi Mobile JKN,title,aplikasi,1,8,0.125,54,0.5686362358410126,0.07107952948012658
109,mobile application,Tingkat kepuasan masyarakat terhadap pendaftaran online pada aplikasi Mobile JKN,title,mobile,1,8,0.125,54,0.5686362358410126,0.07107952948012658
109,mobile application,Tingkat kepuasan masyarakat terhadap pendaftaran online pada aplikasi Mobile JKN,title,jkn,1,8,0.125,8,1.3979400086720377,0.17474250108400471
109,mobile application,Tingkat kepuasan masyarakat terhadap pendaftaran online pada aplikasi Mobile JKN,abstract,mudah,1,17,0.058823529411764705,7,1.4559319556497243,0.08564305621468966
109,mobile application,Tingkat kepuasan masyarakat terhadap pendaftaran online pada aplikasi Mobile JKN,abstract,guna,1,17,0.058823529411764705,46,0.638272163982407,0.03754542141072983
109,mobile application,Tingkat kepuasan masyarakat terhadap pendaftaran online pada aplikasi Mobile JKN,abstract,aplikasi,4,17,0.23529411764705882,54,0.5686362358410126,0.13379676137435592
109,mobile application,Tingkat kepuasan masyarakat terhadap pendaftaran online pada aplikasi Mobile JKN,abstract,puas,1,17,0.058823529411764705,3,1.8239087409443189,0.10728874946731287
109,mobile application,Tingkat kepuasan masyarakat terhadap pendaftaran online pada aplikasi Mobile JKN,abstract,fitur,2,17,0.11764705882352941,3,1.8239087409443189,0.21457749893462574
109,mobile application,Tingkat kepuasan masyarakat terhadap pendaftaran online pada aplikasi Mobile JKN,abstract,lengkap,2,17,0.11764705882352941,2,2.0,0.23529411764705882
109,mobile application,Tingkat kepuasan masyarakat terhadap pendaftaran online pada aplikasi Mobile JKN,abstract,hal,1,17,0.058823529411764705,2,2.0,0.11764705882352941
109,mobile application,Tingkat kepuasan masyarakat terhadap pendaftaran online pada aplikasi Mobile JKN,abstract,analogi,1,17,0.058823529411764705,1,2.3010299956639813,0.13535470562729301
109,mobile application,Tingkat kepuasan masyarakat terhadap pendaftaran online pada aplikasi Mobile JKN,abstract,mobile,1,17,0.058823529411764705,54,0.5686362358410126,0.03344919034358898
109,mobile application,Tingkat kepuasan masyarakat terhadap pendaftaran online pada aplikasi Mobile JKN,abstract,jkn,1,17,0.058823529411764705,8,1.3979400086720377,0.08223176521600221
109,mobile application,Tingkat kepuasan masyarakat terhadap pendaftaran online pada aplikasi Mobile JKN,abstract,milik,1,17,0.058823529411764705,7,1.4559319556497243,0.08564305621468966
109,mobile application,Tingkat kepuasan masyarakat terhadap pendaftaran online pada aplikasi Mobile JKN,abstract,pengaruh,1,17,0.058823529411764705,3,1.8239087409443189,0.10728874946731287
110,mobile application,Perancangan user experience aplikasi mobile Majuli menggunakan metode design thinking,title,ancang,1,10,0.1,8,1.3979400086720377,0.13979400086720378
110,mobile application,Perancangan user experience aplikasi mobile Majuli menggunakan metode design thinking,title,user,1,10,0.1,9,1.3467874862246563,0.13467874862246562
110,mobile application,Perancangan user experience aplikasi mobile Majuli menggunakan metode design thinking,title,experience,1,10,0.1,6,1.5228787452803376,0.15228787452803377
110,mobile application,Perancangan user experience aplikasi mobile Majuli menggunakan metode design thinking,title,aplikasi,1,10,0.1,54,0.5686362358410126,0.05686362358410127
110,mobile application,Perancangan user experience aplikasi mobile Majuli menggunakan metode design thinking,title,mobile,1,10,0.1,54,0.5686362358410126,0.05686362358410127
110,mobile application,Perancangan user experience aplikasi mobile Majuli menggunakan metode design thinking,title,majuli,1,10,0.1,1,2.3010299956639813,0.23010299956639813
110,mobile application,Perancangan user experience aplikasi mobile Majuli menggunakan metode design thinking,title,guna,1,10,0.1,46,0.638272163982407,0.06382721639824071
110,mobile application,Perancangan user experience aplikasi mobile Majuli menggunakan metode design thinking,title,metode,1,10,0.1,20,1.0,0.1
110,mobile application,Perancangan user experience aplikasi mobile Majuli menggunakan metode design thinking,title,design,1,10,0.1,10,1.3010299956639813,0.13010299956639812
110,mobile application,Perancangan user experience aplikasi mobile Majuli menggunakan metode design thinking,title,thinking,1,10,0.1,5,1.6020599913279623,0.16020599913279623
110,mobile application,Perancangan user experience aplikasi mobile Majuli menggunakan metode design thinking,abstract,aplikasi,3,15,0.2,54,0.5686362358410126,0.11372724716820254
110,mobile application,Perancangan user experience aplikasi mobile Majuli menggunakan metode design thinking,abstract,beri,1,15,0.06666666666666667,5,1.6020599913279623,0.10680399942186415
110,mobile application,Perancangan user experience aplikasi mobile Majuli menggunakan metode design thinking,abstract,alam,1,15,0.06666666666666667,1,2.3010299956639813,0.15340199971093207
110,mobile application,Perancangan user experience aplikasi mobile Majuli menggunakan metode design thinking,abstract,tingkat,1,15,0.06666666666666667,17,1.0705810742857074,0.07137207161904716
110,mobile application,Perancangan user experience aplikasi mobile Majuli menggunakan metode design thinking,abstract,untung,1,15,0.06666666666666667,2,2.0,0.13333333333333333
110,mobile application,Perancangan user experience aplikasi mobile Majuli menggunakan metode design thinking,abstract,bisnis,1,15,0.06666666666666667,1,2.3010299956639813,0.15340199971093207
110,mobile application,Perancangan user experience aplikasi mobile Majuli menggunakan metode design thinking,abstract,lalu,1,15,0.06666666666666667,8,1.3979400086720377,0.09319600057813585
110,mobile application,Perancangan user experience aplikasi mobile Majuli menggunakan metode design thinking,abstract,teliti,1,15,0.06666666666666667,22,0.958607314841775,0.063907154322785
110,mobile application,Perancangan user experience aplikasi mobile Majuli menggunakan metode design thinking,abstract,laku,1,15,0.06666666666666667,6,1.5228787452803376,0.10152524968535584
110,mobile application,Perancangan user experience aplikasi mobile Majuli menggunakan metode design thinking,abstract,ancang,1,15,0.06666666666666667,8,1.3979400086720377,0.09319600057813585
110,mobile application,Perancangan user experience aplikasi mobile Majuli menggunakan metode design thinking,abstract,user,1,15,0.06666666666666667,9,1.3467874862246563,0.08978583241497709
110,mobile application,Perancangan user experience aplikasi mobile Majuli menggunakan metode design thinking,abstract,experience,1,15,0.06666666666666667,6,1.5228787452803376,0.10152524968535584
110,mobile application,Perancangan user experience aplikasi mobile Majuli menggunakan metode design thinking,abstract,mobile,1,15,0.06666666666666667,54,0.5686362358410126,0.03790908238940084
111,mobile application,Analisis Technology Acceptance Model (TAM) Terhadap Pengguna Aplikasi Mobile Banking,title,analisis,1,9,0.1111111111111111,17,1.0705810742857074,0.11895345269841193
111,mobile application,Analisis Technology Acceptance Model (TAM) Terhadap Pengguna Aplikasi Mobile Banking,title,technology,1,9,0.1111111111111111,7,1.4559319556497243,0.1617702172944138
111,mobile application,Analisis Technology Acceptance Model (TAM) Terhadap Pengguna Aplikasi Mobile Banking,title,acceptance,1,9,0.1111111111111111,3,1.8239087409443189,0.20265652677159096
111,mobile application,Analisis Technology Acceptance Model (TAM) Terhadap Pengguna Aplikasi Mobile Banking,title,model,1,9,0.1111111111111111,14,1.1549019599857433,0.12832243999841592
111,mobile application,Analisis Technology Acceptance Model (TAM) Terhadap Pengguna Aplikasi Mobile Banking,title,tam,1,9,0.1111111111111111,1,2.3010299956639813,0.2556699995182201
111,mobile application,Analisis Technology Acceptance Model (TAM) Terhadap Pengguna Aplikasi Mobile Banking,title,guna,1,9,0.1111111111111111,46,0.638272163982407,0.07091912933137856
111,mobile application,Analisis Technology Acceptance Model (TAM) Terhadap Pengguna Aplikasi Mobile Banking,title,aplikasi,1,9,0.1111111111111111,54,0.5686362358410126,0.06318180398233474
111,mobile application,Analisis Technology Acceptance Model (TAM) Terhadap Pengguna Aplikasi Mobile Banking,title,mobile,1,9,0.1111111111111111,54,0.5686362358410126,0.06318180398233474
111,mobile application,Analisis Technology Acceptance Model (TAM) Terhadap Pengguna Aplikasi Mobile Banking,title,banking,1,9,0.1111111111111111,3,1.8239087409443189,0.20265652677159096
111,mobile application,Analisis Technology Acceptance Model (TAM) Terhadap Pengguna Aplikasi Mobile Banking,abstract,research,1,19,0.05263157894736842,12,1.2218487496163564,0.06430782892717665
111,mobile application,Analisis Technology Acceptance Model (TAM) Terhadap Pengguna Aplikasi Mobile Banking,abstract,conducted,1,19,0.05263157894736842,3,1.8239087409443189,0.09599519689180624
111,mobile application,Analisis Technology Acceptance Model (TAM) Terhadap Pengguna Aplikasi Mobile Banking,abstract,mobile,3,19,0.15789473684210525,54,0.5686362358410126,0.08978466881700199
111,mobile application,Analisis Technology Acceptance Model (TAM) Terhadap Pengguna Aplikasi Mobile Banking,abstract,banking,3,19,0.15789473684210525,3,1.8239087409443189,0.28798559067541873
111,mobile application,Analisis Technology Acceptance Model (TAM) Terhadap Pengguna Aplikasi Mobile Banking,abstract,application,1,19,0.05263157894736842,38,0.721246399047171,0.037960336791956366
111,mobile application,Analisis Technology Acceptance Model (TAM) Terhadap Pengguna Aplikasi Mobile Banking,abstract,users,1,19,0.05263157894736842,9,1.3467874862246563,0.07088355190656086
111,mobile application,Analisis Technology Acceptance Model (TAM) Terhadap Pengguna Aplikasi Mobile Banking,abstract,tegal,1,19,0.05263157894736842,1,2.3010299956639813,0.12110684187705163
111,mobile application,Analisis Technology Acceptance Model (TAM) Terhadap Pengguna Aplikasi Mobile Banking,abstract,city,1,19,0.05263157894736842,2,2.0,0.10526315789473684
111,mobile application,Analisis Technology Acceptance Model (TAM) Terhadap Pengguna Aplikasi Mobile Banking,abstract,using,1,19,0.05263157894736842,15,1.1249387366083,0.05920730192675262
111,mobile application,Analisis Technology Acceptance Model (TAM) Terhadap Pengguna Aplikasi Mobile Banking,abstract,purposive,1,19,0.05263157894736842,1,2.3010299956639813,0.12110684187705163
111,mobile application,Analisis Technology Acceptance Model (TAM) Terhadap Pengguna Aplikasi Mobile Banking,abstract,improve,1,19,0.05263157894736842,6,1.5228787452803376,0.08015151290949145
111,mobile application,Analisis Technology Acceptance Model (TAM) Terhadap Pengguna Aplikasi Mobile Banking,abstract,services,1,19,0.05263157894736842,3,1.8239087409443189,0.09599519689180624
111,mobile application,Analisis Technology Acceptance Model (TAM) Terhadap Pengguna Aplikasi Mobile Banking,abstract,order,1,19,0.05263157894736842,2,2.0,0.10526315789473684
111,mobile application,Analisis Technology Acceptance Model (TAM) Terhadap Pengguna Aplikasi Mobile Banking,abstract,increase,1,19,0.05263157894736842,2,2.0,0.10526315789473684
111,mobile application,Analisis Technology Acceptance Model (TAM) Terhadap Pengguna Aplikasi Mobile Banking,abstract,number,1,19,0.05263157894736842,3,1.8239087409443189,0.09599519689180624
136,mobile application,Enhancing user engagement: The role of gamification in mobile apps,title,enhancing,1,7,0.14285714285714285,2,2.0,0.2857142857142857
136,mobile application,Enhancing user engagement: The role of gamification in mobile apps,title,user,1,7,0.14285714285714285,9,1.3467874862246563,0.19239821231780802
136,mobile application,Enhancing user engagement: The role of gamification in mobile apps,title,engagement,1,7,0.14285714285714285,4,1.6989700043360187,0.24271000061943124
136,mobile application,Enhancing user engagement: The role of gamification in mobile apps,title,role,1,7,0.14285714285714285,5,1.6020599913279623,0.22886571304685174
136,mobile application,Enhancing user engagement: The role of gamification in mobile apps,title,gamification,1,7,0.14285714285714285,2,2.0,0.2857142857142857
136,mobile application,Enhancing user engagement: The role of gamification in mobile apps,title,mobile,1,7,0.14285714285714285,54,0.5686362358410126,0.08123374797728751
136,mobile application,Enhancing user engagement: The role of gamification in mobile apps,title,apps,1,7,0.14285714285714285,19,1.0222763947111522,0.146039484958736
136,mobile application,Enhancing user engagement: The role of gamification in mobile apps,abstract,users,2,22,0.09090909090909091,9,1.3467874862246563,0.1224352260204233
136,mobile application,Enhancing user engagement: The role of gamification in mobile apps,abstract,engagement,1,22,0.045454545454545456,4,1.6989700043360187,0.07722590928800085
136,mobile application,Enhancing user engagement: The role of gamification in mobile apps,abstract,their,1,22,0.045454545454545456,11,1.2596373105057561,0.05725624138662528
136,mobile application,Enhancing user engagement: The role of gamification in mobile apps,abstract,mobile,3,22,0.13636363636363635,54,0.5686362358410126,0.0775413048874108
136,mobile application,Enhancing user engagement: The role of gamification in mobile apps,abstract,apps,2,22,0.09090909090909091,19,1.0222763947111522,0.09293421770101383
136,mobile application,Enhancing user engagement: The role of gamification in mobile apps,abstract,however,1,22,0.045454545454545456,2,2.0,0.09090909090909091
136,mobile application,Enhancing user engagement: The role of gamification in mobile apps,abstract,more,2,22,0.09090909090909091,3,1.8239087409443189,0.16580988554039264
136,mobile application,Enhancing user engagement: The role of gamification in mobile apps,abstract,data,1,22,0.045454545454545456,27,0.8696662315049939,0.039530283250227
136,mobile application,Enhancing user engagement: The role of gamification in mobile apps,abstract,276,1,22,0.045454545454545456,1,2.3010299956639813,0.10459227253018097
136,mobile application,Enhancing user engagement: The role of gamification in mobile apps,abstract,gamified,2,22,0.09090909090909091,1,2.3010299956639813,0.20918454506036194
136,mobile application,Enhancing user engagement: The role of gamification in mobile apps,abstract,app,1,22,0.045454545454545456,15,1.1249387366083,0.051133578936740906
136,mobile application,Enhancing user engagement: The role of gamification in mobile apps,abstract,analyzed,1,22,0.045454545454545456,2,2.0,0.09090909090909091
136,mobile application,Enhancing user engagement: The role of gamification in mobile apps,abstract,help,1,22,0.045454545454545456,5,1.6020599913279623,0.07282090869672556
136,mobile application,Enhancing user engagement: The role of gamification in mobile apps,abstract,developers,1,22,0.045454545454545456,1,2.3010299956639813,0.10459227253018097
136,mobile application,Enhancing user engagement: The role of gamification in mobile apps,abstract,design,1,22,0.045454545454545456,10,1.3010299956639813,0.05913772707563551
136,mobile application,Enhancing user engagement: The role of gamification in mobile apps,abstract,effective,1,22,0.045454545454545456,4,1.6989700043360187,0.07722590928800085
112,mobile application,Perancangan UI/UX Aplikasi Mobile Produk Fashion Pria pada Toko Celcius di Kota Manado Menggunakan Design Thinking,title,ancang,1,15,0.06666666666666667,8,1.3979400086720377,0.09319600057813585
112,mobile application,Perancangan UI/UX Aplikasi Mobile Produk Fashion Pria pada Toko Celcius di Kota Manado Menggunakan Design Thinking,title,ui,1,15,0.06666666666666667,4,1.6989700043360187,0.11326466695573457
112,mobile application,Perancangan UI/UX Aplikasi Mobile Produk Fashion Pria pada Toko Celcius di Kota Manado Menggunakan Design Thinking,title,ux,1,15,0.06666666666666667,4,1.6989700043360187,0.11326466695573457
112,mobile application,Perancangan UI/UX Aplikasi Mobile Produk Fashion Pria pada Toko Celcius di Kota Manado Menggunakan Design Thinking,title,aplikasi,1,15,0.06666666666666667,54,0.5686362358410126,0.03790908238940084
112,mobile application,Perancangan UI/UX Aplikasi Mobile Produk Fashion Pria pada Toko Celcius di Kota Manado Menggunakan Design Thinking,title,mobile,1,15,0.06666666666666667,54,0.5686362358410126,0.03790908238940084
112,mobile application,Perancangan UI/UX Aplikasi Mobile Produk Fashion Pria pada Toko Celcius di Kota Manado Menggunakan Design Thinking,title,produk,1,15,0.06666666666666667,2,2.0,0.13333333333333333
112,mobile application,Perancangan UI/UX Aplikasi Mobile Produk Fashion Pria pada Toko Celcius di Kota Manado Menggunakan Design Thinking,title,fashion,1,15,0.06666666666666667,1,2.3010299956639813,0.15340199971093207
112,mobile application,Perancangan UI/UX Aplikasi Mobile Produk Fashion Pria pada Toko Celcius di Kota Manado Menggunakan Design Thinking,title,pria,1,15,0.06666666666666667,1,2.3010299956639813,0.15340199971093207
112,mobile application,Perancangan UI/UX Aplikasi Mobile Produk Fashion Pria pada Toko Celcius di Kota Manado Menggunakan Design Thinking,title,toko,1,15,0.06666666666666667,3,1.8239087409443189,0.1215939160629546
112,mobile application,Perancangan UI/UX Aplikasi Mobile Produk Fashion Pria pada Toko Celcius di Kota Manado Menggunakan Design Thinking,title,celcius,1,15,0.06666666666666667,1,2.3010299956639813,0.15340199971093207
112,mobile application,Perancangan UI/UX Aplikasi Mobile Produk Fashion Pria pada Toko Celcius di Kota Manado Menggunakan Design Thinking,title,kota,1,15,0.06666666666666667,1,2.3010299956639813,0.15340199971093207
112,mobile application,Perancangan UI/UX Aplikasi Mobile Produk Fashion Pria pada Toko Celcius di Kota Manado Menggunakan Design Thinking,title,manado,1,15,0.06666666666666667,1,2.3010299956639813,0.15340199971093207
112,mobile application,Perancangan UI/UX Aplikasi Mobile Produk Fashion Pria pada Toko Celcius di Kota Manado Menggunakan Design Thinking,title,guna,1,15,0.06666666666666667,46,0.638272163982407,0.04255147759882714
112,mobile application,Perancangan UI/UX Aplikasi Mobile Produk Fashion Pria pada Toko Celcius di Kota Manado Menggunakan Design Thinking,title,design,1,15,0.06666666666666667,10,1.3010299956639813,0.08673533304426542
112,mobile application,Perancangan UI/UX Aplikasi Mobile Produk Fashion Pria pada Toko Celcius di Kota Manado Menggunakan Design Thinking,title,thinking,1,15,0.06666666666666667,5,1.6020599913279623,0.10680399942186415
112,mobile application,Perancangan UI/UX Aplikasi Mobile Produk Fashion Pria pada Toko Celcius di Kota Manado Menggunakan Design Thinking,abstract,mobile,3,17,0.17647058823529413,54,0.5686362358410126,0.10034757103076694
112,mobile application,Perancangan UI/UX Aplikasi Mobile Produk Fashion Pria pada Toko Celcius di Kota Manado Menggunakan Design Thinking,abstract,aplikasi,4,17,0.23529411764705882,54,0.5686362358410126,0.13379676137435592
112,mobile application,Perancangan UI/UX Aplikasi Mobile Produk Fashion Pria pada Toko Celcius di Kota Manado Menggunakan Design Thinking,abstract,kata,1,17,0.058823529411764705,3,1.8239087409443189,0.10728874946731287
112,mobile application,Perancangan UI/UX Aplikasi Mobile Produk Fashion Pria pada Toko Celcius di Kota Manado Menggunakan Design Thinking,abstract,lain,1,17,0.058823529411764705,3,1.8239087409443189,0.10728874946731287
112,mobile application,Perancangan UI/UX Aplikasi Mobile Produk Fashion Pria pada Toko Celcius di Kota Manado Menggunakan Design Thinking,abstract,sebut,1,17,0.058823529411764705,8,1.3979400086720377,0.08223176521600221
112,mobile application,Perancangan UI/UX Aplikasi Mobile Produk Fashion Pria pada Toko Celcius di Kota Manado Menggunakan Design Thinking,abstract,rupa,1,17,0.058823529411764705,6,1.5228787452803376,0.08958110266354927
112,mobile application,Perancangan UI/UX Aplikasi Mobile Produk Fashion Pria pada Toko Celcius di Kota Manado Menggunakan Design Thinking,abstract,perangkat,2,17,0.11764705882352941,3,1.8239087409443189,0.21457749893462574
112,mobile application,Perancangan UI/UX Aplikasi Mobile Produk Fashion Pria pada Toko Celcius di Kota Manado Menggunakan Design Thinking,abstract,lunak,1,17,0.058823529411764705,1,2.3010299956639813,0.13535470562729301
112,mobile application,Perancangan UI/UX Aplikasi Mobile Produk Fashion Pria pada Toko Celcius di Kota Manado Menggunakan Design Thinking,abstract,seperti,1,17,0.058823529411764705,5,1.6020599913279623,0.0942388230192919
112,mobile application,Perancangan UI/UX Aplikasi Mobile Produk Fashion Pria pada Toko Celcius di Kota Manado Menggunakan Design Thinking,abstract,smartphone,1,17,0.058823529411764705,3,1.8239087409443189,0.10728874946731287
112,mobile application,Perancangan UI/UX Aplikasi Mobile Produk Fashion Pria pada Toko Celcius di Kota Manado Menggunakan Design Thinking,abstract,tablet,1,17,0.058823529411764705,1,2.3010299956639813,0.13535470562729301
113,mobile application,Pengembangan Aplikasi Kasir Mobile Yang Efisien,title,kembang,1,5,0.2,17,1.0705810742857074,0.2141162148571415
113,mobile application,Pengembangan Aplikasi Kasir Mobile Yang Efisien,title,aplikasi,1,5,0.2,54,0.5686362358410126,0.11372724716820254
113,mobile application,Pengembangan Aplikasi Kasir Mobile Yang Efisien,title,kasir,1,5,0.2,2,2.0,0.4
113,mobile application,Pengembangan Aplikasi Kasir Mobile Yang Efisien,title,mobile,1,5,0.2,54,0.5686362358410126,0.11372724716820254
113,mobile application,Pengembangan Aplikasi Kasir Mobile Yang Efisien,title,efisien,1,5,0.2,1,2.3010299956639813,0.46020599913279625
113,mobile application,Pengembangan Aplikasi Kasir Mobile Yang Efisien,abstract,buat,1,16,0.0625,18,1.045757490560675,0.06535984316004219
113,mobile application,Pengembangan Aplikasi Kasir Mobile Yang Efisien,abstract,aplikasi,2,16,0.125,54,0.5686362358410126,0.07107952948012658
113,mobile application,Pengembangan Aplikasi Kasir Mobile Yang Efisien,abstract,mobile,2,16,0.125,54,0.5686362358410126,0.07107952948012658
113,mobile application,Pengembangan Aplikasi Kasir Mobile Yang Efisien,abstract,perlu,1,16,0.0625,2,2.0,0.125
113,mobile application,Pengembangan Aplikasi Kasir Mobile Yang Efisien,abstract,guna,1,16,0.0625,46,0.638272163982407,0.03989201024890044
113,mobile application,Pengembangan Aplikasi Kasir Mobile Yang Efisien,abstract,flutter,2,16,0.125,1,2.3010299956639813,0.28762874945799766
113,mobile application,Pengembangan Aplikasi Kasir Mobile Yang Efisien,abstract,sdk,1,16,0.0625,1,2.3010299956639813,0.14381437472899883
113,mobile application,Pengembangan Aplikasi Kasir Mobile Yang Efisien,abstract,kembang,1,16,0.0625,17,1.0705810742857074,0.06691131714285671
113,mobile application,Pengembangan Aplikasi Kasir Mobile Yang Efisien,abstract,google,1,16,0.0625,3,1.8239087409443189,0.11399429630901993
113,mobile application,Pengembangan Aplikasi Kasir Mobile Yang Efisien,abstract,bangun,1,16,0.0625,13,1.1870866433571445,0.07419291520982153
113,mobile application,Pengembangan Aplikasi Kasir Mobile Yang Efisien,abstract,milik,1,16,0.0625,7,1.4559319556497243,0.09099574722810777
113,mobile application,Pengembangan Aplikasi Kasir Mobile Yang Efisien,abstract,kerja,1,16,0.0625,2,2.0,0.125
113,mobile application,Pengembangan Aplikasi Kasir Mobile Yang Efisien,abstract,tinggi,1,16,0.0625,3,1.8239087409443189,0.11399429630901993
114,mobile application,Redesign User Interface Dan User Experience Aplikasi Wastu Mobile Menggunakan Metode Design Thinking,title,redesign,1,12,0.08333333333333333,1,2.3010299956639813,0.19175249963866509
114,mobile application,Redesign User Interface Dan User Experience Aplikasi Wastu Mobile Menggunakan Metode Design Thinking,title,user,2,12,0.16666666666666666,9,1.3467874862246563,0.2244645810374427
114,mobile application,Redesign User Interface Dan User Experience Aplikasi Wastu Mobile Menggunakan Metode Design Thinking,title,interface,1,12,0.08333333333333333,4,1.6989700043360187,0.14158083369466823
114,mobile application,Redesign User Interface Dan User Experience Aplikasi Wastu Mobile Menggunakan Metode Design Thinking,title,experience,1,12,0.08333333333333333,6,1.5228787452803376,0.1269065621066948
114,mobile application,Redesign User Interface Dan User Experience Aplikasi Wastu Mobile Menggunakan Metode Design Thinking,title,aplikasi,1,12,0.08333333333333333,54,0.5686362358410126,0.04738635298675105
114,mobile application,Redesign User Interface Dan User Experience Aplikasi Wastu Mobile Menggunakan Metode Design Thinking,title,wastu,1,12,0.08333333333333333,1,2.3010299956639813,0.19175249963866509
114,mobile application,Redesign User Interface Dan User Experience Aplikasi Wastu Mobile Menggunakan Metode Design Thinking,title,mobile,1,12,0.08333333333333333,54,0.5686362358410126,0.04738635298675105
114,mobile application,Redesign User Interface Dan User Experience Aplikasi Wastu Mobile Menggunakan Metode Design Thinking,title,guna,1,12,0.08333333333333333,46,0.638272163982407,0.05318934699853392
114,mobile application,Redesign User Interface Dan User Experience Aplikasi Wastu Mobile Menggunakan Metode Design Thinking,title,metode,1,12,0.08333333333333333,20,1.0,0.08333333333333333
114,mobile application,Redesign User Interface Dan User Experience Aplikasi Wastu Mobile Menggunakan Metode Design Thinking,title,design,1,12,0.08333333333333333,10,1.3010299956639813,0.10841916630533177
114,mobile application,Redesign User Interface Dan User Experience Aplikasi Wastu Mobile Menggunakan Metode Design Thinking,title,thinking,1,12,0.08333333333333333,5,1.6020599913279623,0.13350499927733017
114,mobile application,Redesign User Interface Dan User Experience Aplikasi Wastu Mobile Menggunakan Metode Design Thinking,abstract,user,1,16,0.0625,9,1.3467874862246563,0.08417421788904102
114,mobile application,Redesign User Interface Dan User Experience Aplikasi Wastu Mobile Menggunakan Metode Design Thinking,abstract,interface,1,16,0.0625,4,1.6989700043360187,0.10618562527100117
114,mobile application,Redesign User Interface Dan User Experience Aplikasi Wastu Mobile Menggunakan Metode Design Thinking,abstract,wastu,2,16,0.125,1,2.3010299956639813,0.28762874945799766
114,mobile application,Redesign User Interface Dan User Experience Aplikasi Wastu Mobile Menggunakan Metode Design Thinking,abstract,mobile,2,16,0.125,54,0.5686362358410126,0.07107952948012658
114,mobile application,Redesign User Interface Dan User Experience Aplikasi Wastu Mobile Menggunakan Metode Design Thinking,abstract,tuju,1,16,0.0625,12,1.2218487496163564,0.07636554685102227
114,mobile application,Redesign User Interface Dan User Experience Aplikasi Wastu Mobile Menggunakan Metode Design Thinking,abstract,mudah,1,16,0.0625,7,1.4559319556497243,0.09099574722810777
114,mobile application,Redesign User Interface Dan User Experience Aplikasi Wastu Mobile Menggunakan Metode Design Thinking,abstract,guna,1,16,0.0625,46,0.638272163982407,0.03989201024890044
114,mobile application,Redesign User Interface Dan User Experience Aplikasi Wastu Mobile Menggunakan Metode Design Thinking,abstract,aplikasi,2,16,0.125,54,0.5686362358410126,0.07107952948012658
114,mobile application,Redesign User Interface Dan User Experience Aplikasi Wastu Mobile Menggunakan Metode Design Thinking,abstract,sebut,1,16,0.0625,8,1.3979400086720377,0.08737125054200236
114,mobile application,Redesign User Interface Dan User Experience Aplikasi Wastu Mobile Menggunakan Metode Design Thinking,abstract,teliti,1,16,0.0625,22,0.958607314841775,0.059912957177610936
114,mobile application,Redesign User Interface Dan User Experience Aplikasi Wastu Mobile Menggunakan Metode Design Thinking,abstract,hasil,1,16,0.0625,9,1.3467874862246563,0.08417421788904102
114,mobile application,Redesign User Interface Dan User Experience Aplikasi Wastu Mobile Menggunakan Metode Design Thinking,abstract,prototype,1,16,0.0625,1,2.3010299956639813,0.14381437472899883
114,mobile application,Redesign User Interface Dan User Experience Aplikasi Wastu Mobile Menggunakan Metode Design Thinking,abstract,redesign,1,16,0.0625,1,2.3010299956639813,0.14381437472899883
115,mobile application,Aplikasi Mobile JKN untuk Memudahkan Akses Pelayanan BPJS,title,aplikasi,1,7,0.14285714285714285,54,0.5686362358410126,0.08123374797728751
115,mobile application,Aplikasi Mobile JKN untuk Memudahkan Akses Pelayanan BPJS,title,mobile,1,7,0.14285714285714285,54,0.5686362358410126,0.08123374797728751
115,mobile application,Aplikasi Mobile JKN untuk Memudahkan Akses Pelayanan BPJS,title,jkn,1,7,0.14285714285714285,8,1.3979400086720377,0.1997057155245768
115,mobile application,Aplikasi Mobile JKN untuk Memudahkan Akses Pelayanan BPJS,title,mudah,1,7,0.14285714285714285,7,1.4559319556497243,0.20799027937853204
115,mobile application,Aplikasi Mobile JKN untuk Memudahkan Akses Pelayanan BPJS,title,akses,1,7,0.14285714285714285,6,1.5228787452803376,0.21755410646861964
115,mobile application,Aplikasi Mobile JKN untuk Memudahkan Akses Pelayanan BPJS,title,layan,1,7,0.14285714285714285,11,1.2596373105057561,0.179948187215108
115,mobile application,Aplikasi Mobile JKN untuk Memudahkan Akses Pelayanan BPJS,title,bpjs,1,7,0.14285714285714285,3,1.8239087409443189,0.2605583915634741
115,mobile application,Aplikasi Mobile JKN untuk Memudahkan Akses Pelayanan BPJS,abstract,guna,1,22,0.045454545454545456,46,0.638272163982407,0.02901237109010941
115,mobile application,Aplikasi Mobile JKN untuk Memudahkan Akses Pelayanan BPJS,abstract,aplikasi,4,22,0.18181818181818182,54,0.5686362358410126,0.10338840651654775
115,mobile application,Aplikasi Mobile JKN untuk Memudahkan Akses Pelayanan BPJS,abstract,smart,1,22,0.045454545454545456,7,1.4559319556497243,0.06617872525680565
115,mobile application,Aplikasi Mobile JKN untuk Memudahkan Akses Pelayanan BPJS,abstract,phone,1,22,0.045454545454545456,2,2.0,0.09090909090909091
115,mobile application,Aplikasi Mobile JKN untuk Memudahkan Akses Pelayanan BPJS,abstract,lalu,1,22,0.045454545454545456,8,1.3979400086720377,0.06354272766691081
115,mobile application,Aplikasi Mobile JKN untuk Memudahkan Akses Pelayanan BPJS,abstract,mobile,2,22,0.09090909090909091,54,0.5686362358410126,0.051694203258273876
115,mobile application,Aplikasi Mobile JKN untuk Memudahkan Akses Pelayanan BPJS,abstract,jkn,2,22,0.09090909090909091,8,1.3979400086720377,0.12708545533382162
115,mobile application,Aplikasi Mobile JKN untuk Memudahkan Akses Pelayanan BPJS,abstract,sedia,1,22,0.045454545454545456,3,1.8239087409443189,0.08290494277019632
115,mobile application,Aplikasi Mobile JKN untuk Memudahkan Akses Pelayanan BPJS,abstract,layan,1,22,0.045454545454545456,11,1.2596373105057561,0.05725624138662528
115,mobile application,Aplikasi Mobile JKN untuk Memudahkan Akses Pelayanan BPJS,abstract,fitur,4,22,0.18181818181818182,3,1.8239087409443189,0.3316197710807853
115,mobile application,Aplikasi Mobile JKN untuk Memudahkan Akses Pelayanan BPJS,abstract,sebut,1,22,0.045454545454545456,8,1.3979400086720377,0.06354272766691081
115,mobile application,Aplikasi Mobile JKN untuk Memudahkan Akses Pelayanan BPJS,abstract,diri,1,22,0.045454545454545456,1,2.3010299956639813,0.10459227253018097
115,mobile application,Aplikasi Mobile JKN untuk Memudahkan Akses Pelayanan BPJS,abstract,atas,1,22,0.045454545454545456,1,2.3010299956639813,0.10459227253018097
115,mobile application,Aplikasi Mobile JKN untuk Memudahkan Akses Pelayanan BPJS,abstract,serta,1,22,0.045454545454545456,3,1.8239087409443189,0.08290494277019632
116,mobile application,Aplikasi pembelajaran ilmu tajwid berbasis mobile,title,aplikasi,1,6,0.16666666666666666,54,0.5686362358410126,0.0947727059735021
116,mobile application,Aplikasi pembelajaran ilmu tajwid berbasis mobile,title,ajar,1,6,0.16666666666666666,5,1.6020599913279623,0.26700999855466034
116,mobile application,Aplikasi pembelajaran ilmu tajwid berbasis mobile,title,ilmu,1,6,0.16666666666666666,1,2.3010299956639813,0.38350499927733017
116,mobile application,Aplikasi pembelajaran ilmu tajwid berbasis mobile,title,tajwid,1,6,0.16666666666666666,1,2.3010299956639813,0.38350499927733017
116,mobile application,Aplikasi pembelajaran ilmu tajwid berbasis mobile,title,bas,1,6,0.16666666666666666,28,0.853871964321762,0.142311994053627
116,mobile application,Aplikasi pembelajaran ilmu tajwid berbasis mobile,title,mobile,1,6,0.16666666666666666,54,0.5686362358410126,0.0947727059735021
116,mobile application,Aplikasi pembelajaran ilmu tajwid berbasis mobile,abstract,tuju,1,18,0.05555555555555555,12,1.2218487496163564,0.06788048608979758
116,mobile application,Aplikasi pembelajaran ilmu tajwid berbasis mobile,abstract,teliti,1,18,0.05555555555555555,22,0.958607314841775,0.05325596193565416
116,mobile application,Aplikasi pembelajaran ilmu tajwid berbasis mobile,abstract,buat,1,18,0.05555555555555555,18,1.045757490560675,0.058097638364481945
116,mobile application,Aplikasi pembelajaran ilmu tajwid berbasis mobile,abstract,aplikasi,3,18,0.16666666666666666,54,0.5686362358410126,0.0947727059735021
116,mobile application,Aplikasi pembelajaran ilmu tajwid berbasis mobile,abstract,ajar,1,18,0.05555555555555555,5,1.6020599913279623,0.08900333285155346
116,mobile application,Aplikasi pembelajaran ilmu tajwid berbasis mobile,abstract,ilmu,1,18,0.05555555555555555,1,2.3010299956639813,0.12783499975911006
116,mobile application,Aplikasi pembelajaran ilmu tajwid berbasis mobile,abstract,tajwid,1,18,0.05555555555555555,1,2.3010299956639813,0.12783499975911006
116,mobile application,Aplikasi pembelajaran ilmu tajwid berbasis mobile,abstract,rancang,1,18,0.05555555555555555,8,1.3979400086720377,0.0776633338151132
116,mobile application,Aplikasi pembelajaran ilmu tajwid berbasis mobile,abstract,dasar,1,18,0.05555555555555555,7,1.4559319556497243,0.0808851086472069
116,mobile application,Aplikasi pembelajaran ilmu tajwid berbasis mobile,abstract,uji,1,18,0.05555555555555555,3,1.8239087409443189,0.10132826338579548
116,mobile application,Aplikasi pembelajaran ilmu tajwid berbasis mobile,abstract,guna,1,18,0.05555555555555555,46,0.638272163982407,0.03545956466568928
116,mobile application,Aplikasi pembelajaran ilmu tajwid berbasis mobile,abstract,metode,1,18,0.05555555555555555,20,1.0,0.05555555555555555
116,mobile application,Aplikasi pembelajaran ilmu tajwid berbasis mobile,abstract,black,1,18,0.05555555555555555,3,1.8239087409443189,0.10132826338579548
116,mobile application,Aplikasi pembelajaran ilmu tajwid berbasis mobile,abstract,box,1,18,0.05555555555555555,3,1.8239087409443189,0.10132826338579548
116,mobile application,Aplikasi pembelajaran ilmu tajwid berbasis mobile,abstract,testing,1,18,0.05555555555555555,4,1.6989700043360187,0.09438722246311215
116,mobile application,Aplikasi pembelajaran ilmu tajwid berbasis mobile,abstract,tunjuk,1,18,0.05555555555555555,2,2.0,0.1111111111111111
117,mobile application,Analisis Sentimen Berbasis Aspek pada Aplikasi Mobile Menggunakan Naïve Bayes berdasarkan Ulasan Pengguna Playstore (Studi Kasus: Jconnect Mobile),title,analisis,1,18,0.05555555555555555,17,1.0705810742857074,0.05947672634920596
117,mobile application,Analisis Sentimen Berbasis Aspek pada Aplikasi Mobile Menggunakan Naïve Bayes berdasarkan Ulasan Pengguna Playstore (Studi Kasus: Jconnect Mobile),title,sentimen,1,18,0.05555555555555555,3,1.8239087409443189,0.10132826338579548
117,mobile application,Analisis Sentimen Berbasis Aspek pada Aplikasi Mobile Menggunakan Naïve Bayes berdasarkan Ulasan Pengguna Playstore (Studi Kasus: Jconnect Mobile),title,bas,1,18,0.05555555555555555,28,0.853871964321762,0.047437331351209
117,mobile application,Analisis Sentimen Berbasis Aspek pada Aplikasi Mobile Menggunakan Naïve Bayes berdasarkan Ulasan Pengguna Playstore (Studi Kasus: Jconnect Mobile),title,aspek,1,18,0.05555555555555555,2,2.0,0.1111111111111111
117,mobile application,Analisis Sentimen Berbasis Aspek pada Aplikasi Mobile Menggunakan Naïve Bayes berdasarkan Ulasan Pengguna Playstore (Studi Kasus: Jconnect Mobile),title,aplikasi,1,18,0.05555555555555555,54,0.5686362358410126,0.03159090199116737
117,mobile application,Analisis Sentimen Berbasis Aspek pada Aplikasi Mobile Menggunakan Naïve Bayes berdasarkan Ulasan Pengguna Playstore (Studi Kasus: Jconnect Mobile),title,mobile,2,18,0.1111111111111111,54,0.5686362358410126,0.06318180398233474
117,mobile application,Analisis Sentimen Berbasis Aspek pada Aplikasi Mobile Menggunakan Naïve Bayes berdasarkan Ulasan Pengguna Playstore (Studi Kasus: Jconnect Mobile),title,guna,2,18,0.1111111111111111,46,0.638272163982407,0.07091912933137856
117,mobile application,Analisis Sentimen Berbasis Aspek pada Aplikasi Mobile Menggunakan Naïve Bayes berdasarkan Ulasan Pengguna Playstore (Studi Kasus: Jconnect Mobile),title,na,1,18,0.05555555555555555,1,2.3010299956639813,0.12783499975911006
117,mobile application,Analisis Sentimen Berbasis Aspek pada Aplikasi Mobile Menggunakan Naïve Bayes berdasarkan Ulasan Pengguna Playstore (Studi Kasus: Jconnect Mobile),title,ve,1,18,0.05555555555555555,1,2.3010299956639813,0.12783499975911006
117,mobile application,Analisis Sentimen Berbasis Aspek pada Aplikasi Mobile Menggunakan Naïve Bayes berdasarkan Ulasan Pengguna Playstore (Studi Kasus: Jconnect Mobile),title,bayes,1,18,0.05555555555555555,1,2.3010299956639813,0.12783499975911006
117,mobile application,Analisis Sentimen Berbasis Aspek pada Aplikasi Mobile Menggunakan Naïve Bayes berdasarkan Ulasan Pengguna Playstore (Studi Kasus: Jconnect Mobile),title,dasar,1,18,0.05555555555555555,7,1.4559319556497243,0.0808851086472069
117,mobile application,Analisis Sentimen Berbasis Aspek pada Aplikasi Mobile Menggunakan Naïve Bayes berdasarkan Ulasan Pengguna Playstore (Studi Kasus: Jconnect Mobile),title,ulas,1,18,0.05555555555555555,4,1.6989700043360187,0.09438722246311215
117,mobile application,Analisis Sentimen Berbasis Aspek pada Aplikasi Mobile Menggunakan Naïve Bayes berdasarkan Ulasan Pengguna Playstore (Studi Kasus: Jconnect Mobile),title,playstore,1,18,0.05555555555555555,2,2.0,0.1111111111111111
117,mobile application,Analisis Sentimen Berbasis Aspek pada Aplikasi Mobile Menggunakan Naïve Bayes berdasarkan Ulasan Pengguna Playstore (Studi Kasus: Jconnect Mobile),title,studi,1,18,0.05555555555555555,8,1.3979400086720377,0.0776633338151132
117,mobile application,Analisis Sentimen Berbasis Aspek pada Aplikasi Mobile Menggunakan Naïve Bayes berdasarkan Ulasan Pengguna Playstore (Studi Kasus: Jconnect Mobile),title,kasus,1,18,0.05555555555555555,8,1.3979400086720377,0.0776633338151132
117,mobile application,Analisis Sentimen Berbasis Aspek pada Aplikasi Mobile Menggunakan Naïve Bayes berdasarkan Ulasan Pengguna Playstore (Studi Kasus: Jconnect Mobile),title,jconnect,1,18,0.05555555555555555,1,2.3010299956639813,0.12783499975911006
117,mobile application,Analisis Sentimen Berbasis Aspek pada Aplikasi Mobile Menggunakan Naïve Bayes berdasarkan Ulasan Pengguna Playstore (Studi Kasus: Jconnect Mobile),abstract,aplikasi,3,15,0.2,54,0.5686362358410126,0.11372724716820254
117,mobile application,Analisis Sentimen Berbasis Aspek pada Aplikasi Mobile Menggunakan Naïve Bayes berdasarkan Ulasan Pengguna Playstore (Studi Kasus: Jconnect Mobile),abstract,jconnect,2,15,0.13333333333333333,1,2.3010299956639813,0.30680399942186415
117,mobile application,Analisis Sentimen Berbasis Aspek pada Aplikasi Mobile Menggunakan Naïve Bayes berdasarkan Ulasan Pengguna Playstore (Studi Kasus: Jconnect Mobile),abstract,mobile,2,15,0.13333333333333333,54,0.5686362358410126,0.07581816477880168
117,mobile application,Analisis Sentimen Berbasis Aspek pada Aplikasi Mobile Menggunakan Naïve Bayes berdasarkan Ulasan Pengguna Playstore (Studi Kasus: Jconnect Mobile),abstract,ulas,1,15,0.06666666666666667,4,1.6989700043360187,0.11326466695573457
117,mobile application,Analisis Sentimen Berbasis Aspek pada Aplikasi Mobile Menggunakan Naïve Bayes berdasarkan Ulasan Pengguna Playstore (Studi Kasus: Jconnect Mobile),abstract,guna,2,15,0.13333333333333333,46,0.638272163982407,0.08510295519765428
117,mobile application,Analisis Sentimen Berbasis Aspek pada Aplikasi Mobile Menggunakan Naïve Bayes berdasarkan Ulasan Pengguna Playstore (Studi Kasus: Jconnect Mobile),abstract,manfaat,1,15,0.06666666666666667,4,1.6989700043360187,0.11326466695573457
117,mobile application,Analisis Sentimen Berbasis Aspek pada Aplikasi Mobile Menggunakan Naïve Bayes berdasarkan Ulasan Pengguna Playstore (Studi Kasus: Jconnect Mobile),abstract,sumber,1,15,0.06666666666666667,2,2.0,0.13333333333333333
117,mobile application,Analisis Sentimen Berbasis Aspek pada Aplikasi Mobile Menggunakan Naïve Bayes berdasarkan Ulasan Pengguna Playstore (Studi Kasus: Jconnect Mobile),abstract,laku,1,15,0.06666666666666667,6,1.5228787452803376,0.10152524968535584
117,mobile application,Analisis Sentimen Berbasis Aspek pada Aplikasi Mobile Menggunakan Naïve Bayes berdasarkan Ulasan Pengguna Playstore (Studi Kasus: Jconnect Mobile),abstract,tingkat,1,15,0.06666666666666667,17,1.0705810742857074,0.07137207161904716
117,mobile application,Analisis Sentimen Berbasis Aspek pada Aplikasi Mobile Menggunakan Naïve Bayes berdasarkan Ulasan Pengguna Playstore (Studi Kasus: Jconnect Mobile),abstract,playstore,1,15,0.06666666666666667,2,2.0,0.13333333333333333
118,mobile application,Persepsi manfaat kemudahan terhadap niat dalam penggunaan aplikasi mobile banking,title,persepsi,1,8,0.125,2,2.0,0.25
118,mobile application,Persepsi manfaat kemudahan terhadap niat dalam penggunaan aplikasi mobile banking,title,manfaat,1,8,0.125,4,1.6989700043360187,0.21237125054200234
118,mobile application,Persepsi manfaat kemudahan terhadap niat dalam penggunaan aplikasi mobile banking,title,mudah,1,8,0.125,7,1.4559319556497243,0.18199149445621554
118,mobile application,Persepsi manfaat kemudahan terhadap niat dalam penggunaan aplikasi mobile banking,title,niat,1,8,0.125,1,2.3010299956639813,0.28762874945799766
118,mobile application,Persepsi manfaat kemudahan terhadap niat dalam penggunaan aplikasi mobile banking,title,guna,1,8,0.125,46,0.638272163982407,0.07978402049780088
118,mobile application,Persepsi manfaat kemudahan terhadap niat dalam penggunaan aplikasi mobile banking,title,aplikasi,1,8,0.125,54,0.5686362358410126,0.07107952948012658
118,mobile application,Persepsi manfaat kemudahan terhadap niat dalam penggunaan aplikasi mobile banking,title,mobile,1,8,0.125,54,0.5686362358410126,0.07107952948012658
118,mobile application,Persepsi manfaat kemudahan terhadap niat dalam penggunaan aplikasi mobile banking,title,banking,1,8,0.125,3,1.8239087409443189,0.22798859261803986
118,mobile application,Persepsi manfaat kemudahan terhadap niat dalam penggunaan aplikasi mobile banking,abstract,adopsi,1,18,0.05555555555555555,2,2.0,0.1111111111111111
118,mobile application,Persepsi manfaat kemudahan terhadap niat dalam penggunaan aplikasi mobile banking,abstract,aplikasi,3,18,0.16666666666666666,54,0.5686362358410126,0.0947727059735021
118,mobile application,Persepsi manfaat kemudahan terhadap niat dalam penggunaan aplikasi mobile banking,abstract,mobile,3,18,0.16666666666666666,54,0.5686362358410126,0.0947727059735021
118,mobile application,Persepsi manfaat kemudahan terhadap niat dalam penggunaan aplikasi mobile banking,abstract,banking,3,18,0.16666666666666666,3,1.8239087409443189,0.30398479015738644
118,mobile application,Persepsi manfaat kemudahan terhadap niat dalam penggunaan aplikasi mobile banking,abstract,dasar,1,18,0.05555555555555555,7,1.4559319556497243,0.0808851086472069
118,mobile application,Persepsi manfaat kemudahan terhadap niat dalam penggunaan aplikasi mobile banking,abstract,kaji,1,18,0.05555555555555555,3,1.8239087409443189,0.10132826338579548
118,mobile application,Persepsi manfaat kemudahan terhadap niat dalam penggunaan aplikasi mobile banking,abstract,pengaruh,1,18,0.05555555555555555,3,1.8239087409443189,0.10132826338579548
118,mobile application,Persepsi manfaat kemudahan terhadap niat dalam penggunaan aplikasi mobile banking,abstract,niat,2,18,0.1111111111111111,1,2.3010299956639813,0.2556699995182201
118,mobile application,Persepsi manfaat kemudahan terhadap niat dalam penggunaan aplikasi mobile banking,abstract,guna,2,18,0.1111111111111111,46,0.638272163982407,0.07091912933137856
118,mobile application,Persepsi manfaat kemudahan terhadap niat dalam penggunaan aplikasi mobile banking,abstract,perilaku,1,18,0.05555555555555555,1,2.3010299956639813,0.12783499975911006
119,mobile application,Analisis persepsi konsumen terhadap penggunaan aplikasi Mobile JKN,title,analisis,1,7,0.14285714285714285,17,1.0705810742857074,0.15294015346938675
119,mobile application,Analisis persepsi konsumen terhadap penggunaan aplikasi Mobile JKN,title,persepsi,1,7,0.14285714285714285,2,2.0,0.2857142857142857
119,mobile application,Analisis persepsi konsumen terhadap penggunaan aplikasi Mobile JKN,title,konsumen,1,7,0.14285714285714285,2,2.0,0.2857142857142857
119,mobile application,Analisis persepsi konsumen terhadap penggunaan aplikasi Mobile JKN,title,guna,1,7,0.14285714285714285,46,0.638272163982407,0.09118173771177243
119,mobile application,Analisis persepsi konsumen terhadap penggunaan aplikasi Mobile JKN,title,aplikasi,1,7,0.14285714285714285,54,0.5686362358410126,0.08123374797728751
119,mobile application,Analisis persepsi konsumen terhadap penggunaan aplikasi Mobile JKN,title,mobile,1,7,0.14285714285714285,54,0.5686362358410126,0.08123374797728751
119,mobile application,Analisis persepsi konsumen terhadap penggunaan aplikasi Mobile JKN,title,jkn,1,7,0.14285714285714285,8,1.3979400086720377,0.1997057155245768
119,mobile application,Analisis persepsi konsumen terhadap penggunaan aplikasi Mobile JKN,abstract,buat,1,18,0.05555555555555555,18,1.045757490560675,0.058097638364481945
119,mobile application,Analisis persepsi konsumen terhadap penggunaan aplikasi Mobile JKN,abstract,aplikasi,3,18,0.16666666666666666,54,0.5686362358410126,0.0947727059735021
119,mobile application,Analisis persepsi konsumen terhadap penggunaan aplikasi Mobile JKN,abstract,mobile,3,18,0.16666666666666666,54,0.5686362358410126,0.0947727059735021
119,mobile application,Analisis persepsi konsumen terhadap penggunaan aplikasi Mobile JKN,abstract,jkn,2,18,0.1111111111111111,8,1.3979400086720377,0.1553266676302264
119,mobile application,Analisis persepsi konsumen terhadap penggunaan aplikasi Mobile JKN,abstract,tuju,1,18,0.05555555555555555,12,1.2218487496163564,0.06788048608979758
119,mobile application,Analisis persepsi konsumen terhadap penggunaan aplikasi Mobile JKN,abstract,jalan,1,18,0.05555555555555555,5,1.6020599913279623,0.08900333285155346
119,mobile application,Analisis persepsi konsumen terhadap penggunaan aplikasi Mobile JKN,abstract,nya,1,18,0.05555555555555555,1,2.3010299956639813,0.12783499975911006
119,mobile application,Analisis persepsi konsumen terhadap penggunaan aplikasi Mobile JKN,abstract,masih,1,18,0.05555555555555555,2,2.0,0.1111111111111111
119,mobile application,Analisis persepsi konsumen terhadap penggunaan aplikasi Mobile JKN,abstract,sangat,1,18,0.05555555555555555,5,1.6020599913279623,0.08900333285155346
119,mobile application,Analisis persepsi konsumen terhadap penggunaan aplikasi Mobile JKN,abstract,minim,1,18,0.05555555555555555,1,2.3010299956639813,0.12783499975911006
119,mobile application,Analisis persepsi konsumen terhadap penggunaan aplikasi Mobile JKN,abstract,sekali,1,18,0.05555555555555555,1,2.3010299956639813,0.12783499975911006
119,mobile application,Analisis persepsi konsumen terhadap penggunaan aplikasi Mobile JKN,abstract,masyarakat,1,18,0.05555555555555555,4,1.6989700043360187,0.09438722246311215
119,mobile application,Analisis persepsi konsumen terhadap penggunaan aplikasi Mobile JKN,abstract,akses,1,18,0.05555555555555555,6,1.5228787452803376,0.08460437473779653
120,mobile application,Analisis kualitas pelayanan aplikasi mobile JKN BPJS kesehatan menggunakan metode service quality (servqual),title,analisis,1,13,0.07692307692307693,17,1.0705810742857074,0.0823523903296698
120,mobile application,Analisis kualitas pelayanan aplikasi mobile JKN BPJS kesehatan menggunakan metode service quality (servqual),title,kualitas,1,13,0.07692307692307693,7,1.4559319556497243,0.11199476581920957
120,mobile application,Analisis kualitas pelayanan aplikasi mobile JKN BPJS kesehatan menggunakan metode service quality (servqual),title,layan,1,13,0.07692307692307693,11,1.2596373105057561,0.09689517773121202
120,mobile application,Analisis kualitas pelayanan aplikasi mobile JKN BPJS kesehatan menggunakan metode service quality (servqual),title,aplikasi,1,13,0.07692307692307693,54,0.5686362358410126,0.04374124891084713
120,mobile application,Analisis kualitas pelayanan aplikasi mobile JKN BPJS kesehatan menggunakan metode service quality (servqual),title,mobile,1,13,0.07692307692307693,54,0.5686362358410126,0.04374124891084713
120,mobile application,Analisis kualitas pelayanan aplikasi mobile JKN BPJS kesehatan menggunakan metode service quality (servqual),title,jkn,1,13,0.07692307692307693,8,1.3979400086720377,0.10753384682092598
120,mobile application,Analisis kualitas pelayanan aplikasi mobile JKN BPJS kesehatan menggunakan metode service quality (servqual),title,bpjs,1,13,0.07692307692307693,3,1.8239087409443189,0.14030067238033223
120,mobile application,Analisis kualitas pelayanan aplikasi mobile JKN BPJS kesehatan menggunakan metode service quality (servqual),title,sehat,1,13,0.07692307692307693,6,1.5228787452803376,0.11714451886771829
120,mobile application,Analisis kualitas pelayanan aplikasi mobile JKN BPJS kesehatan menggunakan metode service quality (servqual),title,guna,1,13,0.07692307692307693,46,0.638272163982407,0.04909785876787747
120,mobile application,Analisis kualitas pelayanan aplikasi mobile JKN BPJS kesehatan menggunakan metode service quality (servqual),title,metode,1,13,0.07692307692307693,20,1.0,0.07692307692307693
120,mobile application,Analisis kualitas pelayanan aplikasi mobile JKN BPJS kesehatan menggunakan metode service quality (servqual),title,service,1,13,0.07692307692307693,4,1.6989700043360187,0.13069000033353992
120,mobile application,Analisis kualitas pelayanan aplikasi mobile JKN BPJS kesehatan menggunakan metode service quality (servqual),title,quality,1,13,0.07692307692307693,7,1.4559319556497243,0.11199476581920957
120,mobile application,Analisis kualitas pelayanan aplikasi mobile JKN BPJS kesehatan menggunakan metode service quality (servqual),title,servqual,1,13,0.07692307692307693,1,2.3010299956639813,0.1770023073587678
120,mobile application,Analisis kualitas pelayanan aplikasi mobile JKN BPJS kesehatan menggunakan metode service quality (servqual),abstract,populasi,1,18,0.05555555555555555,1,2.3010299956639813,0.12783499975911006
120,mobile application,Analisis kualitas pelayanan aplikasi mobile JKN BPJS kesehatan menggunakan metode service quality (servqual),abstract,teliti,1,18,0.05555555555555555,22,0.958607314841775,0.05325596193565416
120,mobile application,Analisis kualitas pelayanan aplikasi mobile JKN BPJS kesehatan menggunakan metode service quality (servqual),abstract,serta,1,18,0.05555555555555555,3,1.8239087409443189,0.10132826338579548
120,mobile application,Analisis kualitas pelayanan aplikasi mobile JKN BPJS kesehatan menggunakan metode service quality (servqual),abstract,bpjs,1,18,0.05555555555555555,3,1.8239087409443189,0.10132826338579548
120,mobile application,Analisis kualitas pelayanan aplikasi mobile JKN BPJS kesehatan menggunakan metode service quality (servqual),abstract,sehat,1,18,0.05555555555555555,6,1.5228787452803376,0.08460437473779653
120,mobile application,Analisis kualitas pelayanan aplikasi mobile JKN BPJS kesehatan menggunakan metode service quality (servqual),abstract,guna,2,18,0.1111111111111111,46,0.638272163982407,0.07091912933137856
120,mobile application,Analisis kualitas pelayanan aplikasi mobile JKN BPJS kesehatan menggunakan metode service quality (servqual),abstract,aplikasi,2,18,0.1111111111111111,54,0.5686362358410126,0.06318180398233474
120,mobile application,Analisis kualitas pelayanan aplikasi mobile JKN BPJS kesehatan menggunakan metode service quality (servqual),abstract,mobile,2,18,0.1111111111111111,54,0.5686362358410126,0.06318180398233474
120,mobile application,Analisis kualitas pelayanan aplikasi mobile JKN BPJS kesehatan menggunakan metode service quality (servqual),abstract,jkn,2,18,0.1111111111111111,8,1.3979400086720377,0.1553266676302264
120,mobile application,Analisis kualitas pelayanan aplikasi mobile JKN BPJS kesehatan menggunakan metode service quality (servqual),abstract,adapun,1,18,0.05555555555555555,3,1.8239087409443189,0.10132826338579548
120,mobile application,Analisis kualitas pelayanan aplikasi mobile JKN BPJS kesehatan menggunakan metode service quality (servqual),abstract,jumlah,1,18,0.05555555555555555,2,2.0,0.1111111111111111
120,mobile application,Analisis kualitas pelayanan aplikasi mobile JKN BPJS kesehatan menggunakan metode service quality (servqual),abstract,seluruh,1,18,0.05555555555555555,1,2.3010299956639813,0.12783499975911006
120,mobile application,Analisis kualitas pelayanan aplikasi mobile JKN BPJS kesehatan menggunakan metode service quality (servqual),abstract,indonesia,1,18,0.05555555555555555,19,1.0222763947111522,0.05679313303950845
120,mobile application,Analisis kualitas pelayanan aplikasi mobile JKN BPJS kesehatan menggunakan metode service quality (servqual),abstract,banyak,1,18,0.05555555555555555,2,2.0,0.1111111111111111
121,mobile application,Penggunaan metode heuristic evaluation sebagai analisis evaluasi user interface dan user experience pada aplikasi bca mobile,title,guna,1,13,0.07692307692307693,46,0.638272163982407,0.04909785876787747
121,mobile application,Penggunaan metode heuristic evaluation sebagai analisis evaluasi user interface dan user experience pada aplikasi bca mobile,title,metode,1,13,0.07692307692307693,20,1.0,0.07692307692307693
121,mobile application,Penggunaan metode heuristic evaluation sebagai analisis evaluasi user interface dan user experience pada aplikasi bca mobile,title,heuristic,1,13,0.07692307692307693,1,2.3010299956639813,0.1770023073587678
121,mobile application,Penggunaan metode heuristic evaluation sebagai analisis evaluasi user interface dan user experience pada aplikasi bca mobile,title,evaluation,1,13,0.07692307692307693,5,1.6020599913279623,0.1232353839483048
121,mobile application,Penggunaan metode heuristic evaluation sebagai analisis evaluasi user interface dan user experience pada aplikasi bca mobile,title,analisis,1,13,0.07692307692307693,17,1.0705810742857074,0.0823523903296698
121,mobile application,Penggunaan metode heuristic evaluation sebagai analisis evaluasi user interface dan user experience pada aplikasi bca mobile,title,evaluasi,1,13,0.07692307692307693,2,2.0,0.15384615384615385
121,mobile application,Penggunaan metode heuristic evaluation sebagai analisis evaluasi user interface dan user experience pada aplikasi bca mobile,title,user,2,13,0.15384615384615385,9,1.3467874862246563,0.2071980748037933
121,mobile application,Penggunaan metode heuristic evaluation sebagai analisis evaluasi user interface dan user experience pada aplikasi bca mobile,title,interface,1,13,0.07692307692307693,4,1.6989700043360187,0.13069000033353992
121,mobile application,Penggunaan metode heuristic evaluation sebagai analisis evaluasi user interface dan user experience pada aplikasi bca mobile,title,experience,1,13,0.07692307692307693,6,1.5228787452803376,0.11714451886771829
121,mobile application,Penggunaan metode heuristic evaluation sebagai analisis evaluasi user interface dan user experience pada aplikasi bca mobile,title,aplikasi,1,13,0.07692307692307693,54,0.5686362358410126,0.04374124891084713
121,mobile application,Penggunaan metode heuristic evaluation sebagai analisis evaluasi user interface dan user experience pada aplikasi bca mobile,title,bca,1,13,0.07692307692307693,1,2.3010299956639813,0.1770023073587678
121,mobile application,Penggunaan metode heuristic evaluation sebagai analisis evaluasi user interface dan user experience pada aplikasi bca mobile,title,mobile,1,13,0.07692307692307693,54,0.5686362358410126,0.04374124891084713
121,mobile application,Penggunaan metode heuristic evaluation sebagai analisis evaluasi user interface dan user experience pada aplikasi bca mobile,abstract,dapat,2,18,0.1111111111111111,2,2.0,0.2222222222222222
121,mobile application,Penggunaan metode heuristic evaluation sebagai analisis evaluasi user interface dan user experience pada aplikasi bca mobile,abstract,peringkat,1,18,0.05555555555555555,1,2.3010299956639813,0.12783499975911006
121,mobile application,Penggunaan metode heuristic evaluation sebagai analisis evaluasi user interface dan user experience pada aplikasi bca mobile,abstract,tinggi,1,18,0.05555555555555555,3,1.8239087409443189,0.10132826338579548
121,mobile application,Penggunaan metode heuristic evaluation sebagai analisis evaluasi user interface dan user experience pada aplikasi bca mobile,abstract,kategori,1,18,0.05555555555555555,3,1.8239087409443189,0.10132826338579548
121,mobile application,Penggunaan metode heuristic evaluation sebagai analisis evaluasi user interface dan user experience pada aplikasi bca mobile,abstract,aplikasi,4,18,0.2222222222222222,54,0.5686362358410126,0.12636360796466947
121,mobile application,Penggunaan metode heuristic evaluation sebagai analisis evaluasi user interface dan user experience pada aplikasi bca mobile,abstract,mobile,3,18,0.16666666666666666,54,0.5686362358410126,0.0947727059735021
121,mobile application,Penggunaan metode heuristic evaluation sebagai analisis evaluasi user interface dan user experience pada aplikasi bca mobile,abstract,banking,2,18,0.1111111111111111,3,1.8239087409443189,0.20265652677159096
121,mobile application,Penggunaan metode heuristic evaluation sebagai analisis evaluasi user interface dan user experience pada aplikasi bca mobile,abstract,lain,1,18,0.05555555555555555,3,1.8239087409443189,0.10132826338579548
121,mobile application,Penggunaan metode heuristic evaluation sebagai analisis evaluasi user interface dan user experience pada aplikasi bca mobile,abstract,bca,1,18,0.05555555555555555,1,2.3010299956639813,0.12783499975911006
121,mobile application,Penggunaan metode heuristic evaluation sebagai analisis evaluasi user interface dan user experience pada aplikasi bca mobile,abstract,kritik,1,18,0.05555555555555555,1,2.3010299956639813,0.12783499975911006
121,mobile application,Penggunaan metode heuristic evaluation sebagai analisis evaluasi user interface dan user experience pada aplikasi bca mobile,abstract,guna,1,18,0.05555555555555555,46,0.638272163982407,0.03545956466568928
122,mobile application,Analisis kualitas layanan pada aplikasi Mobile JKN dengan tingkat kepuasan pengguna Mobile JKN BPJS Kesehatan di Kabupaten Demak,title,analisis,1,15,0.06666666666666667,17,1.0705810742857074,0.07137207161904716
122,mobile application,Analisis kualitas layanan pada aplikasi Mobile JKN dengan tingkat kepuasan pengguna Mobile JKN BPJS Kesehatan di Kabupaten Demak,title,kualitas,1,15,0.06666666666666667,7,1.4559319556497243,0.09706213037664829
122,mobile application,Analisis kualitas layanan pada aplikasi Mobile JKN dengan tingkat kepuasan pengguna Mobile JKN BPJS Kesehatan di Kabupaten Demak,title,layan,1,15,0.06666666666666667,11,1.2596373105057561,0.08397582070038374
122,mobile application,Analisis kualitas layanan pada aplikasi Mobile JKN dengan tingkat kepuasan pengguna Mobile JKN BPJS Kesehatan di Kabupaten Demak,title,aplikasi,1,15,0.06666666666666667,54,0.5686362358410126,0.03790908238940084
122,mobile application,Analisis kualitas layanan pada aplikasi Mobile JKN dengan tingkat kepuasan pengguna Mobile JKN BPJS Kesehatan di Kabupaten Demak,title,mobile,2,15,0.13333333333333333,54,0.5686362358410126,0.07581816477880168
122,mobile application,Analisis kualitas layanan pada aplikasi Mobile JKN dengan tingkat kepuasan pengguna Mobile JKN BPJS Kesehatan di Kabupaten Demak,title,jkn,2,15,0.13333333333333333,8,1.3979400086720377,0.1863920011562717
122,mobile application,Analisis kualitas layanan pada aplikasi Mobile JKN dengan tingkat kepuasan pengguna Mobile JKN BPJS Kesehatan di Kabupaten Demak,title,tingkat,1,15,0.06666666666666667,17,1.0705810742857074,0.07137207161904716
122,mobile application,Analisis kualitas layanan pada aplikasi Mobile JKN dengan tingkat kepuasan pengguna Mobile JKN BPJS Kesehatan di Kabupaten Demak,title,puas,1,15,0.06666666666666667,3,1.8239087409443189,0.1215939160629546
122,mobile application,Analisis kualitas layanan pada aplikasi Mobile JKN dengan tingkat kepuasan pengguna Mobile JKN BPJS Kesehatan di Kabupaten Demak,title,guna,1,15,0.06666666666666667,46,0.638272163982407,0.04255147759882714
122,mobile application,Analisis kualitas layanan pada aplikasi Mobile JKN dengan tingkat kepuasan pengguna Mobile JKN BPJS Kesehatan di Kabupaten Demak,title,bpjs,1,15,0.06666666666666667,3,1.8239087409443189,0.1215939160629546
122,mobile application,Analisis kualitas layanan pada aplikasi Mobile JKN dengan tingkat kepuasan pengguna Mobile JKN BPJS Kesehatan di Kabupaten Demak,title,sehat,1,15,0.06666666666666667,6,1.5228787452803376,0.10152524968535584
122,mobile application,Analisis kualitas layanan pada aplikasi Mobile JKN dengan tingkat kepuasan pengguna Mobile JKN BPJS Kesehatan di Kabupaten Demak,title,kabupaten,1,15,0.06666666666666667,2,2.0,0.13333333333333333
122,mobile application,Analisis kualitas layanan pada aplikasi Mobile JKN dengan tingkat kepuasan pengguna Mobile JKN BPJS Kesehatan di Kabupaten Demak,title,demak,1,15,0.06666666666666667,1,2.3010299956639813,0.15340199971093207
122,mobile application,Analisis kualitas layanan pada aplikasi Mobile JKN dengan tingkat kepuasan pengguna Mobile JKN BPJS Kesehatan di Kabupaten Demak,abstract,aplikasi,3,19,0.15789473684210525,54,0.5686362358410126,0.08978466881700199
122,mobile application,Analisis kualitas layanan pada aplikasi Mobile JKN dengan tingkat kepuasan pengguna Mobile JKN BPJS Kesehatan di Kabupaten Demak,abstract,mobile,5,19,0.2631578947368421,54,0.5686362358410126,0.14964111469500332
122,mobile application,Analisis kualitas layanan pada aplikasi Mobile JKN dengan tingkat kepuasan pengguna Mobile JKN BPJS Kesehatan di Kabupaten Demak,abstract,jkn,3,19,0.15789473684210525,8,1.3979400086720377,0.22072736979032173
122,mobile application,Analisis kualitas layanan pada aplikasi Mobile JKN dengan tingkat kepuasan pengguna Mobile JKN BPJS Kesehatan di Kabupaten Demak,abstract,puas,3,19,0.15789473684210525,3,1.8239087409443189,0.28798559067541873
122,mobile application,Analisis kualitas layanan pada aplikasi Mobile JKN dengan tingkat kepuasan pengguna Mobile JKN BPJS Kesehatan di Kabupaten Demak,abstract,guna,2,19,0.10526315789473684,46,0.638272163982407,0.06718654357709547
122,mobile application,Analisis kualitas layanan pada aplikasi Mobile JKN dengan tingkat kepuasan pengguna Mobile JKN BPJS Kesehatan di Kabupaten Demak,abstract,hubung,1,19,0.05263157894736842,3,1.8239087409443189,0.09599519689180624
122,mobile application,Analisis kualitas layanan pada aplikasi Mobile JKN dengan tingkat kepuasan pengguna Mobile JKN BPJS Kesehatan di Kabupaten Demak,abstract,kualitas,1,19,0.05263157894736842,7,1.4559319556497243,0.07662799766577497
122,mobile application,Analisis kualitas layanan pada aplikasi Mobile JKN dengan tingkat kepuasan pengguna Mobile JKN BPJS Kesehatan di Kabupaten Demak,abstract,layan,1,19,0.05263157894736842,11,1.2596373105057561,0.06629670055293453
123,mobile application,Analisis Penggunaan Aplikasi Mobile JKN dengan Metode EUCS,title,analisis,1,7,0.14285714285714285,17,1.0705810742857074,0.15294015346938675
123,mobile application,Analisis Penggunaan Aplikasi Mobile JKN dengan Metode EUCS,title,guna,1,7,0.14285714285714285,46,0.638272163982407,0.09118173771177243
123,mobile application,Analisis Penggunaan Aplikasi Mobile JKN dengan Metode EUCS,title,aplikasi,1,7,0.14285714285714285,54,0.5686362358410126,0.08123374797728751
123,mobile application,Analisis Penggunaan Aplikasi Mobile JKN dengan Metode EUCS,title,mobile,1,7,0.14285714285714285,54,0.5686362358410126,0.08123374797728751
123,mobile application,Analisis Penggunaan Aplikasi Mobile JKN dengan Metode EUCS,title,jkn,1,7,0.14285714285714285,8,1.3979400086720377,0.1997057155245768
123,mobile application,Analisis Penggunaan Aplikasi Mobile JKN dengan Metode EUCS,title,metode,1,7,0.14285714285714285,20,1.0,0.14285714285714285
123,mobile application,Analisis Penggunaan Aplikasi Mobile JKN dengan Metode EUCS,title,eucs,1,7,0.14285714285714285,1,2.3010299956639813,0.3287185708091402
123,mobile application,Analisis Penggunaan Aplikasi Mobile JKN dengan Metode EUCS,abstract,tinggi,1,17,0.058823529411764705,3,1.8239087409443189,0.10728874946731287
123,mobile application,Analisis Penggunaan Aplikasi Mobile JKN dengan Metode EUCS,abstract,guna,2,17,0.11764705882352941,46,0.638272163982407,0.07509084282145966
123,mobile application,Analisis Penggunaan Aplikasi Mobile JKN dengan Metode EUCS,abstract,aplikasi,3,17,0.17647058823529413,54,0.5686362358410126,0.10034757103076694
123,mobile application,Analisis Penggunaan Aplikasi Mobile JKN dengan Metode EUCS,abstract,ukur,1,17,0.058823529411764705,3,1.8239087409443189,0.10728874946731287
123,mobile application,Analisis Penggunaan Aplikasi Mobile JKN dengan Metode EUCS,abstract,kualitas,2,17,0.11764705882352941,7,1.4559319556497243,0.17128611242937933
123,mobile application,Analisis Penggunaan Aplikasi Mobile JKN dengan Metode EUCS,abstract,layan,2,17,0.11764705882352941,11,1.2596373105057561,0.14819262476538306
123,mobile application,Analisis Penggunaan Aplikasi Mobile JKN dengan Metode EUCS,abstract,mobile,2,17,0.11764705882352941,54,0.5686362358410126,0.06689838068717796
123,mobile application,Analisis Penggunaan Aplikasi Mobile JKN dengan Metode EUCS,abstract,jkn,2,17,0.11764705882352941,8,1.3979400086720377,0.16446353043200443
123,mobile application,Analisis Penggunaan Aplikasi Mobile JKN dengan Metode EUCS,abstract,ada,1,17,0.058823529411764705,3,1.8239087409443189,0.10728874946731287
123,mobile application,Analisis Penggunaan Aplikasi Mobile JKN dengan Metode EUCS,abstract,level,1,17,0.058823529411764705,2,2.0,0.11764705882352941
124,mobile application,Perancangan Ulang UI & UX Menggunakan Metode Design Thinking Pada Aplikasi Siakadu Mahasiswa Berbasis Mobile,title,ancang,1,13,0.07692307692307693,8,1.3979400086720377,0.10753384682092598
124,mobile application,Perancangan Ulang UI & UX Menggunakan Metode Design Thinking Pada Aplikasi Siakadu Mahasiswa Berbasis Mobile,title,ulang,1,13,0.07692307692307693,1,2.3010299956639813,0.1770023073587678
124,mobile application,Perancangan Ulang UI & UX Menggunakan Metode Design Thinking Pada Aplikasi Siakadu Mahasiswa Berbasis Mobile,title,ui,1,13,0.07692307692307693,4,1.6989700043360187,0.13069000033353992
124,mobile application,Perancangan Ulang UI & UX Menggunakan Metode Design Thinking Pada Aplikasi Siakadu Mahasiswa Berbasis Mobile,title,ux,1,13,0.07692307692307693,4,1.6989700043360187,0.13069000033353992
124,mobile application,Perancangan Ulang UI & UX Menggunakan Metode Design Thinking Pada Aplikasi Siakadu Mahasiswa Berbasis Mobile,title,guna,1,13,0.07692307692307693,46,0.638272163982407,0.04909785876787747
124,mobile application,Perancangan Ulang UI & UX Menggunakan Metode Design Thinking Pada Aplikasi Siakadu Mahasiswa Berbasis Mobile,title,metode,1,13,0.07692307692307693,20,1.0,0.07692307692307693
124,mobile application,Perancangan Ulang UI & UX Menggunakan Metode Design Thinking Pada Aplikasi Siakadu Mahasiswa Berbasis Mobile,title,design,1,13,0.07692307692307693,10,1.3010299956639813,0.10007923043569088
124,mobile application,Perancangan Ulang UI & UX Menggunakan Metode Design Thinking Pada Aplikasi Siakadu Mahasiswa Berbasis Mobile,title,thinking,1,13,0.07692307692307693,5,1.6020599913279623,0.1232353839483048
124,mobile application,Perancangan Ulang UI & UX Menggunakan Metode Design Thinking Pada Aplikasi Siakadu Mahasiswa Berbasis Mobile,title,aplikasi,1,13,0.07692307692307693,54,0.5686362358410126,0.04374124891084713
124,mobile application,Perancangan Ulang UI & UX Menggunakan Metode Design Thinking Pada Aplikasi Siakadu Mahasiswa Berbasis Mobile,title,siakadu,1,13,0.07692307692307693,1,2.3010299956639813,0.1770023073587678
124,mobile application,Perancangan Ulang UI & UX Menggunakan Metode Design Thinking Pada Aplikasi Siakadu Mahasiswa Berbasis Mobile,title,mahasiswa,1,13,0.07692307692307693,3,1.8239087409443189,0.14030067238033223
124,mobile application,Perancangan Ulang UI & UX Menggunakan Metode Design Thinking Pada Aplikasi Siakadu Mahasiswa Berbasis Mobile,title,bas,1,13,0.07692307692307693,28,0.853871964321762,0.0656824587939817
124,mobile application,Perancangan Ulang UI & UX Menggunakan Metode Design Thinking Pada Aplikasi Siakadu Mahasiswa Berbasis Mobile,title,mobile,1,13,0.07692307692307693,54,0.5686362358410126,0.04374124891084713
124,mobile application,Perancangan Ulang UI & UX Menggunakan Metode Design Thinking Pada Aplikasi Siakadu Mahasiswa Berbasis Mobile,abstract,mobile,4,16,0.25,54,0.5686362358410126,0.14215905896025316
124,mobile application,Perancangan Ulang UI & UX Menggunakan Metode Design Thinking Pada Aplikasi Siakadu Mahasiswa Berbasis Mobile,abstract,apps,2,16,0.125,19,1.0222763947111522,0.12778454933889402
124,mobile application,Perancangan Ulang UI & UX Menggunakan Metode Design Thinking Pada Aplikasi Siakadu Mahasiswa Berbasis Mobile,abstract,aplikasi,3,16,0.1875,54,0.5686362358410126,0.10661929422018987
124,mobile application,Perancangan Ulang UI & UX Menggunakan Metode Design Thinking Pada Aplikasi Siakadu Mahasiswa Berbasis Mobile,abstract,biasa,1,16,0.0625,2,2.0,0.125
124,mobile application,Perancangan Ulang UI & UX Menggunakan Metode Design Thinking Pada Aplikasi Siakadu Mahasiswa Berbasis Mobile,abstract,sebut,1,16,0.0625,8,1.3979400086720377,0.08737125054200236
124,mobile application,Perancangan Ulang UI & UX Menggunakan Metode Design Thinking Pada Aplikasi Siakadu Mahasiswa Berbasis Mobile,abstract,istilah,1,16,0.0625,1,2.3010299956639813,0.14381437472899883
124,mobile application,Perancangan Ulang UI & UX Menggunakan Metode Design Thinking Pada Aplikasi Siakadu Mahasiswa Berbasis Mobile,abstract,guna,1,16,0.0625,46,0.638272163982407,0.03989201024890044
124,mobile application,Perancangan Ulang UI & UX Menggunakan Metode Design Thinking Pada Aplikasi Siakadu Mahasiswa Berbasis Mobile,abstract,medeskripsikan,1,16,0.0625,1,2.3010299956639813,0.14381437472899883
124,mobile application,Perancangan Ulang UI & UX Menggunakan Metode Design Thinking Pada Aplikasi Siakadu Mahasiswa Berbasis Mobile,abstract,internet,1,16,0.0625,3,1.8239087409443189,0.11399429630901993
124,mobile application,Perancangan Ulang UI & UX Menggunakan Metode Design Thinking Pada Aplikasi Siakadu Mahasiswa Berbasis Mobile,abstract,jalan,1,16,0.0625,5,1.6020599913279623,0.10012874945799764
125,mobile application,Analisis Sentimen Ulasan Aplikasi Jamsostek Mobile Menggunakan Metode Support Vector Machine,title,analisis,1,11,0.09090909090909091,17,1.0705810742857074,0.09732555220779159
125,mobile application,Analisis Sentimen Ulasan Aplikasi Jamsostek Mobile Menggunakan Metode Support Vector Machine,title,sentimen,1,11,0.09090909090909091,3,1.8239087409443189,0.16580988554039264
125,mobile application,Analisis Sentimen Ulasan Aplikasi Jamsostek Mobile Menggunakan Metode Support Vector Machine,title,ulas,1,11,0.09090909090909091,4,1.6989700043360187,0.1544518185760017
125,mobile application,Analisis Sentimen Ulasan Aplikasi Jamsostek Mobile Menggunakan Metode Support Vector Machine,title,aplikasi,1,11,0.09090909090909091,54,0.5686362358410126,0.051694203258273876
125,mobile application,Analisis Sentimen Ulasan Aplikasi Jamsostek Mobile Menggunakan Metode Support Vector Machine,title,jamsostek,1,11,0.09090909090909091,1,2.3010299956639813,0.20918454506036194
125,mobile application,Analisis Sentimen Ulasan Aplikasi Jamsostek Mobile Menggunakan Metode Support Vector Machine,title,mobile,1,11,0.09090909090909091,54,0.5686362358410126,0.051694203258273876
125,mobile application,Analisis Sentimen Ulasan Aplikasi Jamsostek Mobile Menggunakan Metode Support Vector Machine,title,guna,1,11,0.09090909090909091,46,0.638272163982407,0.05802474218021882
125,mobile application,Analisis Sentimen Ulasan Aplikasi Jamsostek Mobile Menggunakan Metode Support Vector Machine,title,metode,1,11,0.09090909090909091,20,1.0,0.09090909090909091
125,mobile application,Analisis Sentimen Ulasan Aplikasi Jamsostek Mobile Menggunakan Metode Support Vector Machine,title,support,1,11,0.09090909090909091,4,1.6989700043360187,0.1544518185760017
125,mobile application,Analisis Sentimen Ulasan Aplikasi Jamsostek Mobile Menggunakan Metode Support Vector Machine,title,vector,1,11,0.09090909090909091,3,1.8239087409443189,0.16580988554039264
125,mobile application,Analisis Sentimen Ulasan Aplikasi Jamsostek Mobile Menggunakan Metode Support Vector Machine,title,machine,1,11,0.09090909090909091,54,0.5686362358410126,0.051694203258273876
125,mobile application,Analisis Sentimen Ulasan Aplikasi Jamsostek Mobile Menggunakan Metode Support Vector Machine,abstract,aplikasi,3,16,0.1875,54,0.5686362358410126,0.10661929422018987
125,mobile application,Analisis Sentimen Ulasan Aplikasi Jamsostek Mobile Menggunakan Metode Support Vector Machine,abstract,mobile,1,16,0.0625,54,0.5686362358410126,0.03553976474006329
125,mobile application,Analisis Sentimen Ulasan Aplikasi Jamsostek Mobile Menggunakan Metode Support Vector Machine,abstract,beri,1,16,0.0625,5,1.6020599913279623,0.10012874945799764
125,mobile application,Analisis Sentimen Ulasan Aplikasi Jamsostek Mobile Menggunakan Metode Support Vector Machine,abstract,mudah,1,16,0.0625,7,1.4559319556497243,0.09099574722810777
125,mobile application,Analisis Sentimen Ulasan Aplikasi Jamsostek Mobile Menggunakan Metode Support Vector Machine,abstract,masyarakat,1,16,0.0625,4,1.6989700043360187,0.10618562527100117
125,mobile application,Analisis Sentimen Ulasan Aplikasi Jamsostek Mobile Menggunakan Metode Support Vector Machine,abstract,indonesia,1,16,0.0625,19,1.0222763947111522,0.06389227466944701
125,mobile application,Analisis Sentimen Ulasan Aplikasi Jamsostek Mobile Menggunakan Metode Support Vector Machine,abstract,salah,1,16,0.0625,5,1.6020599913279623,0.10012874945799764
125,mobile application,Analisis Sentimen Ulasan Aplikasi Jamsostek Mobile Menggunakan Metode Support Vector Machine,abstract,satu,1,16,0.0625,6,1.5228787452803376,0.0951799215800211
125,mobile application,Analisis Sentimen Ulasan Aplikasi Jamsostek Mobile Menggunakan Metode Support Vector Machine,abstract,jmo,1,16,0.0625,1,2.3010299956639813,0.14381437472899883
125,mobile application,Analisis Sentimen Ulasan Aplikasi Jamsostek Mobile Menggunakan Metode Support Vector Machine,abstract,teliti,1,16,0.0625,22,0.958607314841775,0.059912957177610936
125,mobile application,Analisis Sentimen Ulasan Aplikasi Jamsostek Mobile Menggunakan Metode Support Vector Machine,abstract,tuju,1,16,0.0625,12,1.2218487496163564,0.07636554685102227
125,mobile application,Analisis Sentimen Ulasan Aplikasi Jamsostek Mobile Menggunakan Metode Support Vector Machine,abstract,analis,1,16,0.0625,5,1.6020599913279623,0.10012874945799764
125,mobile application,Analisis Sentimen Ulasan Aplikasi Jamsostek Mobile Menggunakan Metode Support Vector Machine,abstract,kualitas,1,16,0.0625,7,1.4559319556497243,0.09099574722810777
125,mobile application,Analisis Sentimen Ulasan Aplikasi Jamsostek Mobile Menggunakan Metode Support Vector Machine,abstract,ulas,1,16,0.0625,4,1.6989700043360187,0.10618562527100117
126,mobile application,"Marketing research on Mobile apps: past, present and future",title,marketing,1,7,0.14285714285714285,1,2.3010299956639813,0.3287185708091402
126,mobile application,"Marketing research on Mobile apps: past, present and future",title,research,1,7,0.14285714285714285,12,1.2218487496163564,0.17454982137376518
126,mobile application,"Marketing research on Mobile apps: past, present and future",title,mobile,1,7,0.14285714285714285,54,0.5686362358410126,0.08123374797728751
126,mobile application,"Marketing research on Mobile apps: past, present and future",title,apps,1,7,0.14285714285714285,19,1.0222763947111522,0.146039484958736
126,mobile application,"Marketing research on Mobile apps: past, present and future",title,past,1,7,0.14285714285714285,3,1.8239087409443189,0.2605583915634741
126,mobile application,"Marketing research on Mobile apps: past, present and future",title,present,1,7,0.14285714285714285,4,1.6989700043360187,0.24271000061943124
126,mobile application,"Marketing research on Mobile apps: past, present and future",title,future,1,7,0.14285714285714285,8,1.3979400086720377,0.1997057155245768
126,mobile application,"Marketing research on Mobile apps: past, present and future",abstract,research,1,20,0.05,12,1.2218487496163564,0.06109243748081782
126,mobile application,"Marketing research on Mobile apps: past, present and future",abstract,mobile,1,20,0.05,54,0.5686362358410126,0.028431811792050635
126,mobile application,"Marketing research on Mobile apps: past, present and future",abstract,apps,4,20,0.2,19,1.0222763947111522,0.20445527894223045
126,mobile application,"Marketing research on Mobile apps: past, present and future",abstract,clarifying,1,20,0.05,1,2.3010299956639813,0.11505149978319906
126,mobile application,"Marketing research on Mobile apps: past, present and future",abstract,expanding,1,20,0.05,1,2.3010299956639813,0.11505149978319906
126,mobile application,"Marketing research on Mobile apps: past, present and future",abstract,what,1,20,0.05,6,1.5228787452803376,0.07614393726401689
126,mobile application,"Marketing research on Mobile apps: past, present and future",abstract,known,1,20,0.05,3,1.8239087409443189,0.09119543704721594
126,mobile application,"Marketing research on Mobile apps: past, present and future",abstract,around,1,20,0.05,1,2.3010299956639813,0.11505149978319906
126,mobile application,"Marketing research on Mobile apps: past, present and future",abstract,how,1,20,0.05,8,1.3979400086720377,0.06989700043360189
126,mobile application,"Marketing research on Mobile apps: past, present and future",abstract,shape,1,20,0.05,2,2.0,0.1
126,mobile application,"Marketing research on Mobile apps: past, present and future",abstract,competitive,1,20,0.05,1,2.3010299956639813,0.11505149978319906
126,mobile application,"Marketing research on Mobile apps: past, present and future",abstract,advantage,1,20,0.05,1,2.3010299956639813,0.11505149978319906
126,mobile application,"Marketing research on Mobile apps: past, present and future",abstract,via,1,20,0.05,6,1.5228787452803376,0.07614393726401689
126,mobile application,"Marketing research on Mobile apps: past, present and future",abstract,instances,1,20,0.05,1,2.3010299956639813,0.11505149978319906
126,mobile application,"Marketing research on Mobile apps: past, present and future",abstract,attached,1,20,0.05,1,2.3010299956639813,0.11505149978319906
126,mobile application,"Marketing research on Mobile apps: past, present and future",abstract,existing,1,20,0.05,2,2.0,0.1
126,mobile application,"Marketing research on Mobile apps: past, present and future",abstract,brand,1,20,0.05,2,2.0,0.1
127,mobile application,A survey of performance optimization for mobile applications,title,survey,1,5,0.2,10,1.3010299956639813,0.26020599913279624
127,mobile application,A survey of performance optimization for mobile applications,title,performance,1,5,0.2,5,1.6020599913279623,0.32041199826559247
127,mobile application,A survey of performance optimization for mobile applications,title,optimization,1,5,0.2,1,2.3010299956639813,0.46020599913279625
127,mobile application,A survey of performance optimization for mobile applications,title,mobile,1,5,0.2,54,0.5686362358410126,0.11372724716820254
127,mobile application,A survey of performance optimization for mobile applications,title,applications,1,5,0.2,27,0.8696662315049939,0.1739332463009988
127,mobile application,A survey of performance optimization for mobile applications,abstract,finally,1,19,0.05263157894736842,3,1.8239087409443189,0.09599519689180624
127,mobile application,A survey of performance optimization for mobile applications,abstract,we,1,19,0.05263157894736842,28,0.853871964321762,0.04494062970114537
127,mobile application,A survey of performance optimization for mobile applications,abstract,explain,1,19,0.05263157894736842,1,2.3010299956639813,0.12110684187705163
127,mobile application,A survey of performance optimization for mobile applications,abstract,how,1,19,0.05263157894736842,8,1.3979400086720377,0.07357578993010724
127,mobile application,A survey of performance optimization for mobile applications,abstract,function,1,19,0.05263157894736842,1,2.3010299956639813,0.12110684187705163
127,mobile application,A survey of performance optimization for mobile applications,abstract,performance,1,19,0.05263157894736842,5,1.6020599913279623,0.08431894691199801
127,mobile application,A survey of performance optimization for mobile applications,abstract,mobile,3,19,0.15789473684210525,54,0.5686362358410126,0.08978466881700199
127,mobile application,A survey of performance optimization for mobile applications,abstract,applications,1,19,0.05263157894736842,27,0.8696662315049939,0.04577190692131546
127,mobile application,A survey of performance optimization for mobile applications,abstract,can,1,19,0.05263157894736842,11,1.2596373105057561,0.06629670055293453
127,mobile application,A survey of performance optimization for mobile applications,abstract,affect,1,19,0.05263157894736842,1,2.3010299956639813,0.12110684187705163
127,mobile application,A survey of performance optimization for mobile applications,abstract,users,1,19,0.05263157894736842,9,1.3467874862246563,0.07088355190656086
127,mobile application,A survey of performance optimization for mobile applications,abstract,devices,2,19,0.10526315789473684,3,1.8239087409443189,0.1919903937836125
127,mobile application,A survey of performance optimization for mobile applications,abstract,embedded,1,19,0.05263157894736842,1,2.3010299956639813,0.12110684187705163
127,mobile application,A survey of performance optimization for mobile applications,abstract,systems,1,19,0.05263157894736842,5,1.6020599913279623,0.08431894691199801
127,mobile application,A survey of performance optimization for mobile applications,abstract,consist,1,19,0.05263157894736842,1,2.3010299956639813,0.12110684187705163
127,mobile application,A survey of performance optimization for mobile applications,abstract,hardware,1,19,0.05263157894736842,1,2.3010299956639813,0.12110684187705163
128,mobile application,Why people choose Apps: An evaluation of the ecology and user experience of mobile applications,title,why,1,10,0.1,2,2.0,0.2
128,mobile application,Why people choose Apps: An evaluation of the ecology and user experience of mobile applications,title,people,1,10,0.1,1,2.3010299956639813,0.23010299956639813
128,mobile application,Why people choose Apps: An evaluation of the ecology and user experience of mobile applications,title,choose,1,10,0.1,2,2.0,0.2
128,mobile application,Why people choose Apps: An evaluation of the ecology and user experience of mobile applications,title,apps,1,10,0.1,19,1.0222763947111522,0.10222763947111523
128,mobile application,Why people choose Apps: An evaluation of the ecology and user experience of mobile applications,title,evaluation,1,10,0.1,5,1.6020599913279623,0.16020599913279623
128,mobile application,Why people choose Apps: An evaluation of the ecology and user experience of mobile applications,title,ecology,1,10,0.1,1,2.3010299956639813,0.23010299956639813
128,mobile application,Why people choose Apps: An evaluation of the ecology and user experience of mobile applications,title,user,1,10,0.1,9,1.3467874862246563,0.13467874862246562
128,mobile application,Why people choose Apps: An evaluation of the ecology and user experience of mobile applications,title,experience,1,10,0.1,6,1.5228787452803376,0.15228787452803377
128,mobile application,Why people choose Apps: An evaluation of the ecology and user experience of mobile applications,title,mobile,1,10,0.1,54,0.5686362358410126,0.05686362358410127
128,mobile application,Why people choose Apps: An evaluation of the ecology and user experience of mobile applications,title,applications,1,10,0.1,27,0.8696662315049939,0.0869666231504994
128,mobile application,Why people choose Apps: An evaluation of the ecology and user experience of mobile applications,abstract,mobile,1,21,0.047619047619047616,54,0.5686362358410126,0.02707791599242917
128,mobile application,Why people choose Apps: An evaluation of the ecology and user experience of mobile applications,abstract,applications,2,21,0.09523809523809523,27,0.8696662315049939,0.08282535538142799
128,mobile application,Why people choose Apps: An evaluation of the ecology and user experience of mobile applications,abstract,seventy,1,21,0.047619047619047616,1,2.3010299956639813,0.10957285693638005
128,mobile application,Why people choose Apps: An evaluation of the ecology and user experience of mobile applications,abstract,nine,1,21,0.047619047619047616,1,2.3010299956639813,0.10957285693638005
128,mobile application,Why people choose Apps: An evaluation of the ecology and user experience of mobile applications,abstract,respondents,1,21,0.047619047619047616,1,2.3010299956639813,0.10957285693638005
128,mobile application,Why people choose Apps: An evaluation of the ecology and user experience of mobile applications,abstract,completed,1,21,0.047619047619047616,1,2.3010299956639813,0.10957285693638005
128,mobile application,Why people choose Apps: An evaluation of the ecology and user experience of mobile applications,abstract,questionnaire,1,21,0.047619047619047616,1,2.3010299956639813,0.10957285693638005
128,mobile application,Why people choose Apps: An evaluation of the ecology and user experience of mobile applications,abstract,recording,1,21,0.047619047619047616,1,2.3010299956639813,0.10957285693638005
128,mobile application,Why people choose Apps: An evaluation of the ecology and user experience of mobile applications,abstract,their,1,21,0.047619047619047616,11,1.2596373105057561,0.05998272907170267
128,mobile application,Why people choose Apps: An evaluation of the ecology and user experience of mobile applications,abstract,top,1,21,0.047619047619047616,2,2.0,0.09523809523809523
128,mobile application,Why people choose Apps: An evaluation of the ecology and user experience of mobile applications,abstract,four,2,21,0.09523809523809523,1,2.3010299956639813,0.2191457138727601
128,mobile application,Why people choose Apps: An evaluation of the ecology and user experience of mobile applications,abstract,favourite,1,21,0.047619047619047616,1,2.3010299956639813,0.10957285693638005
128,mobile application,Why people choose Apps: An evaluation of the ecology and user experience of mobile applications,abstract,they,1,21,0.047619047619047616,5,1.6020599913279623,0.07628857101561724
128,mobile application,Why people choose Apps: An evaluation of the ecology and user experience of mobile applications,abstract,also,1,21,0.047619047619047616,4,1.6989700043360187,0.08090333353981041
128,mobile application,Why people choose Apps: An evaluation of the ecology and user experience of mobile applications,abstract,reported,1,21,0.047619047619047616,1,2.3010299956639813,0.10957285693638005
128,mobile application,Why people choose Apps: An evaluation of the ecology and user experience of mobile applications,abstract,up,1,21,0.047619047619047616,2,2.0,0.09523809523809523
128,mobile application,Why people choose Apps: An evaluation of the ecology and user experience of mobile applications,abstract,abandoned,1,21,0.047619047619047616,1,2.3010299956639813,0.10957285693638005
128,mobile application,Why people choose Apps: An evaluation of the ecology and user experience of mobile applications,abstract,apps,1,21,0.047619047619047616,19,1.0222763947111522,0.04867982831957867
128,mobile application,Why people choose Apps: An evaluation of the ecology and user experience of mobile applications,abstract,any,1,21,0.047619047619047616,1,2.3010299956639813,0.10957285693638005
129,mobile application,A study of mobile app use for teaching and research in higher education,title,study,1,8,0.125,13,1.1870866433571445,0.14838583041964307
129,mobile application,A study of mobile app use for teaching and research in higher education,title,mobile,1,8,0.125,54,0.5686362358410126,0.07107952948012658
129,mobile application,A study of mobile app use for teaching and research in higher education,title,app,1,8,0.125,15,1.1249387366083,0.1406173420760375
129,mobile application,A study of mobile app use for teaching and research in higher education,title,use,1,8,0.125,7,1.4559319556497243,0.18199149445621554
129,mobile application,A study of mobile app use for teaching and research in higher education,title,teaching,1,8,0.125,3,1.8239087409443189,0.22798859261803986
129,mobile application,A study of mobile app use for teaching and research in higher education,title,research,1,8,0.125,12,1.2218487496163564,0.15273109370204455
129,mobile application,A study of mobile app use for teaching and research in higher education,title,higher,1,8,0.125,1,2.3010299956639813,0.28762874945799766
129,mobile application,A study of mobile app use for teaching and research in higher education,title,education,1,8,0.125,5,1.6020599913279623,0.20025749891599529
129,mobile application,A study of mobile app use for teaching and research in higher education,abstract,discusses,1,22,0.045454545454545456,1,2.3010299956639813,0.10459227253018097
129,mobile application,A study of mobile app use for teaching and research in higher education,abstract,mobile,4,22,0.18181818181818182,54,0.5686362358410126,0.10338840651654775
129,mobile application,A study of mobile app use for teaching and research in higher education,abstract,app,2,22,0.09090909090909091,15,1.1249387366083,0.10226715787348181
129,mobile application,A study of mobile app use for teaching and research in higher education,abstract,use,3,22,0.13636363636363635,7,1.4559319556497243,0.19853617577041693
129,mobile application,A study of mobile app use for teaching and research in higher education,abstract,opposed,1,22,0.045454545454545456,1,2.3010299956639813,0.10459227253018097
129,mobile application,A study of mobile app use for teaching and research in higher education,abstract,academia,1,22,0.045454545454545456,1,2.3010299956639813,0.10459227253018097
129,mobile application,A study of mobile app use for teaching and research in higher education,abstract,we,1,22,0.045454545454545456,28,0.853871964321762,0.03881236201462555
129,mobile application,A study of mobile app use for teaching and research in higher education,abstract,identify,1,22,0.045454545454545456,3,1.8239087409443189,0.08290494277019632
129,mobile application,A study of mobile app use for teaching and research in higher education,abstract,library,1,22,0.045454545454545456,1,2.3010299956639813,0.10459227253018097
129,mobile application,A study of mobile app use for teaching and research in higher education,abstract,studies,1,22,0.045454545454545456,6,1.5228787452803376,0.06922176114910626
129,mobile application,A study of mobile app use for teaching and research in higher education,abstract,have,1,22,0.045454545454545456,4,1.6989700043360187,0.07722590928800085
129,mobile application,A study of mobile app use for teaching and research in higher education,abstract,been,1,22,0.045454545454545456,3,1.8239087409443189,0.08290494277019632
129,mobile application,A study of mobile app use for teaching and research in higher education,abstract,conducted,1,22,0.045454545454545456,3,1.8239087409443189,0.08290494277019632
129,mobile application,A study of mobile app use for teaching and research in higher education,abstract,selection,1,22,0.045454545454545456,1,2.3010299956639813,0.10459227253018097
129,mobile application,A study of mobile app use for teaching and research in higher education,abstract,development,1,22,0.045454545454545456,9,1.3467874862246563,0.06121761301021165
129,mobile application,A study of mobile app use for teaching and research in higher education,abstract,apps,1,22,0.045454545454545456,19,1.0222763947111522,0.046467108850506915
130,mobile application,Ethical issues of the use of AI-driven mobile apps for education,title,ethical,1,8,0.125,1,2.3010299956639813,0.28762874945799766
130,mobile application,Ethical issues of the use of AI-driven mobile apps for education,title,issues,1,8,0.125,5,1.6020599913279623,0.20025749891599529
130,mobile application,Ethical issues of the use of AI-driven mobile apps for education,title,use,1,8,0.125,7,1.4559319556497243,0.18199149445621554
130,mobile application,Ethical issues of the use of AI-driven mobile apps for education,title,ai,1,8,0.125,2,2.0,0.25
130,mobile application,Ethical issues of the use of AI-driven mobile apps for education,title,driven,1,8,0.125,1,2.3010299956639813,0.28762874945799766
130,mobile application,Ethical issues of the use of AI-driven mobile apps for education,title,mobile,1,8,0.125,54,0.5686362358410126,0.07107952948012658
130,mobile application,Ethical issues of the use of AI-driven mobile apps for education,title,apps,1,8,0.125,19,1.0222763947111522,0.12778454933889402
130,mobile application,Ethical issues of the use of AI-driven mobile apps for education,title,education,1,8,0.125,5,1.6020599913279623,0.20025749891599529
130,mobile application,Ethical issues of the use of AI-driven mobile apps for education,abstract,issues,1,21,0.047619047619047616,5,1.6020599913279623,0.07628857101561724
130,mobile application,Ethical issues of the use of AI-driven mobile apps for education,abstract,related,1,21,0.047619047619047616,4,1.6989700043360187,0.08090333353981041
130,mobile application,Ethical issues of the use of AI-driven mobile apps for education,abstract,use,1,21,0.047619047619047616,7,1.4559319556497243,0.06933009312617734
130,mobile application,Ethical issues of the use of AI-driven mobile apps for education,abstract,ai,2,21,0.09523809523809523,2,2.0,0.19047619047619047
130,mobile application,Ethical issues of the use of AI-driven mobile apps for education,abstract,driven,2,21,0.09523809523809523,1,2.3010299956639813,0.2191457138727601
130,mobile application,Ethical issues of the use of AI-driven mobile apps for education,abstract,mobile,2,21,0.09523809523809523,54,0.5686362358410126,0.05415583198485834
130,mobile application,Ethical issues of the use of AI-driven mobile apps for education,abstract,apps,1,21,0.047619047619047616,19,1.0222763947111522,0.04867982831957867
130,mobile application,Ethical issues of the use of AI-driven mobile apps for education,abstract,education,2,21,0.09523809523809523,5,1.6020599913279623,0.1525771420312345
130,mobile application,Ethical issues of the use of AI-driven mobile apps for education,abstract,well,1,21,0.047619047619047616,3,1.8239087409443189,0.08685279718782471
130,mobile application,Ethical issues of the use of AI-driven mobile apps for education,abstract,list,1,21,0.047619047619047616,1,2.3010299956639813,0.10957285693638005
130,mobile application,Ethical issues of the use of AI-driven mobile apps for education,abstract,some,1,21,0.047619047619047616,2,2.0,0.09523809523809523
130,mobile application,Ethical issues of the use of AI-driven mobile apps for education,abstract,stakeholders,1,21,0.047619047619047616,1,2.3010299956639813,0.10957285693638005
130,mobile application,Ethical issues of the use of AI-driven mobile apps for education,abstract,when,1,21,0.047619047619047616,2,2.0,0.09523809523809523
130,mobile application,Ethical issues of the use of AI-driven mobile apps for education,abstract,using,1,21,0.047619047619047616,15,1.1249387366083,0.0535685112670619
130,mobile application,Ethical issues of the use of AI-driven mobile apps for education,abstract,technologies,1,21,0.047619047619047616,5,1.6020599913279623,0.07628857101561724
130,mobile application,Ethical issues of the use of AI-driven mobile apps for education,abstract,special,1,21,0.047619047619047616,1,2.3010299956639813,0.10957285693638005
130,mobile application,Ethical issues of the use of AI-driven mobile apps for education,abstract,attention,1,21,0.047619047619047616,1,2.3010299956639813,0.10957285693638005
131,mobile application,Design guidelines of mobile apps for older adults: systematic review and thematic analysis,title,design,1,10,0.1,10,1.3010299956639813,0.13010299956639812
131,mobile application,Design guidelines of mobile apps for older adults: systematic review and thematic analysis,title,guidelines,1,10,0.1,1,2.3010299956639813,0.23010299956639813
131,mobile application,Design guidelines of mobile apps for older adults: systematic review and thematic analysis,title,mobile,1,10,0.1,54,0.5686362358410126,0.05686362358410127
131,mobile application,Design guidelines of mobile apps for older adults: systematic review and thematic analysis,title,apps,1,10,0.1,19,1.0222763947111522,0.10222763947111523
131,mobile application,Design guidelines of mobile apps for older adults: systematic review and thematic analysis,title,older,1,10,0.1,2,2.0,0.2
131,mobile application,Design guidelines of mobile apps for older adults: systematic review and thematic analysis,title,adults,1,10,0.1,3,1.8239087409443189,0.1823908740944319
131,mobile application,Design guidelines of mobile apps for older adults: systematic review and thematic analysis,title,systematic,1,10,0.1,14,1.1549019599857433,0.11549019599857434
131,mobile application,Design guidelines of mobile apps for older adults: systematic review and thematic analysis,title,review,1,10,0.1,26,0.8860566476931633,0.08860566476931633
131,mobile application,Design guidelines of mobile apps for older adults: systematic review and thematic analysis,title,thematic,1,10,0.1,1,2.3010299956639813,0.23010299956639813
131,mobile application,Design guidelines of mobile apps for older adults: systematic review and thematic analysis,title,analysis,1,10,0.1,13,1.1870866433571445,0.11870866433571446
131,mobile application,Design guidelines of mobile apps for older adults: systematic review and thematic analysis,abstract,specific,1,20,0.05,2,2.0,0.1
131,mobile application,Design guidelines of mobile apps for older adults: systematic review and thematic analysis,abstract,mobile,3,20,0.15,54,0.5686362358410126,0.08529543537615189
131,mobile application,Design guidelines of mobile apps for older adults: systematic review and thematic analysis,abstract,app,1,20,0.05,15,1.1249387366083,0.056246936830415
131,mobile application,Design guidelines of mobile apps for older adults: systematic review and thematic analysis,abstract,apps,3,20,0.15,19,1.0222763947111522,0.15334145920667283
131,mobile application,Design guidelines of mobile apps for older adults: systematic review and thematic analysis,abstract,how,1,20,0.05,8,1.3979400086720377,0.06989700043360189
131,mobile application,Design guidelines of mobile apps for older adults: systematic review and thematic analysis,abstract,better,1,20,0.05,3,1.8239087409443189,0.09119543704721594
131,mobile application,Design guidelines of mobile apps for older adults: systematic review and thematic analysis,abstract,design,2,20,0.1,10,1.3010299956639813,0.13010299956639812
131,mobile application,Design guidelines of mobile apps for older adults: systematic review and thematic analysis,abstract,such,1,20,0.05,5,1.6020599913279623,0.08010299956639812
131,mobile application,Design guidelines of mobile apps for older adults: systematic review and thematic analysis,abstract,these,1,20,0.05,10,1.3010299956639813,0.06505149978319906
131,mobile application,Design guidelines of mobile apps for older adults: systematic review and thematic analysis,abstract,users,1,20,0.05,9,1.3467874862246563,0.06733937431123281
131,mobile application,Design guidelines of mobile apps for older adults: systematic review and thematic analysis,abstract,mind,1,20,0.05,1,2.3010299956639813,0.11505149978319906
131,mobile application,Design guidelines of mobile apps for older adults: systematic review and thematic analysis,abstract,conclusions,1,20,0.05,1,2.3010299956639813,0.11505149978319906
131,mobile application,Design guidelines of mobile apps for older adults: systematic review and thematic analysis,abstract,compiled,1,20,0.05,2,2.0,0.1
131,mobile application,Design guidelines of mobile apps for older adults: systematic review and thematic analysis,abstract,guidelines,1,20,0.05,1,2.3010299956639813,0.11505149978319906
131,mobile application,Design guidelines of mobile apps for older adults: systematic review and thematic analysis,abstract,support,1,20,0.05,4,1.6989700043360187,0.08494850021680095
132,mobile application,The role of mobile application acceptance in shaping e-customer service,title,role,1,7,0.14285714285714285,5,1.6020599913279623,0.22886571304685174
132,mobile application,The role of mobile application acceptance in shaping e-customer service,title,mobile,1,7,0.14285714285714285,54,0.5686362358410126,0.08123374797728751
132,mobile application,The role of mobile application acceptance in shaping e-customer service,title,application,1,7,0.14285714285714285,38,0.721246399047171,0.10303519986388157
132,mobile application,The role of mobile application acceptance in shaping e-customer service,title,acceptance,1,7,0.14285714285714285,3,1.8239087409443189,0.2605583915634741
132,mobile application,The role of mobile application acceptance in shaping e-customer service,title,shaping,1,7,0.14285714285714285,1,2.3010299956639813,0.3287185708091402
132,mobile application,The role of mobile application acceptance in shaping e-customer service,title,customer,1,7,0.14285714285714285,1,2.3010299956639813,0.3287185708091402
132,mobile application,The role of mobile application acceptance in shaping e-customer service,title,service,1,7,0.14285714285714285,4,1.6989700043360187,0.24271000061943124
132,mobile application,The role of mobile application acceptance in shaping e-customer service,abstract,study,1,19,0.05263157894736842,13,1.1870866433571445,0.06247824438721813
132,mobile application,The role of mobile application acceptance in shaping e-customer service,abstract,focused,1,19,0.05263157894736842,2,2.0,0.10526315789473684
132,mobile application,The role of mobile application acceptance in shaping e-customer service,abstract,examining,1,19,0.05263157894736842,1,2.3010299956639813,0.12110684187705163
132,mobile application,The role of mobile application acceptance in shaping e-customer service,abstract,role,2,19,0.10526315789473684,5,1.6020599913279623,0.16863789382399602
132,mobile application,The role of mobile application acceptance in shaping e-customer service,abstract,mobile,3,19,0.15789473684210525,54,0.5686362358410126,0.08978466881700199
132,mobile application,The role of mobile application acceptance in shaping e-customer service,abstract,application,1,19,0.05263157894736842,38,0.721246399047171,0.037960336791956366
132,mobile application,The role of mobile application acceptance in shaping e-customer service,abstract,app,3,19,0.15789473684210525,15,1.1249387366083,0.17762190578025788
132,mobile application,The role of mobile application acceptance in shaping e-customer service,abstract,acceptance,1,19,0.05263157894736842,3,1.8239087409443189,0.09599519689180624
132,mobile application,The role of mobile application acceptance in shaping e-customer service,abstract,shaping,1,19,0.05263157894736842,1,2.3010299956639813,0.12110684187705163
132,mobile application,The role of mobile application acceptance in shaping e-customer service,abstract,customer,1,19,0.05263157894736842,1,2.3010299956639813,0.12110684187705163
132,mobile application,The role of mobile application acceptance in shaping e-customer service,abstract,service,1,19,0.05263157894736842,4,1.6989700043360187,0.08941947391242204
132,mobile application,The role of mobile application acceptance in shaping e-customer service,abstract,multiple,1,19,0.05263157894736842,1,2.3010299956639813,0.12110684187705163
132,mobile application,The role of mobile application acceptance in shaping e-customer service,abstract,features,1,19,0.05263157894736842,2,2.0,0.10526315789473684
132,mobile application,The role of mobile application acceptance in shaping e-customer service,abstract,associated,1,19,0.05263157894736842,1,2.3010299956639813,0.12110684187705163
133,mobile application,Determinants of mobile apps adoption among young adults: theoretical extension and analysis,title,determinants,1,10,0.1,1,2.3010299956639813,0.23010299956639813
133,mobile application,Determinants of mobile apps adoption among young adults: theoretical extension and analysis,title,mobile,1,10,0.1,54,0.5686362358410126,0.05686362358410127
133,mobile application,Determinants of mobile apps adoption among young adults: theoretical extension and analysis,title,apps,1,10,0.1,19,1.0222763947111522,0.10222763947111523
133,mobile application,Determinants of mobile apps adoption among young adults: theoretical extension and analysis,title,adoption,1,10,0.1,3,1.8239087409443189,0.1823908740944319
133,mobile application,Determinants of mobile apps adoption among young adults: theoretical extension and analysis,title,among,1,10,0.1,2,2.0,0.2
133,mobile application,Determinants of mobile apps adoption among young adults: theoretical extension and analysis,title,young,1,10,0.1,1,2.3010299956639813,0.23010299956639813
133,mobile application,Determinants of mobile apps adoption among young adults: theoretical extension and analysis,title,adults,1,10,0.1,3,1.8239087409443189,0.1823908740944319
133,mobile application,Determinants of mobile apps adoption among young adults: theoretical extension and analysis,title,theoretical,1,10,0.1,1,2.3010299956639813,0.23010299956639813
133,mobile application,Determinants of mobile apps adoption among young adults: theoretical extension and analysis,title,extension,1,10,0.1,1,2.3010299956639813,0.23010299956639813
133,mobile application,Determinants of mobile apps adoption among young adults: theoretical extension and analysis,title,analysis,1,10,0.1,13,1.1870866433571445,0.11870866433571446
133,mobile application,Determinants of mobile apps adoption among young adults: theoretical extension and analysis,abstract,mobile,3,19,0.15789473684210525,54,0.5686362358410126,0.08978466881700199
133,mobile application,Determinants of mobile apps adoption among young adults: theoretical extension and analysis,abstract,applications,2,19,0.10526315789473684,27,0.8696662315049939,0.09154381384263093
133,mobile application,Determinants of mobile apps adoption among young adults: theoretical extension and analysis,abstract,apps,2,19,0.10526315789473684,19,1.0222763947111522,0.10760804154854232
133,mobile application,Determinants of mobile apps adoption among young adults: theoretical extension and analysis,abstract,now,1,19,0.05263157894736842,2,2.0,0.10526315789473684
133,mobile application,Determinants of mobile apps adoption among young adults: theoretical extension and analysis,abstract,most,1,19,0.05263157894736842,3,1.8239087409443189,0.09599519689180624
133,mobile application,Determinants of mobile apps adoption among young adults: theoretical extension and analysis,abstract,essential,1,19,0.05263157894736842,1,2.3010299956639813,0.12110684187705163
133,mobile application,Determinants of mobile apps adoption among young adults: theoretical extension and analysis,abstract,part,1,19,0.05263157894736842,1,2.3010299956639813,0.12110684187705163
133,mobile application,Determinants of mobile apps adoption among young adults: theoretical extension and analysis,abstract,daily,1,19,0.05263157894736842,1,2.3010299956639813,0.12110684187705163
133,mobile application,Determinants of mobile apps adoption among young adults: theoretical extension and analysis,abstract,life,1,19,0.05263157894736842,3,1.8239087409443189,0.09599519689180624
133,mobile application,Determinants of mobile apps adoption among young adults: theoretical extension and analysis,abstract,context,1,19,0.05263157894736842,2,2.0,0.10526315789473684
133,mobile application,Determinants of mobile apps adoption among young adults: theoretical extension and analysis,abstract,use,1,19,0.05263157894736842,7,1.4559319556497243,0.07662799766577497
133,mobile application,Determinants of mobile apps adoption among young adults: theoretical extension and analysis,abstract,analyze,1,19,0.05263157894736842,3,1.8239087409443189,0.09599519689180624
133,mobile application,Determinants of mobile apps adoption among young adults: theoretical extension and analysis,abstract,factors,1,19,0.05263157894736842,5,1.6020599913279623,0.08431894691199801
133,mobile application,Determinants of mobile apps adoption among young adults: theoretical extension and analysis,abstract,determining,1,19,0.05263157894736842,1,2.3010299956639813,0.12110684187705163
133,mobile application,Determinants of mobile apps adoption among young adults: theoretical extension and analysis,abstract,usage,1,19,0.05263157894736842,2,2.0,0.10526315789473684
134,mobile application,Deep learning methods for accurate skin cancer recognition and mobile application,title,deep,1,9,0.1111111111111111,13,1.1870866433571445,0.1318985159285716
134,mobile application,Deep learning methods for accurate skin cancer recognition and mobile application,title,learning,1,9,0.1111111111111111,63,0.5016894462103995,0.05574327180115549
134,mobile application,Deep learning methods for accurate skin cancer recognition and mobile application,title,methods,1,9,0.1111111111111111,3,1.8239087409443189,0.20265652677159096
134,mobile application,Deep learning methods for accurate skin cancer recognition and mobile application,title,accurate,1,9,0.1111111111111111,1,2.3010299956639813,0.2556699995182201
134,mobile application,Deep learning methods for accurate skin cancer recognition and mobile application,title,skin,1,9,0.1111111111111111,1,2.3010299956639813,0.2556699995182201
134,mobile application,Deep learning methods for accurate skin cancer recognition and mobile application,title,cancer,1,9,0.1111111111111111,1,2.3010299956639813,0.2556699995182201
134,mobile application,Deep learning methods for accurate skin cancer recognition and mobile application,title,recognition,1,9,0.1111111111111111,3,1.8239087409443189,0.20265652677159096
134,mobile application,Deep learning methods for accurate skin cancer recognition and mobile application,title,mobile,1,9,0.1111111111111111,54,0.5686362358410126,0.06318180398233474
134,mobile application,Deep learning methods for accurate skin cancer recognition and mobile application,title,application,1,9,0.1111111111111111,38,0.721246399047171,0.080138488783019
134,mobile application,Deep learning methods for accurate skin cancer recognition and mobile application,abstract,used,1,18,0.05555555555555555,7,1.4559319556497243,0.0808851086472069
134,mobile application,Deep learning methods for accurate skin cancer recognition and mobile application,abstract,mobile,3,18,0.16666666666666666,54,0.5686362358410126,0.0947727059735021
134,mobile application,Deep learning methods for accurate skin cancer recognition and mobile application,abstract,application,3,18,0.16666666666666666,38,0.721246399047171,0.1202077331745285
134,mobile application,Deep learning methods for accurate skin cancer recognition and mobile application,abstract,able,2,18,0.1111111111111111,3,1.8239087409443189,0.20265652677159096
134,mobile application,Deep learning methods for accurate skin cancer recognition and mobile application,abstract,build,1,18,0.05555555555555555,2,2.0,0.1111111111111111
134,mobile application,Deep learning methods for accurate skin cancer recognition and mobile application,abstract,effective,1,18,0.05555555555555555,4,1.6989700043360187,0.09438722246311215
134,mobile application,Deep learning methods for accurate skin cancer recognition and mobile application,abstract,our,1,18,0.05555555555555555,2,2.0,0.1111111111111111
134,mobile application,Deep learning methods for accurate skin cancer recognition and mobile application,abstract,classify,1,18,0.05555555555555555,1,2.3010299956639813,0.12783499975911006
134,mobile application,Deep learning methods for accurate skin cancer recognition and mobile application,abstract,skin,1,18,0.05555555555555555,1,2.3010299956639813,0.12783499975911006
134,mobile application,Deep learning methods for accurate skin cancer recognition and mobile application,abstract,lesions,1,18,0.05555555555555555,1,2.3010299956639813,0.12783499975911006
134,mobile application,Deep learning methods for accurate skin cancer recognition and mobile application,abstract,using,1,18,0.05555555555555555,15,1.1249387366083,0.06249659647823888
134,mobile application,Deep learning methods for accurate skin cancer recognition and mobile application,abstract,common,1,18,0.05555555555555555,4,1.6989700043360187,0.09438722246311215
134,mobile application,Deep learning methods for accurate skin cancer recognition and mobile application,abstract,smartphone,1,18,0.05555555555555555,3,1.8239087409443189,0.10132826338579548
135,mobile application,Features and Functionalities of Medical Mobile Applications for the Endemic Phase of COVID‐19: Review and Content Analysis,title,features,1,12,0.08333333333333333,2,2.0,0.16666666666666666
135,mobile application,Features and Functionalities of Medical Mobile Applications for the Endemic Phase of COVID‐19: Review and Content Analysis,title,functionalities,1,12,0.08333333333333333,1,2.3010299956639813,0.19175249963866509
135,mobile application,Features and Functionalities of Medical Mobile Applications for the Endemic Phase of COVID‐19: Review and Content Analysis,title,medical,1,12,0.08333333333333333,1,2.3010299956639813,0.19175249963866509
135,mobile application,Features and Functionalities of Medical Mobile Applications for the Endemic Phase of COVID‐19: Review and Content Analysis,title,mobile,1,12,0.08333333333333333,54,0.5686362358410126,0.04738635298675105
135,mobile application,Features and Functionalities of Medical Mobile Applications for the Endemic Phase of COVID‐19: Review and Content Analysis,title,applications,1,12,0.08333333333333333,27,0.8696662315049939,0.07247218595874949
135,mobile application,Features and Functionalities of Medical Mobile Applications for the Endemic Phase of COVID‐19: Review and Content Analysis,title,endemic,1,12,0.08333333333333333,1,2.3010299956639813,0.19175249963866509
135,mobile application,Features and Functionalities of Medical Mobile Applications for the Endemic Phase of COVID‐19: Review and Content Analysis,title,phase,1,12,0.08333333333333333,1,2.3010299956639813,0.19175249963866509
135,mobile application,Features and Functionalities of Medical Mobile Applications for the Endemic Phase of COVID‐19: Review and Content Analysis,title,covid,1,12,0.08333333333333333,6,1.5228787452803376,0.1269065621066948
135,mobile application,Features and Functionalities of Medical Mobile Applications for the Endemic Phase of COVID‐19: Review and Content Analysis,title,19,1,12,0.08333333333333333,7,1.4559319556497243,0.12132766297081035
135,mobile application,Features and Functionalities of Medical Mobile Applications for the Endemic Phase of COVID‐19: Review and Content Analysis,title,review,1,12,0.08333333333333333,26,0.8860566476931633,0.07383805397443027
135,mobile application,Features and Functionalities of Medical Mobile Applications for the Endemic Phase of COVID‐19: Review and Content Analysis,title,content,1,12,0.08333333333333333,1,2.3010299956639813,0.19175249963866509
135,mobile application,Features and Functionalities of Medical Mobile Applications for the Endemic Phase of COVID‐19: Review and Content Analysis,title,analysis,1,12,0.08333333333333333,13,1.1870866433571445,0.0989238869464287
135,mobile application,Features and Functionalities of Medical Mobile Applications for the Endemic Phase of COVID‐19: Review and Content Analysis,abstract,mobile,3,21,0.14285714285714285,54,0.5686362358410126,0.08123374797728751
135,mobile application,Features and Functionalities of Medical Mobile Applications for the Endemic Phase of COVID‐19: Review and Content Analysis,abstract,applications,3,21,0.14285714285714285,27,0.8696662315049939,0.12423803307214198
135,mobile application,Features and Functionalities of Medical Mobile Applications for the Endemic Phase of COVID‐19: Review and Content Analysis,abstract,aid,1,21,0.047619047619047616,1,2.3010299956639813,0.10957285693638005
135,mobile application,Features and Functionalities of Medical Mobile Applications for the Endemic Phase of COVID‐19: Review and Content Analysis,abstract,users,1,21,0.047619047619047616,9,1.3467874862246563,0.06413273743926934
135,mobile application,Features and Functionalities of Medical Mobile Applications for the Endemic Phase of COVID‐19: Review and Content Analysis,abstract,choosing,1,21,0.047619047619047616,1,2.3010299956639813,0.10957285693638005
135,mobile application,Features and Functionalities of Medical Mobile Applications for the Endemic Phase of COVID‐19: Review and Content Analysis,abstract,suitable,1,21,0.047619047619047616,3,1.8239087409443189,0.08685279718782471
135,mobile application,Features and Functionalities of Medical Mobile Applications for the Endemic Phase of COVID‐19: Review and Content Analysis,abstract,app,1,21,0.047619047619047616,15,1.1249387366083,0.0535685112670619
135,mobile application,Features and Functionalities of Medical Mobile Applications for the Endemic Phase of COVID‐19: Review and Content Analysis,abstract,their,1,21,0.047619047619047616,11,1.2596373105057561,0.05998272907170267
135,mobile application,Features and Functionalities of Medical Mobile Applications for the Endemic Phase of COVID‐19: Review and Content Analysis,abstract,current,1,21,0.047619047619047616,2,2.0,0.09523809523809523
135,mobile application,Features and Functionalities of Medical Mobile Applications for the Endemic Phase of COVID‐19: Review and Content Analysis,abstract,future,1,21,0.047619047619047616,8,1.3979400086720377,0.0665685718415256
135,mobile application,Features and Functionalities of Medical Mobile Applications for the Endemic Phase of COVID‐19: Review and Content Analysis,abstract,improve,1,21,0.047619047619047616,6,1.5228787452803376,0.07251803548953989
135,mobile application,Features and Functionalities of Medical Mobile Applications for the Endemic Phase of COVID‐19: Review and Content Analysis,abstract,quality,1,21,0.047619047619047616,7,1.4559319556497243,0.06933009312617734
135,mobile application,Features and Functionalities of Medical Mobile Applications for the Endemic Phase of COVID‐19: Review and Content Analysis,abstract,features,1,21,0.047619047619047616,2,2.0,0.09523809523809523
135,mobile application,Features and Functionalities of Medical Mobile Applications for the Endemic Phase of COVID‐19: Review and Content Analysis,abstract,covid,1,21,0.047619047619047616,6,1.5228787452803376,0.07251803548953989
135,mobile application,Features and Functionalities of Medical Mobile Applications for the Endemic Phase of COVID‐19: Review and Content Analysis,abstract,19,1,21,0.047619047619047616,7,1.4559319556497243,0.06933009312617734
135,mobile application,Features and Functionalities of Medical Mobile Applications for the Endemic Phase of COVID‐19: Review and Content Analysis,abstract,available,1,21,0.047619047619047616,7,1.4559319556497243,0.06933009312617734
135,mobile application,Features and Functionalities of Medical Mobile Applications for the Endemic Phase of COVID‐19: Review and Content Analysis,abstract,apple,1,21,0.047619047619047616,1,2.3010299956639813,0.10957285693638005
137,mobile application,Mobile apps for SME business sustainability during COVID-19 and onwards,title,mobile,1,9,0.1111111111111111,54,0.5686362358410126,0.06318180398233474
137,mobile application,Mobile apps for SME business sustainability during COVID-19 and onwards,title,apps,1,9,0.1111111111111111,19,1.0222763947111522,0.1135862660790169
137,mobile application,Mobile apps for SME business sustainability during COVID-19 and onwards,title,sme,1,9,0.1111111111111111,1,2.3010299956639813,0.2556699995182201
137,mobile application,Mobile apps for SME business sustainability during COVID-19 and onwards,title,business,1,9,0.1111111111111111,1,2.3010299956639813,0.2556699995182201
137,mobile application,Mobile apps for SME business sustainability during COVID-19 and onwards,title,sustainability,1,9,0.1111111111111111,1,2.3010299956639813,0.2556699995182201
137,mobile application,Mobile apps for SME business sustainability during COVID-19 and onwards,title,during,1,9,0.1111111111111111,3,1.8239087409443189,0.20265652677159096
137,mobile application,Mobile apps for SME business sustainability during COVID-19 and onwards,title,covid,1,9,0.1111111111111111,6,1.5228787452803376,0.16920874947559306
137,mobile application,Mobile apps for SME business sustainability during COVID-19 and onwards,title,19,1,9,0.1111111111111111,7,1.4559319556497243,0.1617702172944138
137,mobile application,Mobile apps for SME business sustainability during COVID-19 and onwards,title,onwards,1,9,0.1111111111111111,1,2.3010299956639813,0.2556699995182201
137,mobile application,Mobile apps for SME business sustainability during COVID-19 and onwards,abstract,mobile,3,22,0.13636363636363635,54,0.5686362358410126,0.0775413048874108
137,mobile application,Mobile apps for SME business sustainability during COVID-19 and onwards,abstract,apps,1,22,0.045454545454545456,19,1.0222763947111522,0.046467108850506915
137,mobile application,Mobile apps for SME business sustainability during COVID-19 and onwards,abstract,improve,1,22,0.045454545454545456,6,1.5228787452803376,0.06922176114910626
137,mobile application,Mobile apps for SME business sustainability during COVID-19 and onwards,abstract,their,1,22,0.045454545454545456,11,1.2596373105057561,0.05725624138662528
137,mobile application,Mobile apps for SME business sustainability during COVID-19 and onwards,abstract,business,1,22,0.045454545454545456,1,2.3010299956639813,0.10459227253018097
137,mobile application,Mobile apps for SME business sustainability during COVID-19 and onwards,abstract,efficiency,1,22,0.045454545454545456,3,1.8239087409443189,0.08290494277019632
137,mobile application,Mobile apps for SME business sustainability during COVID-19 and onwards,abstract,during,1,22,0.045454545454545456,3,1.8239087409443189,0.08290494277019632
137,mobile application,Mobile apps for SME business sustainability during COVID-19 and onwards,abstract,pandemic,1,22,0.045454545454545456,2,2.0,0.09090909090909091
137,mobile application,Mobile apps for SME business sustainability during COVID-19 and onwards,abstract,we,1,22,0.045454545454545456,28,0.853871964321762,0.03881236201462555
137,mobile application,Mobile apps for SME business sustainability during COVID-19 and onwards,abstract,aim,1,22,0.045454545454545456,3,1.8239087409443189,0.08290494277019632
137,mobile application,Mobile apps for SME business sustainability during COVID-19 and onwards,abstract,recognize,1,22,0.045454545454545456,1,2.3010299956639813,0.10459227253018097
137,mobile application,Mobile apps for SME business sustainability during COVID-19 and onwards,abstract,effective,1,22,0.045454545454545456,4,1.6989700043360187,0.07722590928800085
137,mobile application,Mobile apps for SME business sustainability during COVID-19 and onwards,abstract,measures,1,22,0.045454545454545456,1,2.3010299956639813,0.10459227253018097
137,mobile application,Mobile apps for SME business sustainability during COVID-19 and onwards,abstract,actions,1,22,0.045454545454545456,1,2.3010299956639813,0.10459227253018097
137,mobile application,Mobile apps for SME business sustainability during COVID-19 and onwards,abstract,taken,1,22,0.045454545454545456,2,2.0,0.09090909090909091
137,mobile application,Mobile apps for SME business sustainability during COVID-19 and onwards,abstract,smes,1,22,0.045454545454545456,1,2.3010299956639813,0.10459227253018097
137,mobile application,Mobile apps for SME business sustainability during COVID-19 and onwards,abstract,have,1,22,0.045454545454545456,4,1.6989700043360187,0.07722590928800085
137,mobile application,Mobile apps for SME business sustainability during COVID-19 and onwards,abstract,turned,1,22,0.045454545454545456,1,2.3010299956639813,0.10459227253018097
137,mobile application,Mobile apps for SME business sustainability during COVID-19 and onwards,abstract,app,2,22,0.09090909090909091,15,1.1249387366083,0.10226715787348181
138,mobile application,Evaluating the quality and safety of health-related apps and e-tools: Adapting the Mobile App Rating Scale and developing a quality assurance protocol,title,evaluating,1,16,0.0625,3,1.8239087409443189,0.11399429630901993
138,mobile application,Evaluating the quality and safety of health-related apps and e-tools: Adapting the Mobile App Rating Scale and developing a quality assurance protocol,title,quality,2,16,0.125,7,1.4559319556497243,0.18199149445621554
138,mobile application,Evaluating the quality and safety of health-related apps and e-tools: Adapting the Mobile App Rating Scale and developing a quality assurance protocol,title,safety,1,16,0.0625,1,2.3010299956639813,0.14381437472899883
138,mobile application,Evaluating the quality and safety of health-related apps and e-tools: Adapting the Mobile App Rating Scale and developing a quality assurance protocol,title,health,1,16,0.0625,2,2.0,0.125
138,mobile application,Evaluating the quality and safety of health-related apps and e-tools: Adapting the Mobile App Rating Scale and developing a quality assurance protocol,title,related,1,16,0.0625,4,1.6989700043360187,0.10618562527100117
138,mobile application,Evaluating the quality and safety of health-related apps and e-tools: Adapting the Mobile App Rating Scale and developing a quality assurance protocol,title,apps,1,16,0.0625,19,1.0222763947111522,0.06389227466944701
138,mobile application,Evaluating the quality and safety of health-related apps and e-tools: Adapting the Mobile App Rating Scale and developing a quality assurance protocol,title,tools,1,16,0.0625,7,1.4559319556497243,0.09099574722810777
138,mobile application,Evaluating the quality and safety of health-related apps and e-tools: Adapting the Mobile App Rating Scale and developing a quality assurance protocol,title,adapting,1,16,0.0625,1,2.3010299956639813,0.14381437472899883
138,mobile application,Evaluating the quality and safety of health-related apps and e-tools: Adapting the Mobile App Rating Scale and developing a quality assurance protocol,title,mobile,1,16,0.0625,54,0.5686362358410126,0.03553976474006329
138,mobile application,Evaluating the quality and safety of health-related apps and e-tools: Adapting the Mobile App Rating Scale and developing a quality assurance protocol,title,app,1,16,0.0625,15,1.1249387366083,0.07030867103801874
138,mobile application,Evaluating the quality and safety of health-related apps and e-tools: Adapting the Mobile App Rating Scale and developing a quality assurance protocol,title,rating,1,16,0.0625,1,2.3010299956639813,0.14381437472899883
138,mobile application,Evaluating the quality and safety of health-related apps and e-tools: Adapting the Mobile App Rating Scale and developing a quality assurance protocol,title,scale,1,16,0.0625,2,2.0,0.125
138,mobile application,Evaluating the quality and safety of health-related apps and e-tools: Adapting the Mobile App Rating Scale and developing a quality assurance protocol,title,developing,1,16,0.0625,1,2.3010299956639813,0.14381437472899883
138,mobile application,Evaluating the quality and safety of health-related apps and e-tools: Adapting the Mobile App Rating Scale and developing a quality assurance protocol,title,assurance,1,16,0.0625,1,2.3010299956639813,0.14381437472899883
138,mobile application,Evaluating the quality and safety of health-related apps and e-tools: Adapting the Mobile App Rating Scale and developing a quality assurance protocol,title,protocol,1,16,0.0625,2,2.0,0.125
138,mobile application,Evaluating the quality and safety of health-related apps and e-tools: Adapting the Mobile App Rating Scale and developing a quality assurance protocol,abstract,mobile,2,19,0.10526315789473684,54,0.5686362358410126,0.059856445878001326
138,mobile application,Evaluating the quality and safety of health-related apps and e-tools: Adapting the Mobile App Rating Scale and developing a quality assurance protocol,abstract,app,1,19,0.05263157894736842,15,1.1249387366083,0.05920730192675262
138,mobile application,Evaluating the quality and safety of health-related apps and e-tools: Adapting the Mobile App Rating Scale and developing a quality assurance protocol,abstract,rating,2,19,0.10526315789473684,1,2.3010299956639813,0.24221368375410327
138,mobile application,Evaluating the quality and safety of health-related apps and e-tools: Adapting the Mobile App Rating Scale and developing a quality assurance protocol,abstract,scale,1,19,0.05263157894736842,2,2.0,0.10526315789473684
138,mobile application,Evaluating the quality and safety of health-related apps and e-tools: Adapting the Mobile App Rating Scale and developing a quality assurance protocol,abstract,mars,1,19,0.05263157894736842,1,2.3010299956639813,0.12110684187705163
138,mobile application,Evaluating the quality and safety of health-related apps and e-tools: Adapting the Mobile App Rating Scale and developing a quality assurance protocol,abstract,order,1,19,0.05263157894736842,2,2.0,0.10526315789473684
138,mobile application,Evaluating the quality and safety of health-related apps and e-tools: Adapting the Mobile App Rating Scale and developing a quality assurance protocol,abstract,appropriate,1,19,0.05263157894736842,2,2.0,0.10526315789473684
138,mobile application,Evaluating the quality and safety of health-related apps and e-tools: Adapting the Mobile App Rating Scale and developing a quality assurance protocol,abstract,evaluation,1,19,0.05263157894736842,5,1.6020599913279623,0.08431894691199801
138,mobile application,Evaluating the quality and safety of health-related apps and e-tools: Adapting the Mobile App Rating Scale and developing a quality assurance protocol,abstract,both,1,19,0.05263157894736842,2,2.0,0.10526315789473684
138,mobile application,Evaluating the quality and safety of health-related apps and e-tools: Adapting the Mobile App Rating Scale and developing a quality assurance protocol,abstract,phone,1,19,0.05263157894736842,2,2.0,0.10526315789473684
138,mobile application,Evaluating the quality and safety of health-related apps and e-tools: Adapting the Mobile App Rating Scale and developing a quality assurance protocol,abstract,applications,1,19,0.05263157894736842,27,0.8696662315049939,0.04577190692131546
138,mobile application,Evaluating the quality and safety of health-related apps and e-tools: Adapting the Mobile App Rating Scale and developing a quality assurance protocol,abstract,protocol,1,19,0.05263157894736842,2,2.0,0.10526315789473684
138,mobile application,Evaluating the quality and safety of health-related apps and e-tools: Adapting the Mobile App Rating Scale and developing a quality assurance protocol,abstract,identifying,1,19,0.05263157894736842,3,1.8239087409443189,0.09599519689180624
138,mobile application,Evaluating the quality and safety of health-related apps and e-tools: Adapting the Mobile App Rating Scale and developing a quality assurance protocol,abstract,new,1,19,0.05263157894736842,11,1.2596373105057561,0.06629670055293453
138,mobile application,Evaluating the quality and safety of health-related apps and e-tools: Adapting the Mobile App Rating Scale and developing a quality assurance protocol,abstract,apps,1,19,0.05263157894736842,19,1.0222763947111522,0.05380402077427116
138,mobile application,Evaluating the quality and safety of health-related apps and e-tools: Adapting the Mobile App Rating Scale and developing a quality assurance protocol,abstract,tools,1,19,0.05263157894736842,7,1.4559319556497243,0.07662799766577497
138,mobile application,Evaluating the quality and safety of health-related apps and e-tools: Adapting the Mobile App Rating Scale and developing a quality assurance protocol,abstract,determine,1,19,0.05263157894736842,1,2.3010299956639813,0.12110684187705163
139,mobile application,Augmented reality technology adoption: Case of a mobile application in Turkey,title,augmented,1,8,0.125,3,1.8239087409443189,0.22798859261803986
139,mobile application,Augmented reality technology adoption: Case of a mobile application in Turkey,title,reality,1,8,0.125,3,1.8239087409443189,0.22798859261803986
139,mobile application,Augmented reality technology adoption: Case of a mobile application in Turkey,title,technology,1,8,0.125,7,1.4559319556497243,0.18199149445621554
139,mobile application,Augmented reality technology adoption: Case of a mobile application in Turkey,title,adoption,1,8,0.125,3,1.8239087409443189,0.22798859261803986
139,mobile application,Augmented reality technology adoption: Case of a mobile application in Turkey,title,case,1,8,0.125,2,2.0,0.25
139,mobile application,Augmented reality technology adoption: Case of a mobile application in Turkey,title,mobile,1,8,0.125,54,0.5686362358410126,0.07107952948012658
139,mobile application,Augmented reality technology adoption: Case of a mobile application in Turkey,title,application,1,8,0.125,38,0.721246399047171,0.09015579988089638
139,mobile application,Augmented reality technology adoption: Case of a mobile application in Turkey,title,turkey,1,8,0.125,2,2.0,0.25
139,mobile application,Augmented reality technology adoption: Case of a mobile application in Turkey,abstract,technology,1,18,0.05555555555555555,7,1.4559319556497243,0.0808851086472069
139,mobile application,Augmented reality technology adoption: Case of a mobile application in Turkey,abstract,has,1,18,0.05555555555555555,12,1.2218487496163564,0.06788048608979758
139,mobile application,Augmented reality technology adoption: Case of a mobile application in Turkey,abstract,become,1,18,0.05555555555555555,3,1.8239087409443189,0.10132826338579548
139,mobile application,Augmented reality technology adoption: Case of a mobile application in Turkey,abstract,widespread,1,18,0.05555555555555555,3,1.8239087409443189,0.10132826338579548
139,mobile application,Augmented reality technology adoption: Case of a mobile application in Turkey,abstract,mobile,3,18,0.16666666666666666,54,0.5686362358410126,0.0947727059735021
139,mobile application,Augmented reality technology adoption: Case of a mobile application in Turkey,abstract,devices,1,18,0.05555555555555555,3,1.8239087409443189,0.10132826338579548
139,mobile application,Augmented reality technology adoption: Case of a mobile application in Turkey,abstract,user,1,18,0.05555555555555555,9,1.3467874862246563,0.0748215270124809
139,mobile application,Augmented reality technology adoption: Case of a mobile application in Turkey,abstract,applications,2,18,0.1111111111111111,27,0.8696662315049939,0.09662958127833265
139,mobile application,Augmented reality technology adoption: Case of a mobile application in Turkey,abstract,augmented,1,18,0.05555555555555555,3,1.8239087409443189,0.10132826338579548
139,mobile application,Augmented reality technology adoption: Case of a mobile application in Turkey,abstract,reality,1,18,0.05555555555555555,3,1.8239087409443189,0.10132826338579548
139,mobile application,Augmented reality technology adoption: Case of a mobile application in Turkey,abstract,mar,1,18,0.05555555555555555,1,2.3010299956639813,0.12783499975911006
139,mobile application,Augmented reality technology adoption: Case of a mobile application in Turkey,abstract,study,1,18,0.05555555555555555,13,1.1870866433571445,0.0659492579642858
139,mobile application,Augmented reality technology adoption: Case of a mobile application in Turkey,abstract,factors,1,18,0.05555555555555555,5,1.6020599913279623,0.08900333285155346
139,mobile application,Augmented reality technology adoption: Case of a mobile application in Turkey,abstract,affecting,1,18,0.05555555555555555,1,2.3010299956639813,0.12783499975911006
139,mobile application,Augmented reality technology adoption: Case of a mobile application in Turkey,abstract,use,1,18,0.05555555555555555,7,1.4559319556497243,0.0808851086472069
140,mobile application,Faster segment anything: Towards lightweight sam for mobile applications,title,faster,1,8,0.125,1,2.3010299956639813,0.28762874945799766
140,mobile application,Faster segment anything: Towards lightweight sam for mobile applications,title,segment,1,8,0.125,1,2.3010299956639813,0.28762874945799766
140,mobile application,Faster segment anything: Towards lightweight sam for mobile applications,title,anything,1,8,0.125,1,2.3010299956639813,0.28762874945799766
140,mobile application,Faster segment anything: Towards lightweight sam for mobile applications,title,towards,1,8,0.125,2,2.0,0.25
140,mobile application,Faster segment anything: Towards lightweight sam for mobile applications,title,lightweight,1,8,0.125,1,2.3010299956639813,0.28762874945799766
140,mobile application,Faster segment anything: Towards lightweight sam for mobile applications,title,sam,1,8,0.125,1,2.3010299956639813,0.28762874945799766
140,mobile application,Faster segment anything: Towards lightweight sam for mobile applications,title,mobile,1,8,0.125,54,0.5686362358410126,0.07107952948012658
140,mobile application,Faster segment anything: Towards lightweight sam for mobile applications,title,applications,1,8,0.125,27,0.8696662315049939,0.10870827893812424
140,mobile application,Faster segment anything: Towards lightweight sam for mobile applications,abstract,edge,1,23,0.043478260869565216,1,2.3010299956639813,0.10004478242017309
140,mobile application,Faster segment anything: Towards lightweight sam for mobile applications,abstract,devices,1,23,0.043478260869565216,3,1.8239087409443189,0.07930038004105734
140,mobile application,Faster segment anything: Towards lightweight sam for mobile applications,abstract,like,1,23,0.043478260869565216,2,2.0,0.08695652173913043
140,mobile application,Faster segment anything: Towards lightweight sam for mobile applications,abstract,mobile,3,23,0.13043478260869565,54,0.5686362358410126,0.07416994380534947
140,mobile application,Faster segment anything: Towards lightweight sam for mobile applications,abstract,phones,1,23,0.043478260869565216,1,2.3010299956639813,0.10004478242017309
140,mobile application,Faster segment anything: Towards lightweight sam for mobile applications,abstract,work,1,23,0.043478260869565216,4,1.6989700043360187,0.07386826105808778
140,mobile application,Faster segment anything: Towards lightweight sam for mobile applications,abstract,we,2,23,0.08695652173913043,28,0.853871964321762,0.07424973602797931
140,mobile application,Faster segment anything: Towards lightweight sam for mobile applications,abstract,aim,1,23,0.043478260869565216,3,1.8239087409443189,0.07930038004105734
140,mobile application,Faster segment anything: Towards lightweight sam for mobile applications,abstract,make,1,23,0.043478260869565216,4,1.6989700043360187,0.07386826105808778
140,mobile application,Faster segment anything: Towards lightweight sam for mobile applications,abstract,sam,1,23,0.043478260869565216,1,2.3010299956639813,0.10004478242017309
140,mobile application,Faster segment anything: Towards lightweight sam for mobile applications,abstract,friendly,1,23,0.043478260869565216,2,2.0,0.08695652173913043
140,mobile application,Faster segment anything: Towards lightweight sam for mobile applications,abstract,smaller,1,23,0.043478260869565216,1,2.3010299956639813,0.10004478242017309
140,mobile application,Faster segment anything: Towards lightweight sam for mobile applications,abstract,making,1,23,0.043478260869565216,1,2.3010299956639813,0.10004478242017309
140,mobile application,Faster segment anything: Towards lightweight sam for mobile applications,abstract,more,1,23,0.043478260869565216,3,1.8239087409443189,0.07930038004105734
140,mobile application,Faster segment anything: Towards lightweight sam for mobile applications,abstract,suitable,1,23,0.043478260869565216,3,1.8239087409443189,0.07930038004105734
140,mobile application,Faster segment anything: Towards lightweight sam for mobile applications,abstract,applications,1,23,0.043478260869565216,27,0.8696662315049939,0.03781157528282582
140,mobile application,Faster segment anything: Towards lightweight sam for mobile applications,abstract,moreover,1,23,0.043478260869565216,2,2.0,0.08695652173913043
140,mobile application,Faster segment anything: Towards lightweight sam for mobile applications,abstract,show,1,23,0.043478260869565216,4,1.6989700043360187,0.07386826105808778
140,mobile application,Faster segment anything: Towards lightweight sam for mobile applications,abstract,mobilesam,1,23,0.043478260869565216,1,2.3010299956639813,0.10004478242017309
140,mobile application,Faster segment anything: Towards lightweight sam for mobile applications,abstract,can,1,23,0.043478260869565216,11,1.2596373105057561,0.05476683958720679
141,mobile application,Towards a new learning experience through a mobile application with augmented reality in engineering education,title,towards,1,11,0.09090909090909091,2,2.0,0.18181818181818182
141,mobile application,Towards a new learning experience through a mobile application with augmented reality in engineering education,title,new,1,11,0.09090909090909091,11,1.2596373105057561,0.11451248277325056
141,mobile application,Towards a new learning experience through a mobile application with augmented reality in engineering education,title,learning,1,11,0.09090909090909091,63,0.5016894462103995,0.04560813147367268
141,mobile application,Towards a new learning experience through a mobile application with augmented reality in engineering education,title,experience,1,11,0.09090909090909091,6,1.5228787452803376,0.13844352229821252
141,mobile application,Towards a new learning experience through a mobile application with augmented reality in engineering education,title,through,1,11,0.09090909090909091,4,1.6989700043360187,0.1544518185760017
141,mobile application,Towards a new learning experience through a mobile application with augmented reality in engineering education,title,mobile,1,11,0.09090909090909091,54,0.5686362358410126,0.051694203258273876
141,mobile application,Towards a new learning experience through a mobile application with augmented reality in engineering education,title,application,1,11,0.09090909090909091,38,0.721246399047171,0.06556785445883373
141,mobile application,Towards a new learning experience through a mobile application with augmented reality in engineering education,title,augmented,1,11,0.09090909090909091,3,1.8239087409443189,0.16580988554039264
141,mobile application,Towards a new learning experience through a mobile application with augmented reality in engineering education,title,reality,1,11,0.09090909090909091,3,1.8239087409443189,0.16580988554039264
141,mobile application,Towards a new learning experience through a mobile application with augmented reality in engineering education,title,engineering,1,11,0.09090909090909091,3,1.8239087409443189,0.16580988554039264
141,mobile application,Towards a new learning experience through a mobile application with augmented reality in engineering education,title,education,1,11,0.09090909090909091,5,1.6020599913279623,0.1456418173934511
141,mobile application,Towards a new learning experience through a mobile application with augmented reality in engineering education,abstract,application,3,17,0.17647058823529413,38,0.721246399047171,0.12727877630244194
141,mobile application,Towards a new learning experience through a mobile application with augmented reality in engineering education,abstract,augmented,2,17,0.11764705882352941,3,1.8239087409443189,0.21457749893462574
141,mobile application,Towards a new learning experience through a mobile application with augmented reality in engineering education,abstract,reality,2,17,0.11764705882352941,3,1.8239087409443189,0.21457749893462574
141,mobile application,Towards a new learning experience through a mobile application with augmented reality in engineering education,abstract,ar,1,17,0.058823529411764705,2,2.0,0.11764705882352941
141,mobile application,Towards a new learning experience through a mobile application with augmented reality in engineering education,abstract,education,1,17,0.058823529411764705,5,1.6020599913279623,0.0942388230192919
141,mobile application,Towards a new learning experience through a mobile application with augmented reality in engineering education,abstract,effect,1,17,0.058823529411764705,1,2.3010299956639813,0.13535470562729301
141,mobile application,Towards a new learning experience through a mobile application with augmented reality in engineering education,abstract,mobile,1,17,0.058823529411764705,54,0.5686362358410126,0.03344919034358898
141,mobile application,Towards a new learning experience through a mobile application with augmented reality in engineering education,abstract,netar,1,17,0.058823529411764705,1,2.3010299956639813,0.13535470562729301
141,mobile application,Towards a new learning experience through a mobile application with augmented reality in engineering education,abstract,established,1,17,0.058823529411764705,1,2.3010299956639813,0.13535470562729301
141,mobile application,Towards a new learning experience through a mobile application with augmented reality in engineering education,abstract,work,1,17,0.058823529411764705,4,1.6989700043360187,0.0999394120197658
141,mobile application,Towards a new learning experience through a mobile application with augmented reality in engineering education,abstract,three,2,17,0.11764705882352941,4,1.6989700043360187,0.1998788240395316
141,mobile application,Towards a new learning experience through a mobile application with augmented reality in engineering education,abstract,weeks,1,17,0.058823529411764705,1,2.3010299956639813,0.13535470562729301
142,mobile application,Augmented reality advertising via a mobile app,title,augmented,1,6,0.16666666666666666,3,1.8239087409443189,0.30398479015738644
142,mobile application,Augmented reality advertising via a mobile app,title,reality,1,6,0.16666666666666666,3,1.8239087409443189,0.30398479015738644
142,mobile application,Augmented reality advertising via a mobile app,title,advertising,1,6,0.16666666666666666,1,2.3010299956639813,0.38350499927733017
142,mobile application,Augmented reality advertising via a mobile app,title,via,1,6,0.16666666666666666,6,1.5228787452803376,0.2538131242133896
142,mobile application,Augmented reality advertising via a mobile app,title,mobile,1,6,0.16666666666666666,54,0.5686362358410126,0.0947727059735021
142,mobile application,Augmented reality advertising via a mobile app,title,app,1,6,0.16666666666666666,15,1.1249387366083,0.18748978943471664
142,mobile application,Augmented reality advertising via a mobile app,abstract,augmented,1,27,0.037037037037037035,3,1.8239087409443189,0.06755217559053033
142,mobile application,Augmented reality advertising via a mobile app,abstract,reality,1,27,0.037037037037037035,3,1.8239087409443189,0.06755217559053033
142,mobile application,Augmented reality advertising via a mobile app,abstract,ar,3,27,0.1111111111111111,2,2.0,0.2222222222222222
142,mobile application,Augmented reality advertising via a mobile app,abstract,mobile,3,27,0.1111111111111111,54,0.5686362358410126,0.06318180398233474
142,mobile application,Augmented reality advertising via a mobile app,abstract,app,3,27,0.1111111111111111,15,1.1249387366083,0.12499319295647776
142,mobile application,Augmented reality advertising via a mobile app,abstract,advertising,3,27,0.1111111111111111,1,2.3010299956639813,0.2556699995182201
142,mobile application,Augmented reality advertising via a mobile app,abstract,offers,1,27,0.037037037037037035,2,2.0,0.07407407407407407
142,mobile application,Augmented reality advertising via a mobile app,abstract,new,1,27,0.037037037037037035,11,1.2596373105057561,0.04665323372243541
142,mobile application,Augmented reality advertising via a mobile app,abstract,we,1,27,0.037037037037037035,28,0.853871964321762,0.03162488756747266
142,mobile application,Augmented reality advertising via a mobile app,abstract,aim,1,27,0.037037037037037035,3,1.8239087409443189,0.06755217559053033
142,mobile application,Augmented reality advertising via a mobile app,abstract,shed,1,27,0.037037037037037035,1,2.3010299956639813,0.08522333317274004
142,mobile application,Augmented reality advertising via a mobile app,abstract,light,1,27,0.037037037037037035,1,2.3010299956639813,0.08522333317274004
142,mobile application,Augmented reality advertising via a mobile app,abstract,how,1,27,0.037037037037037035,8,1.3979400086720377,0.05177555587674214
142,mobile application,Augmented reality advertising via a mobile app,abstract,can,1,27,0.037037037037037035,11,1.2596373105057561,0.04665323372243541
142,mobile application,Augmented reality advertising via a mobile app,abstract,brand,2,27,0.07407407407407407,2,2.0,0.14814814814814814
142,mobile application,Augmented reality advertising via a mobile app,abstract,engagement,1,27,0.037037037037037035,4,1.6989700043360187,0.0629248149754081
142,mobile application,Augmented reality advertising via a mobile app,abstract,via,1,27,0.037037037037037035,6,1.5228787452803376,0.05640291649186435
142,mobile application,Augmented reality advertising via a mobile app,abstract,prior,1,27,0.037037037037037035,1,2.3010299956639813,0.08522333317274004
143,mobile application,What works best to engage participants in mobile app interventions and e-health: a scoping review,title,what,1,11,0.09090909090909091,6,1.5228787452803376,0.13844352229821252
143,mobile application,What works best to engage participants in mobile app interventions and e-health: a scoping review,title,works,1,11,0.09090909090909091,1,2.3010299956639813,0.20918454506036194
143,mobile application,What works best to engage participants in mobile app interventions and e-health: a scoping review,title,best,1,11,0.09090909090909091,2,2.0,0.18181818181818182
143,mobile application,What works best to engage participants in mobile app interventions and e-health: a scoping review,title,engage,1,11,0.09090909090909091,1,2.3010299956639813,0.20918454506036194
143,mobile application,What works best to engage participants in mobile app interventions and e-health: a scoping review,title,participants,1,11,0.09090909090909091,1,2.3010299956639813,0.20918454506036194
143,mobile application,What works best to engage participants in mobile app interventions and e-health: a scoping review,title,mobile,1,11,0.09090909090909091,54,0.5686362358410126,0.051694203258273876
143,mobile application,What works best to engage participants in mobile app interventions and e-health: a scoping review,title,app,1,11,0.09090909090909091,15,1.1249387366083,0.10226715787348181
143,mobile application,What works best to engage participants in mobile app interventions and e-health: a scoping review,title,interventions,1,11,0.09090909090909091,3,1.8239087409443189,0.16580988554039264
143,mobile application,What works best to engage participants in mobile app interventions and e-health: a scoping review,title,health,1,11,0.09090909090909091,2,2.0,0.18181818181818182
143,mobile application,What works best to engage participants in mobile app interventions and e-health: a scoping review,title,scoping,1,11,0.09090909090909091,1,2.3010299956639813,0.20918454506036194
143,mobile application,What works best to engage participants in mobile app interventions and e-health: a scoping review,title,review,1,11,0.09090909090909091,26,0.8860566476931633,0.08055060433574211
143,mobile application,What works best to engage participants in mobile app interventions and e-health: a scoping review,abstract,articles,1,20,0.05,1,2.3010299956639813,0.11505149978319906
143,mobile application,What works best to engage participants in mobile app interventions and e-health: a scoping review,abstract,featured,1,20,0.05,1,2.3010299956639813,0.11505149978319906
143,mobile application,What works best to engage participants in mobile app interventions and e-health: a scoping review,abstract,terms,1,20,0.05,1,2.3010299956639813,0.11505149978319906
143,mobile application,What works best to engage participants in mobile app interventions and e-health: a scoping review,abstract,engagement,1,20,0.05,4,1.6989700043360187,0.08494850021680095
143,mobile application,What works best to engage participants in mobile app interventions and e-health: a scoping review,abstract,mobile,4,20,0.2,54,0.5686362358410126,0.11372724716820254
143,mobile application,What works best to engage participants in mobile app interventions and e-health: a scoping review,abstract,app,1,20,0.05,15,1.1249387366083,0.056246936830415
143,mobile application,What works best to engage participants in mobile app interventions and e-health: a scoping review,abstract,health,1,20,0.05,2,2.0,0.1
143,mobile application,What works best to engage participants in mobile app interventions and e-health: a scoping review,abstract,adult,1,20,0.05,1,2.3010299956639813,0.11505149978319906
143,mobile application,What works best to engage participants in mobile app interventions and e-health: a scoping review,abstract,after,1,20,0.05,1,2.3010299956639813,0.11505149978319906
143,mobile application,What works best to engage participants in mobile app interventions and e-health: a scoping review,abstract,applying,1,20,0.05,2,2.0,0.1
143,mobile application,What works best to engage participants in mobile app interventions and e-health: a scoping review,abstract,shift,1,20,0.05,1,2.3010299956639813,0.11505149978319906
143,mobile application,What works best to engage participants in mobile app interventions and e-health: a scoping review,abstract,toward,1,20,0.05,1,2.3010299956639813,0.11505149978319906
143,mobile application,What works best to engage participants in mobile app interventions and e-health: a scoping review,abstract,interventions,1,20,0.05,3,1.8239087409443189,0.09119543704721594
143,mobile application,What works best to engage participants in mobile app interventions and e-health: a scoping review,abstract,benefits,1,20,0.05,1,2.3010299956639813,0.11505149978319906
143,mobile application,What works best to engage participants in mobile app interventions and e-health: a scoping review,abstract,using,1,20,0.05,15,1.1249387366083,0.056246936830415
143,mobile application,What works best to engage participants in mobile app interventions and e-health: a scoping review,abstract,apps,1,20,0.05,19,1.0222763947111522,0.05111381973555761
143,mobile application,What works best to engage participants in mobile app interventions and e-health: a scoping review,abstract,review,1,20,0.05,26,0.8860566476931633,0.04430283238465817
144,mobile application,Combating against potentially harmful mobile apps,title,combating,1,6,0.16666666666666666,1,2.3010299956639813,0.38350499927733017
144,mobile application,Combating against potentially harmful mobile apps,title,against,1,6,0.16666666666666666,3,1.8239087409443189,0.30398479015738644
144,mobile application,Combating against potentially harmful mobile apps,title,potentially,1,6,0.16666666666666666,1,2.3010299956639813,0.38350499927733017
144,mobile application,Combating against potentially harmful mobile apps,title,harmful,1,6,0.16666666666666666,1,2.3010299956639813,0.38350499927733017
144,mobile application,Combating against potentially harmful mobile apps,title,mobile,1,6,0.16666666666666666,54,0.5686362358410126,0.0947727059735021
144,mobile application,Combating against potentially harmful mobile apps,title,apps,1,6,0.16666666666666666,19,1.0222763947111522,0.17037939911852534
144,mobile application,Combating against potentially harmful mobile apps,abstract,mobile,2,23,0.08695652173913043,54,0.5686362358410126,0.049446629203566315
144,mobile application,Combating against potentially harmful mobile apps,abstract,apps,2,23,0.08695652173913043,19,1.0222763947111522,0.08889359954010019
144,mobile application,Combating against potentially harmful mobile apps,abstract,make,1,23,0.043478260869565216,4,1.6989700043360187,0.07386826105808778
144,mobile application,Combating against potentially harmful mobile apps,abstract,our,1,23,0.043478260869565216,2,2.0,0.08695652173913043
144,mobile application,Combating against potentially harmful mobile apps,abstract,life,1,23,0.043478260869565216,3,1.8239087409443189,0.07930038004105734
144,mobile application,Combating against potentially harmful mobile apps,abstract,much,1,23,0.043478260869565216,2,2.0,0.08695652173913043
144,mobile application,Combating against potentially harmful mobile apps,abstract,easier,1,23,0.043478260869565216,1,2.3010299956639813,0.10004478242017309
144,mobile application,Combating against potentially harmful mobile apps,abstract,simple,1,23,0.043478260869565216,2,2.0,0.08695652173913043
144,mobile application,Combating against potentially harmful mobile apps,abstract,other,1,23,0.043478260869565216,2,2.0,0.08695652173913043
144,mobile application,Combating against potentially harmful mobile apps,abstract,aspects,1,23,0.043478260869565216,2,2.0,0.08695652173913043
144,mobile application,Combating against potentially harmful mobile apps,abstract,number,2,23,0.08695652173913043,3,1.8239087409443189,0.15860076008211468
144,mobile application,Combating against potentially harmful mobile apps,abstract,potentially,1,23,0.043478260869565216,1,2.3010299956639813,0.10004478242017309
144,mobile application,Combating against potentially harmful mobile apps,abstract,harmful,1,23,0.043478260869565216,1,2.3010299956639813,0.10004478242017309
144,mobile application,Combating against potentially harmful mobile apps,abstract,applications,1,23,0.043478260869565216,27,0.8696662315049939,0.03781157528282582
144,mobile application,Combating against potentially harmful mobile apps,abstract,has,1,23,0.043478260869565216,12,1.2218487496163564,0.053123858678972014
144,mobile application,Combating against potentially harmful mobile apps,abstract,exponential,1,23,0.043478260869565216,1,2.3010299956639813,0.10004478242017309
144,mobile application,Combating against potentially harmful mobile apps,abstract,increase,1,23,0.043478260869565216,2,2.0,0.08695652173913043
144,mobile application,Combating against potentially harmful mobile apps,abstract,over,1,23,0.043478260869565216,3,1.8239087409443189,0.07930038004105734
144,mobile application,Combating against potentially harmful mobile apps,abstract,past,1,23,0.043478260869565216,3,1.8239087409443189,0.07930038004105734
144,mobile application,Combating against potentially harmful mobile apps,abstract,few,1,23,0.043478260869565216,1,2.3010299956639813,0.10004478242017309
145,mobile application,Mobile apps for older adults: systematic search and evaluation within online stores,title,mobile,1,10,0.1,54,0.5686362358410126,0.05686362358410127
145,mobile application,Mobile apps for older adults: systematic search and evaluation within online stores,title,apps,1,10,0.1,19,1.0222763947111522,0.10222763947111523
145,mobile application,Mobile apps for older adults: systematic search and evaluation within online stores,title,older,1,10,0.1,2,2.0,0.2
145,mobile application,Mobile apps for older adults: systematic search and evaluation within online stores,title,adults,1,10,0.1,3,1.8239087409443189,0.1823908740944319
145,mobile application,Mobile apps for older adults: systematic search and evaluation within online stores,title,systematic,1,10,0.1,14,1.1549019599857433,0.11549019599857434
145,mobile application,Mobile apps for older adults: systematic search and evaluation within online stores,title,search,1,10,0.1,3,1.8239087409443189,0.1823908740944319
145,mobile application,Mobile apps for older adults: systematic search and evaluation within online stores,title,evaluation,1,10,0.1,5,1.6020599913279623,0.16020599913279623
145,mobile application,Mobile apps for older adults: systematic search and evaluation within online stores,title,within,1,10,0.1,3,1.8239087409443189,0.1823908740944319
145,mobile application,Mobile apps for older adults: systematic search and evaluation within online stores,title,online,1,10,0.1,5,1.6020599913279623,0.16020599913279623
145,mobile application,Mobile apps for older adults: systematic search and evaluation within online stores,title,stores,1,10,0.1,2,2.0,0.2
145,mobile application,Mobile apps for older adults: systematic search and evaluation within online stores,abstract,mobile,3,22,0.13636363636363635,54,0.5686362358410126,0.0775413048874108
145,mobile application,Mobile apps for older adults: systematic search and evaluation within online stores,abstract,apps,2,22,0.09090909090909091,19,1.0222763947111522,0.09293421770101383
145,mobile application,Mobile apps for older adults: systematic search and evaluation within online stores,abstract,available,2,22,0.09090909090909091,7,1.4559319556497243,0.1323574505136113
145,mobile application,Mobile apps for older adults: systematic search and evaluation within online stores,abstract,app,3,22,0.13636363636363635,15,1.1249387366083,0.1534007368102227
145,mobile application,Mobile apps for older adults: systematic search and evaluation within online stores,abstract,stores,2,22,0.09090909090909091,2,2.0,0.18181818181818182
145,mobile application,Mobile apps for older adults: systematic search and evaluation within online stores,abstract,28,1,22,0.045454545454545456,1,2.3010299956639813,0.10459227253018097
145,mobile application,Mobile apps for older adults: systematic search and evaluation within online stores,abstract,but,1,22,0.045454545454545456,3,1.8239087409443189,0.08290494277019632
145,mobile application,Mobile apps for older adults: systematic search and evaluation within online stores,abstract,quality,1,22,0.045454545454545456,7,1.4559319556497243,0.06617872525680565
145,mobile application,Mobile apps for older adults: systematic search and evaluation within online stores,abstract,publicly,1,22,0.045454545454545456,2,2.0,0.09090909090909091
145,mobile application,Mobile apps for older adults: systematic search and evaluation within online stores,abstract,description,1,22,0.045454545454545456,1,2.3010299956639813,0.10459227253018097
145,mobile application,Mobile apps for older adults: systematic search and evaluation within online stores,abstract,given,1,22,0.045454545454545456,1,2.3010299956639813,0.10459227253018097
145,mobile application,Mobile apps for older adults: systematic search and evaluation within online stores,abstract,images,1,22,0.045454545454545456,1,2.3010299956639813,0.10459227253018097
145,mobile application,Mobile apps for older adults: systematic search and evaluation within online stores,abstract,comments,1,22,0.045454545454545456,1,2.3010299956639813,0.10459227253018097
145,mobile application,Mobile apps for older adults: systematic search and evaluation within online stores,abstract,users,1,22,0.045454545454545456,9,1.3467874862246563,0.06121761301021165
145,mobile application,Mobile apps for older adults: systematic search and evaluation within online stores,abstract,first,1,22,0.045454545454545456,3,1.8239087409443189,0.08290494277019632
146,mobile application,Mobile apps to improve medication adherence in cardiovascular disease: systematic review and meta-analysis,title,mobile,1,11,0.09090909090909091,54,0.5686362358410126,0.051694203258273876
146,mobile application,Mobile apps to improve medication adherence in cardiovascular disease: systematic review and meta-analysis,title,apps,1,11,0.09090909090909091,19,1.0222763947111522,0.09293421770101383
146,mobile application,Mobile apps to improve medication adherence in cardiovascular disease: systematic review and meta-analysis,title,improve,1,11,0.09090909090909091,6,1.5228787452803376,0.13844352229821252
146,mobile application,Mobile apps to improve medication adherence in cardiovascular disease: systematic review and meta-analysis,title,medication,1,11,0.09090909090909091,1,2.3010299956639813,0.20918454506036194
146,mobile application,Mobile apps to improve medication adherence in cardiovascular disease: systematic review and meta-analysis,title,adherence,1,11,0.09090909090909091,1,2.3010299956639813,0.20918454506036194
146,mobile application,Mobile apps to improve medication adherence in cardiovascular disease: systematic review and meta-analysis,title,cardiovascular,1,11,0.09090909090909091,1,2.3010299956639813,0.20918454506036194
146,mobile application,Mobile apps to improve medication adherence in cardiovascular disease: systematic review and meta-analysis,title,disease,1,11,0.09090909090909091,4,1.6989700043360187,0.1544518185760017
146,mobile application,Mobile apps to improve medication adherence in cardiovascular disease: systematic review and meta-analysis,title,systematic,1,11,0.09090909090909091,14,1.1549019599857433,0.10499108727143121
146,mobile application,Mobile apps to improve medication adherence in cardiovascular disease: systematic review and meta-analysis,title,review,1,11,0.09090909090909091,26,0.8860566476931633,0.08055060433574211
146,mobile application,Mobile apps to improve medication adherence in cardiovascular disease: systematic review and meta-analysis,title,meta,1,11,0.09090909090909091,2,2.0,0.18181818181818182
146,mobile application,Mobile apps to improve medication adherence in cardiovascular disease: systematic review and meta-analysis,title,analysis,1,11,0.09090909090909091,13,1.1870866433571445,0.10791696757792223
146,mobile application,Mobile apps to improve medication adherence in cardiovascular disease: systematic review and meta-analysis,abstract,study,1,19,0.05263157894736842,13,1.1870866433571445,0.06247824438721813
146,mobile application,Mobile apps to improve medication adherence in cardiovascular disease: systematic review and meta-analysis,abstract,included,1,19,0.05263157894736842,1,2.3010299956639813,0.12110684187705163
146,mobile application,Mobile apps to improve medication adherence in cardiovascular disease: systematic review and meta-analysis,abstract,16,1,19,0.05263157894736842,2,2.0,0.10526315789473684
146,mobile application,Mobile apps to improve medication adherence in cardiovascular disease: systematic review and meta-analysis,abstract,rcts,1,19,0.05263157894736842,1,2.3010299956639813,0.12110684187705163
146,mobile application,Mobile apps to improve medication adherence in cardiovascular disease: systematic review and meta-analysis,abstract,assessed,1,19,0.05263157894736842,1,2.3010299956639813,0.12110684187705163
146,mobile application,Mobile apps to improve medication adherence in cardiovascular disease: systematic review and meta-analysis,abstract,effectiveness,1,19,0.05263157894736842,2,2.0,0.10526315789473684
146,mobile application,Mobile apps to improve medication adherence in cardiovascular disease: systematic review and meta-analysis,abstract,mobile,1,19,0.05263157894736842,54,0.5686362358410126,0.029928222939000663
146,mobile application,Mobile apps to improve medication adherence in cardiovascular disease: systematic review and meta-analysis,abstract,app,1,19,0.05263157894736842,15,1.1249387366083,0.05920730192675262
146,mobile application,Mobile apps to improve medication adherence in cardiovascular disease: systematic review and meta-analysis,abstract,based,1,19,0.05263157894736842,18,1.045757490560675,0.055039867924246054
146,mobile application,Mobile apps to improve medication adherence in cardiovascular disease: systematic review and meta-analysis,abstract,interventions,1,19,0.05263157894736842,3,1.8239087409443189,0.09599519689180624
146,mobile application,Mobile apps to improve medication adherence in cardiovascular disease: systematic review and meta-analysis,abstract,medication,1,19,0.05263157894736842,1,2.3010299956639813,0.12110684187705163
146,mobile application,Mobile apps to improve medication adherence in cardiovascular disease: systematic review and meta-analysis,abstract,adherence,1,19,0.05263157894736842,1,2.3010299956639813,0.12110684187705163
146,mobile application,Mobile apps to improve medication adherence in cardiovascular disease: systematic review and meta-analysis,abstract,19,1,19,0.05263157894736842,7,1.4559319556497243,0.07662799766577497
146,mobile application,Mobile apps to improve medication adherence in cardiovascular disease: systematic review and meta-analysis,abstract,34,1,19,0.05263157894736842,1,2.3010299956639813,0.12110684187705163
146,mobile application,Mobile apps to improve medication adherence in cardiovascular disease: systematic review and meta-analysis,abstract,total,1,19,0.05263157894736842,1,2.3010299956639813,0.12110684187705163
146,mobile application,Mobile apps to improve medication adherence in cardiovascular disease: systematic review and meta-analysis,abstract,trials,1,19,0.05263157894736842,1,2.3010299956639813,0.12110684187705163
146,mobile application,Mobile apps to improve medication adherence in cardiovascular disease: systematic review and meta-analysis,abstract,showed,1,19,0.05263157894736842,1,2.3010299956639813,0.12110684187705163
146,mobile application,Mobile apps to improve medication adherence in cardiovascular disease: systematic review and meta-analysis,abstract,statistically,1,19,0.05263157894736842,1,2.3010299956639813,0.12110684187705163
146,mobile application,Mobile apps to improve medication adherence in cardiovascular disease: systematic review and meta-analysis,abstract,significant,1,19,0.05263157894736842,1,2.3010299956639813,0.12110684187705163
147,mobile application,Engaging shoppers through mobile apps: the role of gamification,title,engaging,1,7,0.14285714285714285,1,2.3010299956639813,0.3287185708091402
147,mobile application,Engaging shoppers through mobile apps: the role of gamification,title,shoppers,1,7,0.14285714285714285,1,2.3010299956639813,0.3287185708091402
147,mobile application,Engaging shoppers through mobile apps: the role of gamification,title,through,1,7,0.14285714285714285,4,1.6989700043360187,0.24271000061943124
147,mobile application,Engaging shoppers through mobile apps: the role of gamification,title,mobile,1,7,0.14285714285714285,54,0.5686362358410126,0.08123374797728751
147,mobile application,Engaging shoppers through mobile apps: the role of gamification,title,apps,1,7,0.14285714285714285,19,1.0222763947111522,0.146039484958736
147,mobile application,Engaging shoppers through mobile apps: the role of gamification,title,role,1,7,0.14285714285714285,5,1.6020599913279623,0.22886571304685174
147,mobile application,Engaging shoppers through mobile apps: the role of gamification,title,gamification,1,7,0.14285714285714285,2,2.0,0.2857142857142857
147,mobile application,Engaging shoppers through mobile apps: the role of gamification,abstract,driving,1,20,0.05,1,2.3010299956639813,0.11505149978319906
147,mobile application,Engaging shoppers through mobile apps: the role of gamification,abstract,consumers,1,20,0.05,1,2.3010299956639813,0.11505149978319906
147,mobile application,Engaging shoppers through mobile apps: the role of gamification,abstract,intention,2,20,0.1,2,2.0,0.2
147,mobile application,Engaging shoppers through mobile apps: the role of gamification,abstract,buy,2,20,0.1,1,2.3010299956639813,0.23010299956639813
147,mobile application,Engaging shoppers through mobile apps: the role of gamification,abstract,using,2,20,0.1,15,1.1249387366083,0.11249387366083
147,mobile application,Engaging shoppers through mobile apps: the role of gamification,abstract,mobile,3,20,0.15,54,0.5686362358410126,0.08529543537615189
147,mobile application,Engaging shoppers through mobile apps: the role of gamification,abstract,app,3,20,0.15,15,1.1249387366083,0.16874081049124498
147,mobile application,Engaging shoppers through mobile apps: the role of gamification,abstract,namely,1,20,0.05,2,2.0,0.1
147,mobile application,Engaging shoppers through mobile apps: the role of gamification,abstract,shopping,2,20,0.1,1,2.3010299956639813,0.23010299956639813
147,mobile application,Engaging shoppers through mobile apps: the role of gamification,abstract,gamification,1,20,0.05,2,2.0,0.1
147,mobile application,Engaging shoppers through mobile apps: the role of gamification,abstract,moderator,1,20,0.05,1,2.3010299956639813,0.11505149978319906
147,mobile application,Engaging shoppers through mobile apps: the role of gamification,abstract,engagement,1,20,0.05,4,1.6989700043360187,0.08494850021680095
148,mobile application,A review of mobile applications available in the app and google play stores used during the COVID-19 outbreak,title,review,1,13,0.07692307692307693,26,0.8860566476931633,0.06815820366870487
148,mobile application,A review of mobile applications available in the app and google play stores used during the COVID-19 outbreak,title,mobile,1,13,0.07692307692307693,54,0.5686362358410126,0.04374124891084713
148,mobile application,A review of mobile applications available in the app and google play stores used during the COVID-19 outbreak,title,applications,1,13,0.07692307692307693,27,0.8696662315049939,0.06689740242346107
148,mobile application,A review of mobile applications available in the app and google play stores used during the COVID-19 outbreak,title,available,1,13,0.07692307692307693,7,1.4559319556497243,0.11199476581920957
148,mobile application,A review of mobile applications available in the app and google play stores used during the COVID-19 outbreak,title,app,1,13,0.07692307692307693,15,1.1249387366083,0.08653374896986923
148,mobile application,A review of mobile applications available in the app and google play stores used during the COVID-19 outbreak,title,google,1,13,0.07692307692307693,3,1.8239087409443189,0.14030067238033223
148,mobile application,A review of mobile applications available in the app and google play stores used during the COVID-19 outbreak,title,play,1,13,0.07692307692307693,1,2.3010299956639813,0.1770023073587678
148,mobile application,A review of mobile applications available in the app and google play stores used during the COVID-19 outbreak,title,stores,1,13,0.07692307692307693,2,2.0,0.15384615384615385
148,mobile application,A review of mobile applications available in the app and google play stores used during the COVID-19 outbreak,title,used,1,13,0.07692307692307693,7,1.4559319556497243,0.11199476581920957
148,mobile application,A review of mobile applications available in the app and google play stores used during the COVID-19 outbreak,title,during,1,13,0.07692307692307693,3,1.8239087409443189,0.14030067238033223
148,mobile application,A review of mobile applications available in the app and google play stores used during the COVID-19 outbreak,title,covid,1,13,0.07692307692307693,6,1.5228787452803376,0.11714451886771829
148,mobile application,A review of mobile applications available in the app and google play stores used during the COVID-19 outbreak,title,19,1,13,0.07692307692307693,7,1.4559319556497243,0.11199476581920957
148,mobile application,A review of mobile applications available in the app and google play stores used during the COVID-19 outbreak,title,outbreak,1,13,0.07692307692307693,1,2.3010299956639813,0.1770023073587678
148,mobile application,A review of mobile applications available in the app and google play stores used during the COVID-19 outbreak,abstract,study,1,20,0.05,13,1.1870866433571445,0.05935433216785723
148,mobile application,A review of mobile applications available in the app and google play stores used during the COVID-19 outbreak,abstract,adopted,1,20,0.05,1,2.3010299956639813,0.11505149978319906
148,mobile application,A review of mobile applications available in the app and google play stores used during the COVID-19 outbreak,abstract,systematic,1,20,0.05,14,1.1549019599857433,0.05774509799928717
148,mobile application,A review of mobile applications available in the app and google play stores used during the COVID-19 outbreak,abstract,search,1,20,0.05,3,1.8239087409443189,0.09119543704721594
148,mobile application,A review of mobile applications available in the app and google play stores used during the COVID-19 outbreak,abstract,strategy,1,20,0.05,1,2.3010299956639813,0.11505149978319906
148,mobile application,A review of mobile applications available in the app and google play stores used during the COVID-19 outbreak,abstract,identify,1,20,0.05,3,1.8239087409443189,0.09119543704721594
148,mobile application,A review of mobile applications available in the app and google play stores used during the COVID-19 outbreak,abstract,free,1,20,0.05,2,2.0,0.1
148,mobile application,A review of mobile applications available in the app and google play stores used during the COVID-19 outbreak,abstract,mobile,1,20,0.05,54,0.5686362358410126,0.028431811792050635
148,mobile application,A review of mobile applications available in the app and google play stores used during the COVID-19 outbreak,abstract,applications,1,20,0.05,27,0.8696662315049939,0.0434833115752497
148,mobile application,A review of mobile applications available in the app and google play stores used during the COVID-19 outbreak,abstract,related,1,20,0.05,4,1.6989700043360187,0.08494850021680095
148,mobile application,A review of mobile applications available in the app and google play stores used during the COVID-19 outbreak,abstract,covid,1,20,0.05,6,1.5228787452803376,0.07614393726401689
148,mobile application,A review of mobile applications available in the app and google play stores used during the COVID-19 outbreak,abstract,19,1,20,0.05,7,1.4559319556497243,0.07279659778248622
148,mobile application,A review of mobile applications available in the app and google play stores used during the COVID-19 outbreak,abstract,outbreak,1,20,0.05,1,2.3010299956639813,0.11505149978319906
148,mobile application,A review of mobile applications available in the app and google play stores used during the COVID-19 outbreak,abstract,available,1,20,0.05,7,1.4559319556497243,0.07279659778248622
148,mobile application,A review of mobile applications available in the app and google play stores used during the COVID-19 outbreak,abstract,app,1,20,0.05,15,1.1249387366083,0.056246936830415
148,mobile application,A review of mobile applications available in the app and google play stores used during the COVID-19 outbreak,abstract,google,1,20,0.05,3,1.8239087409443189,0.09119543704721594
148,mobile application,A review of mobile applications available in the app and google play stores used during the COVID-19 outbreak,abstract,play,1,20,0.05,1,2.3010299956639813,0.11505149978319906
148,mobile application,A review of mobile applications available in the app and google play stores used during the COVID-19 outbreak,abstract,stores,1,20,0.05,2,2.0,0.1
148,mobile application,A review of mobile applications available in the app and google play stores used during the COVID-19 outbreak,abstract,keywords,1,20,0.05,1,2.3010299956639813,0.11505149978319906
148,mobile application,A review of mobile applications available in the app and google play stores used during the COVID-19 outbreak,abstract,such,1,20,0.05,5,1.6020599913279623,0.08010299956639812
149,mobile application,"Hydrogen storage technologies for stationary and mobile applications: Review, analysis and perspectives",title,hydrogen,1,9,0.1111111111111111,1,2.3010299956639813,0.2556699995182201
149,mobile application,"Hydrogen storage technologies for stationary and mobile applications: Review, analysis and perspectives",title,storage,1,9,0.1111111111111111,1,2.3010299956639813,0.2556699995182201
149,mobile application,"Hydrogen storage technologies for stationary and mobile applications: Review, analysis and perspectives",title,technologies,1,9,0.1111111111111111,5,1.6020599913279623,0.17800666570310691
149,mobile application,"Hydrogen storage technologies for stationary and mobile applications: Review, analysis and perspectives",title,stationary,1,9,0.1111111111111111,1,2.3010299956639813,0.2556699995182201
149,mobile application,"Hydrogen storage technologies for stationary and mobile applications: Review, analysis and perspectives",title,mobile,1,9,0.1111111111111111,54,0.5686362358410126,0.06318180398233474
149,mobile application,"Hydrogen storage technologies for stationary and mobile applications: Review, analysis and perspectives",title,applications,1,9,0.1111111111111111,27,0.8696662315049939,0.09662958127833265
149,mobile application,"Hydrogen storage technologies for stationary and mobile applications: Review, analysis and perspectives",title,review,1,9,0.1111111111111111,26,0.8860566476931633,0.0984507386325737
149,mobile application,"Hydrogen storage technologies for stationary and mobile applications: Review, analysis and perspectives",title,analysis,1,9,0.1111111111111111,13,1.1870866433571445,0.1318985159285716
149,mobile application,"Hydrogen storage technologies for stationary and mobile applications: Review, analysis and perspectives",title,perspectives,1,9,0.1111111111111111,2,2.0,0.2222222222222222
149,mobile application,"Hydrogen storage technologies for stationary and mobile applications: Review, analysis and perspectives",abstract,stationary,1,18,0.05555555555555555,1,2.3010299956639813,0.12783499975911006
149,mobile application,"Hydrogen storage technologies for stationary and mobile applications: Review, analysis and perspectives",abstract,automotive,1,18,0.05555555555555555,1,2.3010299956639813,0.12783499975911006
149,mobile application,"Hydrogen storage technologies for stationary and mobile applications: Review, analysis and perspectives",abstract,applications,2,18,0.1111111111111111,27,0.8696662315049939,0.09662958127833265
149,mobile application,"Hydrogen storage technologies for stationary and mobile applications: Review, analysis and perspectives",abstract,therefore,1,18,0.05555555555555555,2,2.0,0.1111111111111111
149,mobile application,"Hydrogen storage technologies for stationary and mobile applications: Review, analysis and perspectives",abstract,application,1,18,0.05555555555555555,38,0.721246399047171,0.0400692443915095
149,mobile application,"Hydrogen storage technologies for stationary and mobile applications: Review, analysis and perspectives",abstract,needs,1,18,0.05555555555555555,2,2.0,0.1111111111111111
149,mobile application,"Hydrogen storage technologies for stationary and mobile applications: Review, analysis and perspectives",abstract,which,1,18,0.05555555555555555,6,1.5228787452803376,0.08460437473779653
149,mobile application,"Hydrogen storage technologies for stationary and mobile applications: Review, analysis and perspectives",abstract,may,1,18,0.05555555555555555,2,2.0,0.1111111111111111
149,mobile application,"Hydrogen storage technologies for stationary and mobile applications: Review, analysis and perspectives",abstract,time,1,18,0.05555555555555555,5,1.6020599913279623,0.08900333285155346
149,mobile application,"Hydrogen storage technologies for stationary and mobile applications: Review, analysis and perspectives",abstract,variant,1,18,0.05555555555555555,1,2.3010299956639813,0.12783499975911006
149,mobile application,"Hydrogen storage technologies for stationary and mobile applications: Review, analysis and perspectives",abstract,inside,1,18,0.05555555555555555,1,2.3010299956639813,0.12783499975911006
149,mobile application,"Hydrogen storage technologies for stationary and mobile applications: Review, analysis and perspectives",abstract,review,1,18,0.05555555555555555,26,0.8860566476931633,0.04922536931628685
149,mobile application,"Hydrogen storage technologies for stationary and mobile applications: Review, analysis and perspectives",abstract,critical,1,18,0.05555555555555555,1,2.3010299956639813,0.12783499975911006
149,mobile application,"Hydrogen storage technologies for stationary and mobile applications: Review, analysis and perspectives",abstract,insights,1,18,0.05555555555555555,1,2.3010299956639813,0.12783499975911006
149,mobile application,"Hydrogen storage technologies for stationary and mobile applications: Review, analysis and perspectives",abstract,recommendations,1,18,0.05555555555555555,2,2.0,0.1111111111111111
149,mobile application,"Hydrogen storage technologies for stationary and mobile applications: Review, analysis and perspectives",abstract,about,1,18,0.05555555555555555,1,2.3010299956639813,0.12783499975911006
149,mobile application,"Hydrogen storage technologies for stationary and mobile applications: Review, analysis and perspectives",abstract,suitable,1,18,0.05555555555555555,3,1.8239087409443189,0.10132826338579548
150,mobile application,"Would you like to shop via mobile app technology? The technology acceptance model, social factors and purchase intention",title,would,1,15,0.06666666666666667,1,2.3010299956639813,0.15340199971093207
150,mobile application,"Would you like to shop via mobile app technology? The technology acceptance model, social factors and purchase intention",title,you,1,15,0.06666666666666667,1,2.3010299956639813,0.15340199971093207
150,mobile application,"Would you like to shop via mobile app technology? The technology acceptance model, social factors and purchase intention",title,like,1,15,0.06666666666666667,2,2.0,0.13333333333333333
150,mobile application,"Would you like to shop via mobile app technology? The technology acceptance model, social factors and purchase intention",title,shop,1,15,0.06666666666666667,2,2.0,0.13333333333333333
150,mobile application,"Would you like to shop via mobile app technology? The technology acceptance model, social factors and purchase intention",title,via,1,15,0.06666666666666667,6,1.5228787452803376,0.10152524968535584
150,mobile application,"Would you like to shop via mobile app technology? The technology acceptance model, social factors and purchase intention",title,mobile,1,15,0.06666666666666667,54,0.5686362358410126,0.03790908238940084
150,mobile application,"Would you like to shop via mobile app technology? The technology acceptance model, social factors and purchase intention",title,app,1,15,0.06666666666666667,15,1.1249387366083,0.07499591577388666
150,mobile application,"Would you like to shop via mobile app technology? The technology acceptance model, social factors and purchase intention",title,technology,2,15,0.13333333333333333,7,1.4559319556497243,0.19412426075329658
150,mobile application,"Would you like to shop via mobile app technology? The technology acceptance model, social factors and purchase intention",title,acceptance,1,15,0.06666666666666667,3,1.8239087409443189,0.1215939160629546
150,mobile application,"Would you like to shop via mobile app technology? The technology acceptance model, social factors and purchase intention",title,model,1,15,0.06666666666666667,14,1.1549019599857433,0.07699346399904955
150,mobile application,"Would you like to shop via mobile app technology? The technology acceptance model, social factors and purchase intention",title,social,1,15,0.06666666666666667,1,2.3010299956639813,0.15340199971093207
150,mobile application,"Would you like to shop via mobile app technology? The technology acceptance model, social factors and purchase intention",title,factors,1,15,0.06666666666666667,5,1.6020599913279623,0.10680399942186415
150,mobile application,"Would you like to shop via mobile app technology? The technology acceptance model, social factors and purchase intention",title,purchase,1,15,0.06666666666666667,1,2.3010299956639813,0.15340199971093207
150,mobile application,"Would you like to shop via mobile app technology? The technology acceptance model, social factors and purchase intention",title,intention,1,15,0.06666666666666667,2,2.0,0.13333333333333333
150,mobile application,"Would you like to shop via mobile app technology? The technology acceptance model, social factors and purchase intention",abstract,first,1,22,0.045454545454545456,3,1.8239087409443189,0.08290494277019632
150,mobile application,"Would you like to shop via mobile app technology? The technology acceptance model, social factors and purchase intention",abstract,users,2,22,0.09090909090909091,9,1.3467874862246563,0.1224352260204233
150,mobile application,"Would you like to shop via mobile app technology? The technology acceptance model, social factors and purchase intention",abstract,do,1,22,0.045454545454545456,1,2.3010299956639813,0.10459227253018097
150,mobile application,"Would you like to shop via mobile app technology? The technology acceptance model, social factors and purchase intention",abstract,not,1,22,0.045454545454545456,7,1.4559319556497243,0.06617872525680565
150,mobile application,"Would you like to shop via mobile app technology? The technology acceptance model, social factors and purchase intention",abstract,typically,1,22,0.045454545454545456,2,2.0,0.09090909090909091
150,mobile application,"Would you like to shop via mobile app technology? The technology acceptance model, social factors and purchase intention",abstract,view,1,22,0.045454545454545456,1,2.3010299956639813,0.10459227253018097
150,mobile application,"Would you like to shop via mobile app technology? The technology acceptance model, social factors and purchase intention",abstract,mobile,3,22,0.13636363636363635,54,0.5686362358410126,0.0775413048874108
150,mobile application,"Would you like to shop via mobile app technology? The technology acceptance model, social factors and purchase intention",abstract,apps,2,22,0.09090909090909091,19,1.0222763947111522,0.09293421770101383
150,mobile application,"Would you like to shop via mobile app technology? The technology acceptance model, social factors and purchase intention",abstract,interruptive,1,22,0.045454545454545456,1,2.3010299956639813,0.10459227253018097
150,mobile application,"Would you like to shop via mobile app technology? The technology acceptance model, social factors and purchase intention",abstract,their,1,22,0.045454545454545456,11,1.2596373105057561,0.05725624138662528
150,mobile application,"Would you like to shop via mobile app technology? The technology acceptance model, social factors and purchase intention",abstract,experience,1,22,0.045454545454545456,6,1.5228787452803376,0.06922176114910626
150,mobile application,"Would you like to shop via mobile app technology? The technology acceptance model, social factors and purchase intention",abstract,second,1,22,0.045454545454545456,2,2.0,0.09090909090909091
150,mobile application,"Would you like to shop via mobile app technology? The technology acceptance model, social factors and purchase intention",abstract,expected,1,22,0.045454545454545456,1,2.3010299956639813,0.10459227253018097
150,mobile application,"Would you like to shop via mobile app technology? The technology acceptance model, social factors and purchase intention",abstract,offer,1,22,0.045454545454545456,1,2.3010299956639813,0.10459227253018097
150,mobile application,"Would you like to shop via mobile app technology? The technology acceptance model, social factors and purchase intention",abstract,highly,1,22,0.045454545454545456,2,2.0,0.09090909090909091
150,mobile application,"Would you like to shop via mobile app technology? The technology acceptance model, social factors and purchase intention",abstract,targetable,1,22,0.045454545454545456,1,2.3010299956639813,0.10459227253018097
150,mobile application,"Would you like to shop via mobile app technology? The technology acceptance model, social factors and purchase intention",abstract,experiences,1,22,0.045454545454545456,1,2.3010299956639813,0.10459227253018097
150,mobile application,"Would you like to shop via mobile app technology? The technology acceptance model, social factors and purchase intention",abstract,close,1,22,0.045454545454545456,1,2.3010299956639813,0.10459227253018097
151,web application,Pengenalan pemrograman web: Pembuatan aplikasi web sederhana dengan PHP dan MySQL,title,kenal,1,9,0.1111111111111111,2,2.0,0.2222222222222222
151,web application,Pengenalan pemrograman web: Pembuatan aplikasi web sederhana dengan PHP dan MySQL,title,pemrograman,1,9,0.1111111111111111,1,2.3010299956639813,0.2556699995182201
151,web application,Pengenalan pemrograman web: Pembuatan aplikasi web sederhana dengan PHP dan MySQL,title,web,2,9,0.2222222222222222,48,0.619788758288394,0.13773083517519866
151,web application,Pengenalan pemrograman web: Pembuatan aplikasi web sederhana dengan PHP dan MySQL,title,buat,1,9,0.1111111111111111,18,1.045757490560675,0.11619527672896389
151,web application,Pengenalan pemrograman web: Pembuatan aplikasi web sederhana dengan PHP dan MySQL,title,aplikasi,1,9,0.1111111111111111,54,0.5686362358410126,0.06318180398233474
151,web application,Pengenalan pemrograman web: Pembuatan aplikasi web sederhana dengan PHP dan MySQL,title,sederhana,1,9,0.1111111111111111,2,2.0,0.2222222222222222
151,web application,Pengenalan pemrograman web: Pembuatan aplikasi web sederhana dengan PHP dan MySQL,title,php,1,9,0.1111111111111111,3,1.8239087409443189,0.20265652677159096
151,web application,Pengenalan pemrograman web: Pembuatan aplikasi web sederhana dengan PHP dan MySQL,title,mysql,1,9,0.1111111111111111,2,2.0,0.2222222222222222
151,web application,Pengenalan pemrograman web: Pembuatan aplikasi web sederhana dengan PHP dan MySQL,abstract,jurnal,1,17,0.058823529411764705,3,1.8239087409443189,0.10728874946731287
151,web application,Pengenalan pemrograman web: Pembuatan aplikasi web sederhana dengan PHP dan MySQL,abstract,ajar,1,17,0.058823529411764705,5,1.6020599913279623,0.0942388230192919
151,web application,Pengenalan pemrograman web: Pembuatan aplikasi web sederhana dengan PHP dan MySQL,abstract,bagaimana,1,17,0.058823529411764705,4,1.6989700043360187,0.0999394120197658
151,web application,Pengenalan pemrograman web: Pembuatan aplikasi web sederhana dengan PHP dan MySQL,abstract,buat,1,17,0.058823529411764705,18,1.045757490560675,0.06151514650356912
151,web application,Pengenalan pemrograman web: Pembuatan aplikasi web sederhana dengan PHP dan MySQL,abstract,aplikasi,1,17,0.058823529411764705,54,0.5686362358410126,0.03344919034358898
151,web application,Pengenalan pemrograman web: Pembuatan aplikasi web sederhana dengan PHP dan MySQL,abstract,website,1,17,0.058823529411764705,11,1.2596373105057561,0.07409631238269153
151,web application,Pengenalan pemrograman web: Pembuatan aplikasi web sederhana dengan PHP dan MySQL,abstract,dasar,1,17,0.058823529411764705,7,1.4559319556497243,0.08564305621468966
151,web application,Pengenalan pemrograman web: Pembuatan aplikasi web sederhana dengan PHP dan MySQL,abstract,pemrograman,2,17,0.11764705882352941,1,2.3010299956639813,0.27070941125458603
151,web application,Pengenalan pemrograman web: Pembuatan aplikasi web sederhana dengan PHP dan MySQL,abstract,web,3,17,0.17647058823529413,48,0.619788758288394,0.10937448675677541
151,web application,Pengenalan pemrograman web: Pembuatan aplikasi web sederhana dengan PHP dan MySQL,abstract,masuk,1,17,0.058823529411764705,3,1.8239087409443189,0.10728874946731287
151,web application,Pengenalan pemrograman web: Pembuatan aplikasi web sederhana dengan PHP dan MySQL,abstract,erti,1,17,0.058823529411764705,1,2.3010299956639813,0.13535470562729301
151,web application,Pengenalan pemrograman web: Pembuatan aplikasi web sederhana dengan PHP dan MySQL,abstract,jenis,1,17,0.058823529411764705,2,2.0,0.11764705882352941
151,web application,Pengenalan pemrograman web: Pembuatan aplikasi web sederhana dengan PHP dan MySQL,abstract,bahasa,1,17,0.058823529411764705,1,2.3010299956639813,0.13535470562729301
151,web application,Pengenalan pemrograman web: Pembuatan aplikasi web sederhana dengan PHP dan MySQL,abstract,arsitektur,1,17,0.058823529411764705,1,2.3010299956639813,0.13535470562729301
152,web application,Aplikasi Supervisi Dosen Berbasis Web Di Universitas XYZ,title,aplikasi,1,7,0.14285714285714285,54,0.5686362358410126,0.08123374797728751
152,web application,Aplikasi Supervisi Dosen Berbasis Web Di Universitas XYZ,title,supervisi,1,7,0.14285714285714285,1,2.3010299956639813,0.3287185708091402
152,web application,Aplikasi Supervisi Dosen Berbasis Web Di Universitas XYZ,title,dosen,1,7,0.14285714285714285,1,2.3010299956639813,0.3287185708091402
152,web application,Aplikasi Supervisi Dosen Berbasis Web Di Universitas XYZ,title,bas,1,7,0.14285714285714285,28,0.853871964321762,0.12198170918882315
152,web application,Aplikasi Supervisi Dosen Berbasis Web Di Universitas XYZ,title,web,1,7,0.14285714285714285,48,0.619788758288394,0.08854125118405627
152,web application,Aplikasi Supervisi Dosen Berbasis Web Di Universitas XYZ,title,universitas,1,7,0.14285714285714285,1,2.3010299956639813,0.3287185708091402
152,web application,Aplikasi Supervisi Dosen Berbasis Web Di Universitas XYZ,title,xyz,1,7,0.14285714285714285,1,2.3010299956639813,0.3287185708091402
152,web application,Aplikasi Supervisi Dosen Berbasis Web Di Universitas XYZ,abstract,results,1,17,0.058823529411764705,5,1.6020599913279623,0.0942388230192919
152,web application,Aplikasi Supervisi Dosen Berbasis Web Di Universitas XYZ,abstract,research,2,17,0.11764705882352941,12,1.2218487496163564,0.14374691171957132
152,web application,Aplikasi Supervisi Dosen Berbasis Web Di Universitas XYZ,abstract,website,1,17,0.058823529411764705,11,1.2596373105057561,0.07409631238269153
152,web application,Aplikasi Supervisi Dosen Berbasis Web Di Universitas XYZ,abstract,based,1,17,0.058823529411764705,18,1.045757490560675,0.06151514650356912
152,web application,Aplikasi Supervisi Dosen Berbasis Web Di Universitas XYZ,abstract,learning,1,17,0.058823529411764705,63,0.5016894462103995,0.02951114389472938
152,web application,Aplikasi Supervisi Dosen Berbasis Web Di Universitas XYZ,abstract,quality,1,17,0.058823529411764705,7,1.4559319556497243,0.08564305621468966
152,web application,Aplikasi Supervisi Dosen Berbasis Web Di Universitas XYZ,abstract,assessment,1,17,0.058823529411764705,2,2.0,0.11764705882352941
152,web application,Aplikasi Supervisi Dosen Berbasis Web Di Universitas XYZ,abstract,applications,1,17,0.058823529411764705,27,0.8696662315049939,0.05115683714735258
152,web application,Aplikasi Supervisi Dosen Berbasis Web Di Universitas XYZ,abstract,built,1,17,0.058823529411764705,1,2.3010299956639813,0.13535470562729301
152,web application,Aplikasi Supervisi Dosen Berbasis Web Di Universitas XYZ,abstract,using,1,17,0.058823529411764705,15,1.1249387366083,0.06617286685931176
152,web application,Aplikasi Supervisi Dosen Berbasis Web Di Universitas XYZ,abstract,extreme,1,17,0.058823529411764705,1,2.3010299956639813,0.13535470562729301
152,web application,Aplikasi Supervisi Dosen Berbasis Web Di Universitas XYZ,abstract,programming,2,17,0.11764705882352941,1,2.3010299956639813,0.27070941125458603
152,web application,Aplikasi Supervisi Dosen Berbasis Web Di Universitas XYZ,abstract,method,1,17,0.058823529411764705,2,2.0,0.11764705882352941
152,web application,Aplikasi Supervisi Dosen Berbasis Web Di Universitas XYZ,abstract,developed,1,17,0.058823529411764705,3,1.8239087409443189,0.10728874946731287
152,web application,Aplikasi Supervisi Dosen Berbasis Web Di Universitas XYZ,abstract,php,1,17,0.058823529411764705,3,1.8239087409443189,0.10728874946731287
153,web application,Penggunaan liveworksheet dengan aplikasi berbasis web untuk meningkatkan hasil belajar peserta didik,title,guna,1,10,0.1,46,0.638272163982407,0.06382721639824071
153,web application,Penggunaan liveworksheet dengan aplikasi berbasis web untuk meningkatkan hasil belajar peserta didik,title,liveworksheet,1,10,0.1,1,2.3010299956639813,0.23010299956639813
153,web application,Penggunaan liveworksheet dengan aplikasi berbasis web untuk meningkatkan hasil belajar peserta didik,title,aplikasi,1,10,0.1,54,0.5686362358410126,0.05686362358410127
153,web application,Penggunaan liveworksheet dengan aplikasi berbasis web untuk meningkatkan hasil belajar peserta didik,title,bas,1,10,0.1,28,0.853871964321762,0.08538719643217621
153,web application,Penggunaan liveworksheet dengan aplikasi berbasis web untuk meningkatkan hasil belajar peserta didik,title,web,1,10,0.1,48,0.619788758288394,0.0619788758288394
153,web application,Penggunaan liveworksheet dengan aplikasi berbasis web untuk meningkatkan hasil belajar peserta didik,title,tingkat,1,10,0.1,17,1.0705810742857074,0.10705810742857075
153,web application,Penggunaan liveworksheet dengan aplikasi berbasis web untuk meningkatkan hasil belajar peserta didik,title,hasil,1,10,0.1,9,1.3467874862246563,0.13467874862246562
153,web application,Penggunaan liveworksheet dengan aplikasi berbasis web untuk meningkatkan hasil belajar peserta didik,title,ajar,1,10,0.1,5,1.6020599913279623,0.16020599913279623
153,web application,Penggunaan liveworksheet dengan aplikasi berbasis web untuk meningkatkan hasil belajar peserta didik,title,serta,1,10,0.1,3,1.8239087409443189,0.1823908740944319
153,web application,Penggunaan liveworksheet dengan aplikasi berbasis web untuk meningkatkan hasil belajar peserta didik,title,didik,1,10,0.1,4,1.6989700043360187,0.1698970004336019
153,web application,Penggunaan liveworksheet dengan aplikasi berbasis web untuk meningkatkan hasil belajar peserta didik,abstract,hasil,2,14,0.14285714285714285,9,1.3467874862246563,0.19239821231780802
153,web application,Penggunaan liveworksheet dengan aplikasi berbasis web untuk meningkatkan hasil belajar peserta didik,abstract,teliti,1,14,0.07142857142857142,22,0.958607314841775,0.06847195106012678
153,web application,Penggunaan liveworksheet dengan aplikasi berbasis web untuk meningkatkan hasil belajar peserta didik,abstract,guna,1,14,0.07142857142857142,46,0.638272163982407,0.045590868855886216
153,web application,Penggunaan liveworksheet dengan aplikasi berbasis web untuk meningkatkan hasil belajar peserta didik,abstract,liveworksheet,1,14,0.07142857142857142,1,2.3010299956639813,0.1643592854045701
153,web application,Penggunaan liveworksheet dengan aplikasi berbasis web untuk meningkatkan hasil belajar peserta didik,abstract,aplikasi,1,14,0.07142857142857142,54,0.5686362358410126,0.040616873988643755
153,web application,Penggunaan liveworksheet dengan aplikasi berbasis web untuk meningkatkan hasil belajar peserta didik,abstract,bas,1,14,0.07142857142857142,28,0.853871964321762,0.06099085459441157
153,web application,Penggunaan liveworksheet dengan aplikasi berbasis web untuk meningkatkan hasil belajar peserta didik,abstract,web,1,14,0.07142857142857142,48,0.619788758288394,0.044270625592028136
153,web application,Penggunaan liveworksheet dengan aplikasi berbasis web untuk meningkatkan hasil belajar peserta didik,abstract,tingkat,1,14,0.07142857142857142,17,1.0705810742857074,0.07647007673469337
153,web application,Penggunaan liveworksheet dengan aplikasi berbasis web untuk meningkatkan hasil belajar peserta didik,abstract,ajar,1,14,0.07142857142857142,5,1.6020599913279623,0.11443285652342587
153,web application,Penggunaan liveworksheet dengan aplikasi berbasis web untuk meningkatkan hasil belajar peserta didik,abstract,serta,1,14,0.07142857142857142,3,1.8239087409443189,0.13027919578173705
153,web application,Penggunaan liveworksheet dengan aplikasi berbasis web untuk meningkatkan hasil belajar peserta didik,abstract,prasiklus,1,14,0.07142857142857142,1,2.3010299956639813,0.1643592854045701
153,web application,Penggunaan liveworksheet dengan aplikasi berbasis web untuk meningkatkan hasil belajar peserta didik,abstract,ketutasan,1,14,0.07142857142857142,1,2.3010299956639813,0.1643592854045701
153,web application,Penggunaan liveworksheet dengan aplikasi berbasis web untuk meningkatkan hasil belajar peserta didik,abstract,klasikal,1,14,0.07142857142857142,1,2.3010299956639813,0.1643592854045701
154,web application,Pembuatan aplikasi penjualan berbasis web monja store menggunakan php dan mysql,title,buat,1,10,0.1,18,1.045757490560675,0.10457574905606751
154,web application,Pembuatan aplikasi penjualan berbasis web monja store menggunakan php dan mysql,title,aplikasi,1,10,0.1,54,0.5686362358410126,0.05686362358410127
154,web application,Pembuatan aplikasi penjualan berbasis web monja store menggunakan php dan mysql,title,jual,1,10,0.1,5,1.6020599913279623,0.16020599913279623
154,web application,Pembuatan aplikasi penjualan berbasis web monja store menggunakan php dan mysql,title,bas,1,10,0.1,28,0.853871964321762,0.08538719643217621
154,web application,Pembuatan aplikasi penjualan berbasis web monja store menggunakan php dan mysql,title,web,1,10,0.1,48,0.619788758288394,0.0619788758288394
154,web application,Pembuatan aplikasi penjualan berbasis web monja store menggunakan php dan mysql,title,monja,1,10,0.1,1,2.3010299956639813,0.23010299956639813
154,web application,Pembuatan aplikasi penjualan berbasis web monja store menggunakan php dan mysql,title,store,1,10,0.1,1,2.3010299956639813,0.23010299956639813
154,web application,Pembuatan aplikasi penjualan berbasis web monja store menggunakan php dan mysql,title,guna,1,10,0.1,46,0.638272163982407,0.06382721639824071
154,web application,Pembuatan aplikasi penjualan berbasis web monja store menggunakan php dan mysql,title,php,1,10,0.1,3,1.8239087409443189,0.1823908740944319
154,web application,Pembuatan aplikasi penjualan berbasis web monja store menggunakan php dan mysql,title,mysql,1,10,0.1,2,2.0,0.2
154,web application,Pembuatan aplikasi penjualan berbasis web monja store menggunakan php dan mysql,abstract,software,1,18,0.05555555555555555,3,1.8239087409443189,0.10132826338579548
154,web application,Pembuatan aplikasi penjualan berbasis web monja store menggunakan php dan mysql,abstract,atau,1,18,0.05555555555555555,1,2.3010299956639813,0.12783499975911006
154,web application,Pembuatan aplikasi penjualan berbasis web monja store menggunakan php dan mysql,abstract,tampil,1,18,0.05555555555555555,2,2.0,0.1111111111111111
154,web application,Pembuatan aplikasi penjualan berbasis web monja store menggunakan php dan mysql,abstract,website,3,18,0.16666666666666666,11,1.2596373105057561,0.20993955175095935
154,web application,Pembuatan aplikasi penjualan berbasis web monja store menggunakan php dan mysql,abstract,mudah,1,18,0.05555555555555555,7,1.4559319556497243,0.0808851086472069
154,web application,Pembuatan aplikasi penjualan berbasis web monja store menggunakan php dan mysql,abstract,cepat,1,18,0.05555555555555555,1,2.3010299956639813,0.12783499975911006
154,web application,Pembuatan aplikasi penjualan berbasis web monja store menggunakan php dan mysql,abstract,guna,1,18,0.05555555555555555,46,0.638272163982407,0.03545956466568928
154,web application,Pembuatan aplikasi penjualan berbasis web monja store menggunakan php dan mysql,abstract,aplikasi,2,18,0.1111111111111111,54,0.5686362358410126,0.06318180398233474
154,web application,Pembuatan aplikasi penjualan berbasis web monja store menggunakan php dan mysql,abstract,web,1,18,0.05555555555555555,48,0.619788758288394,0.034432708793799664
154,web application,Pembuatan aplikasi penjualan berbasis web monja store menggunakan php dan mysql,abstract,server,1,18,0.05555555555555555,4,1.6989700043360187,0.09438722246311215
154,web application,Pembuatan aplikasi penjualan berbasis web monja store menggunakan php dan mysql,abstract,tools,1,18,0.05555555555555555,7,1.4559319556497243,0.0808851086472069
154,web application,Pembuatan aplikasi penjualan berbasis web monja store menggunakan php dan mysql,abstract,bantu,1,18,0.05555555555555555,3,1.8239087409443189,0.10132826338579548
154,web application,Pembuatan aplikasi penjualan berbasis web monja store menggunakan php dan mysql,abstract,ancang,1,18,0.05555555555555555,8,1.3979400086720377,0.0776633338151132
154,web application,Pembuatan aplikasi penjualan berbasis web monja store menggunakan php dan mysql,abstract,jual,1,18,0.05555555555555555,5,1.6020599913279623,0.08900333285155346
154,web application,Pembuatan aplikasi penjualan berbasis web monja store menggunakan php dan mysql,abstract,bas,1,18,0.05555555555555555,28,0.853871964321762,0.047437331351209
155,web application,Analisis Keretanan Website Dengan Aplikasi Owasp Zap,title,analisis,1,6,0.16666666666666666,17,1.0705810742857074,0.17843017904761788
155,web application,Analisis Keretanan Website Dengan Aplikasi Owasp Zap,title,keretan,1,6,0.16666666666666666,1,2.3010299956639813,0.38350499927733017
155,web application,Analisis Keretanan Website Dengan Aplikasi Owasp Zap,title,website,1,6,0.16666666666666666,11,1.2596373105057561,0.20993955175095935
155,web application,Analisis Keretanan Website Dengan Aplikasi Owasp Zap,title,aplikasi,1,6,0.16666666666666666,54,0.5686362358410126,0.0947727059735021
155,web application,Analisis Keretanan Website Dengan Aplikasi Owasp Zap,title,owasp,1,6,0.16666666666666666,1,2.3010299956639813,0.38350499927733017
155,web application,Analisis Keretanan Website Dengan Aplikasi Owasp Zap,title,zap,1,6,0.16666666666666666,1,2.3010299956639813,0.38350499927733017
155,web application,Analisis Keretanan Website Dengan Aplikasi Owasp Zap,abstract,rancang,1,16,0.0625,8,1.3979400086720377,0.08737125054200236
155,web application,Analisis Keretanan Website Dengan Aplikasi Owasp Zap,abstract,khusus,1,16,0.0625,1,2.3010299956639813,0.14381437472899883
155,web application,Analisis Keretanan Website Dengan Aplikasi Owasp Zap,abstract,uji,1,16,0.0625,3,1.8239087409443189,0.11399429630901993
155,web application,Analisis Keretanan Website Dengan Aplikasi Owasp Zap,abstract,aplikasi,3,16,0.1875,54,0.5686362358410126,0.10661929422018987
155,web application,Analisis Keretanan Website Dengan Aplikasi Owasp Zap,abstract,web,3,16,0.1875,48,0.619788758288394,0.11621039217907386
155,web application,Analisis Keretanan Website Dengan Aplikasi Owasp Zap,abstract,fleksibel,1,16,0.0625,1,2.3010299956639813,0.14381437472899883
155,web application,Analisis Keretanan Website Dengan Aplikasi Owasp Zap,abstract,sehingga,1,16,0.0625,2,2.0,0.125
155,web application,Analisis Keretanan Website Dengan Aplikasi Owasp Zap,abstract,cegat,1,16,0.0625,1,2.3010299956639813,0.14381437472899883
155,web application,Analisis Keretanan Website Dengan Aplikasi Owasp Zap,abstract,periksa,1,16,0.0625,1,2.3010299956639813,0.14381437472899883
155,web application,Analisis Keretanan Website Dengan Aplikasi Owasp Zap,abstract,pesan,1,16,0.0625,1,2.3010299956639813,0.14381437472899883
155,web application,Analisis Keretanan Website Dengan Aplikasi Owasp Zap,abstract,kirim,1,16,0.0625,1,2.3010299956639813,0.14381437472899883
155,web application,Analisis Keretanan Website Dengan Aplikasi Owasp Zap,abstract,browser,1,16,0.0625,1,2.3010299956639813,0.14381437472899883
156,web application,"F,“Aplikasi E-Learning Siswa Smk Berbasis Web,” J",title,aplikasi,1,6,0.16666666666666666,54,0.5686362358410126,0.0947727059735021
156,web application,"F,“Aplikasi E-Learning Siswa Smk Berbasis Web,” J",title,learning,1,6,0.16666666666666666,63,0.5016894462103995,0.08361490770173324
156,web application,"F,“Aplikasi E-Learning Siswa Smk Berbasis Web,” J",title,siswa,1,6,0.16666666666666666,3,1.8239087409443189,0.30398479015738644
156,web application,"F,“Aplikasi E-Learning Siswa Smk Berbasis Web,” J",title,smk,1,6,0.16666666666666666,1,2.3010299956639813,0.38350499927733017
156,web application,"F,“Aplikasi E-Learning Siswa Smk Berbasis Web,” J",title,bas,1,6,0.16666666666666666,28,0.853871964321762,0.142311994053627
156,web application,"F,“Aplikasi E-Learning Siswa Smk Berbasis Web,” J",title,web,1,6,0.16666666666666666,48,0.619788758288394,0.10329812638139899
156,web application,"F,“Aplikasi E-Learning Siswa Smk Berbasis Web,” J",abstract,purpose,1,16,0.0625,1,2.3010299956639813,0.14381437472899883
156,web application,"F,“Aplikasi E-Learning Siswa Smk Berbasis Web,” J",abstract,writing,1,16,0.0625,1,2.3010299956639813,0.14381437472899883
156,web application,"F,“Aplikasi E-Learning Siswa Smk Berbasis Web,” J",abstract,thesis,1,16,0.0625,1,2.3010299956639813,0.14381437472899883
156,web application,"F,“Aplikasi E-Learning Siswa Smk Berbasis Web,” J",abstract,analyze,1,16,0.0625,3,1.8239087409443189,0.11399429630901993
156,web application,"F,“Aplikasi E-Learning Siswa Smk Berbasis Web,” J",abstract,system,1,16,0.0625,6,1.5228787452803376,0.0951799215800211
156,web application,"F,“Aplikasi E-Learning Siswa Smk Berbasis Web,” J",abstract,design,1,16,0.0625,10,1.3010299956639813,0.08131437472899883
156,web application,"F,“Aplikasi E-Learning Siswa Smk Berbasis Web,” J",abstract,web,1,16,0.0625,48,0.619788758288394,0.03873679739302462
156,web application,"F,“Aplikasi E-Learning Siswa Smk Berbasis Web,” J",abstract,based,1,16,0.0625,18,1.045757490560675,0.06535984316004219
156,web application,"F,“Aplikasi E-Learning Siswa Smk Berbasis Web,” J",abstract,learning,1,16,0.0625,63,0.5016894462103995,0.031355590388149966
156,web application,"F,“Aplikasi E-Learning Siswa Smk Berbasis Web,” J",abstract,application,1,16,0.0625,38,0.721246399047171,0.04507789994044819
156,web application,"F,“Aplikasi E-Learning Siswa Smk Berbasis Web,” J",abstract,vocational,1,16,0.0625,1,2.3010299956639813,0.14381437472899883
156,web application,"F,“Aplikasi E-Learning Siswa Smk Berbasis Web,” J",abstract,students,1,16,0.0625,2,2.0,0.125
156,web application,"F,“Aplikasi E-Learning Siswa Smk Berbasis Web,” J",abstract,able,1,16,0.0625,3,1.8239087409443189,0.11399429630901993
156,web application,"F,“Aplikasi E-Learning Siswa Smk Berbasis Web,” J",abstract,assist,1,16,0.0625,2,2.0,0.125
156,web application,"F,“Aplikasi E-Learning Siswa Smk Berbasis Web,” J",abstract,process,1,16,0.0625,2,2.0,0.125
156,web application,"F,“Aplikasi E-Learning Siswa Smk Berbasis Web,” J",abstract,teaching,1,16,0.0625,3,1.8239087409443189,0.11399429630901993
157,web application,Rancang bangun aplikasi penjualan online berbasis web menggunakan metode scrum,title,rancang,1,10,0.1,8,1.3979400086720377,0.13979400086720378
157,web application,Rancang bangun aplikasi penjualan online berbasis web menggunakan metode scrum,title,bangun,1,10,0.1,13,1.1870866433571445,0.11870866433571446
157,web application,Rancang bangun aplikasi penjualan online berbasis web menggunakan metode scrum,title,aplikasi,1,10,0.1,54,0.5686362358410126,0.05686362358410127
157,web application,Rancang bangun aplikasi penjualan online berbasis web menggunakan metode scrum,title,jual,1,10,0.1,5,1.6020599913279623,0.16020599913279623
157,web application,Rancang bangun aplikasi penjualan online berbasis web menggunakan metode scrum,title,online,1,10,0.1,5,1.6020599913279623,0.16020599913279623
157,web application,Rancang bangun aplikasi penjualan online berbasis web menggunakan metode scrum,title,bas,1,10,0.1,28,0.853871964321762,0.08538719643217621
157,web application,Rancang bangun aplikasi penjualan online berbasis web menggunakan metode scrum,title,web,1,10,0.1,48,0.619788758288394,0.0619788758288394
157,web application,Rancang bangun aplikasi penjualan online berbasis web menggunakan metode scrum,title,guna,1,10,0.1,46,0.638272163982407,0.06382721639824071
157,web application,Rancang bangun aplikasi penjualan online berbasis web menggunakan metode scrum,title,metode,1,10,0.1,20,1.0,0.1
157,web application,Rancang bangun aplikasi penjualan online berbasis web menggunakan metode scrum,title,scrum,1,10,0.1,1,2.3010299956639813,0.23010299956639813
157,web application,Rancang bangun aplikasi penjualan online berbasis web menggunakan metode scrum,abstract,aplikasi,3,13,0.23076923076923078,54,0.5686362358410126,0.1312237467325414
157,web application,Rancang bangun aplikasi penjualan online berbasis web menggunakan metode scrum,abstract,tuju,1,13,0.07692307692307693,12,1.2218487496163564,0.09398836535510434
157,web application,Rancang bangun aplikasi penjualan online berbasis web menggunakan metode scrum,abstract,teliti,2,13,0.15384615384615385,22,0.958607314841775,0.14747804843719617
157,web application,Rancang bangun aplikasi penjualan online berbasis web menggunakan metode scrum,abstract,rancang,1,13,0.07692307692307693,8,1.3979400086720377,0.10753384682092598
157,web application,Rancang bangun aplikasi penjualan online berbasis web menggunakan metode scrum,abstract,bangun,1,13,0.07692307692307693,13,1.1870866433571445,0.09131435718131882
157,web application,Rancang bangun aplikasi penjualan online berbasis web menggunakan metode scrum,abstract,jual,1,13,0.07692307692307693,5,1.6020599913279623,0.1232353839483048
157,web application,Rancang bangun aplikasi penjualan online berbasis web menggunakan metode scrum,abstract,online,1,13,0.07692307692307693,5,1.6020599913279623,0.1232353839483048
157,web application,Rancang bangun aplikasi penjualan online berbasis web menggunakan metode scrum,abstract,bas,1,13,0.07692307692307693,28,0.853871964321762,0.0656824587939817
157,web application,Rancang bangun aplikasi penjualan online berbasis web menggunakan metode scrum,abstract,web,1,13,0.07692307692307693,48,0.619788758288394,0.04767605832987646
157,web application,Rancang bangun aplikasi penjualan online berbasis web menggunakan metode scrum,abstract,hasil,1,13,0.07692307692307693,9,1.3467874862246563,0.10359903740189665
158,web application,Pengembangan Aplikasi Berbasis Web dan Android Sebagai Penunjang Kerja di Indonesia: Systematic Literature Review,title,kembang,1,11,0.09090909090909091,17,1.0705810742857074,0.09732555220779159
158,web application,Pengembangan Aplikasi Berbasis Web dan Android Sebagai Penunjang Kerja di Indonesia: Systematic Literature Review,title,aplikasi,1,11,0.09090909090909091,54,0.5686362358410126,0.051694203258273876
158,web application,Pengembangan Aplikasi Berbasis Web dan Android Sebagai Penunjang Kerja di Indonesia: Systematic Literature Review,title,bas,1,11,0.09090909090909091,28,0.853871964321762,0.0776247240292511
158,web application,Pengembangan Aplikasi Berbasis Web dan Android Sebagai Penunjang Kerja di Indonesia: Systematic Literature Review,title,web,1,11,0.09090909090909091,48,0.619788758288394,0.05634443257167218
158,web application,Pengembangan Aplikasi Berbasis Web dan Android Sebagai Penunjang Kerja di Indonesia: Systematic Literature Review,title,android,1,11,0.09090909090909091,1,2.3010299956639813,0.20918454506036194
158,web application,Pengembangan Aplikasi Berbasis Web dan Android Sebagai Penunjang Kerja di Indonesia: Systematic Literature Review,title,tunjang,1,11,0.09090909090909091,1,2.3010299956639813,0.20918454506036194
158,web application,Pengembangan Aplikasi Berbasis Web dan Android Sebagai Penunjang Kerja di Indonesia: Systematic Literature Review,title,kerja,1,11,0.09090909090909091,2,2.0,0.18181818181818182
158,web application,Pengembangan Aplikasi Berbasis Web dan Android Sebagai Penunjang Kerja di Indonesia: Systematic Literature Review,title,indonesia,1,11,0.09090909090909091,19,1.0222763947111522,0.09293421770101383
158,web application,Pengembangan Aplikasi Berbasis Web dan Android Sebagai Penunjang Kerja di Indonesia: Systematic Literature Review,title,systematic,1,11,0.09090909090909091,14,1.1549019599857433,0.10499108727143121
158,web application,Pengembangan Aplikasi Berbasis Web dan Android Sebagai Penunjang Kerja di Indonesia: Systematic Literature Review,title,literature,1,11,0.09090909090909091,9,1.3467874862246563,0.1224352260204233
158,web application,Pengembangan Aplikasi Berbasis Web dan Android Sebagai Penunjang Kerja di Indonesia: Systematic Literature Review,title,review,1,11,0.09090909090909091,26,0.8860566476931633,0.08055060433574211
158,web application,Pengembangan Aplikasi Berbasis Web dan Android Sebagai Penunjang Kerja di Indonesia: Systematic Literature Review,abstract,aplikasi,3,19,0.15789473684210525,54,0.5686362358410126,0.08978466881700199
158,web application,Pengembangan Aplikasi Berbasis Web dan Android Sebagai Penunjang Kerja di Indonesia: Systematic Literature Review,abstract,guna,1,19,0.05263157894736842,46,0.638272163982407,0.033593271788547735
158,web application,Pengembangan Aplikasi Berbasis Web dan Android Sebagai Penunjang Kerja di Indonesia: Systematic Literature Review,abstract,indonesia,1,19,0.05263157894736842,19,1.0222763947111522,0.05380402077427116
158,web application,Pengembangan Aplikasi Berbasis Web dan Android Sebagai Penunjang Kerja di Indonesia: Systematic Literature Review,abstract,dukung,1,19,0.05263157894736842,4,1.6989700043360187,0.08941947391242204
158,web application,Pengembangan Aplikasi Berbasis Web dan Android Sebagai Penunjang Kerja di Indonesia: Systematic Literature Review,abstract,giat,1,19,0.05263157894736842,2,2.0,0.10526315789473684
158,web application,Pengembangan Aplikasi Berbasis Web dan Android Sebagai Penunjang Kerja di Indonesia: Systematic Literature Review,abstract,baik,1,19,0.05263157894736842,3,1.8239087409443189,0.09599519689180624
158,web application,Pengembangan Aplikasi Berbasis Web dan Android Sebagai Penunjang Kerja di Indonesia: Systematic Literature Review,abstract,perintah,1,19,0.05263157894736842,3,1.8239087409443189,0.09599519689180624
158,web application,Pengembangan Aplikasi Berbasis Web dan Android Sebagai Penunjang Kerja di Indonesia: Systematic Literature Review,abstract,maupun,1,19,0.05263157894736842,1,2.3010299956639813,0.12110684187705163
158,web application,Pengembangan Aplikasi Berbasis Web dan Android Sebagai Penunjang Kerja di Indonesia: Systematic Literature Review,abstract,swasta,1,19,0.05263157894736842,1,2.3010299956639813,0.12110684187705163
158,web application,Pengembangan Aplikasi Berbasis Web dan Android Sebagai Penunjang Kerja di Indonesia: Systematic Literature Review,abstract,makalah,1,19,0.05263157894736842,1,2.3010299956639813,0.12110684187705163
158,web application,Pengembangan Aplikasi Berbasis Web dan Android Sebagai Penunjang Kerja di Indonesia: Systematic Literature Review,abstract,jurnal,1,19,0.05263157894736842,3,1.8239087409443189,0.09599519689180624
158,web application,Pengembangan Aplikasi Berbasis Web dan Android Sebagai Penunjang Kerja di Indonesia: Systematic Literature Review,abstract,cakup,1,19,0.05263157894736842,3,1.8239087409443189,0.09599519689180624
158,web application,Pengembangan Aplikasi Berbasis Web dan Android Sebagai Penunjang Kerja di Indonesia: Systematic Literature Review,abstract,buat,1,19,0.05263157894736842,18,1.045757490560675,0.055039867924246054
158,web application,Pengembangan Aplikasi Berbasis Web dan Android Sebagai Penunjang Kerja di Indonesia: Systematic Literature Review,abstract,bas,2,19,0.10526315789473684,28,0.853871964321762,0.08988125940229073
158,web application,Pengembangan Aplikasi Berbasis Web dan Android Sebagai Penunjang Kerja di Indonesia: Systematic Literature Review,abstract,web,2,19,0.10526315789473684,48,0.619788758288394,0.06524092192509409
159,web application,Perancangan Aplikasi Pemesanan Makanan Berbasis Web,title,ancang,1,6,0.16666666666666666,8,1.3979400086720377,0.2329900014453396
159,web application,Perancangan Aplikasi Pemesanan Makanan Berbasis Web,title,aplikasi,1,6,0.16666666666666666,54,0.5686362358410126,0.0947727059735021
159,web application,Perancangan Aplikasi Pemesanan Makanan Berbasis Web,title,mesan,1,6,0.16666666666666666,2,2.0,0.3333333333333333
159,web application,Perancangan Aplikasi Pemesanan Makanan Berbasis Web,title,makan,1,6,0.16666666666666666,1,2.3010299956639813,0.38350499927733017
159,web application,Perancangan Aplikasi Pemesanan Makanan Berbasis Web,title,bas,1,6,0.16666666666666666,28,0.853871964321762,0.142311994053627
159,web application,Perancangan Aplikasi Pemesanan Makanan Berbasis Web,title,web,1,6,0.16666666666666666,48,0.619788758288394,0.10329812638139899
159,web application,Perancangan Aplikasi Pemesanan Makanan Berbasis Web,abstract,bas,1,17,0.058823529411764705,28,0.853871964321762,0.050227762607162475
159,web application,Perancangan Aplikasi Pemesanan Makanan Berbasis Web,abstract,web,1,17,0.058823529411764705,48,0.619788758288394,0.036458162252258466
159,web application,Perancangan Aplikasi Pemesanan Makanan Berbasis Web,abstract,aplikasi,2,17,0.11764705882352941,54,0.5686362358410126,0.06689838068717796
159,web application,Perancangan Aplikasi Pemesanan Makanan Berbasis Web,abstract,buat,1,17,0.058823529411764705,18,1.045757490560675,0.06151514650356912
159,web application,Perancangan Aplikasi Pemesanan Makanan Berbasis Web,abstract,rancang,1,17,0.058823529411764705,8,1.3979400086720377,0.08223176521600221
159,web application,Perancangan Aplikasi Pemesanan Makanan Berbasis Web,abstract,menu,1,17,0.058823529411764705,1,2.3010299956639813,0.13535470562729301
159,web application,Perancangan Aplikasi Pemesanan Makanan Berbasis Web,abstract,makan,2,17,0.11764705882352941,1,2.3010299956639813,0.27070941125458603
159,web application,Perancangan Aplikasi Pemesanan Makanan Berbasis Web,abstract,lengkap,1,17,0.058823529411764705,2,2.0,0.11764705882352941
159,web application,Perancangan Aplikasi Pemesanan Makanan Berbasis Web,abstract,tampil,1,17,0.058823529411764705,2,2.0,0.11764705882352941
159,web application,Perancangan Aplikasi Pemesanan Makanan Berbasis Web,abstract,gambar,1,17,0.058823529411764705,2,2.0,0.11764705882352941
159,web application,Perancangan Aplikasi Pemesanan Makanan Berbasis Web,abstract,daftar,1,17,0.058823529411764705,2,2.0,0.11764705882352941
159,web application,Perancangan Aplikasi Pemesanan Makanan Berbasis Web,abstract,harga,1,17,0.058823529411764705,3,1.8239087409443189,0.10728874946731287
159,web application,Perancangan Aplikasi Pemesanan Makanan Berbasis Web,abstract,sesuai,1,17,0.058823529411764705,2,2.0,0.11764705882352941
159,web application,Perancangan Aplikasi Pemesanan Makanan Berbasis Web,abstract,jenis,1,17,0.058823529411764705,2,2.0,0.11764705882352941
159,web application,Perancangan Aplikasi Pemesanan Makanan Berbasis Web,abstract,sedia,1,17,0.058823529411764705,3,1.8239087409443189,0.10728874946731287
160,web application,Rancang Bangun Web Service Api Aplikasi Sentralisasi Produk Umkm Pada Uptd Plut Kumkm Provinsi Lampung,title,rancang,1,14,0.07142857142857142,8,1.3979400086720377,0.0998528577622884
160,web application,Rancang Bangun Web Service Api Aplikasi Sentralisasi Produk Umkm Pada Uptd Plut Kumkm Provinsi Lampung,title,bangun,1,14,0.07142857142857142,13,1.1870866433571445,0.08479190309693889
160,web application,Rancang Bangun Web Service Api Aplikasi Sentralisasi Produk Umkm Pada Uptd Plut Kumkm Provinsi Lampung,title,web,1,14,0.07142857142857142,48,0.619788758288394,0.044270625592028136
160,web application,Rancang Bangun Web Service Api Aplikasi Sentralisasi Produk Umkm Pada Uptd Plut Kumkm Provinsi Lampung,title,service,1,14,0.07142857142857142,4,1.6989700043360187,0.12135500030971562
160,web application,Rancang Bangun Web Service Api Aplikasi Sentralisasi Produk Umkm Pada Uptd Plut Kumkm Provinsi Lampung,title,api,1,14,0.07142857142857142,2,2.0,0.14285714285714285
160,web application,Rancang Bangun Web Service Api Aplikasi Sentralisasi Produk Umkm Pada Uptd Plut Kumkm Provinsi Lampung,title,aplikasi,1,14,0.07142857142857142,54,0.5686362358410126,0.040616873988643755
160,web application,Rancang Bangun Web Service Api Aplikasi Sentralisasi Produk Umkm Pada Uptd Plut Kumkm Provinsi Lampung,title,sentralisasi,1,14,0.07142857142857142,1,2.3010299956639813,0.1643592854045701
160,web application,Rancang Bangun Web Service Api Aplikasi Sentralisasi Produk Umkm Pada Uptd Plut Kumkm Provinsi Lampung,title,produk,1,14,0.07142857142857142,2,2.0,0.14285714285714285
160,web application,Rancang Bangun Web Service Api Aplikasi Sentralisasi Produk Umkm Pada Uptd Plut Kumkm Provinsi Lampung,title,umkm,1,14,0.07142857142857142,1,2.3010299956639813,0.1643592854045701
160,web application,Rancang Bangun Web Service Api Aplikasi Sentralisasi Produk Umkm Pada Uptd Plut Kumkm Provinsi Lampung,title,uptd,1,14,0.07142857142857142,1,2.3010299956639813,0.1643592854045701
160,web application,Rancang Bangun Web Service Api Aplikasi Sentralisasi Produk Umkm Pada Uptd Plut Kumkm Provinsi Lampung,title,plut,1,14,0.07142857142857142,1,2.3010299956639813,0.1643592854045701
160,web application,Rancang Bangun Web Service Api Aplikasi Sentralisasi Produk Umkm Pada Uptd Plut Kumkm Provinsi Lampung,title,kumkm,1,14,0.07142857142857142,1,2.3010299956639813,0.1643592854045701
160,web application,Rancang Bangun Web Service Api Aplikasi Sentralisasi Produk Umkm Pada Uptd Plut Kumkm Provinsi Lampung,title,provinsi,1,14,0.07142857142857142,1,2.3010299956639813,0.1643592854045701
160,web application,Rancang Bangun Web Service Api Aplikasi Sentralisasi Produk Umkm Pada Uptd Plut Kumkm Provinsi Lampung,title,lampung,1,14,0.07142857142857142,1,2.3010299956639813,0.1643592854045701
160,web application,Rancang Bangun Web Service Api Aplikasi Sentralisasi Produk Umkm Pada Uptd Plut Kumkm Provinsi Lampung,abstract,teliti,1,13,0.07692307692307693,22,0.958607314841775,0.07373902421859808
160,web application,Rancang Bangun Web Service Api Aplikasi Sentralisasi Produk Umkm Pada Uptd Plut Kumkm Provinsi Lampung,abstract,laku,1,13,0.07692307692307693,6,1.5228787452803376,0.11714451886771829
160,web application,Rancang Bangun Web Service Api Aplikasi Sentralisasi Produk Umkm Pada Uptd Plut Kumkm Provinsi Lampung,abstract,buat,1,13,0.07692307692307693,18,1.045757490560675,0.0804428838892827
160,web application,Rancang Bangun Web Service Api Aplikasi Sentralisasi Produk Umkm Pada Uptd Plut Kumkm Provinsi Lampung,abstract,aplikasi,2,13,0.15384615384615385,54,0.5686362358410126,0.08748249782169426
160,web application,Rancang Bangun Web Service Api Aplikasi Sentralisasi Produk Umkm Pada Uptd Plut Kumkm Provinsi Lampung,abstract,sistem,1,13,0.07692307692307693,16,1.0969100130080565,0.08437769330831205
160,web application,Rancang Bangun Web Service Api Aplikasi Sentralisasi Produk Umkm Pada Uptd Plut Kumkm Provinsi Lampung,abstract,guna,1,13,0.07692307692307693,46,0.638272163982407,0.04909785876787747
160,web application,Rancang Bangun Web Service Api Aplikasi Sentralisasi Produk Umkm Pada Uptd Plut Kumkm Provinsi Lampung,abstract,metode,1,13,0.07692307692307693,20,1.0,0.07692307692307693
160,web application,Rancang Bangun Web Service Api Aplikasi Sentralisasi Produk Umkm Pada Uptd Plut Kumkm Provinsi Lampung,abstract,web,1,13,0.07692307692307693,48,0.619788758288394,0.04767605832987646
160,web application,Rancang Bangun Web Service Api Aplikasi Sentralisasi Produk Umkm Pada Uptd Plut Kumkm Provinsi Lampung,abstract,service,1,13,0.07692307692307693,4,1.6989700043360187,0.13069000033353992
160,web application,Rancang Bangun Web Service Api Aplikasi Sentralisasi Produk Umkm Pada Uptd Plut Kumkm Provinsi Lampung,abstract,api,1,13,0.07692307692307693,2,2.0,0.15384615384615385
160,web application,Rancang Bangun Web Service Api Aplikasi Sentralisasi Produk Umkm Pada Uptd Plut Kumkm Provinsi Lampung,abstract,hubung,1,13,0.07692307692307693,3,1.8239087409443189,0.14030067238033223
160,web application,Rancang Bangun Web Service Api Aplikasi Sentralisasi Produk Umkm Pada Uptd Plut Kumkm Provinsi Lampung,abstract,website,1,13,0.07692307692307693,11,1.2596373105057561,0.09689517773121202
161,web application,Rancang bangun aplikasi e-cuti pegawai berbasis website (studi kasus: Pengadilan Tata Usaha Negara),title,rancang,1,13,0.07692307692307693,8,1.3979400086720377,0.10753384682092598
161,web application,Rancang bangun aplikasi e-cuti pegawai berbasis website (studi kasus: Pengadilan Tata Usaha Negara),title,bangun,1,13,0.07692307692307693,13,1.1870866433571445,0.09131435718131882
161,web application,Rancang bangun aplikasi e-cuti pegawai berbasis website (studi kasus: Pengadilan Tata Usaha Negara),title,aplikasi,1,13,0.07692307692307693,54,0.5686362358410126,0.04374124891084713
161,web application,Rancang bangun aplikasi e-cuti pegawai berbasis website (studi kasus: Pengadilan Tata Usaha Negara),title,cuti,1,13,0.07692307692307693,1,2.3010299956639813,0.1770023073587678
161,web application,Rancang bangun aplikasi e-cuti pegawai berbasis website (studi kasus: Pengadilan Tata Usaha Negara),title,pegawai,1,13,0.07692307692307693,1,2.3010299956639813,0.1770023073587678
161,web application,Rancang bangun aplikasi e-cuti pegawai berbasis website (studi kasus: Pengadilan Tata Usaha Negara),title,bas,1,13,0.07692307692307693,28,0.853871964321762,0.0656824587939817
161,web application,Rancang bangun aplikasi e-cuti pegawai berbasis website (studi kasus: Pengadilan Tata Usaha Negara),title,website,1,13,0.07692307692307693,11,1.2596373105057561,0.09689517773121202
161,web application,Rancang bangun aplikasi e-cuti pegawai berbasis website (studi kasus: Pengadilan Tata Usaha Negara),title,studi,1,13,0.07692307692307693,8,1.3979400086720377,0.10753384682092598
161,web application,Rancang bangun aplikasi e-cuti pegawai berbasis website (studi kasus: Pengadilan Tata Usaha Negara),title,kasus,1,13,0.07692307692307693,8,1.3979400086720377,0.10753384682092598
161,web application,Rancang bangun aplikasi e-cuti pegawai berbasis website (studi kasus: Pengadilan Tata Usaha Negara),title,adil,1,13,0.07692307692307693,1,2.3010299956639813,0.1770023073587678
161,web application,Rancang bangun aplikasi e-cuti pegawai berbasis website (studi kasus: Pengadilan Tata Usaha Negara),title,tata,1,13,0.07692307692307693,1,2.3010299956639813,0.1770023073587678
161,web application,Rancang bangun aplikasi e-cuti pegawai berbasis website (studi kasus: Pengadilan Tata Usaha Negara),title,usaha,1,13,0.07692307692307693,3,1.8239087409443189,0.14030067238033223
161,web application,Rancang bangun aplikasi e-cuti pegawai berbasis website (studi kasus: Pengadilan Tata Usaha Negara),title,negara,1,13,0.07692307692307693,2,2.0,0.15384615384615385
161,web application,Rancang bangun aplikasi e-cuti pegawai berbasis website (studi kasus: Pengadilan Tata Usaha Negara),abstract,aplikasi,2,15,0.13333333333333333,54,0.5686362358410126,0.07581816477880168
161,web application,Rancang bangun aplikasi e-cuti pegawai berbasis website (studi kasus: Pengadilan Tata Usaha Negara),abstract,rencana,1,15,0.06666666666666667,1,2.3010299956639813,0.15340199971093207
161,web application,Rancang bangun aplikasi e-cuti pegawai berbasis website (studi kasus: Pengadilan Tata Usaha Negara),abstract,bentuk,1,15,0.06666666666666667,3,1.8239087409443189,0.1215939160629546
161,web application,Rancang bangun aplikasi e-cuti pegawai berbasis website (studi kasus: Pengadilan Tata Usaha Negara),abstract,website,1,15,0.06666666666666667,11,1.2596373105057561,0.08397582070038374
161,web application,Rancang bangun aplikasi e-cuti pegawai berbasis website (studi kasus: Pengadilan Tata Usaha Negara),abstract,web,2,15,0.13333333333333333,48,0.619788758288394,0.0826385011051192
161,web application,Rancang bangun aplikasi e-cuti pegawai berbasis website (studi kasus: Pengadilan Tata Usaha Negara),abstract,sistem,1,15,0.06666666666666667,16,1.0969100130080565,0.0731273342005371
161,web application,Rancang bangun aplikasi e-cuti pegawai berbasis website (studi kasus: Pengadilan Tata Usaha Negara),abstract,informasi,1,15,0.06666666666666667,6,1.5228787452803376,0.10152524968535584
161,web application,Rancang bangun aplikasi e-cuti pegawai berbasis website (studi kasus: Pengadilan Tata Usaha Negara),abstract,dukung,1,15,0.06666666666666667,4,1.6989700043360187,0.11326466695573457
161,web application,Rancang bangun aplikasi e-cuti pegawai berbasis website (studi kasus: Pengadilan Tata Usaha Negara),abstract,interaksi,1,15,0.06666666666666667,1,2.3010299956639813,0.15340199971093207
161,web application,Rancang bangun aplikasi e-cuti pegawai berbasis website (studi kasus: Pengadilan Tata Usaha Negara),abstract,guna,1,15,0.06666666666666667,46,0.638272163982407,0.04255147759882714
161,web application,Rancang bangun aplikasi e-cuti pegawai berbasis website (studi kasus: Pengadilan Tata Usaha Negara),abstract,lalu,1,15,0.06666666666666667,8,1.3979400086720377,0.09319600057813585
161,web application,Rancang bangun aplikasi e-cuti pegawai berbasis website (studi kasus: Pengadilan Tata Usaha Negara),abstract,antarmuka,1,15,0.06666666666666667,1,2.3010299956639813,0.15340199971093207
161,web application,Rancang bangun aplikasi e-cuti pegawai berbasis website (studi kasus: Pengadilan Tata Usaha Negara),abstract,bas,1,15,0.06666666666666667,28,0.853871964321762,0.0569247976214508
162,web application,Rancang Bangun Aplikasi Penjualan Kebutuhan Pokok Berbasis Web Pada Toko Khansaa,title,rancang,1,10,0.1,8,1.3979400086720377,0.13979400086720378
162,web application,Rancang Bangun Aplikasi Penjualan Kebutuhan Pokok Berbasis Web Pada Toko Khansaa,title,bangun,1,10,0.1,13,1.1870866433571445,0.11870866433571446
162,web application,Rancang Bangun Aplikasi Penjualan Kebutuhan Pokok Berbasis Web Pada Toko Khansaa,title,aplikasi,1,10,0.1,54,0.5686362358410126,0.05686362358410127
162,web application,Rancang Bangun Aplikasi Penjualan Kebutuhan Pokok Berbasis Web Pada Toko Khansaa,title,jual,1,10,0.1,5,1.6020599913279623,0.16020599913279623
162,web application,Rancang Bangun Aplikasi Penjualan Kebutuhan Pokok Berbasis Web Pada Toko Khansaa,title,butuh,1,10,0.1,4,1.6989700043360187,0.1698970004336019
162,web application,Rancang Bangun Aplikasi Penjualan Kebutuhan Pokok Berbasis Web Pada Toko Khansaa,title,pokok,1,10,0.1,1,2.3010299956639813,0.23010299956639813
162,web application,Rancang Bangun Aplikasi Penjualan Kebutuhan Pokok Berbasis Web Pada Toko Khansaa,title,bas,1,10,0.1,28,0.853871964321762,0.08538719643217621
162,web application,Rancang Bangun Aplikasi Penjualan Kebutuhan Pokok Berbasis Web Pada Toko Khansaa,title,web,1,10,0.1,48,0.619788758288394,0.0619788758288394
162,web application,Rancang Bangun Aplikasi Penjualan Kebutuhan Pokok Berbasis Web Pada Toko Khansaa,title,toko,1,10,0.1,3,1.8239087409443189,0.1823908740944319
162,web application,Rancang Bangun Aplikasi Penjualan Kebutuhan Pokok Berbasis Web Pada Toko Khansaa,title,khansaa,1,10,0.1,1,2.3010299956639813,0.23010299956639813
162,web application,Rancang Bangun Aplikasi Penjualan Kebutuhan Pokok Berbasis Web Pada Toko Khansaa,abstract,ada,1,18,0.05555555555555555,3,1.8239087409443189,0.10132826338579548
162,web application,Rancang Bangun Aplikasi Penjualan Kebutuhan Pokok Berbasis Web Pada Toko Khansaa,abstract,aplikasi,3,18,0.16666666666666666,54,0.5686362358410126,0.0947727059735021
162,web application,Rancang Bangun Aplikasi Penjualan Kebutuhan Pokok Berbasis Web Pada Toko Khansaa,abstract,jual,3,18,0.16666666666666666,5,1.6020599913279623,0.26700999855466034
162,web application,Rancang Bangun Aplikasi Penjualan Kebutuhan Pokok Berbasis Web Pada Toko Khansaa,abstract,bas,3,18,0.16666666666666666,28,0.853871964321762,0.142311994053627
162,web application,Rancang Bangun Aplikasi Penjualan Kebutuhan Pokok Berbasis Web Pada Toko Khansaa,abstract,web,3,18,0.16666666666666666,48,0.619788758288394,0.10329812638139899
162,web application,Rancang Bangun Aplikasi Penjualan Kebutuhan Pokok Berbasis Web Pada Toko Khansaa,abstract,butuh,2,18,0.1111111111111111,4,1.6989700043360187,0.1887744449262243
162,web application,Rancang Bangun Aplikasi Penjualan Kebutuhan Pokok Berbasis Web Pada Toko Khansaa,abstract,bangun,1,18,0.05555555555555555,13,1.1870866433571445,0.0659492579642858
162,web application,Rancang Bangun Aplikasi Penjualan Kebutuhan Pokok Berbasis Web Pada Toko Khansaa,abstract,pokok,1,18,0.05555555555555555,1,2.3010299956639813,0.12783499975911006
162,web application,Rancang Bangun Aplikasi Penjualan Kebutuhan Pokok Berbasis Web Pada Toko Khansaa,abstract,toko,1,18,0.05555555555555555,3,1.8239087409443189,0.10132826338579548
163,web application,Aplikasi Marketplace Pendamping Wisata Dengan Api Maps Berbasis Mobile Dan Web,title,aplikasi,1,9,0.1111111111111111,54,0.5686362358410126,0.06318180398233474
163,web application,Aplikasi Marketplace Pendamping Wisata Dengan Api Maps Berbasis Mobile Dan Web,title,marketplace,1,9,0.1111111111111111,1,2.3010299956639813,0.2556699995182201
163,web application,Aplikasi Marketplace Pendamping Wisata Dengan Api Maps Berbasis Mobile Dan Web,title,damping,1,9,0.1111111111111111,1,2.3010299956639813,0.2556699995182201
163,web application,Aplikasi Marketplace Pendamping Wisata Dengan Api Maps Berbasis Mobile Dan Web,title,wisata,1,9,0.1111111111111111,1,2.3010299956639813,0.2556699995182201
163,web application,Aplikasi Marketplace Pendamping Wisata Dengan Api Maps Berbasis Mobile Dan Web,title,api,1,9,0.1111111111111111,2,2.0,0.2222222222222222
163,web application,Aplikasi Marketplace Pendamping Wisata Dengan Api Maps Berbasis Mobile Dan Web,title,maps,1,9,0.1111111111111111,2,2.0,0.2222222222222222
163,web application,Aplikasi Marketplace Pendamping Wisata Dengan Api Maps Berbasis Mobile Dan Web,title,bas,1,9,0.1111111111111111,28,0.853871964321762,0.094874662702418
163,web application,Aplikasi Marketplace Pendamping Wisata Dengan Api Maps Berbasis Mobile Dan Web,title,mobile,1,9,0.1111111111111111,54,0.5686362358410126,0.06318180398233474
163,web application,Aplikasi Marketplace Pendamping Wisata Dengan Api Maps Berbasis Mobile Dan Web,title,web,1,9,0.1111111111111111,48,0.619788758288394,0.06886541758759933
163,web application,Aplikasi Marketplace Pendamping Wisata Dengan Api Maps Berbasis Mobile Dan Web,abstract,salah,1,16,0.0625,5,1.6020599913279623,0.10012874945799764
163,web application,Aplikasi Marketplace Pendamping Wisata Dengan Api Maps Berbasis Mobile Dan Web,abstract,satu,1,16,0.0625,6,1.5228787452803376,0.0951799215800211
163,web application,Aplikasi Marketplace Pendamping Wisata Dengan Api Maps Berbasis Mobile Dan Web,abstract,untung,1,16,0.0625,2,2.0,0.125
163,web application,Aplikasi Marketplace Pendamping Wisata Dengan Api Maps Berbasis Mobile Dan Web,abstract,bangun,1,16,0.0625,13,1.1870866433571445,0.07419291520982153
163,web application,Aplikasi Marketplace Pendamping Wisata Dengan Api Maps Berbasis Mobile Dan Web,abstract,aplikasi,2,16,0.125,54,0.5686362358410126,0.07107952948012658
163,web application,Aplikasi Marketplace Pendamping Wisata Dengan Api Maps Berbasis Mobile Dan Web,abstract,bas,1,16,0.0625,28,0.853871964321762,0.05336699777011013
163,web application,Aplikasi Marketplace Pendamping Wisata Dengan Api Maps Berbasis Mobile Dan Web,abstract,website,3,16,0.1875,11,1.2596373105057561,0.23618199571982929
163,web application,Aplikasi Marketplace Pendamping Wisata Dengan Api Maps Berbasis Mobile Dan Web,abstract,web,1,16,0.0625,48,0.619788758288394,0.03873679739302462
163,web application,Aplikasi Marketplace Pendamping Wisata Dengan Api Maps Berbasis Mobile Dan Web,abstract,guna,1,16,0.0625,46,0.638272163982407,0.03989201024890044
163,web application,Aplikasi Marketplace Pendamping Wisata Dengan Api Maps Berbasis Mobile Dan Web,abstract,akses,1,16,0.0625,6,1.5228787452803376,0.0951799215800211
163,web application,Aplikasi Marketplace Pendamping Wisata Dengan Api Maps Berbasis Mobile Dan Web,abstract,server,1,16,0.0625,4,1.6989700043360187,0.10618562527100117
163,web application,Aplikasi Marketplace Pendamping Wisata Dengan Api Maps Berbasis Mobile Dan Web,abstract,tempat,1,16,0.0625,1,2.3010299956639813,0.14381437472899883
163,web application,Aplikasi Marketplace Pendamping Wisata Dengan Api Maps Berbasis Mobile Dan Web,abstract,letak,1,16,0.0625,2,2.0,0.125
164,web application,Penerapan Metode Waterfall Pada Aplikasi Reservasi Lapangan Futsal Berbasis Web,title,terap,1,9,0.1111111111111111,30,0.8239087409443188,0.09154541566047986
164,web application,Penerapan Metode Waterfall Pada Aplikasi Reservasi Lapangan Futsal Berbasis Web,title,metode,1,9,0.1111111111111111,20,1.0,0.1111111111111111
164,web application,Penerapan Metode Waterfall Pada Aplikasi Reservasi Lapangan Futsal Berbasis Web,title,waterfall,1,9,0.1111111111111111,1,2.3010299956639813,0.2556699995182201
164,web application,Penerapan Metode Waterfall Pada Aplikasi Reservasi Lapangan Futsal Berbasis Web,title,aplikasi,1,9,0.1111111111111111,54,0.5686362358410126,0.06318180398233474
164,web application,Penerapan Metode Waterfall Pada Aplikasi Reservasi Lapangan Futsal Berbasis Web,title,reservasi,1,9,0.1111111111111111,2,2.0,0.2222222222222222
164,web application,Penerapan Metode Waterfall Pada Aplikasi Reservasi Lapangan Futsal Berbasis Web,title,lapang,1,9,0.1111111111111111,1,2.3010299956639813,0.2556699995182201
164,web application,Penerapan Metode Waterfall Pada Aplikasi Reservasi Lapangan Futsal Berbasis Web,title,futsal,1,9,0.1111111111111111,1,2.3010299956639813,0.2556699995182201
164,web application,Penerapan Metode Waterfall Pada Aplikasi Reservasi Lapangan Futsal Berbasis Web,title,bas,1,9,0.1111111111111111,28,0.853871964321762,0.094874662702418
164,web application,Penerapan Metode Waterfall Pada Aplikasi Reservasi Lapangan Futsal Berbasis Web,title,web,1,9,0.1111111111111111,48,0.619788758288394,0.06886541758759933
164,web application,Penerapan Metode Waterfall Pada Aplikasi Reservasi Lapangan Futsal Berbasis Web,abstract,hasil,1,18,0.05555555555555555,9,1.3467874862246563,0.0748215270124809
164,web application,Penerapan Metode Waterfall Pada Aplikasi Reservasi Lapangan Futsal Berbasis Web,abstract,teliti,1,18,0.05555555555555555,22,0.958607314841775,0.05325596193565416
164,web application,Penerapan Metode Waterfall Pada Aplikasi Reservasi Lapangan Futsal Berbasis Web,abstract,upa,1,18,0.05555555555555555,1,2.3010299956639813,0.12783499975911006
164,web application,Penerapan Metode Waterfall Pada Aplikasi Reservasi Lapangan Futsal Berbasis Web,abstract,aplikasi,3,18,0.16666666666666666,54,0.5686362358410126,0.0947727059735021
164,web application,Penerapan Metode Waterfall Pada Aplikasi Reservasi Lapangan Futsal Berbasis Web,abstract,bas,1,18,0.05555555555555555,28,0.853871964321762,0.047437331351209
164,web application,Penerapan Metode Waterfall Pada Aplikasi Reservasi Lapangan Futsal Berbasis Web,abstract,web,2,18,0.1111111111111111,48,0.619788758288394,0.06886541758759933
164,web application,Penerapan Metode Waterfall Pada Aplikasi Reservasi Lapangan Futsal Berbasis Web,abstract,buat,1,18,0.05555555555555555,18,1.045757490560675,0.058097638364481945
164,web application,Penerapan Metode Waterfall Pada Aplikasi Reservasi Lapangan Futsal Berbasis Web,abstract,jalan,1,18,0.05555555555555555,5,1.6020599913279623,0.08900333285155346
164,web application,Penerapan Metode Waterfall Pada Aplikasi Reservasi Lapangan Futsal Berbasis Web,abstract,baik,1,18,0.05555555555555555,3,1.8239087409443189,0.10132826338579548
164,web application,Penerapan Metode Waterfall Pada Aplikasi Reservasi Lapangan Futsal Berbasis Web,abstract,kata,1,18,0.05555555555555555,3,1.8239087409443189,0.10132826338579548
164,web application,Penerapan Metode Waterfall Pada Aplikasi Reservasi Lapangan Futsal Berbasis Web,abstract,kunci,1,18,0.05555555555555555,2,2.0,0.1111111111111111
164,web application,Penerapan Metode Waterfall Pada Aplikasi Reservasi Lapangan Futsal Berbasis Web,abstract,black,1,18,0.05555555555555555,3,1.8239087409443189,0.10132826338579548
164,web application,Penerapan Metode Waterfall Pada Aplikasi Reservasi Lapangan Futsal Berbasis Web,abstract,box,1,18,0.05555555555555555,3,1.8239087409443189,0.10132826338579548
164,web application,Penerapan Metode Waterfall Pada Aplikasi Reservasi Lapangan Futsal Berbasis Web,abstract,jadwal,1,18,0.05555555555555555,3,1.8239087409443189,0.10132826338579548
164,web application,Penerapan Metode Waterfall Pada Aplikasi Reservasi Lapangan Futsal Berbasis Web,abstract,waterfall,1,18,0.05555555555555555,1,2.3010299956639813,0.12783499975911006
165,web application,Implementasi Web Service Sebagai Penyedia Informasi Untuk Aplikasi Pengelolaan Jadwal Pemberian Pakan Ikan (Studi Kasus: Pokdakan Karya Bersama),title,implementasi,1,16,0.0625,7,1.4559319556497243,0.09099574722810777
165,web application,Implementasi Web Service Sebagai Penyedia Informasi Untuk Aplikasi Pengelolaan Jadwal Pemberian Pakan Ikan (Studi Kasus: Pokdakan Karya Bersama),title,web,1,16,0.0625,48,0.619788758288394,0.03873679739302462
165,web application,Implementasi Web Service Sebagai Penyedia Informasi Untuk Aplikasi Pengelolaan Jadwal Pemberian Pakan Ikan (Studi Kasus: Pokdakan Karya Bersama),title,service,1,16,0.0625,4,1.6989700043360187,0.10618562527100117
165,web application,Implementasi Web Service Sebagai Penyedia Informasi Untuk Aplikasi Pengelolaan Jadwal Pemberian Pakan Ikan (Studi Kasus: Pokdakan Karya Bersama),title,sedia,1,16,0.0625,3,1.8239087409443189,0.11399429630901993
165,web application,Implementasi Web Service Sebagai Penyedia Informasi Untuk Aplikasi Pengelolaan Jadwal Pemberian Pakan Ikan (Studi Kasus: Pokdakan Karya Bersama),title,informasi,1,16,0.0625,6,1.5228787452803376,0.0951799215800211
165,web application,Implementasi Web Service Sebagai Penyedia Informasi Untuk Aplikasi Pengelolaan Jadwal Pemberian Pakan Ikan (Studi Kasus: Pokdakan Karya Bersama),title,aplikasi,1,16,0.0625,54,0.5686362358410126,0.03553976474006329
165,web application,Implementasi Web Service Sebagai Penyedia Informasi Untuk Aplikasi Pengelolaan Jadwal Pemberian Pakan Ikan (Studi Kasus: Pokdakan Karya Bersama),title,kelola,1,16,0.0625,2,2.0,0.125
165,web application,Implementasi Web Service Sebagai Penyedia Informasi Untuk Aplikasi Pengelolaan Jadwal Pemberian Pakan Ikan (Studi Kasus: Pokdakan Karya Bersama),title,jadwal,1,16,0.0625,3,1.8239087409443189,0.11399429630901993
165,web application,Implementasi Web Service Sebagai Penyedia Informasi Untuk Aplikasi Pengelolaan Jadwal Pemberian Pakan Ikan (Studi Kasus: Pokdakan Karya Bersama),title,beri,1,16,0.0625,5,1.6020599913279623,0.10012874945799764
165,web application,Implementasi Web Service Sebagai Penyedia Informasi Untuk Aplikasi Pengelolaan Jadwal Pemberian Pakan Ikan (Studi Kasus: Pokdakan Karya Bersama),title,pakan,1,16,0.0625,1,2.3010299956639813,0.14381437472899883
165,web application,Implementasi Web Service Sebagai Penyedia Informasi Untuk Aplikasi Pengelolaan Jadwal Pemberian Pakan Ikan (Studi Kasus: Pokdakan Karya Bersama),title,ikan,1,16,0.0625,1,2.3010299956639813,0.14381437472899883
165,web application,Implementasi Web Service Sebagai Penyedia Informasi Untuk Aplikasi Pengelolaan Jadwal Pemberian Pakan Ikan (Studi Kasus: Pokdakan Karya Bersama),title,studi,1,16,0.0625,8,1.3979400086720377,0.08737125054200236
165,web application,Implementasi Web Service Sebagai Penyedia Informasi Untuk Aplikasi Pengelolaan Jadwal Pemberian Pakan Ikan (Studi Kasus: Pokdakan Karya Bersama),title,kasus,1,16,0.0625,8,1.3979400086720377,0.08737125054200236
165,web application,Implementasi Web Service Sebagai Penyedia Informasi Untuk Aplikasi Pengelolaan Jadwal Pemberian Pakan Ikan (Studi Kasus: Pokdakan Karya Bersama),title,pokdakan,1,16,0.0625,1,2.3010299956639813,0.14381437472899883
165,web application,Implementasi Web Service Sebagai Penyedia Informasi Untuk Aplikasi Pengelolaan Jadwal Pemberian Pakan Ikan (Studi Kasus: Pokdakan Karya Bersama),title,karya,1,16,0.0625,1,2.3010299956639813,0.14381437472899883
165,web application,Implementasi Web Service Sebagai Penyedia Informasi Untuk Aplikasi Pengelolaan Jadwal Pemberian Pakan Ikan (Studi Kasus: Pokdakan Karya Bersama),title,sama,1,16,0.0625,1,2.3010299956639813,0.14381437472899883
165,web application,Implementasi Web Service Sebagai Penyedia Informasi Untuk Aplikasi Pengelolaan Jadwal Pemberian Pakan Ikan (Studi Kasus: Pokdakan Karya Bersama),abstract,solusi,1,16,0.0625,3,1.8239087409443189,0.11399429630901993
165,web application,Implementasi Web Service Sebagai Penyedia Informasi Untuk Aplikasi Pengelolaan Jadwal Pemberian Pakan Ikan (Studi Kasus: Pokdakan Karya Bersama),abstract,bangun,1,16,0.0625,13,1.1870866433571445,0.07419291520982153
165,web application,Implementasi Web Service Sebagai Penyedia Informasi Untuk Aplikasi Pengelolaan Jadwal Pemberian Pakan Ikan (Studi Kasus: Pokdakan Karya Bersama),abstract,web,3,16,0.1875,48,0.619788758288394,0.11621039217907386
165,web application,Implementasi Web Service Sebagai Penyedia Informasi Untuk Aplikasi Pengelolaan Jadwal Pemberian Pakan Ikan (Studi Kasus: Pokdakan Karya Bersama),abstract,service,2,16,0.125,4,1.6989700043360187,0.21237125054200234
165,web application,Implementasi Web Service Sebagai Penyedia Informasi Untuk Aplikasi Pengelolaan Jadwal Pemberian Pakan Ikan (Studi Kasus: Pokdakan Karya Bersama),abstract,hasil,1,16,0.0625,9,1.3467874862246563,0.08417421788904102
165,web application,Implementasi Web Service Sebagai Penyedia Informasi Untuk Aplikasi Pengelolaan Jadwal Pemberian Pakan Ikan (Studi Kasus: Pokdakan Karya Bersama),abstract,teliti,1,16,0.0625,22,0.958607314841775,0.059912957177610936
165,web application,Implementasi Web Service Sebagai Penyedia Informasi Untuk Aplikasi Pengelolaan Jadwal Pemberian Pakan Ikan (Studi Kasus: Pokdakan Karya Bersama),abstract,kembang,1,16,0.0625,17,1.0705810742857074,0.06691131714285671
165,web application,Implementasi Web Service Sebagai Penyedia Informasi Untuk Aplikasi Pengelolaan Jadwal Pemberian Pakan Ikan (Studi Kasus: Pokdakan Karya Bersama),abstract,sistem,1,16,0.0625,16,1.0969100130080565,0.06855687581300353
165,web application,Implementasi Web Service Sebagai Penyedia Informasi Untuk Aplikasi Pengelolaan Jadwal Pemberian Pakan Ikan (Studi Kasus: Pokdakan Karya Bersama),abstract,layan,1,16,0.0625,11,1.2596373105057561,0.07872733190660976
165,web application,Implementasi Web Service Sebagai Penyedia Informasi Untuk Aplikasi Pengelolaan Jadwal Pemberian Pakan Ikan (Studi Kasus: Pokdakan Karya Bersama),abstract,mampu,1,16,0.0625,2,2.0,0.125
165,web application,Implementasi Web Service Sebagai Penyedia Informasi Untuk Aplikasi Pengelolaan Jadwal Pemberian Pakan Ikan (Studi Kasus: Pokdakan Karya Bersama),abstract,beri,1,16,0.0625,5,1.6020599913279623,0.10012874945799764
165,web application,Implementasi Web Service Sebagai Penyedia Informasi Untuk Aplikasi Pengelolaan Jadwal Pemberian Pakan Ikan (Studi Kasus: Pokdakan Karya Bersama),abstract,informasi,1,16,0.0625,6,1.5228787452803376,0.0951799215800211
165,web application,Implementasi Web Service Sebagai Penyedia Informasi Untuk Aplikasi Pengelolaan Jadwal Pemberian Pakan Ikan (Studi Kasus: Pokdakan Karya Bersama),abstract,aplikasi,1,16,0.0625,54,0.5686362358410126,0.03553976474006329
166,web application,Analisis Aplikasi Berbasis Website Surat Menyurat Analisis Aplikasi Berbasis Website Surat Menyurat,title,analisis,2,12,0.16666666666666666,17,1.0705810742857074,0.17843017904761788
166,web application,Analisis Aplikasi Berbasis Website Surat Menyurat Analisis Aplikasi Berbasis Website Surat Menyurat,title,aplikasi,2,12,0.16666666666666666,54,0.5686362358410126,0.0947727059735021
166,web application,Analisis Aplikasi Berbasis Website Surat Menyurat Analisis Aplikasi Berbasis Website Surat Menyurat,title,bas,2,12,0.16666666666666666,28,0.853871964321762,0.142311994053627
166,web application,Analisis Aplikasi Berbasis Website Surat Menyurat Analisis Aplikasi Berbasis Website Surat Menyurat,title,website,2,12,0.16666666666666666,11,1.2596373105057561,0.20993955175095935
166,web application,Analisis Aplikasi Berbasis Website Surat Menyurat Analisis Aplikasi Berbasis Website Surat Menyurat,title,surat,4,12,0.3333333333333333,1,2.3010299956639813,0.7670099985546603
166,web application,Analisis Aplikasi Berbasis Website Surat Menyurat Analisis Aplikasi Berbasis Website Surat Menyurat,abstract,aplikasi,3,14,0.21428571428571427,54,0.5686362358410126,0.12185062196593127
166,web application,Analisis Aplikasi Berbasis Website Surat Menyurat Analisis Aplikasi Berbasis Website Surat Menyurat,abstract,website,3,14,0.21428571428571427,11,1.2596373105057561,0.269922280822662
166,web application,Analisis Aplikasi Berbasis Website Surat Menyurat Analisis Aplikasi Berbasis Website Surat Menyurat,abstract,sebut,1,14,0.07142857142857142,8,1.3979400086720377,0.0998528577622884
166,web application,Analisis Aplikasi Berbasis Website Surat Menyurat Analisis Aplikasi Berbasis Website Surat Menyurat,abstract,masuk,1,14,0.07142857142857142,3,1.8239087409443189,0.13027919578173705
166,web application,Analisis Aplikasi Berbasis Website Surat Menyurat Analisis Aplikasi Berbasis Website Surat Menyurat,abstract,tahu,1,14,0.07142857142857142,5,1.6020599913279623,0.11443285652342587
166,web application,Analisis Aplikasi Berbasis Website Surat Menyurat Analisis Aplikasi Berbasis Website Surat Menyurat,abstract,tambah,1,14,0.07142857142857142,1,2.3010299956639813,0.1643592854045701
166,web application,Analisis Aplikasi Berbasis Website Surat Menyurat Analisis Aplikasi Berbasis Website Surat Menyurat,abstract,guna,1,14,0.07142857142857142,46,0.638272163982407,0.045590868855886216
166,web application,Analisis Aplikasi Berbasis Website Surat Menyurat Analisis Aplikasi Berbasis Website Surat Menyurat,abstract,akses,1,14,0.07142857142857142,6,1.5228787452803376,0.10877705323430982
166,web application,Analisis Aplikasi Berbasis Website Surat Menyurat Analisis Aplikasi Berbasis Website Surat Menyurat,abstract,sedang,1,14,0.07142857142857142,1,2.3010299956639813,0.1643592854045701
166,web application,Analisis Aplikasi Berbasis Website Surat Menyurat Analisis Aplikasi Berbasis Website Surat Menyurat,abstract,analisa,1,14,0.07142857142857142,1,2.3010299956639813,0.1643592854045701
167,web application,Implementasi Aplikasi Kasir Berbasis Web pada Toko Ghafya Fruits Shop,title,implementasi,1,9,0.1111111111111111,7,1.4559319556497243,0.1617702172944138
167,web application,Implementasi Aplikasi Kasir Berbasis Web pada Toko Ghafya Fruits Shop,title,aplikasi,1,9,0.1111111111111111,54,0.5686362358410126,0.06318180398233474
167,web application,Implementasi Aplikasi Kasir Berbasis Web pada Toko Ghafya Fruits Shop,title,kasir,1,9,0.1111111111111111,2,2.0,0.2222222222222222
167,web application,Implementasi Aplikasi Kasir Berbasis Web pada Toko Ghafya Fruits Shop,title,bas,1,9,0.1111111111111111,28,0.853871964321762,0.094874662702418
167,web application,Implementasi Aplikasi Kasir Berbasis Web pada Toko Ghafya Fruits Shop,title,web,1,9,0.1111111111111111,48,0.619788758288394,0.06886541758759933
167,web application,Implementasi Aplikasi Kasir Berbasis Web pada Toko Ghafya Fruits Shop,title,toko,1,9,0.1111111111111111,3,1.8239087409443189,0.20265652677159096
167,web application,Implementasi Aplikasi Kasir Berbasis Web pada Toko Ghafya Fruits Shop,title,ghafya,1,9,0.1111111111111111,1,2.3010299956639813,0.2556699995182201
167,web application,Implementasi Aplikasi Kasir Berbasis Web pada Toko Ghafya Fruits Shop,title,fruits,1,9,0.1111111111111111,1,2.3010299956639813,0.2556699995182201
167,web application,Implementasi Aplikasi Kasir Berbasis Web pada Toko Ghafya Fruits Shop,title,shop,1,9,0.1111111111111111,2,2.0,0.2222222222222222
167,web application,Implementasi Aplikasi Kasir Berbasis Web pada Toko Ghafya Fruits Shop,abstract,web,2,15,0.13333333333333333,48,0.619788758288394,0.0826385011051192
167,web application,Implementasi Aplikasi Kasir Berbasis Web pada Toko Ghafya Fruits Shop,abstract,layan,1,15,0.06666666666666667,11,1.2596373105057561,0.08397582070038374
167,web application,Implementasi Aplikasi Kasir Berbasis Web pada Toko Ghafya Fruits Shop,abstract,kumpul,1,15,0.06666666666666667,1,2.3010299956639813,0.15340199971093207
167,web application,Implementasi Aplikasi Kasir Berbasis Web pada Toko Ghafya Fruits Shop,abstract,halaman,1,15,0.06666666666666667,1,2.3010299956639813,0.15340199971093207
167,web application,Implementasi Aplikasi Kasir Berbasis Web pada Toko Ghafya Fruits Shop,abstract,isi,1,15,0.06666666666666667,1,2.3010299956639813,0.15340199971093207
167,web application,Implementasi Aplikasi Kasir Berbasis Web pada Toko Ghafya Fruits Shop,abstract,informasi,1,15,0.06666666666666667,6,1.5228787452803376,0.10152524968535584
167,web application,Implementasi Aplikasi Kasir Berbasis Web pada Toko Ghafya Fruits Shop,abstract,iklan,1,15,0.06666666666666667,1,2.3010299956639813,0.15340199971093207
167,web application,Implementasi Aplikasi Kasir Berbasis Web pada Toko Ghafya Fruits Shop,abstract,program,1,15,0.06666666666666667,3,1.8239087409443189,0.1215939160629546
167,web application,Implementasi Aplikasi Kasir Berbasis Web pada Toko Ghafya Fruits Shop,abstract,aplikasi,3,15,0.2,54,0.5686362358410126,0.11372724716820254
167,web application,Implementasi Aplikasi Kasir Berbasis Web pada Toko Ghafya Fruits Shop,abstract,dukung,1,15,0.06666666666666667,4,1.6989700043360187,0.11326466695573457
167,web application,Implementasi Aplikasi Kasir Berbasis Web pada Toko Ghafya Fruits Shop,abstract,buka,1,15,0.06666666666666667,1,2.3010299956639813,0.15340199971093207
167,web application,Implementasi Aplikasi Kasir Berbasis Web pada Toko Ghafya Fruits Shop,abstract,software,1,15,0.06666666666666667,3,1.8239087409443189,0.1215939160629546
168,web application,Perancangan Sistem Aplikasi Pendataan Membership Gym Menggunakan Metode Unified Software Development Process (USDP) Berbasis Web,title,ancang,1,15,0.06666666666666667,8,1.3979400086720377,0.09319600057813585
168,web application,Perancangan Sistem Aplikasi Pendataan Membership Gym Menggunakan Metode Unified Software Development Process (USDP) Berbasis Web,title,sistem,1,15,0.06666666666666667,16,1.0969100130080565,0.0731273342005371
168,web application,Perancangan Sistem Aplikasi Pendataan Membership Gym Menggunakan Metode Unified Software Development Process (USDP) Berbasis Web,title,aplikasi,1,15,0.06666666666666667,54,0.5686362358410126,0.03790908238940084
168,web application,Perancangan Sistem Aplikasi Pendataan Membership Gym Menggunakan Metode Unified Software Development Process (USDP) Berbasis Web,title,data,1,15,0.06666666666666667,27,0.8696662315049939,0.05797774876699959
168,web application,Perancangan Sistem Aplikasi Pendataan Membership Gym Menggunakan Metode Unified Software Development Process (USDP) Berbasis Web,title,membership,1,15,0.06666666666666667,1,2.3010299956639813,0.15340199971093207
168,web application,Perancangan Sistem Aplikasi Pendataan Membership Gym Menggunakan Metode Unified Software Development Process (USDP) Berbasis Web,title,gym,1,15,0.06666666666666667,1,2.3010299956639813,0.15340199971093207
168,web application,Perancangan Sistem Aplikasi Pendataan Membership Gym Menggunakan Metode Unified Software Development Process (USDP) Berbasis Web,title,guna,1,15,0.06666666666666667,46,0.638272163982407,0.04255147759882714
168,web application,Perancangan Sistem Aplikasi Pendataan Membership Gym Menggunakan Metode Unified Software Development Process (USDP) Berbasis Web,title,metode,1,15,0.06666666666666667,20,1.0,0.06666666666666667
168,web application,Perancangan Sistem Aplikasi Pendataan Membership Gym Menggunakan Metode Unified Software Development Process (USDP) Berbasis Web,title,unified,1,15,0.06666666666666667,1,2.3010299956639813,0.15340199971093207
168,web application,Perancangan Sistem Aplikasi Pendataan Membership Gym Menggunakan Metode Unified Software Development Process (USDP) Berbasis Web,title,software,1,15,0.06666666666666667,3,1.8239087409443189,0.1215939160629546
168,web application,Perancangan Sistem Aplikasi Pendataan Membership Gym Menggunakan Metode Unified Software Development Process (USDP) Berbasis Web,title,development,1,15,0.06666666666666667,9,1.3467874862246563,0.08978583241497709
168,web application,Perancangan Sistem Aplikasi Pendataan Membership Gym Menggunakan Metode Unified Software Development Process (USDP) Berbasis Web,title,process,1,15,0.06666666666666667,2,2.0,0.13333333333333333
168,web application,Perancangan Sistem Aplikasi Pendataan Membership Gym Menggunakan Metode Unified Software Development Process (USDP) Berbasis Web,title,usdp,1,15,0.06666666666666667,1,2.3010299956639813,0.15340199971093207
168,web application,Perancangan Sistem Aplikasi Pendataan Membership Gym Menggunakan Metode Unified Software Development Process (USDP) Berbasis Web,title,bas,1,15,0.06666666666666667,28,0.853871964321762,0.0569247976214508
168,web application,Perancangan Sistem Aplikasi Pendataan Membership Gym Menggunakan Metode Unified Software Development Process (USDP) Berbasis Web,title,web,1,15,0.06666666666666667,48,0.619788758288394,0.0413192505525596
168,web application,Perancangan Sistem Aplikasi Pendataan Membership Gym Menggunakan Metode Unified Software Development Process (USDP) Berbasis Web,abstract,aplikasi,2,14,0.14285714285714285,54,0.5686362358410126,0.08123374797728751
168,web application,Perancangan Sistem Aplikasi Pendataan Membership Gym Menggunakan Metode Unified Software Development Process (USDP) Berbasis Web,abstract,web,1,14,0.07142857142857142,48,0.619788758288394,0.044270625592028136
168,web application,Perancangan Sistem Aplikasi Pendataan Membership Gym Menggunakan Metode Unified Software Development Process (USDP) Berbasis Web,abstract,kelola,1,14,0.07142857142857142,2,2.0,0.14285714285714285
168,web application,Perancangan Sistem Aplikasi Pendataan Membership Gym Menggunakan Metode Unified Software Development Process (USDP) Berbasis Web,abstract,anggota,1,14,0.07142857142857142,1,2.3010299956639813,0.1643592854045701
168,web application,Perancangan Sistem Aplikasi Pendataan Membership Gym Menggunakan Metode Unified Software Development Process (USDP) Berbasis Web,abstract,gym,1,14,0.07142857142857142,1,2.3010299956639813,0.1643592854045701
168,web application,Perancangan Sistem Aplikasi Pendataan Membership Gym Menggunakan Metode Unified Software Development Process (USDP) Berbasis Web,abstract,akses,1,14,0.07142857142857142,6,1.5228787452803376,0.10877705323430982
168,web application,Perancangan Sistem Aplikasi Pendataan Membership Gym Menggunakan Metode Unified Software Development Process (USDP) Berbasis Web,abstract,admin,1,14,0.07142857142857142,1,2.3010299956639813,0.1643592854045701
168,web application,Perancangan Sistem Aplikasi Pendataan Membership Gym Menggunakan Metode Unified Software Development Process (USDP) Berbasis Web,abstract,guna,1,14,0.07142857142857142,46,0.638272163982407,0.045590868855886216
168,web application,Perancangan Sistem Aplikasi Pendataan Membership Gym Menggunakan Metode Unified Software Development Process (USDP) Berbasis Web,abstract,lalu,1,14,0.07142857142857142,8,1.3979400086720377,0.0998528577622884
168,web application,Perancangan Sistem Aplikasi Pendataan Membership Gym Menggunakan Metode Unified Software Development Process (USDP) Berbasis Web,abstract,komputer,1,14,0.07142857142857142,2,2.0,0.14285714285714285
168,web application,Perancangan Sistem Aplikasi Pendataan Membership Gym Menggunakan Metode Unified Software Development Process (USDP) Berbasis Web,abstract,perangkat,1,14,0.07142857142857142,3,1.8239087409443189,0.13027919578173705
168,web application,Perancangan Sistem Aplikasi Pendataan Membership Gym Menggunakan Metode Unified Software Development Process (USDP) Berbasis Web,abstract,mobile,1,14,0.07142857142857142,54,0.5686362358410126,0.040616873988643755
168,web application,Perancangan Sistem Aplikasi Pendataan Membership Gym Menggunakan Metode Unified Software Development Process (USDP) Berbasis Web,abstract,kembang,1,14,0.07142857142857142,17,1.0705810742857074,0.07647007673469337
169,web application,Aplikasi sistem pembayaran administrasi sekolah berbasis web di SMPI Nurush Shodiqin,title,aplikasi,1,10,0.1,54,0.5686362358410126,0.05686362358410127
169,web application,Aplikasi sistem pembayaran administrasi sekolah berbasis web di SMPI Nurush Shodiqin,title,sistem,1,10,0.1,16,1.0969100130080565,0.10969100130080565
169,web application,Aplikasi sistem pembayaran administrasi sekolah berbasis web di SMPI Nurush Shodiqin,title,bayar,1,10,0.1,2,2.0,0.2
169,web application,Aplikasi sistem pembayaran administrasi sekolah berbasis web di SMPI Nurush Shodiqin,title,administrasi,1,10,0.1,2,2.0,0.2
169,web application,Aplikasi sistem pembayaran administrasi sekolah berbasis web di SMPI Nurush Shodiqin,title,sekolah,1,10,0.1,2,2.0,0.2
169,web application,Aplikasi sistem pembayaran administrasi sekolah berbasis web di SMPI Nurush Shodiqin,title,bas,1,10,0.1,28,0.853871964321762,0.08538719643217621
169,web application,Aplikasi sistem pembayaran administrasi sekolah berbasis web di SMPI Nurush Shodiqin,title,web,1,10,0.1,48,0.619788758288394,0.0619788758288394
169,web application,Aplikasi sistem pembayaran administrasi sekolah berbasis web di SMPI Nurush Shodiqin,title,smpi,1,10,0.1,1,2.3010299956639813,0.23010299956639813
169,web application,Aplikasi sistem pembayaran administrasi sekolah berbasis web di SMPI Nurush Shodiqin,title,nurush,1,10,0.1,1,2.3010299956639813,0.23010299956639813
169,web application,Aplikasi sistem pembayaran administrasi sekolah berbasis web di SMPI Nurush Shodiqin,title,shodiqin,1,10,0.1,1,2.3010299956639813,0.23010299956639813
169,web application,Aplikasi sistem pembayaran administrasi sekolah berbasis web di SMPI Nurush Shodiqin,abstract,effective,1,20,0.05,4,1.6989700043360187,0.08494850021680095
169,web application,Aplikasi sistem pembayaran administrasi sekolah berbasis web di SMPI Nurush Shodiqin,abstract,school,2,20,0.1,1,2.3010299956639813,0.23010299956639813
169,web application,Aplikasi sistem pembayaran administrasi sekolah berbasis web di SMPI Nurush Shodiqin,abstract,payment,2,20,0.1,1,2.3010299956639813,0.23010299956639813
169,web application,Aplikasi sistem pembayaran administrasi sekolah berbasis web di SMPI Nurush Shodiqin,abstract,system,2,20,0.1,6,1.5228787452803376,0.15228787452803377
169,web application,Aplikasi sistem pembayaran administrasi sekolah berbasis web di SMPI Nurush Shodiqin,abstract,will,1,20,0.05,4,1.6989700043360187,0.08494850021680095
169,web application,Aplikasi sistem pembayaran administrasi sekolah berbasis web di SMPI Nurush Shodiqin,abstract,trigger,1,20,0.05,1,2.3010299956639813,0.11505149978319906
169,web application,Aplikasi sistem pembayaran administrasi sekolah berbasis web di SMPI Nurush Shodiqin,abstract,performance,1,20,0.05,5,1.6020599913279623,0.08010299956639812
169,web application,Aplikasi sistem pembayaran administrasi sekolah berbasis web di SMPI Nurush Shodiqin,abstract,agency,1,20,0.05,1,2.3010299956639813,0.11505149978319906
169,web application,Aplikasi sistem pembayaran administrasi sekolah berbasis web di SMPI Nurush Shodiqin,abstract,better,1,20,0.05,3,1.8239087409443189,0.09119543704721594
169,web application,Aplikasi sistem pembayaran administrasi sekolah berbasis web di SMPI Nurush Shodiqin,abstract,than,1,20,0.05,1,2.3010299956639813,0.11505149978319906
169,web application,Aplikasi sistem pembayaran administrasi sekolah berbasis web di SMPI Nurush Shodiqin,abstract,before,1,20,0.05,1,2.3010299956639813,0.11505149978319906
169,web application,Aplikasi sistem pembayaran administrasi sekolah berbasis web di SMPI Nurush Shodiqin,abstract,web,1,20,0.05,48,0.619788758288394,0.0309894379144197
169,web application,Aplikasi sistem pembayaran administrasi sekolah berbasis web di SMPI Nurush Shodiqin,abstract,based,1,20,0.05,18,1.045757490560675,0.052287874528033754
169,web application,Aplikasi sistem pembayaran administrasi sekolah berbasis web di SMPI Nurush Shodiqin,abstract,administration,1,20,0.05,1,2.3010299956639813,0.11505149978319906
169,web application,Aplikasi sistem pembayaran administrasi sekolah berbasis web di SMPI Nurush Shodiqin,abstract,application,1,20,0.05,38,0.721246399047171,0.036062319952358556
169,web application,Aplikasi sistem pembayaran administrasi sekolah berbasis web di SMPI Nurush Shodiqin,abstract,smpi,1,20,0.05,1,2.3010299956639813,0.11505149978319906
169,web application,Aplikasi sistem pembayaran administrasi sekolah berbasis web di SMPI Nurush Shodiqin,abstract,nurush,1,20,0.05,1,2.3010299956639813,0.11505149978319906
170,web application,Pengembangan pelayanan administrasi aplikasi website Desa Lontar,title,kembang,1,7,0.14285714285714285,17,1.0705810742857074,0.15294015346938675
170,web application,Pengembangan pelayanan administrasi aplikasi website Desa Lontar,title,layan,1,7,0.14285714285714285,11,1.2596373105057561,0.179948187215108
170,web application,Pengembangan pelayanan administrasi aplikasi website Desa Lontar,title,administrasi,1,7,0.14285714285714285,2,2.0,0.2857142857142857
170,web application,Pengembangan pelayanan administrasi aplikasi website Desa Lontar,title,aplikasi,1,7,0.14285714285714285,54,0.5686362358410126,0.08123374797728751
170,web application,Pengembangan pelayanan administrasi aplikasi website Desa Lontar,title,website,1,7,0.14285714285714285,11,1.2596373105057561,0.179948187215108
170,web application,Pengembangan pelayanan administrasi aplikasi website Desa Lontar,title,desa,1,7,0.14285714285714285,2,2.0,0.2857142857142857
170,web application,Pengembangan pelayanan administrasi aplikasi website Desa Lontar,title,lontar,1,7,0.14285714285714285,1,2.3010299956639813,0.3287185708091402
170,web application,Pengembangan pelayanan administrasi aplikasi website Desa Lontar,abstract,laku,1,16,0.0625,6,1.5228787452803376,0.0951799215800211
170,web application,Pengembangan pelayanan administrasi aplikasi website Desa Lontar,abstract,guna,2,16,0.125,46,0.638272163982407,0.07978402049780088
170,web application,Pengembangan pelayanan administrasi aplikasi website Desa Lontar,abstract,aplikasi,2,16,0.125,54,0.5686362358410126,0.07107952948012658
170,web application,Pengembangan pelayanan administrasi aplikasi website Desa Lontar,abstract,website,2,16,0.125,11,1.2596373105057561,0.15745466381321951
170,web application,Pengembangan pelayanan administrasi aplikasi website Desa Lontar,abstract,tuju,1,16,0.0625,12,1.2218487496163564,0.07636554685102227
170,web application,Pengembangan pelayanan administrasi aplikasi website Desa Lontar,abstract,kembang,2,16,0.125,17,1.0705810742857074,0.13382263428571342
170,web application,Pengembangan pelayanan administrasi aplikasi website Desa Lontar,abstract,fitur,1,16,0.0625,3,1.8239087409443189,0.11399429630901993
170,web application,Pengembangan pelayanan administrasi aplikasi website Desa Lontar,abstract,webiste,1,16,0.0625,1,2.3010299956639813,0.14381437472899883
170,web application,Pengembangan pelayanan administrasi aplikasi website Desa Lontar,abstract,hasil,1,16,0.0625,9,1.3467874862246563,0.08417421788904102
170,web application,Pengembangan pelayanan administrasi aplikasi website Desa Lontar,abstract,abdi,1,16,0.0625,1,2.3010299956639813,0.14381437472899883
170,web application,Pengembangan pelayanan administrasi aplikasi website Desa Lontar,abstract,desa,1,16,0.0625,2,2.0,0.125
170,web application,Pengembangan pelayanan administrasi aplikasi website Desa Lontar,abstract,lontar,1,16,0.0625,1,2.3010299956639813,0.14381437472899883
171,web application,Digitalisasi Usaha Mikro Kecil Dan Menengah Di Desa Melalui Aplikasi Kede Desa Berbasis Web,title,digitalisasi,1,12,0.08333333333333333,1,2.3010299956639813,0.19175249963866509
171,web application,Digitalisasi Usaha Mikro Kecil Dan Menengah Di Desa Melalui Aplikasi Kede Desa Berbasis Web,title,usaha,1,12,0.08333333333333333,3,1.8239087409443189,0.15199239507869322
171,web application,Digitalisasi Usaha Mikro Kecil Dan Menengah Di Desa Melalui Aplikasi Kede Desa Berbasis Web,title,mikro,1,12,0.08333333333333333,1,2.3010299956639813,0.19175249963866509
171,web application,Digitalisasi Usaha Mikro Kecil Dan Menengah Di Desa Melalui Aplikasi Kede Desa Berbasis Web,title,kecil,1,12,0.08333333333333333,2,2.0,0.16666666666666666
171,web application,Digitalisasi Usaha Mikro Kecil Dan Menengah Di Desa Melalui Aplikasi Kede Desa Berbasis Web,title,tengah,1,12,0.08333333333333333,1,2.3010299956639813,0.19175249963866509
171,web application,Digitalisasi Usaha Mikro Kecil Dan Menengah Di Desa Melalui Aplikasi Kede Desa Berbasis Web,title,desa,2,12,0.16666666666666666,2,2.0,0.3333333333333333
171,web application,Digitalisasi Usaha Mikro Kecil Dan Menengah Di Desa Melalui Aplikasi Kede Desa Berbasis Web,title,lalu,1,12,0.08333333333333333,8,1.3979400086720377,0.1164950007226698
171,web application,Digitalisasi Usaha Mikro Kecil Dan Menengah Di Desa Melalui Aplikasi Kede Desa Berbasis Web,title,aplikasi,1,12,0.08333333333333333,54,0.5686362358410126,0.04738635298675105
171,web application,Digitalisasi Usaha Mikro Kecil Dan Menengah Di Desa Melalui Aplikasi Kede Desa Berbasis Web,title,kede,1,12,0.08333333333333333,1,2.3010299956639813,0.19175249963866509
171,web application,Digitalisasi Usaha Mikro Kecil Dan Menengah Di Desa Melalui Aplikasi Kede Desa Berbasis Web,title,bas,1,12,0.08333333333333333,28,0.853871964321762,0.0711559970268135
171,web application,Digitalisasi Usaha Mikro Kecil Dan Menengah Di Desa Melalui Aplikasi Kede Desa Berbasis Web,title,web,1,12,0.08333333333333333,48,0.619788758288394,0.05164906319069949
171,web application,Digitalisasi Usaha Mikro Kecil Dan Menengah Di Desa Melalui Aplikasi Kede Desa Berbasis Web,abstract,jual,1,16,0.0625,5,1.6020599913279623,0.10012874945799764
171,web application,Digitalisasi Usaha Mikro Kecil Dan Menengah Di Desa Melalui Aplikasi Kede Desa Berbasis Web,abstract,lalu,1,16,0.0625,8,1.3979400086720377,0.08737125054200236
171,web application,Digitalisasi Usaha Mikro Kecil Dan Menengah Di Desa Melalui Aplikasi Kede Desa Berbasis Web,abstract,sistem,1,16,0.0625,16,1.0969100130080565,0.06855687581300353
171,web application,Digitalisasi Usaha Mikro Kecil Dan Menengah Di Desa Melalui Aplikasi Kede Desa Berbasis Web,abstract,bas,1,16,0.0625,28,0.853871964321762,0.05336699777011013
171,web application,Digitalisasi Usaha Mikro Kecil Dan Menengah Di Desa Melalui Aplikasi Kede Desa Berbasis Web,abstract,web,3,16,0.1875,48,0.619788758288394,0.11621039217907386
171,web application,Digitalisasi Usaha Mikro Kecil Dan Menengah Di Desa Melalui Aplikasi Kede Desa Berbasis Web,abstract,aplikasi,2,16,0.125,54,0.5686362358410126,0.07107952948012658
171,web application,Digitalisasi Usaha Mikro Kecil Dan Menengah Di Desa Melalui Aplikasi Kede Desa Berbasis Web,abstract,jalan,1,16,0.0625,5,1.6020599913279623,0.10012874945799764
171,web application,Digitalisasi Usaha Mikro Kecil Dan Menengah Di Desa Melalui Aplikasi Kede Desa Berbasis Web,abstract,jaring,1,16,0.0625,2,2.0,0.125
171,web application,Digitalisasi Usaha Mikro Kecil Dan Menengah Di Desa Melalui Aplikasi Kede Desa Berbasis Web,abstract,akses,1,16,0.0625,6,1.5228787452803376,0.0951799215800211
171,web application,Digitalisasi Usaha Mikro Kecil Dan Menengah Di Desa Melalui Aplikasi Kede Desa Berbasis Web,abstract,ciri,1,16,0.0625,1,2.3010299956639813,0.14381437472899883
171,web application,Digitalisasi Usaha Mikro Kecil Dan Menengah Di Desa Melalui Aplikasi Kede Desa Berbasis Web,abstract,utama,1,16,0.0625,2,2.0,0.125
171,web application,Digitalisasi Usaha Mikro Kecil Dan Menengah Di Desa Melalui Aplikasi Kede Desa Berbasis Web,abstract,buat,1,16,0.0625,18,1.045757490560675,0.06535984316004219
171,web application,Digitalisasi Usaha Mikro Kecil Dan Menengah Di Desa Melalui Aplikasi Kede Desa Berbasis Web,abstract,mati,1,16,0.0625,2,2.0,0.125
172,web application,Perancangan sistem aplikasi penjualan dan layanan jasa laundry sepatu berbasis website,title,ancang,1,10,0.1,8,1.3979400086720377,0.13979400086720378
172,web application,Perancangan sistem aplikasi penjualan dan layanan jasa laundry sepatu berbasis website,title,sistem,1,10,0.1,16,1.0969100130080565,0.10969100130080565
172,web application,Perancangan sistem aplikasi penjualan dan layanan jasa laundry sepatu berbasis website,title,aplikasi,1,10,0.1,54,0.5686362358410126,0.05686362358410127
172,web application,Perancangan sistem aplikasi penjualan dan layanan jasa laundry sepatu berbasis website,title,jual,1,10,0.1,5,1.6020599913279623,0.16020599913279623
172,web application,Perancangan sistem aplikasi penjualan dan layanan jasa laundry sepatu berbasis website,title,layan,1,10,0.1,11,1.2596373105057561,0.12596373105057562
172,web application,Perancangan sistem aplikasi penjualan dan layanan jasa laundry sepatu berbasis website,title,jasa,1,10,0.1,1,2.3010299956639813,0.23010299956639813
172,web application,Perancangan sistem aplikasi penjualan dan layanan jasa laundry sepatu berbasis website,title,laundry,1,10,0.1,1,2.3010299956639813,0.23010299956639813
172,web application,Perancangan sistem aplikasi penjualan dan layanan jasa laundry sepatu berbasis website,title,sepatu,1,10,0.1,1,2.3010299956639813,0.23010299956639813
172,web application,Perancangan sistem aplikasi penjualan dan layanan jasa laundry sepatu berbasis website,title,bas,1,10,0.1,28,0.853871964321762,0.08538719643217621
172,web application,Perancangan sistem aplikasi penjualan dan layanan jasa laundry sepatu berbasis website,title,website,1,10,0.1,11,1.2596373105057561,0.12596373105057562
172,web application,Perancangan sistem aplikasi penjualan dan layanan jasa laundry sepatu berbasis website,abstract,sesuai,1,17,0.058823529411764705,2,2.0,0.11764705882352941
172,web application,Perancangan sistem aplikasi penjualan dan layanan jasa laundry sepatu berbasis website,abstract,tuju,1,17,0.058823529411764705,12,1.2218487496163564,0.07187345585978566
172,web application,Perancangan sistem aplikasi penjualan dan layanan jasa laundry sepatu berbasis website,abstract,buat,1,17,0.058823529411764705,18,1.045757490560675,0.06151514650356912
172,web application,Perancangan sistem aplikasi penjualan dan layanan jasa laundry sepatu berbasis website,abstract,aplikasi,3,17,0.17647058823529413,54,0.5686362358410126,0.10034757103076694
172,web application,Perancangan sistem aplikasi penjualan dan layanan jasa laundry sepatu berbasis website,abstract,sebut,1,17,0.058823529411764705,8,1.3979400086720377,0.08223176521600221
172,web application,Perancangan sistem aplikasi penjualan dan layanan jasa laundry sepatu berbasis website,abstract,punya,1,17,0.058823529411764705,1,2.3010299956639813,0.13535470562729301
172,web application,Perancangan sistem aplikasi penjualan dan layanan jasa laundry sepatu berbasis website,abstract,arti,1,17,0.058823529411764705,1,2.3010299956639813,0.13535470562729301
172,web application,Perancangan sistem aplikasi penjualan dan layanan jasa laundry sepatu berbasis website,abstract,pecah,1,17,0.058823529411764705,1,2.3010299956639813,0.13535470562729301
172,web application,Perancangan sistem aplikasi penjualan dan layanan jasa laundry sepatu berbasis website,abstract,bangun,1,17,0.058823529411764705,13,1.1870866433571445,0.06982862607983203
172,web application,Perancangan sistem aplikasi penjualan dan layanan jasa laundry sepatu berbasis website,abstract,layan,1,17,0.058823529411764705,11,1.2596373105057561,0.07409631238269153
172,web application,Perancangan sistem aplikasi penjualan dan layanan jasa laundry sepatu berbasis website,abstract,jasa,1,17,0.058823529411764705,1,2.3010299956639813,0.13535470562729301
172,web application,Perancangan sistem aplikasi penjualan dan layanan jasa laundry sepatu berbasis website,abstract,laundry,1,17,0.058823529411764705,1,2.3010299956639813,0.13535470562729301
172,web application,Perancangan sistem aplikasi penjualan dan layanan jasa laundry sepatu berbasis website,abstract,shoeslab,1,17,0.058823529411764705,1,2.3010299956639813,0.13535470562729301
172,web application,Perancangan sistem aplikasi penjualan dan layanan jasa laundry sepatu berbasis website,abstract,bas,1,17,0.058823529411764705,28,0.853871964321762,0.050227762607162475
172,web application,Perancangan sistem aplikasi penjualan dan layanan jasa laundry sepatu berbasis website,abstract,web,1,17,0.058823529411764705,48,0.619788758288394,0.036458162252258466
173,web application,Rancang Bangun Aplikasi Computer Based Test Berbasis Web Pada Smpn 1 Katapang Kabupaten Bandung Selatan,title,rancang,1,13,0.07692307692307693,8,1.3979400086720377,0.10753384682092598
173,web application,Rancang Bangun Aplikasi Computer Based Test Berbasis Web Pada Smpn 1 Katapang Kabupaten Bandung Selatan,title,bangun,1,13,0.07692307692307693,13,1.1870866433571445,0.09131435718131882
173,web application,Rancang Bangun Aplikasi Computer Based Test Berbasis Web Pada Smpn 1 Katapang Kabupaten Bandung Selatan,title,aplikasi,1,13,0.07692307692307693,54,0.5686362358410126,0.04374124891084713
173,web application,Rancang Bangun Aplikasi Computer Based Test Berbasis Web Pada Smpn 1 Katapang Kabupaten Bandung Selatan,title,computer,1,13,0.07692307692307693,3,1.8239087409443189,0.14030067238033223
173,web application,Rancang Bangun Aplikasi Computer Based Test Berbasis Web Pada Smpn 1 Katapang Kabupaten Bandung Selatan,title,based,1,13,0.07692307692307693,18,1.045757490560675,0.0804428838892827
173,web application,Rancang Bangun Aplikasi Computer Based Test Berbasis Web Pada Smpn 1 Katapang Kabupaten Bandung Selatan,title,test,1,13,0.07692307692307693,1,2.3010299956639813,0.1770023073587678
173,web application,Rancang Bangun Aplikasi Computer Based Test Berbasis Web Pada Smpn 1 Katapang Kabupaten Bandung Selatan,title,bas,1,13,0.07692307692307693,28,0.853871964321762,0.0656824587939817
173,web application,Rancang Bangun Aplikasi Computer Based Test Berbasis Web Pada Smpn 1 Katapang Kabupaten Bandung Selatan,title,web,1,13,0.07692307692307693,48,0.619788758288394,0.04767605832987646
173,web application,Rancang Bangun Aplikasi Computer Based Test Berbasis Web Pada Smpn 1 Katapang Kabupaten Bandung Selatan,title,smpn,1,13,0.07692307692307693,2,2.0,0.15384615384615385
173,web application,Rancang Bangun Aplikasi Computer Based Test Berbasis Web Pada Smpn 1 Katapang Kabupaten Bandung Selatan,title,katapang,1,13,0.07692307692307693,1,2.3010299956639813,0.1770023073587678
173,web application,Rancang Bangun Aplikasi Computer Based Test Berbasis Web Pada Smpn 1 Katapang Kabupaten Bandung Selatan,title,kabupaten,1,13,0.07692307692307693,2,2.0,0.15384615384615385
173,web application,Rancang Bangun Aplikasi Computer Based Test Berbasis Web Pada Smpn 1 Katapang Kabupaten Bandung Selatan,title,bandung,1,13,0.07692307692307693,1,2.3010299956639813,0.1770023073587678
173,web application,Rancang Bangun Aplikasi Computer Based Test Berbasis Web Pada Smpn 1 Katapang Kabupaten Bandung Selatan,title,selatan,1,13,0.07692307692307693,1,2.3010299956639813,0.1770023073587678
173,web application,Rancang Bangun Aplikasi Computer Based Test Berbasis Web Pada Smpn 1 Katapang Kabupaten Bandung Selatan,abstract,iring,1,14,0.07142857142857142,1,2.3010299956639813,0.1643592854045701
173,web application,Rancang Bangun Aplikasi Computer Based Test Berbasis Web Pada Smpn 1 Katapang Kabupaten Bandung Selatan,abstract,kembang,1,14,0.07142857142857142,17,1.0705810742857074,0.07647007673469337
173,web application,Rancang Bangun Aplikasi Computer Based Test Berbasis Web Pada Smpn 1 Katapang Kabupaten Bandung Selatan,abstract,maju,1,14,0.07142857142857142,2,2.0,0.14285714285714285
173,web application,Rancang Bangun Aplikasi Computer Based Test Berbasis Web Pada Smpn 1 Katapang Kabupaten Bandung Selatan,abstract,teknologi,1,14,0.07142857142857142,9,1.3467874862246563,0.09619910615890401
173,web application,Rancang Bangun Aplikasi Computer Based Test Berbasis Web Pada Smpn 1 Katapang Kabupaten Bandung Selatan,abstract,informasi,1,14,0.07142857142857142,6,1.5228787452803376,0.10877705323430982
173,web application,Rancang Bangun Aplikasi Computer Based Test Berbasis Web Pada Smpn 1 Katapang Kabupaten Bandung Selatan,abstract,mungkin,1,14,0.07142857142857142,2,2.0,0.14285714285714285
173,web application,Rancang Bangun Aplikasi Computer Based Test Berbasis Web Pada Smpn 1 Katapang Kabupaten Bandung Selatan,abstract,sangat,1,14,0.07142857142857142,5,1.6020599913279623,0.11443285652342587
173,web application,Rancang Bangun Aplikasi Computer Based Test Berbasis Web Pada Smpn 1 Katapang Kabupaten Bandung Selatan,abstract,bantu,1,14,0.07142857142857142,3,1.8239087409443189,0.13027919578173705
173,web application,Rancang Bangun Aplikasi Computer Based Test Berbasis Web Pada Smpn 1 Katapang Kabupaten Bandung Selatan,abstract,ada,1,14,0.07142857142857142,3,1.8239087409443189,0.13027919578173705
173,web application,Rancang Bangun Aplikasi Computer Based Test Berbasis Web Pada Smpn 1 Katapang Kabupaten Bandung Selatan,abstract,internet,2,14,0.14285714285714285,3,1.8239087409443189,0.2605583915634741
173,web application,Rancang Bangun Aplikasi Computer Based Test Berbasis Web Pada Smpn 1 Katapang Kabupaten Bandung Selatan,abstract,mudah,1,14,0.07142857142857142,7,1.4559319556497243,0.10399513968926602
173,web application,Rancang Bangun Aplikasi Computer Based Test Berbasis Web Pada Smpn 1 Katapang Kabupaten Bandung Selatan,abstract,hadir,1,14,0.07142857142857142,1,2.3010299956639813,0.1643592854045701
173,web application,Rancang Bangun Aplikasi Computer Based Test Berbasis Web Pada Smpn 1 Katapang Kabupaten Bandung Selatan,abstract,layan,1,14,0.07142857142857142,11,1.2596373105057561,0.089974093607554
174,web application,Pengembangan Aplikasi Reservasi Salon Keshoo Berbasis Web,title,kembang,1,7,0.14285714285714285,17,1.0705810742857074,0.15294015346938675
174,web application,Pengembangan Aplikasi Reservasi Salon Keshoo Berbasis Web,title,aplikasi,1,7,0.14285714285714285,54,0.5686362358410126,0.08123374797728751
174,web application,Pengembangan Aplikasi Reservasi Salon Keshoo Berbasis Web,title,reservasi,1,7,0.14285714285714285,2,2.0,0.2857142857142857
174,web application,Pengembangan Aplikasi Reservasi Salon Keshoo Berbasis Web,title,salon,1,7,0.14285714285714285,1,2.3010299956639813,0.3287185708091402
174,web application,Pengembangan Aplikasi Reservasi Salon Keshoo Berbasis Web,title,keshoo,1,7,0.14285714285714285,1,2.3010299956639813,0.3287185708091402
174,web application,Pengembangan Aplikasi Reservasi Salon Keshoo Berbasis Web,title,bas,1,7,0.14285714285714285,28,0.853871964321762,0.12198170918882315
174,web application,Pengembangan Aplikasi Reservasi Salon Keshoo Berbasis Web,title,web,1,7,0.14285714285714285,48,0.619788758288394,0.08854125118405627
174,web application,Pengembangan Aplikasi Reservasi Salon Keshoo Berbasis Web,abstract,teliti,1,18,0.05555555555555555,22,0.958607314841775,0.05325596193565416
174,web application,Pengembangan Aplikasi Reservasi Salon Keshoo Berbasis Web,abstract,aju,1,18,0.05555555555555555,2,2.0,0.1111111111111111
174,web application,Pengembangan Aplikasi Reservasi Salon Keshoo Berbasis Web,abstract,kembang,1,18,0.05555555555555555,17,1.0705810742857074,0.05947672634920596
174,web application,Pengembangan Aplikasi Reservasi Salon Keshoo Berbasis Web,abstract,aplikasi,1,18,0.05555555555555555,54,0.5686362358410126,0.03159090199116737
174,web application,Pengembangan Aplikasi Reservasi Salon Keshoo Berbasis Web,abstract,reservasi,2,18,0.1111111111111111,2,2.0,0.2222222222222222
174,web application,Pengembangan Aplikasi Reservasi Salon Keshoo Berbasis Web,abstract,keshoo,1,18,0.05555555555555555,1,2.3010299956639813,0.12783499975911006
174,web application,Pengembangan Aplikasi Reservasi Salon Keshoo Berbasis Web,abstract,salon,2,18,0.1111111111111111,1,2.3010299956639813,0.2556699995182201
174,web application,Pengembangan Aplikasi Reservasi Salon Keshoo Berbasis Web,abstract,bas,2,18,0.1111111111111111,28,0.853871964321762,0.094874662702418
174,web application,Pengembangan Aplikasi Reservasi Salon Keshoo Berbasis Web,abstract,web,2,18,0.1111111111111111,48,0.619788758288394,0.06886541758759933
174,web application,Pengembangan Aplikasi Reservasi Salon Keshoo Berbasis Web,abstract,sistem,1,18,0.05555555555555555,16,1.0969100130080565,0.06093944516711425
174,web application,Pengembangan Aplikasi Reservasi Salon Keshoo Berbasis Web,abstract,mampu,1,18,0.05555555555555555,2,2.0,0.1111111111111111
174,web application,Pengembangan Aplikasi Reservasi Salon Keshoo Berbasis Web,abstract,solusi,1,18,0.05555555555555555,3,1.8239087409443189,0.10132826338579548
174,web application,Pengembangan Aplikasi Reservasi Salon Keshoo Berbasis Web,abstract,mesan,1,18,0.05555555555555555,2,2.0,0.1111111111111111
174,web application,Pengembangan Aplikasi Reservasi Salon Keshoo Berbasis Web,abstract,jadwal,1,18,0.05555555555555555,3,1.8239087409443189,0.10132826338579548
175,web application,Pengujian aplikasi berbasis web data SKA menggunakan metode Black Box Testing,title,uji,1,11,0.09090909090909091,3,1.8239087409443189,0.16580988554039264
175,web application,Pengujian aplikasi berbasis web data SKA menggunakan metode Black Box Testing,title,aplikasi,1,11,0.09090909090909091,54,0.5686362358410126,0.051694203258273876
175,web application,Pengujian aplikasi berbasis web data SKA menggunakan metode Black Box Testing,title,bas,1,11,0.09090909090909091,28,0.853871964321762,0.0776247240292511
175,web application,Pengujian aplikasi berbasis web data SKA menggunakan metode Black Box Testing,title,web,1,11,0.09090909090909091,48,0.619788758288394,0.05634443257167218
175,web application,Pengujian aplikasi berbasis web data SKA menggunakan metode Black Box Testing,title,data,1,11,0.09090909090909091,27,0.8696662315049939,0.079060566500454
175,web application,Pengujian aplikasi berbasis web data SKA menggunakan metode Black Box Testing,title,ska,1,11,0.09090909090909091,1,2.3010299956639813,0.20918454506036194
175,web application,Pengujian aplikasi berbasis web data SKA menggunakan metode Black Box Testing,title,guna,1,11,0.09090909090909091,46,0.638272163982407,0.05802474218021882
175,web application,Pengujian aplikasi berbasis web data SKA menggunakan metode Black Box Testing,title,metode,1,11,0.09090909090909091,20,1.0,0.09090909090909091
175,web application,Pengujian aplikasi berbasis web data SKA menggunakan metode Black Box Testing,title,black,1,11,0.09090909090909091,3,1.8239087409443189,0.16580988554039264
175,web application,Pengujian aplikasi berbasis web data SKA menggunakan metode Black Box Testing,title,box,1,11,0.09090909090909091,3,1.8239087409443189,0.16580988554039264
175,web application,Pengujian aplikasi berbasis web data SKA menggunakan metode Black Box Testing,title,testing,1,11,0.09090909090909091,4,1.6989700043360187,0.1544518185760017
175,web application,Pengujian aplikasi berbasis web data SKA menggunakan metode Black Box Testing,abstract,aplikasi,2,16,0.125,54,0.5686362358410126,0.07107952948012658
175,web application,Pengujian aplikasi berbasis web data SKA menggunakan metode Black Box Testing,abstract,metode,1,16,0.0625,20,1.0,0.0625
175,web application,Pengujian aplikasi berbasis web data SKA menggunakan metode Black Box Testing,abstract,black,1,16,0.0625,3,1.8239087409443189,0.11399429630901993
175,web application,Pengujian aplikasi berbasis web data SKA menggunakan metode Black Box Testing,abstract,box,1,16,0.0625,3,1.8239087409443189,0.11399429630901993
175,web application,Pengujian aplikasi berbasis web data SKA menggunakan metode Black Box Testing,abstract,fokus,1,16,0.0625,3,1.8239087409443189,0.11399429630901993
175,web application,Pengujian aplikasi berbasis web data SKA menggunakan metode Black Box Testing,abstract,uji,2,16,0.125,3,1.8239087409443189,0.22798859261803986
175,web application,Pengujian aplikasi berbasis web data SKA menggunakan metode Black Box Testing,abstract,fungsional,1,16,0.0625,1,2.3010299956639813,0.14381437472899883
175,web application,Pengujian aplikasi berbasis web data SKA menggunakan metode Black Box Testing,abstract,perhati,1,16,0.0625,3,1.8239087409443189,0.11399429630901993
175,web application,Pengujian aplikasi berbasis web data SKA menggunakan metode Black Box Testing,abstract,implementasi,1,16,0.0625,7,1.4559319556497243,0.09099574722810777
175,web application,Pengujian aplikasi berbasis web data SKA menggunakan metode Black Box Testing,abstract,internal,1,16,0.0625,1,2.3010299956639813,0.14381437472899883
175,web application,Pengujian aplikasi berbasis web data SKA menggunakan metode Black Box Testing,abstract,laku,1,16,0.0625,6,1.5228787452803376,0.0951799215800211
175,web application,Pengujian aplikasi berbasis web data SKA menggunakan metode Black Box Testing,abstract,website,1,16,0.0625,11,1.2596373105057561,0.07872733190660976
175,web application,Pengujian aplikasi berbasis web data SKA menggunakan metode Black Box Testing,abstract,data,1,16,0.0625,27,0.8696662315049939,0.05435413946906212
175,web application,Pengujian aplikasi berbasis web data SKA menggunakan metode Black Box Testing,abstract,ska,1,16,0.0625,1,2.3010299956639813,0.14381437472899883
176,web application,Web application development with streamlit,title,web,1,4,0.25,48,0.619788758288394,0.1549471895720985
176,web application,Web application development with streamlit,title,application,1,4,0.25,38,0.721246399047171,0.18031159976179276
176,web application,Web application development with streamlit,title,development,1,4,0.25,9,1.3467874862246563,0.33669687155616407
176,web application,Web application development with streamlit,title,streamlit,1,4,0.25,1,2.3010299956639813,0.5752574989159953
176,web application,Web application development with streamlit,abstract,web,2,21,0.09523809523809523,48,0.619788758288394,0.05902750078937085
176,web application,Web application development with streamlit,abstract,applications,3,21,0.14285714285714285,27,0.8696662315049939,0.12423803307214198
176,web application,Web application development with streamlit,abstract,their,2,21,0.09523809523809523,11,1.2596373105057561,0.11996545814340534
176,web application,Web application development with streamlit,abstract,own,1,21,0.047619047619047616,1,2.3010299956639813,0.10957285693638005
176,web application,Web application development with streamlit,abstract,most,1,21,0.047619047619047616,3,1.8239087409443189,0.08685279718782471
176,web application,Web application development with streamlit,abstract,basic,1,21,0.047619047619047616,1,2.3010299956639813,0.10957285693638005
176,web application,Web application development with streamlit,abstract,use,1,21,0.047619047619047616,7,1.4559319556497243,0.06933009312617734
176,web application,Web application development with streamlit,abstract,cases,1,21,0.047619047619047616,2,2.0,0.09523809523809523
176,web application,Web application development with streamlit,abstract,crafting,1,21,0.047619047619047616,1,2.3010299956639813,0.10957285693638005
176,web application,Web application development with streamlit,abstract,complex,1,21,0.047619047619047616,1,2.3010299956639813,0.10957285693638005
176,web application,Web application development with streamlit,abstract,distributed,1,21,0.047619047619047616,1,2.3010299956639813,0.10957285693638005
176,web application,Web application development with streamlit,abstract,should,1,21,0.047619047619047616,1,2.3010299956639813,0.10957285693638005
176,web application,Web application development with streamlit,abstract,able,1,21,0.047619047619047616,3,1.8239087409443189,0.08685279718782471
176,web application,Web application development with streamlit,abstract,interface,1,21,0.047619047619047616,4,1.6989700043360187,0.08090333353981041
176,web application,Web application development with streamlit,abstract,robust,1,21,0.047619047619047616,2,2.0,0.09523809523809523
176,web application,Web application development with streamlit,abstract,server,1,21,0.047619047619047616,4,1.6989700043360187,0.08090333353981041
176,web application,Web application development with streamlit,abstract,side,1,21,0.047619047619047616,1,2.3010299956639813,0.10957285693638005
177,web application,A survey on web application penetration testing,title,survey,1,5,0.2,10,1.3010299956639813,0.26020599913279624
177,web application,A survey on web application penetration testing,title,web,1,5,0.2,48,0.619788758288394,0.1239577516576788
177,web application,A survey on web application penetration testing,title,application,1,5,0.2,38,0.721246399047171,0.14424927980943422
177,web application,A survey on web application penetration testing,title,penetration,1,5,0.2,1,2.3010299956639813,0.46020599913279625
177,web application,A survey on web application penetration testing,title,testing,1,5,0.2,4,1.6989700043360187,0.3397940008672038
177,web application,A survey on web application penetration testing,abstract,due,1,21,0.047619047619047616,2,2.0,0.09523809523809523
177,web application,A survey on web application penetration testing,abstract,their,1,21,0.047619047619047616,11,1.2596373105057561,0.05998272907170267
177,web application,A survey on web application penetration testing,abstract,nature,1,21,0.047619047619047616,1,2.3010299956639813,0.10957285693638005
177,web application,A survey on web application penetration testing,abstract,web,3,21,0.14285714285714285,48,0.619788758288394,0.08854125118405627
177,web application,A survey on web application penetration testing,abstract,applications,2,21,0.09523809523809523,27,0.8696662315049939,0.08282535538142799
177,web application,A survey on web application penetration testing,abstract,services,1,21,0.047619047619047616,3,1.8239087409443189,0.08685279718782471
177,web application,A survey on web application penetration testing,abstract,prone,1,21,0.047619047619047616,1,2.3010299956639813,0.10957285693638005
177,web application,A survey on web application penetration testing,abstract,security,1,21,0.047619047619047616,31,0.8096683018297085,0.03855563342046231
177,web application,A survey on web application penetration testing,abstract,risks,1,21,0.047619047619047616,1,2.3010299956639813,0.10957285693638005
177,web application,A survey on web application penetration testing,abstract,because,1,21,0.047619047619047616,1,2.3010299956639813,0.10957285693638005
177,web application,A survey on web application penetration testing,abstract,they,1,21,0.047619047619047616,5,1.6020599913279623,0.07628857101561724
177,web application,A survey on web application penetration testing,abstract,internet,1,21,0.047619047619047616,3,1.8239087409443189,0.08685279718782471
177,web application,A survey on web application penetration testing,abstract,become,1,21,0.047619047619047616,3,1.8239087409443189,0.08685279718782471
177,web application,A survey on web application penetration testing,abstract,more,1,21,0.047619047619047616,3,1.8239087409443189,0.08685279718782471
177,web application,A survey on web application penetration testing,abstract,widespread,1,21,0.047619047619047616,3,1.8239087409443189,0.08685279718782471
177,web application,A survey on web application penetration testing,abstract,every,1,21,0.047619047619047616,1,2.3010299956639813,0.10957285693638005
177,web application,A survey on web application penetration testing,abstract,application,1,21,0.047619047619047616,38,0.721246399047171,0.03434506662129386
177,web application,A survey on web application penetration testing,abstract,needs,1,21,0.047619047619047616,2,2.0,0.09523809523809523
178,web application,A comparative study of web application security parameters: Current trends and future directions,title,comparative,1,10,0.1,1,2.3010299956639813,0.23010299956639813
178,web application,A comparative study of web application security parameters: Current trends and future directions,title,study,1,10,0.1,13,1.1870866433571445,0.11870866433571446
178,web application,A comparative study of web application security parameters: Current trends and future directions,title,web,1,10,0.1,48,0.619788758288394,0.0619788758288394
178,web application,A comparative study of web application security parameters: Current trends and future directions,title,application,1,10,0.1,38,0.721246399047171,0.07212463990471711
178,web application,A comparative study of web application security parameters: Current trends and future directions,title,security,1,10,0.1,31,0.8096683018297085,0.08096683018297085
178,web application,A comparative study of web application security parameters: Current trends and future directions,title,parameters,1,10,0.1,1,2.3010299956639813,0.23010299956639813
178,web application,A comparative study of web application security parameters: Current trends and future directions,title,current,1,10,0.1,2,2.0,0.2
178,web application,A comparative study of web application security parameters: Current trends and future directions,title,trends,1,10,0.1,4,1.6989700043360187,0.1698970004336019
178,web application,A comparative study of web application security parameters: Current trends and future directions,title,future,1,10,0.1,8,1.3979400086720377,0.13979400086720378
178,web application,A comparative study of web application security parameters: Current trends and future directions,title,directions,1,10,0.1,2,2.0,0.2
178,web application,A comparative study of web application security parameters: Current trends and future directions,abstract,use,1,21,0.047619047619047616,7,1.4559319556497243,0.06933009312617734
178,web application,A comparative study of web application security parameters: Current trends and future directions,abstract,web,3,21,0.14285714285714285,48,0.619788758288394,0.08854125118405627
178,web application,A comparative study of web application security parameters: Current trends and future directions,abstract,applications,3,21,0.14285714285714285,27,0.8696662315049939,0.12423803307214198
178,web application,A comparative study of web application security parameters: Current trends and future directions,abstract,businesses,1,21,0.047619047619047616,2,2.0,0.09523809523809523
178,web application,A comparative study of web application security parameters: Current trends and future directions,abstract,industries,1,21,0.047619047619047616,2,2.0,0.09523809523809523
178,web application,A comparative study of web application security parameters: Current trends and future directions,abstract,mammoth,1,21,0.047619047619047616,1,2.3010299956639813,0.10957285693638005
178,web application,A comparative study of web application security parameters: Current trends and future directions,abstract,rise,1,21,0.047619047619047616,1,2.3010299956639813,0.10957285693638005
178,web application,A comparative study of web application security parameters: Current trends and future directions,abstract,their,1,21,0.047619047619047616,11,1.2596373105057561,0.05998272907170267
178,web application,A comparative study of web application security parameters: Current trends and future directions,abstract,usage,1,21,0.047619047619047616,2,2.0,0.09523809523809523
178,web application,A comparative study of web application security parameters: Current trends and future directions,abstract,has,1,21,0.047619047619047616,12,1.2218487496163564,0.05818327379125506
178,web application,A comparative study of web application security parameters: Current trends and future directions,abstract,also,1,21,0.047619047619047616,4,1.6989700043360187,0.08090333353981041
178,web application,A comparative study of web application security parameters: Current trends and future directions,abstract,resulted,1,21,0.047619047619047616,1,2.3010299956639813,0.10957285693638005
178,web application,A comparative study of web application security parameters: Current trends and future directions,abstract,many,1,21,0.047619047619047616,2,2.0,0.09523809523809523
178,web application,A comparative study of web application security parameters: Current trends and future directions,abstract,security,1,21,0.047619047619047616,31,0.8096683018297085,0.03855563342046231
178,web application,A comparative study of web application security parameters: Current trends and future directions,abstract,issues,1,21,0.047619047619047616,5,1.6020599913279623,0.07628857101561724
178,web application,A comparative study of web application security parameters: Current trends and future directions,abstract,make,1,21,0.047619047619047616,4,1.6989700043360187,0.08090333353981041
178,web application,A comparative study of web application security parameters: Current trends and future directions,abstract,these,1,21,0.047619047619047616,10,1.3010299956639813,0.06195380931733244
179,web application,Front-end deep learning web apps development and deployment: a review,title,front,1,9,0.1111111111111111,1,2.3010299956639813,0.2556699995182201
179,web application,Front-end deep learning web apps development and deployment: a review,title,end,1,9,0.1111111111111111,1,2.3010299956639813,0.2556699995182201
179,web application,Front-end deep learning web apps development and deployment: a review,title,deep,1,9,0.1111111111111111,13,1.1870866433571445,0.1318985159285716
179,web application,Front-end deep learning web apps development and deployment: a review,title,learning,1,9,0.1111111111111111,63,0.5016894462103995,0.05574327180115549
179,web application,Front-end deep learning web apps development and deployment: a review,title,web,1,9,0.1111111111111111,48,0.619788758288394,0.06886541758759933
179,web application,Front-end deep learning web apps development and deployment: a review,title,apps,1,9,0.1111111111111111,19,1.0222763947111522,0.1135862660790169
179,web application,Front-end deep learning web apps development and deployment: a review,title,development,1,9,0.1111111111111111,9,1.3467874862246563,0.1496430540249618
179,web application,Front-end deep learning web apps development and deployment: a review,title,deployment,1,9,0.1111111111111111,2,2.0,0.2222222222222222
179,web application,Front-end deep learning web apps development and deployment: a review,title,review,1,9,0.1111111111111111,26,0.8860566476931633,0.0984507386325737
179,web application,Front-end deep learning web apps development and deployment: a review,abstract,these,2,23,0.08695652173913043,10,1.3010299956639813,0.11313304310121576
179,web application,Front-end deep learning web apps development and deployment: a review,abstract,deep,2,23,0.08695652173913043,13,1.1870866433571445,0.10322492550931692
179,web application,Front-end deep learning web apps development and deployment: a review,abstract,learning,2,23,0.08695652173913043,63,0.5016894462103995,0.043625169235686906
179,web application,Front-end deep learning web apps development and deployment: a review,abstract,web,3,23,0.13043478260869565,48,0.619788758288394,0.08084201195066008
179,web application,Front-end deep learning web apps development and deployment: a review,abstract,apps,2,23,0.08695652173913043,19,1.0222763947111522,0.08889359954010019
179,web application,Front-end deep learning web apps development and deployment: a review,abstract,raise,1,23,0.043478260869565216,1,2.3010299956639813,0.10004478242017309
179,web application,Front-end deep learning web apps development and deployment: a review,abstract,awareness,1,23,0.043478260869565216,1,2.3010299956639813,0.10004478242017309
179,web application,Front-end deep learning web apps development and deployment: a review,abstract,applications,1,23,0.043478260869565216,27,0.8696662315049939,0.03781157528282582
179,web application,Front-end deep learning web apps development and deployment: a review,abstract,divided,1,23,0.043478260869565216,1,2.3010299956639813,0.10004478242017309
179,web application,Front-end deep learning web apps development and deployment: a review,abstract,into,1,23,0.043478260869565216,2,2.0,0.08695652173913043
179,web application,Front-end deep learning web apps development and deployment: a review,abstract,seven,1,23,0.043478260869565216,1,2.3010299956639813,0.10004478242017309
179,web application,Front-end deep learning web apps development and deployment: a review,abstract,categories,1,23,0.043478260869565216,1,2.3010299956639813,0.10004478242017309
179,web application,Front-end deep learning web apps development and deployment: a review,abstract,show,1,23,0.043478260869565216,4,1.6989700043360187,0.07386826105808778
179,web application,Front-end deep learning web apps development and deployment: a review,abstract,potential,1,23,0.043478260869565216,3,1.8239087409443189,0.07930038004105734
179,web application,Front-end deep learning web apps development and deployment: a review,abstract,front,1,23,0.043478260869565216,1,2.3010299956639813,0.10004478242017309
179,web application,Front-end deep learning web apps development and deployment: a review,abstract,end,1,23,0.043478260869565216,1,2.3010299956639813,0.10004478242017309
179,web application,Front-end deep learning web apps development and deployment: a review,abstract,include,1,23,0.043478260869565216,1,2.3010299956639813,0.10004478242017309
180,web application,BEST: a web application for comprehensive biomarker exploration on large-scale data in solid tumors,title,best,1,11,0.09090909090909091,2,2.0,0.18181818181818182
180,web application,BEST: a web application for comprehensive biomarker exploration on large-scale data in solid tumors,title,web,1,11,0.09090909090909091,48,0.619788758288394,0.05634443257167218
180,web application,BEST: a web application for comprehensive biomarker exploration on large-scale data in solid tumors,title,application,1,11,0.09090909090909091,38,0.721246399047171,0.06556785445883373
180,web application,BEST: a web application for comprehensive biomarker exploration on large-scale data in solid tumors,title,comprehensive,1,11,0.09090909090909091,5,1.6020599913279623,0.1456418173934511
180,web application,BEST: a web application for comprehensive biomarker exploration on large-scale data in solid tumors,title,biomarker,1,11,0.09090909090909091,1,2.3010299956639813,0.20918454506036194
180,web application,BEST: a web application for comprehensive biomarker exploration on large-scale data in solid tumors,title,exploration,1,11,0.09090909090909091,2,2.0,0.18181818181818182
180,web application,BEST: a web application for comprehensive biomarker exploration on large-scale data in solid tumors,title,large,1,11,0.09090909090909091,2,2.0,0.18181818181818182
180,web application,BEST: a web application for comprehensive biomarker exploration on large-scale data in solid tumors,title,scale,1,11,0.09090909090909091,2,2.0,0.18181818181818182
180,web application,BEST: a web application for comprehensive biomarker exploration on large-scale data in solid tumors,title,data,1,11,0.09090909090909091,27,0.8696662315049939,0.079060566500454
180,web application,BEST: a web application for comprehensive biomarker exploration on large-scale data in solid tumors,title,solid,1,11,0.09090909090909091,1,2.3010299956639813,0.20918454506036194
180,web application,BEST: a web application for comprehensive biomarker exploration on large-scale data in solid tumors,title,tumors,1,11,0.09090909090909091,1,2.3010299956639813,0.20918454506036194
180,web application,BEST: a web application for comprehensive biomarker exploration on large-scale data in solid tumors,abstract,currently,1,20,0.05,1,2.3010299956639813,0.11505149978319906
180,web application,BEST: a web application for comprehensive biomarker exploration on large-scale data in solid tumors,abstract,several,1,20,0.05,2,2.0,0.1
180,web application,BEST: a web application for comprehensive biomarker exploration on large-scale data in solid tumors,abstract,open,1,20,0.05,5,1.6020599913279623,0.08010299956639812
180,web application,BEST: a web application for comprehensive biomarker exploration on large-scale data in solid tumors,abstract,access,1,20,0.05,5,1.6020599913279623,0.08010299956639812
180,web application,BEST: a web application for comprehensive biomarker exploration on large-scale data in solid tumors,abstract,web,3,20,0.15,48,0.619788758288394,0.09296831374325909
180,web application,BEST: a web application for comprehensive biomarker exploration on large-scale data in solid tumors,abstract,servers,1,20,0.05,2,2.0,0.1
180,web application,BEST: a web application for comprehensive biomarker exploration on large-scale data in solid tumors,abstract,allow,1,20,0.05,2,2.0,0.1
180,web application,BEST: a web application for comprehensive biomarker exploration on large-scale data in solid tumors,abstract,users,1,20,0.05,9,1.3467874862246563,0.06733937431123281
180,web application,BEST: a web application for comprehensive biomarker exploration on large-scale data in solid tumors,abstract,although,1,20,0.05,1,2.3010299956639813,0.11505149978319906
180,web application,BEST: a web application for comprehensive biomarker exploration on large-scale data in solid tumors,abstract,these,1,20,0.05,10,1.3010299956639813,0.06505149978319906
180,web application,BEST: a web application for comprehensive biomarker exploration on large-scale data in solid tumors,abstract,applications,1,20,0.05,27,0.8696662315049939,0.0434833115752497
180,web application,BEST: a web application for comprehensive biomarker exploration on large-scale data in solid tumors,abstract,valuable,1,20,0.05,1,2.3010299956639813,0.11505149978319906
180,web application,BEST: a web application for comprehensive biomarker exploration on large-scale data in solid tumors,abstract,broadly,1,20,0.05,1,2.3010299956639813,0.11505149978319906
180,web application,BEST: a web application for comprehensive biomarker exploration on large-scale data in solid tumors,abstract,best,1,20,0.05,2,2.0,0.1
180,web application,BEST: a web application for comprehensive biomarker exploration on large-scale data in solid tumors,abstract,based,1,20,0.05,18,1.045757490560675,0.052287874528033754
180,web application,BEST: a web application for comprehensive biomarker exploration on large-scale data in solid tumors,abstract,application,1,20,0.05,38,0.721246399047171,0.036062319952358556
180,web application,BEST: a web application for comprehensive biomarker exploration on large-scale data in solid tumors,abstract,comprehensive,1,20,0.05,5,1.6020599913279623,0.08010299956639812
180,web application,BEST: a web application for comprehensive biomarker exploration on large-scale data in solid tumors,abstract,biomarker,1,20,0.05,1,2.3010299956639813,0.11505149978319906
181,web application,DeepCrop: Deep learning-based crop disease prediction with web application,title,deepcrop,1,9,0.1111111111111111,1,2.3010299956639813,0.2556699995182201
181,web application,DeepCrop: Deep learning-based crop disease prediction with web application,title,deep,1,9,0.1111111111111111,13,1.1870866433571445,0.1318985159285716
181,web application,DeepCrop: Deep learning-based crop disease prediction with web application,title,learning,1,9,0.1111111111111111,63,0.5016894462103995,0.05574327180115549
181,web application,DeepCrop: Deep learning-based crop disease prediction with web application,title,based,1,9,0.1111111111111111,18,1.045757490560675,0.11619527672896389
181,web application,DeepCrop: Deep learning-based crop disease prediction with web application,title,crop,1,9,0.1111111111111111,1,2.3010299956639813,0.2556699995182201
181,web application,DeepCrop: Deep learning-based crop disease prediction with web application,title,disease,1,9,0.1111111111111111,4,1.6989700043360187,0.1887744449262243
181,web application,DeepCrop: Deep learning-based crop disease prediction with web application,title,prediction,1,9,0.1111111111111111,5,1.6020599913279623,0.17800666570310691
181,web application,DeepCrop: Deep learning-based crop disease prediction with web application,title,web,1,9,0.1111111111111111,48,0.619788758288394,0.06886541758759933
181,web application,DeepCrop: Deep learning-based crop disease prediction with web application,title,application,1,9,0.1111111111111111,38,0.721246399047171,0.080138488783019
181,web application,DeepCrop: Deep learning-based crop disease prediction with web application,abstract,smart,1,21,0.047619047619047616,7,1.4559319556497243,0.06933009312617734
181,web application,DeepCrop: Deep learning-based crop disease prediction with web application,abstract,web,2,21,0.09523809523809523,48,0.619788758288394,0.05902750078937085
181,web application,DeepCrop: Deep learning-based crop disease prediction with web application,abstract,application,3,21,0.14285714285714285,38,0.721246399047171,0.10303519986388157
181,web application,DeepCrop: Deep learning-based crop disease prediction with web application,abstract,real,1,21,0.047619047619047616,3,1.8239087409443189,0.08685279718782471
181,web application,DeepCrop: Deep learning-based crop disease prediction with web application,abstract,life,1,21,0.047619047619047616,3,1.8239087409443189,0.08685279718782471
181,web application,DeepCrop: Deep learning-based crop disease prediction with web application,abstract,crop,1,21,0.047619047619047616,1,2.3010299956639813,0.10957285693638005
181,web application,DeepCrop: Deep learning-based crop disease prediction with web application,abstract,disease,1,21,0.047619047619047616,4,1.6989700043360187,0.08090333353981041
181,web application,DeepCrop: Deep learning-based crop disease prediction with web application,abstract,prediction,1,21,0.047619047619047616,5,1.6020599913279623,0.07628857101561724
181,web application,DeepCrop: Deep learning-based crop disease prediction with web application,abstract,proposed,2,21,0.09523809523809523,2,2.0,0.19047619047619047
181,web application,DeepCrop: Deep learning-based crop disease prediction with web application,abstract,aims,1,21,0.047619047619047616,5,1.6020599913279623,0.07628857101561724
181,web application,DeepCrop: Deep learning-based crop disease prediction with web application,abstract,uses,1,21,0.047619047619047616,1,2.3010299956639813,0.10957285693638005
181,web application,DeepCrop: Deep learning-based crop disease prediction with web application,abstract,resnet50,1,21,0.047619047619047616,1,2.3010299956639813,0.10957285693638005
181,web application,DeepCrop: Deep learning-based crop disease prediction with web application,abstract,transfer,1,21,0.047619047619047616,1,2.3010299956639813,0.10957285693638005
181,web application,DeepCrop: Deep learning-based crop disease prediction with web application,abstract,learning,1,21,0.047619047619047616,63,0.5016894462103995,0.02388997362906664
181,web application,DeepCrop: Deep learning-based crop disease prediction with web application,abstract,model,1,21,0.047619047619047616,14,1.1549019599857433,0.054995331427892535
181,web application,DeepCrop: Deep learning-based crop disease prediction with web application,abstract,its,1,21,0.047619047619047616,4,1.6989700043360187,0.08090333353981041
181,web application,DeepCrop: Deep learning-based crop disease prediction with web application,abstract,heart,1,21,0.047619047619047616,1,2.3010299956639813,0.10957285693638005
182,web application,LCZ Generator: a web application to create Local Climate Zone maps,title,lcz,1,9,0.1111111111111111,1,2.3010299956639813,0.2556699995182201
182,web application,LCZ Generator: a web application to create Local Climate Zone maps,title,generator,1,9,0.1111111111111111,1,2.3010299956639813,0.2556699995182201
182,web application,LCZ Generator: a web application to create Local Climate Zone maps,title,web,1,9,0.1111111111111111,48,0.619788758288394,0.06886541758759933
182,web application,LCZ Generator: a web application to create Local Climate Zone maps,title,application,1,9,0.1111111111111111,38,0.721246399047171,0.080138488783019
182,web application,LCZ Generator: a web application to create Local Climate Zone maps,title,create,1,9,0.1111111111111111,2,2.0,0.2222222222222222
182,web application,LCZ Generator: a web application to create Local Climate Zone maps,title,local,1,9,0.1111111111111111,1,2.3010299956639813,0.2556699995182201
182,web application,LCZ Generator: a web application to create Local Climate Zone maps,title,climate,1,9,0.1111111111111111,2,2.0,0.2222222222222222
182,web application,LCZ Generator: a web application to create Local Climate Zone maps,title,zone,1,9,0.1111111111111111,1,2.3010299956639813,0.2556699995182201
182,web application,LCZ Generator: a web application to create Local Climate Zone maps,title,maps,1,9,0.1111111111111111,2,2.0,0.2222222222222222
182,web application,LCZ Generator: a web application to create Local Climate Zone maps,abstract,paper,1,19,0.05263157894736842,4,1.6989700043360187,0.08941947391242204
182,web application,LCZ Generator: a web application to create Local Climate Zone maps,abstract,performance,1,19,0.05263157894736842,5,1.6020599913279623,0.08431894691199801
182,web application,LCZ Generator: a web application to create Local Climate Zone maps,abstract,lcz,1,19,0.05263157894736842,1,2.3010299956639813,0.12110684187705163
182,web application,LCZ Generator: a web application to create Local Climate Zone maps,abstract,generator,1,19,0.05263157894736842,1,2.3010299956639813,0.12110684187705163
182,web application,LCZ Generator: a web application to create Local Climate Zone maps,abstract,web,1,19,0.05263157894736842,48,0.619788758288394,0.032620460962547046
182,web application,LCZ Generator: a web application to create Local Climate Zone maps,abstract,application,1,19,0.05263157894736842,38,0.721246399047171,0.037960336791956366
182,web application,LCZ Generator: a web application to create Local Climate Zone maps,abstract,demonstrated,1,19,0.05263157894736842,1,2.3010299956639813,0.12110684187705163
182,web application,LCZ Generator: a web application to create Local Climate Zone maps,abstract,via,1,19,0.05263157894736842,6,1.5228787452803376,0.08015151290949145
182,web application,LCZ Generator: a web application to create Local Climate Zone maps,abstract,three,2,19,0.10526315789473684,4,1.6989700043360187,0.17883894782484408
182,web application,LCZ Generator: a web application to create Local Climate Zone maps,abstract,new,1,19,0.05263157894736842,11,1.2596373105057561,0.06629670055293453
182,web application,LCZ Generator: a web application to create Local Climate Zone maps,abstract,ta,1,19,0.05263157894736842,1,2.3010299956639813,0.12110684187705163
182,web application,LCZ Generator: a web application to create Local Climate Zone maps,abstract,samples,1,19,0.05263157894736842,1,2.3010299956639813,0.12110684187705163
182,web application,LCZ Generator: a web application to create Local Climate Zone maps,abstract,compiled,1,19,0.05263157894736842,2,2.0,0.10526315789473684
182,web application,LCZ Generator: a web application to create Local Climate Zone maps,abstract,student,1,19,0.05263157894736842,2,2.0,0.10526315789473684
182,web application,LCZ Generator: a web application to create Local Climate Zone maps,abstract,assistants,1,19,0.05263157894736842,1,2.3010299956639813,0.12110684187705163
182,web application,LCZ Generator: a web application to create Local Climate Zone maps,abstract,ruhr,1,19,0.05263157894736842,1,2.3010299956639813,0.12110684187705163
182,web application,LCZ Generator: a web application to create Local Climate Zone maps,abstract,university,1,19,0.05263157894736842,1,2.3010299956639813,0.12110684187705163
182,web application,LCZ Generator: a web application to create Local Climate Zone maps,abstract,bochum,1,19,0.05263157894736842,1,2.3010299956639813,0.12110684187705163
183,web application,"Tree Visualization By One Table (tvBOT): a web application for visualizing, modifying and annotating phylogenetic trees",title,tree,1,12,0.08333333333333333,2,2.0,0.16666666666666666
183,web application,"Tree Visualization By One Table (tvBOT): a web application for visualizing, modifying and annotating phylogenetic trees",title,visualization,1,12,0.08333333333333333,2,2.0,0.16666666666666666
183,web application,"Tree Visualization By One Table (tvBOT): a web application for visualizing, modifying and annotating phylogenetic trees",title,one,1,12,0.08333333333333333,4,1.6989700043360187,0.14158083369466823
183,web application,"Tree Visualization By One Table (tvBOT): a web application for visualizing, modifying and annotating phylogenetic trees",title,table,1,12,0.08333333333333333,1,2.3010299956639813,0.19175249963866509
183,web application,"Tree Visualization By One Table (tvBOT): a web application for visualizing, modifying and annotating phylogenetic trees",title,tvbot,1,12,0.08333333333333333,1,2.3010299956639813,0.19175249963866509
183,web application,"Tree Visualization By One Table (tvBOT): a web application for visualizing, modifying and annotating phylogenetic trees",title,web,1,12,0.08333333333333333,48,0.619788758288394,0.05164906319069949
183,web application,"Tree Visualization By One Table (tvBOT): a web application for visualizing, modifying and annotating phylogenetic trees",title,application,1,12,0.08333333333333333,38,0.721246399047171,0.06010386658726425
183,web application,"Tree Visualization By One Table (tvBOT): a web application for visualizing, modifying and annotating phylogenetic trees",title,visualizing,1,12,0.08333333333333333,1,2.3010299956639813,0.19175249963866509
183,web application,"Tree Visualization By One Table (tvBOT): a web application for visualizing, modifying and annotating phylogenetic trees",title,modifying,1,12,0.08333333333333333,1,2.3010299956639813,0.19175249963866509
183,web application,"Tree Visualization By One Table (tvBOT): a web application for visualizing, modifying and annotating phylogenetic trees",title,annotating,1,12,0.08333333333333333,1,2.3010299956639813,0.19175249963866509
183,web application,"Tree Visualization By One Table (tvBOT): a web application for visualizing, modifying and annotating phylogenetic trees",title,phylogenetic,1,12,0.08333333333333333,1,2.3010299956639813,0.19175249963866509
183,web application,"Tree Visualization By One Table (tvBOT): a web application for visualizing, modifying and annotating phylogenetic trees",title,trees,1,12,0.08333333333333333,1,2.3010299956639813,0.19175249963866509
183,web application,"Tree Visualization By One Table (tvBOT): a web application for visualizing, modifying and annotating phylogenetic trees",abstract,tvbot,1,18,0.05555555555555555,1,2.3010299956639813,0.12783499975911006
183,web application,"Tree Visualization By One Table (tvBOT): a web application for visualizing, modifying and annotating phylogenetic trees",abstract,user,1,18,0.05555555555555555,9,1.3467874862246563,0.0748215270124809
183,web application,"Tree Visualization By One Table (tvBOT): a web application for visualizing, modifying and annotating phylogenetic trees",abstract,friendly,1,18,0.05555555555555555,2,2.0,0.1111111111111111
183,web application,"Tree Visualization By One Table (tvBOT): a web application for visualizing, modifying and annotating phylogenetic trees",abstract,efficient,2,18,0.1111111111111111,1,2.3010299956639813,0.2556699995182201
183,web application,"Tree Visualization By One Table (tvBOT): a web application for visualizing, modifying and annotating phylogenetic trees",abstract,web,1,18,0.05555555555555555,48,0.619788758288394,0.034432708793799664
183,web application,"Tree Visualization By One Table (tvBOT): a web application for visualizing, modifying and annotating phylogenetic trees",abstract,application,1,18,0.05555555555555555,38,0.721246399047171,0.0400692443915095
183,web application,"Tree Visualization By One Table (tvBOT): a web application for visualizing, modifying and annotating phylogenetic trees",abstract,visualizing,1,18,0.05555555555555555,1,2.3010299956639813,0.12783499975911006
183,web application,"Tree Visualization By One Table (tvBOT): a web application for visualizing, modifying and annotating phylogenetic trees",abstract,modifying,1,18,0.05555555555555555,1,2.3010299956639813,0.12783499975911006
183,web application,"Tree Visualization By One Table (tvBOT): a web application for visualizing, modifying and annotating phylogenetic trees",abstract,annotating,1,18,0.05555555555555555,1,2.3010299956639813,0.12783499975911006
183,web application,"Tree Visualization By One Table (tvBOT): a web application for visualizing, modifying and annotating phylogenetic trees",abstract,phylogenetic,1,18,0.05555555555555555,1,2.3010299956639813,0.12783499975911006
183,web application,"Tree Visualization By One Table (tvBOT): a web application for visualizing, modifying and annotating phylogenetic trees",abstract,trees,1,18,0.05555555555555555,1,2.3010299956639813,0.12783499975911006
183,web application,"Tree Visualization By One Table (tvBOT): a web application for visualizing, modifying and annotating phylogenetic trees",abstract,highly,1,18,0.05555555555555555,2,2.0,0.1111111111111111
183,web application,"Tree Visualization By One Table (tvBOT): a web application for visualizing, modifying and annotating phylogenetic trees",abstract,data,1,18,0.05555555555555555,27,0.8696662315049939,0.04831479063916633
183,web application,"Tree Visualization By One Table (tvBOT): a web application for visualizing, modifying and annotating phylogenetic trees",abstract,preparation,1,18,0.05555555555555555,2,2.0,0.1111111111111111
183,web application,"Tree Visualization By One Table (tvBOT): a web application for visualizing, modifying and annotating phylogenetic trees",abstract,without,1,18,0.05555555555555555,1,2.3010299956639813,0.12783499975911006
183,web application,"Tree Visualization By One Table (tvBOT): a web application for visualizing, modifying and annotating phylogenetic trees",abstract,requiring,1,18,0.05555555555555555,1,2.3010299956639813,0.12783499975911006
183,web application,"Tree Visualization By One Table (tvBOT): a web application for visualizing, modifying and annotating phylogenetic trees",abstract,redundant,1,18,0.05555555555555555,1,2.3010299956639813,0.12783499975911006
184,web application,iDEP web application for RNA-seq data analysis,title,idep,1,7,0.14285714285714285,1,2.3010299956639813,0.3287185708091402
184,web application,iDEP web application for RNA-seq data analysis,title,web,1,7,0.14285714285714285,48,0.619788758288394,0.08854125118405627
184,web application,iDEP web application for RNA-seq data analysis,title,application,1,7,0.14285714285714285,38,0.721246399047171,0.10303519986388157
184,web application,iDEP web application for RNA-seq data analysis,title,rna,1,7,0.14285714285714285,1,2.3010299956639813,0.3287185708091402
184,web application,iDEP web application for RNA-seq data analysis,title,seq,1,7,0.14285714285714285,1,2.3010299956639813,0.3287185708091402
184,web application,iDEP web application for RNA-seq data analysis,title,data,1,7,0.14285714285714285,27,0.8696662315049939,0.12423803307214198
184,web application,iDEP web application for RNA-seq data analysis,title,analysis,1,7,0.14285714285714285,13,1.1870866433571445,0.16958380619387778
184,web application,iDEP web application for RNA-seq data analysis,abstract,through,1,19,0.05263157894736842,4,1.6989700043360187,0.08941947391242204
184,web application,iDEP web application for RNA-seq data analysis,abstract,example,1,19,0.05263157894736842,2,2.0,0.10526315789473684
184,web application,iDEP web application for RNA-seq data analysis,abstract,we,1,19,0.05263157894736842,28,0.853871964321762,0.04494062970114537
184,web application,iDEP web application for RNA-seq data analysis,abstract,demonstrate,1,19,0.05263157894736842,1,2.3010299956639813,0.12110684187705163
184,web application,iDEP web application for RNA-seq data analysis,abstract,how,1,19,0.05263157894736842,8,1.3979400086720377,0.07357578993010724
184,web application,iDEP web application for RNA-seq data analysis,abstract,web,1,19,0.05263157894736842,48,0.619788758288394,0.032620460962547046
184,web application,iDEP web application for RNA-seq data analysis,abstract,application,1,19,0.05263157894736842,38,0.721246399047171,0.037960336791956366
184,web application,iDEP web application for RNA-seq data analysis,abstract,democratizes,1,19,0.05263157894736842,1,2.3010299956639813,0.12110684187705163
184,web application,iDEP web application for RNA-seq data analysis,abstract,access,1,19,0.05263157894736842,5,1.6020599913279623,0.08431894691199801
184,web application,iDEP web application for RNA-seq data analysis,abstract,high,1,19,0.05263157894736842,3,1.8239087409443189,0.09599519689180624
184,web application,iDEP web application for RNA-seq data analysis,abstract,throughput,1,19,0.05263157894736842,1,2.3010299956639813,0.12110684187705163
184,web application,iDEP web application for RNA-seq data analysis,abstract,technologies,1,19,0.05263157894736842,5,1.6020599913279623,0.08431894691199801
184,web application,iDEP web application for RNA-seq data analysis,abstract,help,1,19,0.05263157894736842,5,1.6020599913279623,0.08431894691199801
184,web application,iDEP web application for RNA-seq data analysis,abstract,biologists,1,19,0.05263157894736842,2,2.0,0.10526315789473684
184,web application,iDEP web application for RNA-seq data analysis,abstract,pinpoint,1,19,0.05263157894736842,1,2.3010299956639813,0.12110684187705163
184,web application,iDEP web application for RNA-seq data analysis,abstract,molecular,1,19,0.05263157894736842,2,2.0,0.10526315789473684
184,web application,iDEP web application for RNA-seq data analysis,abstract,pathways,1,19,0.05263157894736842,1,2.3010299956639813,0.12110684187705163
184,web application,iDEP web application for RNA-seq data analysis,abstract,large,1,19,0.05263157894736842,2,2.0,0.10526315789473684
184,web application,iDEP web application for RNA-seq data analysis,abstract,data,1,19,0.05263157894736842,27,0.8696662315049939,0.04577190692131546
185,web application,MiBiOmics: an interactive web application for multi-omics data exploration and integration,title,mibiomics,1,9,0.1111111111111111,1,2.3010299956639813,0.2556699995182201
185,web application,MiBiOmics: an interactive web application for multi-omics data exploration and integration,title,interactive,1,9,0.1111111111111111,2,2.0,0.2222222222222222
185,web application,MiBiOmics: an interactive web application for multi-omics data exploration and integration,title,web,1,9,0.1111111111111111,48,0.619788758288394,0.06886541758759933
185,web application,MiBiOmics: an interactive web application for multi-omics data exploration and integration,title,application,1,9,0.1111111111111111,38,0.721246399047171,0.080138488783019
185,web application,MiBiOmics: an interactive web application for multi-omics data exploration and integration,title,multi,1,9,0.1111111111111111,2,2.0,0.2222222222222222
185,web application,MiBiOmics: an interactive web application for multi-omics data exploration and integration,title,omics,1,9,0.1111111111111111,1,2.3010299956639813,0.2556699995182201
185,web application,MiBiOmics: an interactive web application for multi-omics data exploration and integration,title,data,1,9,0.1111111111111111,27,0.8696662315049939,0.09662958127833265
185,web application,MiBiOmics: an interactive web application for multi-omics data exploration and integration,title,exploration,1,9,0.1111111111111111,2,2.0,0.2222222222222222
185,web application,MiBiOmics: an interactive web application for multi-omics data exploration and integration,title,integration,1,9,0.1111111111111111,1,2.3010299956639813,0.2556699995182201
185,web application,MiBiOmics: an interactive web application for multi-omics data exploration and integration,abstract,here,1,19,0.05263157894736842,2,2.0,0.10526315789473684
185,web application,MiBiOmics: an interactive web application for multi-omics data exploration and integration,abstract,we,1,19,0.05263157894736842,28,0.853871964321762,0.04494062970114537
185,web application,MiBiOmics: an interactive web application for multi-omics data exploration and integration,abstract,present,1,19,0.05263157894736842,4,1.6989700043360187,0.08941947391242204
185,web application,MiBiOmics: an interactive web application for multi-omics data exploration and integration,abstract,mibiomics,1,19,0.05263157894736842,1,2.3010299956639813,0.12110684187705163
185,web application,MiBiOmics: an interactive web application for multi-omics data exploration and integration,abstract,web,1,19,0.05263157894736842,48,0.619788758288394,0.032620460962547046
185,web application,MiBiOmics: an interactive web application for multi-omics data exploration and integration,abstract,based,1,19,0.05263157894736842,18,1.045757490560675,0.055039867924246054
185,web application,MiBiOmics: an interactive web application for multi-omics data exploration and integration,abstract,standalone,1,19,0.05263157894736842,1,2.3010299956639813,0.12110684187705163
185,web application,MiBiOmics: an interactive web application for multi-omics data exploration and integration,abstract,application,1,19,0.05263157894736842,38,0.721246399047171,0.037960336791956366
185,web application,MiBiOmics: an interactive web application for multi-omics data exploration and integration,abstract,facilitates,1,19,0.05263157894736842,1,2.3010299956639813,0.12110684187705163
185,web application,MiBiOmics: an interactive web application for multi-omics data exploration and integration,abstract,multi,1,19,0.05263157894736842,2,2.0,0.10526315789473684
185,web application,MiBiOmics: an interactive web application for multi-omics data exploration and integration,abstract,omics,1,19,0.05263157894736842,1,2.3010299956639813,0.12110684187705163
185,web application,MiBiOmics: an interactive web application for multi-omics data exploration and integration,abstract,data,1,19,0.05263157894736842,27,0.8696662315049939,0.04577190692131546
185,web application,MiBiOmics: an interactive web application for multi-omics data exploration and integration,abstract,visualization,1,19,0.05263157894736842,2,2.0,0.10526315789473684
185,web application,MiBiOmics: an interactive web application for multi-omics data exploration and integration,abstract,exploration,1,19,0.05263157894736842,2,2.0,0.10526315789473684
185,web application,MiBiOmics: an interactive web application for multi-omics data exploration and integration,abstract,integration,1,19,0.05263157894736842,1,2.3010299956639813,0.12110684187705163
185,web application,MiBiOmics: an interactive web application for multi-omics data exploration and integration,abstract,analysis,1,19,0.05263157894736842,13,1.1870866433571445,0.06247824438721813
185,web application,MiBiOmics: an interactive web application for multi-omics data exploration and integration,abstract,providing,1,19,0.05263157894736842,2,2.0,0.10526315789473684
185,web application,MiBiOmics: an interactive web application for multi-omics data exploration and integration,abstract,easy,1,19,0.05263157894736842,2,2.0,0.10526315789473684
185,web application,MiBiOmics: an interactive web application for multi-omics data exploration and integration,abstract,access,1,19,0.05263157894736842,5,1.6020599913279623,0.08431894691199801
186,web application,Coronapp: A web application to annotate and monitor SARS‐CoV‐2 mutations,title,coronapp,1,8,0.125,1,2.3010299956639813,0.28762874945799766
186,web application,Coronapp: A web application to annotate and monitor SARS‐CoV‐2 mutations,title,web,1,8,0.125,48,0.619788758288394,0.07747359478604925
186,web application,Coronapp: A web application to annotate and monitor SARS‐CoV‐2 mutations,title,application,1,8,0.125,38,0.721246399047171,0.09015579988089638
186,web application,Coronapp: A web application to annotate and monitor SARS‐CoV‐2 mutations,title,annotate,1,8,0.125,1,2.3010299956639813,0.28762874945799766
186,web application,Coronapp: A web application to annotate and monitor SARS‐CoV‐2 mutations,title,monitor,1,8,0.125,1,2.3010299956639813,0.28762874945799766
186,web application,Coronapp: A web application to annotate and monitor SARS‐CoV‐2 mutations,title,sars,1,8,0.125,1,2.3010299956639813,0.28762874945799766
186,web application,Coronapp: A web application to annotate and monitor SARS‐CoV‐2 mutations,title,cov,1,8,0.125,1,2.3010299956639813,0.28762874945799766
186,web application,Coronapp: A web application to annotate and monitor SARS‐CoV‐2 mutations,title,mutations,1,8,0.125,1,2.3010299956639813,0.28762874945799766
186,web application,Coronapp: A web application to annotate and monitor SARS‐CoV‐2 mutations,abstract,overcome,1,21,0.047619047619047616,1,2.3010299956639813,0.10957285693638005
186,web application,Coronapp: A web application to annotate and monitor SARS‐CoV‐2 mutations,abstract,these,1,21,0.047619047619047616,10,1.3010299956639813,0.06195380931733244
186,web application,Coronapp: A web application to annotate and monitor SARS‐CoV‐2 mutations,abstract,limitations,1,21,0.047619047619047616,1,2.3010299956639813,0.10957285693638005
186,web application,Coronapp: A web application to annotate and monitor SARS‐CoV‐2 mutations,abstract,we,1,21,0.047619047619047616,28,0.853871964321762,0.040660569729607715
186,web application,Coronapp: A web application to annotate and monitor SARS‐CoV‐2 mutations,abstract,have,1,21,0.047619047619047616,4,1.6989700043360187,0.08090333353981041
186,web application,Coronapp: A web application to annotate and monitor SARS‐CoV‐2 mutations,abstract,developed,1,21,0.047619047619047616,3,1.8239087409443189,0.08685279718782471
186,web application,Coronapp: A web application to annotate and monitor SARS‐CoV‐2 mutations,abstract,coronapp,1,21,0.047619047619047616,1,2.3010299956639813,0.10957285693638005
186,web application,Coronapp: A web application to annotate and monitor SARS‐CoV‐2 mutations,abstract,web,1,21,0.047619047619047616,48,0.619788758288394,0.029513750394685425
186,web application,Coronapp: A web application to annotate and monitor SARS‐CoV‐2 mutations,abstract,application,1,21,0.047619047619047616,38,0.721246399047171,0.03434506662129386
186,web application,Coronapp: A web application to annotate and monitor SARS‐CoV‐2 mutations,abstract,two,1,21,0.047619047619047616,2,2.0,0.09523809523809523
186,web application,Coronapp: A web application to annotate and monitor SARS‐CoV‐2 mutations,abstract,purposes,1,21,0.047619047619047616,1,2.3010299956639813,0.10957285693638005
186,web application,Coronapp: A web application to annotate and monitor SARS‐CoV‐2 mutations,abstract,real,1,21,0.047619047619047616,3,1.8239087409443189,0.08685279718782471
186,web application,Coronapp: A web application to annotate and monitor SARS‐CoV‐2 mutations,abstract,time,1,21,0.047619047619047616,5,1.6020599913279623,0.07628857101561724
186,web application,Coronapp: A web application to annotate and monitor SARS‐CoV‐2 mutations,abstract,tracking,1,21,0.047619047619047616,1,2.3010299956639813,0.10957285693638005
186,web application,Coronapp: A web application to annotate and monitor SARS‐CoV‐2 mutations,abstract,sars,1,21,0.047619047619047616,1,2.3010299956639813,0.10957285693638005
186,web application,Coronapp: A web application to annotate and monitor SARS‐CoV‐2 mutations,abstract,cov,1,21,0.047619047619047616,1,2.3010299956639813,0.10957285693638005
186,web application,Coronapp: A web application to annotate and monitor SARS‐CoV‐2 mutations,abstract,mutational,1,21,0.047619047619047616,1,2.3010299956639813,0.10957285693638005
186,web application,Coronapp: A web application to annotate and monitor SARS‐CoV‐2 mutations,abstract,status,1,21,0.047619047619047616,1,2.3010299956639813,0.10957285693638005
186,web application,Coronapp: A web application to annotate and monitor SARS‐CoV‐2 mutations,abstract,annotation,1,21,0.047619047619047616,1,2.3010299956639813,0.10957285693638005
186,web application,Coronapp: A web application to annotate and monitor SARS‐CoV‐2 mutations,abstract,user,1,21,0.047619047619047616,9,1.3467874862246563,0.06413273743926934
186,web application,Coronapp: A web application to annotate and monitor SARS‐CoV‐2 mutations,abstract,provided,1,21,0.047619047619047616,1,2.3010299956639813,0.10957285693638005
187,web application,Development of interactive biological web applications with R/Shiny,title,development,1,6,0.16666666666666666,9,1.3467874862246563,0.2244645810374427
187,web application,Development of interactive biological web applications with R/Shiny,title,interactive,1,6,0.16666666666666666,2,2.0,0.3333333333333333
187,web application,Development of interactive biological web applications with R/Shiny,title,biological,1,6,0.16666666666666666,1,2.3010299956639813,0.38350499927733017
187,web application,Development of interactive biological web applications with R/Shiny,title,web,1,6,0.16666666666666666,48,0.619788758288394,0.10329812638139899
187,web application,Development of interactive biological web applications with R/Shiny,title,applications,1,6,0.16666666666666666,27,0.8696662315049939,0.14494437191749898
187,web application,Development of interactive biological web applications with R/Shiny,title,shiny,1,6,0.16666666666666666,1,2.3010299956639813,0.38350499927733017
187,web application,Development of interactive biological web applications with R/Shiny,abstract,web,5,22,0.22727272727272727,48,0.619788758288394,0.14086108142918044
187,web application,Development of interactive biological web applications with R/Shiny,abstract,techniques,2,22,0.09090909090909091,4,1.6989700043360187,0.1544518185760017
187,web application,Development of interactive biological web applications with R/Shiny,abstract,used,1,22,0.045454545454545456,7,1.4559319556497243,0.06617872525680565
187,web application,Development of interactive biological web applications with R/Shiny,abstract,build,2,22,0.09090909090909091,2,2.0,0.18181818181818182
187,web application,Development of interactive biological web applications with R/Shiny,abstract,biological,2,22,0.09090909090909091,1,2.3010299956639813,0.20918454506036194
187,web application,Development of interactive biological web applications with R/Shiny,abstract,applications,2,22,0.09090909090909091,27,0.8696662315049939,0.079060566500454
187,web application,Development of interactive biological web applications with R/Shiny,abstract,recent,1,22,0.045454545454545456,5,1.6020599913279623,0.07282090869672556
187,web application,Development of interactive biological web applications with R/Shiny,abstract,studies,1,22,0.045454545454545456,6,1.5228787452803376,0.06922176114910626
187,web application,Development of interactive biological web applications with R/Shiny,abstract,get,1,22,0.045454545454545456,2,2.0,0.09090909090909091
187,web application,Development of interactive biological web applications with R/Shiny,abstract,full,1,22,0.045454545454545456,1,2.3010299956639813,0.10459227253018097
187,web application,Development of interactive biological web applications with R/Shiny,abstract,picture,1,22,0.045454545454545456,1,2.3010299956639813,0.10459227253018097
187,web application,Development of interactive biological web applications with R/Shiny,abstract,utilized,1,22,0.045454545454545456,1,2.3010299956639813,0.10459227253018097
187,web application,Development of interactive biological web applications with R/Shiny,abstract,issues,1,22,0.045454545454545456,5,1.6020599913279623,0.07282090869672556
187,web application,Development of interactive biological web applications with R/Shiny,abstract,servers,1,22,0.045454545454545456,2,2.0,0.09090909090909091
188,web application,Machine learning based diabetes prediction and development of smart web application,title,machine,1,9,0.1111111111111111,54,0.5686362358410126,0.06318180398233474
188,web application,Machine learning based diabetes prediction and development of smart web application,title,learning,1,9,0.1111111111111111,63,0.5016894462103995,0.05574327180115549
188,web application,Machine learning based diabetes prediction and development of smart web application,title,based,1,9,0.1111111111111111,18,1.045757490560675,0.11619527672896389
188,web application,Machine learning based diabetes prediction and development of smart web application,title,diabetes,1,9,0.1111111111111111,2,2.0,0.2222222222222222
188,web application,Machine learning based diabetes prediction and development of smart web application,title,prediction,1,9,0.1111111111111111,5,1.6020599913279623,0.17800666570310691
188,web application,Machine learning based diabetes prediction and development of smart web application,title,development,1,9,0.1111111111111111,9,1.3467874862246563,0.1496430540249618
188,web application,Machine learning based diabetes prediction and development of smart web application,title,smart,1,9,0.1111111111111111,7,1.4559319556497243,0.1617702172944138
188,web application,Machine learning based diabetes prediction and development of smart web application,title,web,1,9,0.1111111111111111,48,0.619788758288394,0.06886541758759933
188,web application,Machine learning based diabetes prediction and development of smart web application,title,application,1,9,0.1111111111111111,38,0.721246399047171,0.080138488783019
188,web application,Machine learning based diabetes prediction and development of smart web application,abstract,we,1,18,0.05555555555555555,28,0.853871964321762,0.047437331351209
188,web application,Machine learning based diabetes prediction and development of smart web application,abstract,integrate,1,18,0.05555555555555555,1,2.3010299956639813,0.12783499975911006
188,web application,Machine learning based diabetes prediction and development of smart web application,abstract,model,1,18,0.05555555555555555,14,1.1549019599857433,0.06416121999920796
188,web application,Machine learning based diabetes prediction and development of smart web application,abstract,web,2,18,0.1111111111111111,48,0.619788758288394,0.06886541758759933
188,web application,Machine learning based diabetes prediction and development of smart web application,abstract,application,1,18,0.05555555555555555,38,0.721246399047171,0.0400692443915095
188,web application,Machine learning based diabetes prediction and development of smart web application,abstract,using,1,18,0.05555555555555555,15,1.1249387366083,0.06249659647823888
188,web application,Machine learning based diabetes prediction and development of smart web application,abstract,python,1,18,0.05555555555555555,2,2.0,0.1111111111111111
188,web application,Machine learning based diabetes prediction and development of smart web application,abstract,flask,1,18,0.05555555555555555,1,2.3010299956639813,0.12783499975911006
188,web application,Machine learning based diabetes prediction and development of smart web application,abstract,development,1,18,0.05555555555555555,9,1.3467874862246563,0.0748215270124809
188,web application,Machine learning based diabetes prediction and development of smart web application,abstract,framework,1,18,0.05555555555555555,5,1.6020599913279623,0.08900333285155346
188,web application,Machine learning based diabetes prediction and development of smart web application,abstract,results,1,18,0.05555555555555555,5,1.6020599913279623,0.08900333285155346
188,web application,Machine learning based diabetes prediction and development of smart web application,abstract,study,1,18,0.05555555555555555,13,1.1870866433571445,0.0659492579642858
188,web application,Machine learning based diabetes prediction and development of smart web application,abstract,suggest,1,18,0.05555555555555555,1,2.3010299956639813,0.12783499975911006
188,web application,Machine learning based diabetes prediction and development of smart web application,abstract,appropriate,1,18,0.05555555555555555,2,2.0,0.1111111111111111
188,web application,Machine learning based diabetes prediction and development of smart web application,abstract,preprocessing,1,18,0.05555555555555555,1,2.3010299956639813,0.12783499975911006
188,web application,Machine learning based diabetes prediction and development of smart web application,abstract,pipeline,1,18,0.05555555555555555,1,2.3010299956639813,0.12783499975911006
188,web application,Machine learning based diabetes prediction and development of smart web application,abstract,clinical,1,18,0.05555555555555555,1,2.3010299956639813,0.12783499975911006
189,web application,A systematic literature review on the characteristics and effectiveness of web application vulnerability scanners,title,systematic,1,9,0.1111111111111111,14,1.1549019599857433,0.12832243999841592
189,web application,A systematic literature review on the characteristics and effectiveness of web application vulnerability scanners,title,literature,1,9,0.1111111111111111,9,1.3467874862246563,0.1496430540249618
189,web application,A systematic literature review on the characteristics and effectiveness of web application vulnerability scanners,title,review,1,9,0.1111111111111111,26,0.8860566476931633,0.0984507386325737
189,web application,A systematic literature review on the characteristics and effectiveness of web application vulnerability scanners,title,characteristics,1,9,0.1111111111111111,1,2.3010299956639813,0.2556699995182201
189,web application,A systematic literature review on the characteristics and effectiveness of web application vulnerability scanners,title,effectiveness,1,9,0.1111111111111111,2,2.0,0.2222222222222222
189,web application,A systematic literature review on the characteristics and effectiveness of web application vulnerability scanners,title,web,1,9,0.1111111111111111,48,0.619788758288394,0.06886541758759933
189,web application,A systematic literature review on the characteristics and effectiveness of web application vulnerability scanners,title,application,1,9,0.1111111111111111,38,0.721246399047171,0.080138488783019
189,web application,A systematic literature review on the characteristics and effectiveness of web application vulnerability scanners,title,vulnerability,1,9,0.1111111111111111,1,2.3010299956639813,0.2556699995182201
189,web application,A systematic literature review on the characteristics and effectiveness of web application vulnerability scanners,title,scanners,1,9,0.1111111111111111,1,2.3010299956639813,0.2556699995182201
189,web application,A systematic literature review on the characteristics and effectiveness of web application vulnerability scanners,abstract,web,3,18,0.16666666666666666,48,0.619788758288394,0.10329812638139899
189,web application,A systematic literature review on the characteristics and effectiveness of web application vulnerability scanners,abstract,applications,3,18,0.16666666666666666,27,0.8696662315049939,0.14494437191749898
189,web application,A systematic literature review on the characteristics and effectiveness of web application vulnerability scanners,abstract,theses,1,18,0.05555555555555555,1,2.3010299956639813,0.12783499975911006
189,web application,A systematic literature review on the characteristics and effectiveness of web application vulnerability scanners,abstract,scanners,1,18,0.05555555555555555,1,2.3010299956639813,0.12783499975911006
189,web application,A systematic literature review on the characteristics and effectiveness of web application vulnerability scanners,abstract,have,1,18,0.05555555555555555,4,1.6989700043360187,0.09438722246311215
189,web application,A systematic literature review on the characteristics and effectiveness of web application vulnerability scanners,abstract,capability,1,18,0.05555555555555555,1,2.3010299956639813,0.12783499975911006
189,web application,A systematic literature review on the characteristics and effectiveness of web application vulnerability scanners,abstract,automatically,1,18,0.05555555555555555,1,2.3010299956639813,0.12783499975911006
189,web application,A systematic literature review on the characteristics and effectiveness of web application vulnerability scanners,abstract,evaluating,1,18,0.05555555555555555,3,1.8239087409443189,0.10132826338579548
189,web application,A systematic literature review on the characteristics and effectiveness of web application vulnerability scanners,abstract,security,1,18,0.05555555555555555,31,0.8096683018297085,0.04498157232387269
189,web application,A systematic literature review on the characteristics and effectiveness of web application vulnerability scanners,abstract,analysts,1,18,0.05555555555555555,1,2.3010299956639813,0.12783499975911006
189,web application,A systematic literature review on the characteristics and effectiveness of web application vulnerability scanners,abstract,discover,1,18,0.05555555555555555,1,2.3010299956639813,0.12783499975911006
189,web application,A systematic literature review on the characteristics and effectiveness of web application vulnerability scanners,abstract,vulnerabilities,1,18,0.05555555555555555,1,2.3010299956639813,0.12783499975911006
189,web application,A systematic literature review on the characteristics and effectiveness of web application vulnerability scanners,abstract,however,1,18,0.05555555555555555,2,2.0,0.1111111111111111
189,web application,A systematic literature review on the characteristics and effectiveness of web application vulnerability scanners,abstract,these,1,18,0.05555555555555555,10,1.3010299956639813,0.0722794442035545
190,web application,Security testing of web applications: A systematic mapping of the literature,title,security,1,7,0.14285714285714285,31,0.8096683018297085,0.11566690026138693
190,web application,Security testing of web applications: A systematic mapping of the literature,title,testing,1,7,0.14285714285714285,4,1.6989700043360187,0.24271000061943124
190,web application,Security testing of web applications: A systematic mapping of the literature,title,web,1,7,0.14285714285714285,48,0.619788758288394,0.08854125118405627
190,web application,Security testing of web applications: A systematic mapping of the literature,title,applications,1,7,0.14285714285714285,27,0.8696662315049939,0.12423803307214198
190,web application,Security testing of web applications: A systematic mapping of the literature,title,systematic,1,7,0.14285714285714285,14,1.1549019599857433,0.1649859942836776
190,web application,Security testing of web applications: A systematic mapping of the literature,title,mapping,1,7,0.14285714285714285,2,2.0,0.2857142857142857
190,web application,Security testing of web applications: A systematic mapping of the literature,title,literature,1,7,0.14285714285714285,9,1.3467874862246563,0.19239821231780802
190,web application,Security testing of web applications: A systematic mapping of the literature,abstract,review,1,21,0.047619047619047616,26,0.8860566476931633,0.04219317369967444
190,web application,Security testing of web applications: A systematic mapping of the literature,abstract,paper,1,21,0.047619047619047616,4,1.6989700043360187,0.08090333353981041
190,web application,Security testing of web applications: A systematic mapping of the literature,abstract,provides,1,21,0.047619047619047616,5,1.6020599913279623,0.07628857101561724
190,web application,Security testing of web applications: A systematic mapping of the literature,abstract,overview,1,21,0.047619047619047616,6,1.5228787452803376,0.07251803548953989
190,web application,Security testing of web applications: A systematic mapping of the literature,abstract,web,2,21,0.09523809523809523,48,0.619788758288394,0.05902750078937085
190,web application,Security testing of web applications: A systematic mapping of the literature,abstract,application,1,21,0.047619047619047616,38,0.721246399047171,0.03434506662129386
190,web application,Security testing of web applications: A systematic mapping of the literature,abstract,security,2,21,0.09523809523809523,31,0.8096683018297085,0.07711126684092462
190,web application,Security testing of web applications: A systematic mapping of the literature,abstract,testing,2,21,0.09523809523809523,4,1.6989700043360187,0.16180666707962083
190,web application,Security testing of web applications: A systematic mapping of the literature,abstract,different,1,21,0.047619047619047616,2,2.0,0.09523809523809523
190,web application,Security testing of web applications: A systematic mapping of the literature,abstract,focused,1,21,0.047619047619047616,2,2.0,0.09523809523809523
190,web application,Security testing of web applications: A systematic mapping of the literature,abstract,headings,2,21,0.09523809523809523,1,2.3010299956639813,0.2191457138727601
190,web application,Security testing of web applications: A systematic mapping of the literature,abstract,these,1,21,0.047619047619047616,10,1.3010299956639813,0.06195380931733244
190,web application,Security testing of web applications: A systematic mapping of the literature,abstract,cover,1,21,0.047619047619047616,1,2.3010299956639813,0.10957285693638005
190,web application,Security testing of web applications: A systematic mapping of the literature,abstract,contribution,1,21,0.047619047619047616,2,2.0,0.09523809523809523
190,web application,Security testing of web applications: A systematic mapping of the literature,abstract,types,1,21,0.047619047619047616,2,2.0,0.09523809523809523
190,web application,Security testing of web applications: A systematic mapping of the literature,abstract,tools,1,21,0.047619047619047616,7,1.4559319556497243,0.06933009312617734
190,web application,Security testing of web applications: A systematic mapping of the literature,abstract,their,1,21,0.047619047619047616,11,1.2596373105057561,0.05998272907170267
191,web application,Signature-based and machine-learning-based web application firewalls: A short survey,title,signature,1,10,0.1,1,2.3010299956639813,0.23010299956639813
191,web application,Signature-based and machine-learning-based web application firewalls: A short survey,title,based,2,10,0.2,18,1.045757490560675,0.20915149811213501
191,web application,Signature-based and machine-learning-based web application firewalls: A short survey,title,machine,1,10,0.1,54,0.5686362358410126,0.05686362358410127
191,web application,Signature-based and machine-learning-based web application firewalls: A short survey,title,learning,1,10,0.1,63,0.5016894462103995,0.05016894462103995
191,web application,Signature-based and machine-learning-based web application firewalls: A short survey,title,web,1,10,0.1,48,0.619788758288394,0.0619788758288394
191,web application,Signature-based and machine-learning-based web application firewalls: A short survey,title,application,1,10,0.1,38,0.721246399047171,0.07212463990471711
191,web application,Signature-based and machine-learning-based web application firewalls: A short survey,title,firewalls,1,10,0.1,1,2.3010299956639813,0.23010299956639813
191,web application,Signature-based and machine-learning-based web application firewalls: A short survey,title,short,1,10,0.1,2,2.0,0.2
191,web application,Signature-based and machine-learning-based web application firewalls: A short survey,title,survey,1,10,0.1,10,1.3010299956639813,0.13010299956639812
191,web application,Signature-based and machine-learning-based web application firewalls: A short survey,abstract,web,3,20,0.15,48,0.619788758288394,0.09296831374325909
191,web application,Signature-based and machine-learning-based web application firewalls: A short survey,abstract,applications,1,20,0.05,27,0.8696662315049939,0.0434833115752497
191,web application,Signature-based and machine-learning-based web application firewalls: A short survey,abstract,typically,1,20,0.05,2,2.0,0.1
191,web application,Signature-based and machine-learning-based web application firewalls: A short survey,abstract,relied,1,20,0.05,1,2.3010299956639813,0.11505149978319906
191,web application,Signature-based and machine-learning-based web application firewalls: A short survey,abstract,simple,1,20,0.05,2,2.0,0.1
191,web application,Signature-based and machine-learning-based web application firewalls: A short survey,abstract,common,1,20,0.05,4,1.6989700043360187,0.08494850021680095
191,web application,Signature-based and machine-learning-based web application firewalls: A short survey,abstract,gateway,1,20,0.05,1,2.3010299956639813,0.11505149978319906
191,web application,Signature-based and machine-learning-based web application firewalls: A short survey,abstract,interface,1,20,0.05,4,1.6989700043360187,0.08494850021680095
191,web application,Signature-based and machine-learning-based web application firewalls: A short survey,abstract,cgi,1,20,0.05,1,2.3010299956639813,0.11505149978319906
191,web application,Signature-based and machine-learning-based web application firewalls: A short survey,abstract,protocol,1,20,0.05,2,2.0,0.1
191,web application,Signature-based and machine-learning-based web application firewalls: A short survey,abstract,which,1,20,0.05,6,1.5228787452803376,0.07614393726401689
191,web application,Signature-based and machine-learning-based web application firewalls: A short survey,abstract,spawned,1,20,0.05,1,2.3010299956639813,0.11505149978319906
191,web application,Signature-based and machine-learning-based web application firewalls: A short survey,abstract,perl,1,20,0.05,1,2.3010299956639813,0.11505149978319906
191,web application,Signature-based and machine-learning-based web application firewalls: A short survey,abstract,programs,1,20,0.05,1,2.3010299956639813,0.11505149978319906
191,web application,Signature-based and machine-learning-based web application firewalls: A short survey,abstract,attacks,1,20,0.05,9,1.3467874862246563,0.06733937431123281
191,web application,Signature-based and machine-learning-based web application firewalls: A short survey,abstract,concentrated,1,20,0.05,1,2.3010299956639813,0.11505149978319906
191,web application,Signature-based and machine-learning-based web application firewalls: A short survey,abstract,underlying,1,20,0.05,2,2.0,0.1
191,web application,Signature-based and machine-learning-based web application firewalls: A short survey,abstract,server,1,20,0.05,4,1.6989700043360187,0.08494850021680095
192,web application,Atomistica. online–web application for generating input files for ORCA molecular modelling package made with the Anvil platform,title,atomistica,1,14,0.07142857142857142,1,2.3010299956639813,0.1643592854045701
192,web application,Atomistica. online–web application for generating input files for ORCA molecular modelling package made with the Anvil platform,title,online,1,14,0.07142857142857142,5,1.6020599913279623,0.11443285652342587
192,web application,Atomistica. online–web application for generating input files for ORCA molecular modelling package made with the Anvil platform,title,web,1,14,0.07142857142857142,48,0.619788758288394,0.044270625592028136
192,web application,Atomistica. online–web application for generating input files for ORCA molecular modelling package made with the Anvil platform,title,application,1,14,0.07142857142857142,38,0.721246399047171,0.051517599931940786
192,web application,Atomistica. online–web application for generating input files for ORCA molecular modelling package made with the Anvil platform,title,generating,1,14,0.07142857142857142,1,2.3010299956639813,0.1643592854045701
192,web application,Atomistica. online–web application for generating input files for ORCA molecular modelling package made with the Anvil platform,title,input,1,14,0.07142857142857142,1,2.3010299956639813,0.1643592854045701
192,web application,Atomistica. online–web application for generating input files for ORCA molecular modelling package made with the Anvil platform,title,files,1,14,0.07142857142857142,2,2.0,0.14285714285714285
192,web application,Atomistica. online–web application for generating input files for ORCA molecular modelling package made with the Anvil platform,title,orca,1,14,0.07142857142857142,1,2.3010299956639813,0.1643592854045701
192,web application,Atomistica. online–web application for generating input files for ORCA molecular modelling package made with the Anvil platform,title,molecular,1,14,0.07142857142857142,2,2.0,0.14285714285714285
192,web application,Atomistica. online–web application for generating input files for ORCA molecular modelling package made with the Anvil platform,title,modelling,1,14,0.07142857142857142,1,2.3010299956639813,0.1643592854045701
192,web application,Atomistica. online–web application for generating input files for ORCA molecular modelling package made with the Anvil platform,title,package,1,14,0.07142857142857142,1,2.3010299956639813,0.1643592854045701
192,web application,Atomistica. online–web application for generating input files for ORCA molecular modelling package made with the Anvil platform,title,made,1,14,0.07142857142857142,1,2.3010299956639813,0.1643592854045701
192,web application,Atomistica. online–web application for generating input files for ORCA molecular modelling package made with the Anvil platform,title,anvil,1,14,0.07142857142857142,1,2.3010299956639813,0.1643592854045701
192,web application,Atomistica. online–web application for generating input files for ORCA molecular modelling package made with the Anvil platform,title,platform,1,14,0.07142857142857142,3,1.8239087409443189,0.13027919578173705
192,web application,Atomistica. online–web application for generating input files for ORCA molecular modelling package made with the Anvil platform,abstract,we,2,20,0.1,28,0.853871964321762,0.08538719643217621
192,web application,Atomistica. online–web application for generating input files for ORCA molecular modelling package made with the Anvil platform,abstract,present,1,20,0.05,4,1.6989700043360187,0.08494850021680095
192,web application,Atomistica. online–web application for generating input files for ORCA molecular modelling package made with the Anvil platform,abstract,atomistica,1,20,0.05,1,2.3010299956639813,0.11505149978319906
192,web application,Atomistica. online–web application for generating input files for ORCA molecular modelling package made with the Anvil platform,abstract,online,2,20,0.1,5,1.6020599913279623,0.16020599913279623
192,web application,Atomistica. online–web application for generating input files for ORCA molecular modelling package made with the Anvil platform,abstract,web,2,20,0.1,48,0.619788758288394,0.0619788758288394
192,web application,Atomistica. online–web application for generating input files for ORCA molecular modelling package made with the Anvil platform,abstract,application,1,20,0.05,38,0.721246399047171,0.036062319952358556
192,web application,Atomistica. online–web application for generating input files for ORCA molecular modelling package made with the Anvil platform,abstract,allows,1,20,0.05,2,2.0,0.1
192,web application,Atomistica. online–web application for generating input files for ORCA molecular modelling package made with the Anvil platform,abstract,development,1,20,0.05,9,1.3467874862246563,0.06733937431123281
192,web application,Atomistica. online–web application for generating input files for ORCA molecular modelling package made with the Anvil platform,abstract,applications,2,20,0.1,27,0.8696662315049939,0.0869666231504994
192,web application,Atomistica. online–web application for generating input files for ORCA molecular modelling package made with the Anvil platform,abstract,using,1,20,0.05,15,1.1249387366083,0.056246936830415
192,web application,Atomistica. online–web application for generating input files for ORCA molecular modelling package made with the Anvil platform,abstract,only,1,20,0.05,2,2.0,0.1
192,web application,Atomistica. online–web application for generating input files for ORCA molecular modelling package made with the Anvil platform,abstract,python,1,20,0.05,2,2.0,0.1
192,web application,Atomistica. online–web application for generating input files for ORCA molecular modelling package made with the Anvil platform,abstract,they,1,20,0.05,5,1.6020599913279623,0.08010299956639812
192,web application,Atomistica. online–web application for generating input files for ORCA molecular modelling package made with the Anvil platform,abstract,not,1,20,0.05,7,1.4559319556497243,0.07279659778248622
192,web application,Atomistica. online–web application for generating input files for ORCA molecular modelling package made with the Anvil platform,abstract,available,1,20,0.05,7,1.4559319556497243,0.07279659778248622
192,web application,Atomistica. online–web application for generating input files for ORCA molecular modelling package made with the Anvil platform,abstract,work,1,20,0.05,4,1.6989700043360187,0.08494850021680095
193,web application,Securing web applications against XSS and SQLi attacks using a novel deep learning approach,title,securing,1,12,0.08333333333333333,1,2.3010299956639813,0.19175249963866509
193,web application,Securing web applications against XSS and SQLi attacks using a novel deep learning approach,title,web,1,12,0.08333333333333333,48,0.619788758288394,0.05164906319069949
193,web application,Securing web applications against XSS and SQLi attacks using a novel deep learning approach,title,applications,1,12,0.08333333333333333,27,0.8696662315049939,0.07247218595874949
193,web application,Securing web applications against XSS and SQLi attacks using a novel deep learning approach,title,against,1,12,0.08333333333333333,3,1.8239087409443189,0.15199239507869322
193,web application,Securing web applications against XSS and SQLi attacks using a novel deep learning approach,title,xss,1,12,0.08333333333333333,1,2.3010299956639813,0.19175249963866509
193,web application,Securing web applications against XSS and SQLi attacks using a novel deep learning approach,title,sqli,1,12,0.08333333333333333,1,2.3010299956639813,0.19175249963866509
193,web application,Securing web applications against XSS and SQLi attacks using a novel deep learning approach,title,attacks,1,12,0.08333333333333333,9,1.3467874862246563,0.11223229051872136
193,web application,Securing web applications against XSS and SQLi attacks using a novel deep learning approach,title,using,1,12,0.08333333333333333,15,1.1249387366083,0.09374489471735832
193,web application,Securing web applications against XSS and SQLi attacks using a novel deep learning approach,title,novel,1,12,0.08333333333333333,2,2.0,0.16666666666666666
193,web application,Securing web applications against XSS and SQLi attacks using a novel deep learning approach,title,deep,1,12,0.08333333333333333,13,1.1870866433571445,0.0989238869464287
193,web application,Securing web applications against XSS and SQLi attacks using a novel deep learning approach,title,learning,1,12,0.08333333333333333,63,0.5016894462103995,0.04180745385086662
193,web application,Securing web applications against XSS and SQLi attacks using a novel deep learning approach,title,approach,1,12,0.08333333333333333,4,1.6989700043360187,0.14158083369466823
193,web application,Securing web applications against XSS and SQLi attacks using a novel deep learning approach,abstract,all,1,23,0.043478260869565216,4,1.6989700043360187,0.07386826105808778
193,web application,Securing web applications against XSS and SQLi attacks using a novel deep learning approach,abstract,web,4,23,0.17391304347826086,48,0.619788758288394,0.10778934926754677
193,web application,Securing web applications against XSS and SQLi attacks using a novel deep learning approach,abstract,application,2,23,0.08695652173913043,38,0.721246399047171,0.06271707817801488
193,web application,Securing web applications against XSS and SQLi attacks using a novel deep learning approach,abstract,attacks,2,23,0.08695652173913043,9,1.3467874862246563,0.11711195532388315
193,web application,Securing web applications against XSS and SQLi attacks using a novel deep learning approach,abstract,sql,1,23,0.043478260869565216,2,2.0,0.08695652173913043
193,web application,Securing web applications against XSS and SQLi attacks using a novel deep learning approach,abstract,injection,1,23,0.043478260869565216,2,2.0,0.08695652173913043
193,web application,Securing web applications against XSS and SQLi attacks using a novel deep learning approach,abstract,xss,1,23,0.043478260869565216,1,2.3010299956639813,0.10004478242017309
193,web application,Securing web applications against XSS and SQLi attacks using a novel deep learning approach,abstract,common,1,23,0.043478260869565216,4,1.6989700043360187,0.07386826105808778
193,web application,Securing web applications against XSS and SQLi attacks using a novel deep learning approach,abstract,which,1,23,0.043478260869565216,6,1.5228787452803376,0.06621211936001467
193,web application,Securing web applications against XSS and SQLi attacks using a novel deep learning approach,abstract,may,1,23,0.043478260869565216,2,2.0,0.08695652173913043
193,web application,Securing web applications against XSS and SQLi attacks using a novel deep learning approach,abstract,lead,1,23,0.043478260869565216,1,2.3010299956639813,0.10004478242017309
193,web application,Securing web applications against XSS and SQLi attacks using a novel deep learning approach,abstract,severe,1,23,0.043478260869565216,1,2.3010299956639813,0.10004478242017309
193,web application,Securing web applications against XSS and SQLi attacks using a novel deep learning approach,abstract,damage,1,23,0.043478260869565216,1,2.3010299956639813,0.10004478242017309
193,web application,Securing web applications against XSS and SQLi attacks using a novel deep learning approach,abstract,data,1,23,0.043478260869565216,27,0.8696662315049939,0.03781157528282582
193,web application,Securing web applications against XSS and SQLi attacks using a novel deep learning approach,abstract,securing,1,23,0.043478260869565216,1,2.3010299956639813,0.10004478242017309
193,web application,Securing web applications against XSS and SQLi attacks using a novel deep learning approach,abstract,applications,1,23,0.043478260869565216,27,0.8696662315049939,0.03781157528282582
193,web application,Securing web applications against XSS and SQLi attacks using a novel deep learning approach,abstract,both,1,23,0.043478260869565216,2,2.0,0.08695652173913043
193,web application,Securing web applications against XSS and SQLi attacks using a novel deep learning approach,abstract,cross,1,23,0.043478260869565216,1,2.3010299956639813,0.10004478242017309
194,web application,DeepVenn--a web application for the creation of area-proportional Venn diagrams using the deep learning framework Tensorflow. js,title,deepvenn,1,14,0.07142857142857142,1,2.3010299956639813,0.1643592854045701
194,web application,DeepVenn--a web application for the creation of area-proportional Venn diagrams using the deep learning framework Tensorflow. js,title,web,1,14,0.07142857142857142,48,0.619788758288394,0.044270625592028136
194,web application,DeepVenn--a web application for the creation of area-proportional Venn diagrams using the deep learning framework Tensorflow. js,title,application,1,14,0.07142857142857142,38,0.721246399047171,0.051517599931940786
194,web application,DeepVenn--a web application for the creation of area-proportional Venn diagrams using the deep learning framework Tensorflow. js,title,creation,1,14,0.07142857142857142,1,2.3010299956639813,0.1643592854045701
194,web application,DeepVenn--a web application for the creation of area-proportional Venn diagrams using the deep learning framework Tensorflow. js,title,area,1,14,0.07142857142857142,3,1.8239087409443189,0.13027919578173705
194,web application,DeepVenn--a web application for the creation of area-proportional Venn diagrams using the deep learning framework Tensorflow. js,title,proportional,1,14,0.07142857142857142,1,2.3010299956639813,0.1643592854045701
194,web application,DeepVenn--a web application for the creation of area-proportional Venn diagrams using the deep learning framework Tensorflow. js,title,venn,1,14,0.07142857142857142,1,2.3010299956639813,0.1643592854045701
194,web application,DeepVenn--a web application for the creation of area-proportional Venn diagrams using the deep learning framework Tensorflow. js,title,diagrams,1,14,0.07142857142857142,1,2.3010299956639813,0.1643592854045701
194,web application,DeepVenn--a web application for the creation of area-proportional Venn diagrams using the deep learning framework Tensorflow. js,title,using,1,14,0.07142857142857142,15,1.1249387366083,0.08035276690059284
194,web application,DeepVenn--a web application for the creation of area-proportional Venn diagrams using the deep learning framework Tensorflow. js,title,deep,1,14,0.07142857142857142,13,1.1870866433571445,0.08479190309693889
194,web application,DeepVenn--a web application for the creation of area-proportional Venn diagrams using the deep learning framework Tensorflow. js,title,learning,1,14,0.07142857142857142,63,0.5016894462103995,0.03583496044359996
194,web application,DeepVenn--a web application for the creation of area-proportional Venn diagrams using the deep learning framework Tensorflow. js,title,framework,1,14,0.07142857142857142,5,1.6020599913279623,0.11443285652342587
194,web application,DeepVenn--a web application for the creation of area-proportional Venn diagrams using the deep learning framework Tensorflow. js,title,tensorflow,1,14,0.07142857142857142,1,2.3010299956639813,0.1643592854045701
194,web application,DeepVenn--a web application for the creation of area-proportional Venn diagrams using the deep learning framework Tensorflow. js,title,js,1,14,0.07142857142857142,1,2.3010299956639813,0.1643592854045701
194,web application,DeepVenn--a web application for the creation of area-proportional Venn diagrams using the deep learning framework Tensorflow. js,abstract,others,1,21,0.047619047619047616,2,2.0,0.09523809523809523
194,web application,DeepVenn--a web application for the creation of area-proportional Venn diagrams using the deep learning framework Tensorflow. js,abstract,not,2,21,0.09523809523809523,7,1.4559319556497243,0.13866018625235468
194,web application,DeepVenn--a web application for the creation of area-proportional Venn diagrams using the deep learning framework Tensorflow. js,abstract,available,1,21,0.047619047619047616,7,1.4559319556497243,0.06933009312617734
194,web application,DeepVenn--a web application for the creation of area-proportional Venn diagrams using the deep learning framework Tensorflow. js,abstract,web,2,21,0.09523809523809523,48,0.619788758288394,0.05902750078937085
194,web application,DeepVenn--a web application for the creation of area-proportional Venn diagrams using the deep learning framework Tensorflow. js,abstract,application,2,21,0.09523809523809523,38,0.721246399047171,0.06869013324258771
194,web application,DeepVenn--a web application for the creation of area-proportional Venn diagrams using the deep learning framework Tensorflow. js,abstract,accept,1,21,0.047619047619047616,1,2.3010299956639813,0.10957285693638005
194,web application,DeepVenn--a web application for the creation of area-proportional Venn diagrams using the deep learning framework Tensorflow. js,abstract,only,1,21,0.047619047619047616,2,2.0,0.09523809523809523
194,web application,DeepVenn--a web application for the creation of area-proportional Venn diagrams using the deep learning framework Tensorflow. js,abstract,numbers,1,21,0.047619047619047616,1,2.3010299956639813,0.10957285693638005
194,web application,DeepVenn--a web application for the creation of area-proportional Venn diagrams using the deep learning framework Tensorflow. js,abstract,lists,1,21,0.047619047619047616,1,2.3010299956639813,0.10957285693638005
194,web application,DeepVenn--a web application for the creation of area-proportional Venn diagrams using the deep learning framework Tensorflow. js,abstract,results,1,21,0.047619047619047616,5,1.6020599913279623,0.07628857101561724
194,web application,DeepVenn--a web application for the creation of area-proportional Venn diagrams using the deep learning framework Tensorflow. js,abstract,deepvenn,1,21,0.047619047619047616,1,2.3010299956639813,0.10957285693638005
194,web application,DeepVenn--a web application for the creation of area-proportional Venn diagrams using the deep learning framework Tensorflow. js,abstract,can,1,21,0.047619047619047616,11,1.2596373105057561,0.05998272907170267
194,web application,DeepVenn--a web application for the creation of area-proportional Venn diagrams using the deep learning framework Tensorflow. js,abstract,create,1,21,0.047619047619047616,2,2.0,0.09523809523809523
194,web application,DeepVenn--a web application for the creation of area-proportional Venn diagrams using the deep learning framework Tensorflow. js,abstract,area,1,21,0.047619047619047616,3,1.8239087409443189,0.08685279718782471
194,web application,DeepVenn--a web application for the creation of area-proportional Venn diagrams using the deep learning framework Tensorflow. js,abstract,proportional,1,21,0.047619047619047616,1,2.3010299956639813,0.10957285693638005
194,web application,DeepVenn--a web application for the creation of area-proportional Venn diagrams using the deep learning framework Tensorflow. js,abstract,venn,1,21,0.047619047619047616,1,2.3010299956639813,0.10957285693638005
194,web application,DeepVenn--a web application for the creation of area-proportional Venn diagrams using the deep learning framework Tensorflow. js,abstract,diagrams,1,21,0.047619047619047616,1,2.3010299956639813,0.10957285693638005
194,web application,DeepVenn--a web application for the creation of area-proportional Venn diagrams using the deep learning framework Tensorflow. js,abstract,up,1,21,0.047619047619047616,2,2.0,0.09523809523809523
195,web application,ML-CKDP: Machine learning-based chronic kidney disease prediction with smart web application,title,ml,1,12,0.08333333333333333,7,1.4559319556497243,0.12132766297081035
195,web application,ML-CKDP: Machine learning-based chronic kidney disease prediction with smart web application,title,ckdp,1,12,0.08333333333333333,1,2.3010299956639813,0.19175249963866509
195,web application,ML-CKDP: Machine learning-based chronic kidney disease prediction with smart web application,title,machine,1,12,0.08333333333333333,54,0.5686362358410126,0.04738635298675105
195,web application,ML-CKDP: Machine learning-based chronic kidney disease prediction with smart web application,title,learning,1,12,0.08333333333333333,63,0.5016894462103995,0.04180745385086662
195,web application,ML-CKDP: Machine learning-based chronic kidney disease prediction with smart web application,title,based,1,12,0.08333333333333333,18,1.045757490560675,0.08714645754672291
195,web application,ML-CKDP: Machine learning-based chronic kidney disease prediction with smart web application,title,chronic,1,12,0.08333333333333333,1,2.3010299956639813,0.19175249963866509
195,web application,ML-CKDP: Machine learning-based chronic kidney disease prediction with smart web application,title,kidney,1,12,0.08333333333333333,1,2.3010299956639813,0.19175249963866509
195,web application,ML-CKDP: Machine learning-based chronic kidney disease prediction with smart web application,title,disease,1,12,0.08333333333333333,4,1.6989700043360187,0.14158083369466823
195,web application,ML-CKDP: Machine learning-based chronic kidney disease prediction with smart web application,title,prediction,1,12,0.08333333333333333,5,1.6020599913279623,0.13350499927733017
195,web application,ML-CKDP: Machine learning-based chronic kidney disease prediction with smart web application,title,smart,1,12,0.08333333333333333,7,1.4559319556497243,0.12132766297081035
195,web application,ML-CKDP: Machine learning-based chronic kidney disease prediction with smart web application,title,web,1,12,0.08333333333333333,48,0.619788758288394,0.05164906319069949
195,web application,ML-CKDP: Machine learning-based chronic kidney disease prediction with smart web application,title,application,1,12,0.08333333333333333,38,0.721246399047171,0.06010386658726425
195,web application,ML-CKDP: Machine learning-based chronic kidney disease prediction with smart web application,abstract,ckd,2,19,0.10526315789473684,1,2.3010299956639813,0.24221368375410327
195,web application,ML-CKDP: Machine learning-based chronic kidney disease prediction with smart web application,abstract,classification,1,19,0.05263157894736842,2,2.0,0.10526315789473684
195,web application,ML-CKDP: Machine learning-based chronic kidney disease prediction with smart web application,abstract,develop,1,19,0.05263157894736842,3,1.8239087409443189,0.09599519689180624
195,web application,ML-CKDP: Machine learning-based chronic kidney disease prediction with smart web application,abstract,web,2,19,0.10526315789473684,48,0.619788758288394,0.06524092192509409
195,web application,ML-CKDP: Machine learning-based chronic kidney disease prediction with smart web application,abstract,based,2,19,0.10526315789473684,18,1.045757490560675,0.11007973584849211
195,web application,ML-CKDP: Machine learning-based chronic kidney disease prediction with smart web application,abstract,application,2,19,0.10526315789473684,38,0.721246399047171,0.07592067358391273
195,web application,ML-CKDP: Machine learning-based chronic kidney disease prediction with smart web application,abstract,prediction,1,19,0.05263157894736842,5,1.6020599913279623,0.08431894691199801
195,web application,ML-CKDP: Machine learning-based chronic kidney disease prediction with smart web application,abstract,proposed,1,19,0.05263157894736842,2,2.0,0.10526315789473684
195,web application,ML-CKDP: Machine learning-based chronic kidney disease prediction with smart web application,abstract,additionally,1,19,0.05263157894736842,2,2.0,0.10526315789473684
195,web application,ML-CKDP: Machine learning-based chronic kidney disease prediction with smart web application,abstract,we,1,19,0.05263157894736842,28,0.853871964321762,0.04494062970114537
195,web application,ML-CKDP: Machine learning-based chronic kidney disease prediction with smart web application,abstract,present,1,19,0.05263157894736842,4,1.6989700043360187,0.08941947391242204
195,web application,ML-CKDP: Machine learning-based chronic kidney disease prediction with smart web application,abstract,real,1,19,0.05263157894736842,3,1.8239087409443189,0.09599519689180624
195,web application,ML-CKDP: Machine learning-based chronic kidney disease prediction with smart web application,abstract,time,1,19,0.05263157894736842,5,1.6020599913279623,0.08431894691199801
195,web application,ML-CKDP: Machine learning-based chronic kidney disease prediction with smart web application,abstract,operationalize,1,19,0.05263157894736842,1,2.3010299956639813,0.12110684187705163
195,web application,ML-CKDP: Machine learning-based chronic kidney disease prediction with smart web application,abstract,model,1,19,0.05263157894736842,14,1.1549019599857433,0.06078431368346017
196,web application,A deep learning model for cotton disease prediction using fine-tuning with smart web application in agriculture,title,deep,1,13,0.07692307692307693,13,1.1870866433571445,0.09131435718131882
196,web application,A deep learning model for cotton disease prediction using fine-tuning with smart web application in agriculture,title,learning,1,13,0.07692307692307693,63,0.5016894462103995,0.03859149586233842
196,web application,A deep learning model for cotton disease prediction using fine-tuning with smart web application in agriculture,title,model,1,13,0.07692307692307693,14,1.1549019599857433,0.08883861230659565
196,web application,A deep learning model for cotton disease prediction using fine-tuning with smart web application in agriculture,title,cotton,1,13,0.07692307692307693,1,2.3010299956639813,0.1770023073587678
196,web application,A deep learning model for cotton disease prediction using fine-tuning with smart web application in agriculture,title,disease,1,13,0.07692307692307693,4,1.6989700043360187,0.13069000033353992
196,web application,A deep learning model for cotton disease prediction using fine-tuning with smart web application in agriculture,title,prediction,1,13,0.07692307692307693,5,1.6020599913279623,0.1232353839483048
196,web application,A deep learning model for cotton disease prediction using fine-tuning with smart web application in agriculture,title,using,1,13,0.07692307692307693,15,1.1249387366083,0.08653374896986923
196,web application,A deep learning model for cotton disease prediction using fine-tuning with smart web application in agriculture,title,fine,1,13,0.07692307692307693,1,2.3010299956639813,0.1770023073587678
196,web application,A deep learning model for cotton disease prediction using fine-tuning with smart web application in agriculture,title,tuning,1,13,0.07692307692307693,1,2.3010299956639813,0.1770023073587678
196,web application,A deep learning model for cotton disease prediction using fine-tuning with smart web application in agriculture,title,smart,1,13,0.07692307692307693,7,1.4559319556497243,0.11199476581920957
196,web application,A deep learning model for cotton disease prediction using fine-tuning with smart web application in agriculture,title,web,1,13,0.07692307692307693,48,0.619788758288394,0.04767605832987646
196,web application,A deep learning model for cotton disease prediction using fine-tuning with smart web application in agriculture,title,application,1,13,0.07692307692307693,38,0.721246399047171,0.05548049223439777
196,web application,A deep learning model for cotton disease prediction using fine-tuning with smart web application in agriculture,title,agriculture,1,13,0.07692307692307693,1,2.3010299956639813,0.1770023073587678
196,web application,A deep learning model for cotton disease prediction using fine-tuning with smart web application in agriculture,abstract,cotton,1,16,0.0625,1,2.3010299956639813,0.14381437472899883
196,web application,A deep learning model for cotton disease prediction using fine-tuning with smart web application in agriculture,abstract,known,1,16,0.0625,3,1.8239087409443189,0.11399429630901993
196,web application,A deep learning model for cotton disease prediction using fine-tuning with smart web application in agriculture,abstract,white,1,16,0.0625,1,2.3010299956639813,0.14381437472899883
196,web application,A deep learning model for cotton disease prediction using fine-tuning with smart web application in agriculture,abstract,gold,1,16,0.0625,1,2.3010299956639813,0.14381437472899883
196,web application,A deep learning model for cotton disease prediction using fine-tuning with smart web application in agriculture,abstract,agricultural,1,16,0.0625,1,2.3010299956639813,0.14381437472899883
196,web application,A deep learning model for cotton disease prediction using fine-tuning with smart web application in agriculture,abstract,industry,1,16,0.0625,3,1.8239087409443189,0.11399429630901993
196,web application,A deep learning model for cotton disease prediction using fine-tuning with smart web application in agriculture,abstract,agriculture,1,16,0.0625,1,2.3010299956639813,0.14381437472899883
196,web application,A deep learning model for cotton disease prediction using fine-tuning with smart web application in agriculture,abstract,primary,1,16,0.0625,1,2.3010299956639813,0.14381437472899883
196,web application,A deep learning model for cotton disease prediction using fine-tuning with smart web application in agriculture,abstract,source,1,16,0.0625,2,2.0,0.125
196,web application,A deep learning model for cotton disease prediction using fine-tuning with smart web application in agriculture,abstract,economic,1,16,0.0625,1,2.3010299956639813,0.14381437472899883
196,web application,A deep learning model for cotton disease prediction using fine-tuning with smart web application in agriculture,abstract,income,1,16,0.0625,1,2.3010299956639813,0.14381437472899883
196,web application,A deep learning model for cotton disease prediction using fine-tuning with smart web application in agriculture,abstract,bangladesh,1,16,0.0625,1,2.3010299956639813,0.14381437472899883
196,web application,A deep learning model for cotton disease prediction using fine-tuning with smart web application in agriculture,abstract,country,1,16,0.0625,1,2.3010299956639813,0.14381437472899883
196,web application,A deep learning model for cotton disease prediction using fine-tuning with smart web application in agriculture,abstract,economy,1,16,0.0625,1,2.3010299956639813,0.14381437472899883
196,web application,A deep learning model for cotton disease prediction using fine-tuning with smart web application in agriculture,abstract,heavily,1,16,0.0625,1,2.3010299956639813,0.14381437472899883
196,web application,A deep learning model for cotton disease prediction using fine-tuning with smart web application in agriculture,abstract,dependent,1,16,0.0625,1,2.3010299956639813,0.14381437472899883
197,web application,Open Lab: A web application for running and sharing online experiments,title,open,1,8,0.125,5,1.6020599913279623,0.20025749891599529
197,web application,Open Lab: A web application for running and sharing online experiments,title,lab,1,8,0.125,1,2.3010299956639813,0.28762874945799766
197,web application,Open Lab: A web application for running and sharing online experiments,title,web,1,8,0.125,48,0.619788758288394,0.07747359478604925
197,web application,Open Lab: A web application for running and sharing online experiments,title,application,1,8,0.125,38,0.721246399047171,0.09015579988089638
197,web application,Open Lab: A web application for running and sharing online experiments,title,running,1,8,0.125,1,2.3010299956639813,0.28762874945799766
197,web application,Open Lab: A web application for running and sharing online experiments,title,sharing,1,8,0.125,1,2.3010299956639813,0.28762874945799766
197,web application,Open Lab: A web application for running and sharing online experiments,title,online,1,8,0.125,5,1.6020599913279623,0.20025749891599529
197,web application,Open Lab: A web application for running and sharing online experiments,title,experiments,1,8,0.125,1,2.3010299956639813,0.28762874945799766
197,web application,Open Lab: A web application for running and sharing online experiments,abstract,web,2,19,0.10526315789473684,48,0.619788758288394,0.06524092192509409
197,web application,Open Lab: A web application for running and sharing online experiments,abstract,application,3,19,0.15789473684210525,38,0.721246399047171,0.1138810103758691
197,web application,Open Lab: A web application for running and sharing online experiments,abstract,desktop,1,19,0.05263157894736842,1,2.3010299956639813,0.12110684187705163
197,web application,Open Lab: A web application for running and sharing online experiments,abstract,computer,1,19,0.05263157894736842,3,1.8239087409443189,0.09599519689180624
197,web application,Open Lab: A web application for running and sharing online experiments,abstract,install,1,19,0.05263157894736842,1,2.3010299956639813,0.12110684187705163
197,web application,Open Lab: A web application for running and sharing online experiments,abstract,app,1,19,0.05263157894736842,15,1.1249387366083,0.05920730192675262
197,web application,Open Lab: A web application for running and sharing online experiments,abstract,link,1,19,0.05263157894736842,1,2.3010299956639813,0.12110684187705163
197,web application,Open Lab: A web application for running and sharing online experiments,abstract,displayed,1,19,0.05263157894736842,1,2.3010299956639813,0.12110684187705163
197,web application,Open Lab: A web application for running and sharing online experiments,abstract,top,1,19,0.05263157894736842,2,2.0,0.10526315789473684
197,web application,Open Lab: A web application for running and sharing online experiments,abstract,navigation,1,19,0.05263157894736842,1,2.3010299956639813,0.12110684187705163
197,web application,Open Lab: A web application for running and sharing online experiments,abstract,bar,1,19,0.05263157894736842,1,2.3010299956639813,0.12110684187705163
197,web application,Open Lab: A web application for running and sharing online experiments,abstract,progressive,1,19,0.05263157894736842,1,2.3010299956639813,0.12110684187705163
197,web application,Open Lab: A web application for running and sharing online experiments,abstract,technology,1,19,0.05263157894736842,7,1.4559319556497243,0.07662799766577497
197,web application,Open Lab: A web application for running and sharing online experiments,abstract,makes,1,19,0.05263157894736842,1,2.3010299956639813,0.12110684187705163
197,web application,Open Lab: A web application for running and sharing online experiments,abstract,accessible,1,19,0.05263157894736842,1,2.3010299956639813,0.12110684187705163
197,web application,Open Lab: A web application for running and sharing online experiments,abstract,via,1,19,0.05263157894736842,6,1.5228787452803376,0.08015151290949145
198,web application,CBE Clima Tool: A free and open-source web application for climate analysis tailored to sustainable building design,title,cbe,1,14,0.07142857142857142,1,2.3010299956639813,0.1643592854045701
198,web application,CBE Clima Tool: A free and open-source web application for climate analysis tailored to sustainable building design,title,clima,1,14,0.07142857142857142,1,2.3010299956639813,0.1643592854045701
198,web application,CBE Clima Tool: A free and open-source web application for climate analysis tailored to sustainable building design,title,tool,1,14,0.07142857142857142,1,2.3010299956639813,0.1643592854045701
198,web application,CBE Clima Tool: A free and open-source web application for climate analysis tailored to sustainable building design,title,free,1,14,0.07142857142857142,2,2.0,0.14285714285714285
198,web application,CBE Clima Tool: A free and open-source web application for climate analysis tailored to sustainable building design,title,open,1,14,0.07142857142857142,5,1.6020599913279623,0.11443285652342587
198,web application,CBE Clima Tool: A free and open-source web application for climate analysis tailored to sustainable building design,title,source,1,14,0.07142857142857142,2,2.0,0.14285714285714285
198,web application,CBE Clima Tool: A free and open-source web application for climate analysis tailored to sustainable building design,title,web,1,14,0.07142857142857142,48,0.619788758288394,0.044270625592028136
198,web application,CBE Clima Tool: A free and open-source web application for climate analysis tailored to sustainable building design,title,application,1,14,0.07142857142857142,38,0.721246399047171,0.051517599931940786
198,web application,CBE Clima Tool: A free and open-source web application for climate analysis tailored to sustainable building design,title,climate,1,14,0.07142857142857142,2,2.0,0.14285714285714285
198,web application,CBE Clima Tool: A free and open-source web application for climate analysis tailored to sustainable building design,title,analysis,1,14,0.07142857142857142,13,1.1870866433571445,0.08479190309693889
198,web application,CBE Clima Tool: A free and open-source web application for climate analysis tailored to sustainable building design,title,tailored,1,14,0.07142857142857142,1,2.3010299956639813,0.1643592854045701
198,web application,CBE Clima Tool: A free and open-source web application for climate analysis tailored to sustainable building design,title,sustainable,1,14,0.07142857142857142,3,1.8239087409443189,0.13027919578173705
198,web application,CBE Clima Tool: A free and open-source web application for climate analysis tailored to sustainable building design,title,building,1,14,0.07142857142857142,1,2.3010299956639813,0.1643592854045701
198,web application,CBE Clima Tool: A free and open-source web application for climate analysis tailored to sustainable building design,title,design,1,14,0.07142857142857142,10,1.3010299956639813,0.09293071397599866
198,web application,CBE Clima Tool: A free and open-source web application for climate analysis tailored to sustainable building design,abstract,cbe,1,22,0.045454545454545456,1,2.3010299956639813,0.10459227253018097
198,web application,CBE Clima Tool: A free and open-source web application for climate analysis tailored to sustainable building design,abstract,clima,2,22,0.09090909090909091,1,2.3010299956639813,0.20918454506036194
198,web application,CBE Clima Tool: A free and open-source web application for climate analysis tailored to sustainable building design,abstract,tool,1,22,0.045454545454545456,1,2.3010299956639813,0.10459227253018097
198,web application,CBE Clima Tool: A free and open-source web application for climate analysis tailored to sustainable building design,abstract,free,1,22,0.045454545454545456,2,2.0,0.09090909090909091
198,web application,CBE Clima Tool: A free and open-source web application for climate analysis tailored to sustainable building design,abstract,open,1,22,0.045454545454545456,5,1.6020599913279623,0.07282090869672556
198,web application,CBE Clima Tool: A free and open-source web application for climate analysis tailored to sustainable building design,abstract,source,1,22,0.045454545454545456,2,2.0,0.09090909090909091
198,web application,CBE Clima Tool: A free and open-source web application for climate analysis tailored to sustainable building design,abstract,web,1,22,0.045454545454545456,48,0.619788758288394,0.02817221628583609
198,web application,CBE Clima Tool: A free and open-source web application for climate analysis tailored to sustainable building design,abstract,application,1,22,0.045454545454545456,38,0.721246399047171,0.032783927229416865
198,web application,CBE Clima Tool: A free and open-source web application for climate analysis tailored to sustainable building design,abstract,offers,1,22,0.045454545454545456,2,2.0,0.09090909090909091
198,web application,CBE Clima Tool: A free and open-source web application for climate analysis tailored to sustainable building design,abstract,easy,1,22,0.045454545454545456,2,2.0,0.09090909090909091
198,web application,CBE Clima Tool: A free and open-source web application for climate analysis tailored to sustainable building design,abstract,access,1,22,0.045454545454545456,5,1.6020599913279623,0.07282090869672556
198,web application,CBE Clima Tool: A free and open-source web application for climate analysis tailored to sustainable building design,abstract,publicly,1,22,0.045454545454545456,2,2.0,0.09090909090909091
198,web application,CBE Clima Tool: A free and open-source web application for climate analysis tailored to sustainable building design,abstract,available,1,22,0.045454545454545456,7,1.4559319556497243,0.06617872525680565
198,web application,CBE Clima Tool: A free and open-source web application for climate analysis tailored to sustainable building design,abstract,weather,1,22,0.045454545454545456,1,2.3010299956639813,0.10459227253018097
198,web application,CBE Clima Tool: A free and open-source web application for climate analysis tailored to sustainable building design,abstract,files,1,22,0.045454545454545456,2,2.0,0.09090909090909091
198,web application,CBE Clima Tool: A free and open-source web application for climate analysis tailored to sustainable building design,abstract,has,1,22,0.045454545454545456,12,1.2218487496163564,0.0555385795280162
198,web application,CBE Clima Tool: A free and open-source web application for climate analysis tailored to sustainable building design,abstract,been,1,22,0.045454545454545456,3,1.8239087409443189,0.08290494277019632
198,web application,CBE Clima Tool: A free and open-source web application for climate analysis tailored to sustainable building design,abstract,created,1,22,0.045454545454545456,1,2.3010299956639813,0.10459227253018097
198,web application,CBE Clima Tool: A free and open-source web application for climate analysis tailored to sustainable building design,abstract,building,1,22,0.045454545454545456,1,2.3010299956639813,0.10459227253018097
198,web application,CBE Clima Tool: A free and open-source web application for climate analysis tailored to sustainable building design,abstract,energy,1,22,0.045454545454545456,2,2.0,0.09090909090909091
198,web application,CBE Clima Tool: A free and open-source web application for climate analysis tailored to sustainable building design,abstract,simulation,1,22,0.045454545454545456,1,2.3010299956639813,0.10459227253018097
199,web application,From prompt injections to sql injection attacks: How protected is your llm-integrated web application?,title,prompt,1,12,0.08333333333333333,1,2.3010299956639813,0.19175249963866509
199,web application,From prompt injections to sql injection attacks: How protected is your llm-integrated web application?,title,injections,1,12,0.08333333333333333,1,2.3010299956639813,0.19175249963866509
199,web application,From prompt injections to sql injection attacks: How protected is your llm-integrated web application?,title,sql,1,12,0.08333333333333333,2,2.0,0.16666666666666666
199,web application,From prompt injections to sql injection attacks: How protected is your llm-integrated web application?,title,injection,1,12,0.08333333333333333,2,2.0,0.16666666666666666
199,web application,From prompt injections to sql injection attacks: How protected is your llm-integrated web application?,title,attacks,1,12,0.08333333333333333,9,1.3467874862246563,0.11223229051872136
199,web application,From prompt injections to sql injection attacks: How protected is your llm-integrated web application?,title,how,1,12,0.08333333333333333,8,1.3979400086720377,0.1164950007226698
199,web application,From prompt injections to sql injection attacks: How protected is your llm-integrated web application?,title,protected,1,12,0.08333333333333333,1,2.3010299956639813,0.19175249963866509
199,web application,From prompt injections to sql injection attacks: How protected is your llm-integrated web application?,title,your,1,12,0.08333333333333333,1,2.3010299956639813,0.19175249963866509
199,web application,From prompt injections to sql injection attacks: How protected is your llm-integrated web application?,title,llm,1,12,0.08333333333333333,1,2.3010299956639813,0.19175249963866509
199,web application,From prompt injections to sql injection attacks: How protected is your llm-integrated web application?,title,integrated,1,12,0.08333333333333333,1,2.3010299956639813,0.19175249963866509
199,web application,From prompt injections to sql injection attacks: How protected is your llm-integrated web application?,title,web,1,12,0.08333333333333333,48,0.619788758288394,0.05164906319069949
199,web application,From prompt injections to sql injection attacks: How protected is your llm-integrated web application?,title,application,1,12,0.08333333333333333,38,0.721246399047171,0.06010386658726425
199,web application,From prompt injections to sql injection attacks: How protected is your llm-integrated web application?,abstract,if,1,19,0.05263157894736842,2,2.0,0.10526315789473684
199,web application,From prompt injections to sql injection attacks: How protected is your llm-integrated web application?,abstract,application,2,19,0.10526315789473684,38,0.721246399047171,0.07592067358391273
199,web application,From prompt injections to sql injection attacks: How protected is your llm-integrated web application?,abstract,remains,1,19,0.05263157894736842,1,2.3010299956639813,0.12110684187705163
199,web application,From prompt injections to sql injection attacks: How protected is your llm-integrated web application?,abstract,vulnerable,1,19,0.05263157894736842,1,2.3010299956639813,0.12110684187705163
199,web application,From prompt injections to sql injection attacks: How protected is your llm-integrated web application?,abstract,these,1,19,0.05263157894736842,10,1.3010299956639813,0.06847526292968321
199,web application,From prompt injections to sql injection attacks: How protected is your llm-integrated web application?,abstract,threats,1,19,0.05263157894736842,7,1.4559319556497243,0.07662799766577497
199,web application,From prompt injections to sql injection attacks: How protected is your llm-integrated web application?,abstract,integrated,1,19,0.05263157894736842,1,2.3010299956639813,0.12110684187705163
199,web application,From prompt injections to sql injection attacks: How protected is your llm-integrated web application?,abstract,applications,2,19,0.10526315789473684,27,0.8696662315049939,0.09154381384263093
199,web application,From prompt injections to sql injection attacks: How protected is your llm-integrated web application?,abstract,what,1,19,0.05263157894736842,6,1.5228787452803376,0.08015151290949145
199,web application,From prompt injections to sql injection attacks: How protected is your llm-integrated web application?,abstract,their,1,19,0.05263157894736842,11,1.2596373105057561,0.06629670055293453
199,web application,From prompt injections to sql injection attacks: How protected is your llm-integrated web application?,abstract,impact,1,19,0.05263157894736842,2,2.0,0.10526315789473684
199,web application,From prompt injections to sql injection attacks: How protected is your llm-integrated web application?,abstract,security,1,19,0.05263157894736842,31,0.8096683018297085,0.042614121148932024
199,web application,From prompt injections to sql injection attacks: How protected is your llm-integrated web application?,abstract,study,1,19,0.05263157894736842,13,1.1870866433571445,0.06247824438721813
199,web application,From prompt injections to sql injection attacks: How protected is your llm-integrated web application?,abstract,question,1,19,0.05263157894736842,1,2.3010299956639813,0.12110684187705163
199,web application,From prompt injections to sql injection attacks: How protected is your llm-integrated web application?,abstract,we,1,19,0.05263157894736842,28,0.853871964321762,0.04494062970114537
199,web application,From prompt injections to sql injection attacks: How protected is your llm-integrated web application?,abstract,focus,1,19,0.05263157894736842,2,2.0,0.10526315789473684
199,web application,From prompt injections to sql injection attacks: How protected is your llm-integrated web application?,abstract,web,1,19,0.05263157894736842,48,0.619788758288394,0.032620460962547046
200,web application,A hybrid fuzzy rule-based multi-criteria framework for sustainable-security assessment of web application,title,hybrid,1,12,0.08333333333333333,1,2.3010299956639813,0.19175249963866509
200,web application,A hybrid fuzzy rule-based multi-criteria framework for sustainable-security assessment of web application,title,fuzzy,1,12,0.08333333333333333,1,2.3010299956639813,0.19175249963866509
200,web application,A hybrid fuzzy rule-based multi-criteria framework for sustainable-security assessment of web application,title,rule,1,12,0.08333333333333333,1,2.3010299956639813,0.19175249963866509
200,web application,A hybrid fuzzy rule-based multi-criteria framework for sustainable-security assessment of web application,title,based,1,12,0.08333333333333333,18,1.045757490560675,0.08714645754672291
200,web application,A hybrid fuzzy rule-based multi-criteria framework for sustainable-security assessment of web application,title,multi,1,12,0.08333333333333333,2,2.0,0.16666666666666666
200,web application,A hybrid fuzzy rule-based multi-criteria framework for sustainable-security assessment of web application,title,criteria,1,12,0.08333333333333333,1,2.3010299956639813,0.19175249963866509
200,web application,A hybrid fuzzy rule-based multi-criteria framework for sustainable-security assessment of web application,title,framework,1,12,0.08333333333333333,5,1.6020599913279623,0.13350499927733017
200,web application,A hybrid fuzzy rule-based multi-criteria framework for sustainable-security assessment of web application,title,sustainable,1,12,0.08333333333333333,3,1.8239087409443189,0.15199239507869322
200,web application,A hybrid fuzzy rule-based multi-criteria framework for sustainable-security assessment of web application,title,security,1,12,0.08333333333333333,31,0.8096683018297085,0.06747235848580904
200,web application,A hybrid fuzzy rule-based multi-criteria framework for sustainable-security assessment of web application,title,assessment,1,12,0.08333333333333333,2,2.0,0.16666666666666666
200,web application,A hybrid fuzzy rule-based multi-criteria framework for sustainable-security assessment of web application,title,web,1,12,0.08333333333333333,48,0.619788758288394,0.05164906319069949
200,web application,A hybrid fuzzy rule-based multi-criteria framework for sustainable-security assessment of web application,title,application,1,12,0.08333333333333333,38,0.721246399047171,0.06010386658726425
200,web application,A hybrid fuzzy rule-based multi-criteria framework for sustainable-security assessment of web application,abstract,institutional,1,18,0.05555555555555555,1,2.3010299956639813,0.12783499975911006
200,web application,A hybrid fuzzy rule-based multi-criteria framework for sustainable-security assessment of web application,abstract,web,3,18,0.16666666666666666,48,0.619788758288394,0.10329812638139899
200,web application,A hybrid fuzzy rule-based multi-criteria framework for sustainable-security assessment of web application,abstract,application,2,18,0.1111111111111111,38,0.721246399047171,0.080138488783019
200,web application,A hybrid fuzzy rule-based multi-criteria framework for sustainable-security assessment of web application,abstract,corroborate,1,18,0.05555555555555555,1,2.3010299956639813,0.12783499975911006
200,web application,A hybrid fuzzy rule-based multi-criteria framework for sustainable-security assessment of web application,abstract,efficiency,1,18,0.05555555555555555,3,1.8239087409443189,0.10132826338579548
200,web application,A hybrid fuzzy rule-based multi-criteria framework for sustainable-security assessment of web application,abstract,approach,1,18,0.05555555555555555,4,1.6989700043360187,0.09438722246311215
200,web application,A hybrid fuzzy rule-based multi-criteria framework for sustainable-security assessment of web application,abstract,despite,1,18,0.05555555555555555,1,2.3010299956639813,0.12783499975911006
200,web application,A hybrid fuzzy rule-based multi-criteria framework for sustainable-security assessment of web application,abstract,sensitivity,1,18,0.05555555555555555,1,2.3010299956639813,0.12783499975911006
200,web application,A hybrid fuzzy rule-based multi-criteria framework for sustainable-security assessment of web application,abstract,study,1,18,0.05555555555555555,13,1.1870866433571445,0.0659492579642858
200,web application,A hybrid fuzzy rule-based multi-criteria framework for sustainable-security assessment of web application,abstract,has,1,18,0.05555555555555555,12,1.2218487496163564,0.06788048608979758
200,web application,A hybrid fuzzy rule-based multi-criteria framework for sustainable-security assessment of web application,abstract,used,1,18,0.05555555555555555,7,1.4559319556497243,0.0808851086472069
200,web application,A hybrid fuzzy rule-based multi-criteria framework for sustainable-security assessment of web application,abstract,various,1,18,0.05555555555555555,4,1.6989700043360187,0.09438722246311215
200,web application,A hybrid fuzzy rule-based multi-criteria framework for sustainable-security assessment of web application,abstract,versions,1,18,0.05555555555555555,1,2.3010299956639813,0.12783499975911006
200,web application,A hybrid fuzzy rule-based multi-criteria framework for sustainable-security assessment of web application,abstract,three,1,18,0.05555555555555555,4,1.6989700043360187,0.09438722246311215
200,web application,A hybrid fuzzy rule-based multi-criteria framework for sustainable-security assessment of web application,abstract,applications,1,18,0.05555555555555555,27,0.8696662315049939,0.04831479063916633
