id,category,title,abstract,title_tokens,abstract_tokens,document_tokens,document_text
9,machine learning,Open-environment machine learning,"… open learning or open ML for short. Note that the name ‘open-world machine learning’ was
used to refer to machine learning with unseen class [1] or outof-distribution (OOD) data [2]. In …","['open', 'environment', 'machine', 'learning']","['open', 'learning', 'open', 'ml', 'short', 'note', 'name', 'open', 'world', 'machine', 'learning', 'used', 'refer', 'machine', 'learning', 'unseen', 'class', 'outof', 'distribution', 'ood', 'data']","['open', 'environment', 'machine', 'learning', 'open', 'learning', 'open', 'ml', 'short', 'note', 'name', 'open', 'world', 'machine', 'learning', 'used', 'refer', 'machine', 'learning', 'unseen', 'class', 'outof', 'distribution', 'ood', 'data']",open environment machine learning open learning open ml short note name open world machine learning used refer machine learning unseen class outof distribution ood data
5,machine learning,A guide to machine learning for biologists,"… A machine learning task is an objective specification for what we want a machine learning
model to accomplish. For example, for an experiment investigating the expression of genes …","['guide', 'machine', 'learning', 'biologists']","['machine', 'learning', 'task', 'objective', 'specification', 'what', 'we', 'want', 'machine', 'learning', 'model', 'accomplish', 'example', 'experiment', 'investigating', 'expression', 'genes']","['guide', 'machine', 'learning', 'biologists', 'machine', 'learning', 'task', 'objective', 'specification', 'what', 'we', 'want', 'machine', 'learning', 'model', 'accomplish', 'example', 'experiment', 'investigating', 'expression', 'genes']",guide machine learning biologists machine learning task objective specification what we want machine learning model accomplish example experiment investigating expression genes
33,machine learning,Financial applications of machine learning: A literature review,"… of machine learning and deep learning in … on machine learning in finance. The study finally
points out possible research directions which might lead to new inquiries in machine learning …","['financial', 'applications', 'machine', 'learning', 'literature', 'review']","['machine', 'learning', 'deep', 'learning', 'machine', 'learning', 'finance', 'study', 'finally', 'points', 'out', 'possible', 'research', 'directions', 'which', 'might', 'lead', 'new', 'inquiries', 'machine', 'learning']","['financial', 'applications', 'machine', 'learning', 'literature', 'review', 'machine', 'learning', 'deep', 'learning', 'machine', 'learning', 'finance', 'study', 'finally', 'points', 'out', 'possible', 'research', 'directions', 'which', 'might', 'lead', 'new', 'inquiries', 'machine', 'learning']",financial applications machine learning literature review machine learning deep learning machine learning finance study finally points out possible research directions which might lead new inquiries machine learning
39,machine learning,Applying machine learning to study fluid mechanics,"… This paper provides a short overview of how to use machine learning to build data-driven
models in fluid mechanics. The process of machine learning is broken down into five stages: (1…","['applying', 'machine', 'learning', 'study', 'fluid', 'mechanics']","['paper', 'provides', 'short', 'overview', 'how', 'use', 'machine', 'learning', 'build', 'data', 'driven', 'models', 'fluid', 'mechanics', 'process', 'machine', 'learning', 'broken', 'down', 'into', 'five', 'stages']","['applying', 'machine', 'learning', 'study', 'fluid', 'mechanics', 'paper', 'provides', 'short', 'overview', 'how', 'use', 'machine', 'learning', 'build', 'data', 'driven', 'models', 'fluid', 'mechanics', 'process', 'machine', 'learning', 'broken', 'down', 'into', 'five', 'stages']",applying machine learning study fluid mechanics paper provides short overview how use machine learning build data driven models fluid mechanics process machine learning broken down into five stages
52,mobile application,A survey of performance optimization for mobile applications,"… Finally, we explain how the function and performance of mobile applications can affect
users. 2.1 Mobile Devices Mobile devices are embedded systems that consist of hardware and …","['survey', 'performance', 'optimization', 'mobile', 'applications']","['finally', 'we', 'explain', 'how', 'function', 'performance', 'mobile', 'applications', 'can', 'affect', 'users', 'mobile', 'devices', 'mobile', 'devices', 'embedded', 'systems', 'consist', 'hardware']","['survey', 'performance', 'optimization', 'mobile', 'applications', 'finally', 'we', 'explain', 'how', 'function', 'performance', 'mobile', 'applications', 'can', 'affect', 'users', 'mobile', 'devices', 'mobile', 'devices', 'embedded', 'systems', 'consist', 'hardware']",survey performance optimization mobile applications finally we explain how function performance mobile applications can affect users mobile devices mobile devices embedded systems consist hardware
10,machine learning,Using machine learning to detect misstatements,"… Intuitively, a machine learning algorithm can be taught to … Machine learning algorithms
capture the relationship … We also examine a number of alternative machine learning approaches …","['using', 'machine', 'learning', 'detect', 'misstatements']","['intuitively', 'machine', 'learning', 'algorithm', 'can', 'taught', 'machine', 'learning', 'algorithms', 'capture', 'relationship', 'we', 'also', 'examine', 'number', 'alternative', 'machine', 'learning', 'approaches']","['using', 'machine', 'learning', 'detect', 'misstatements', 'intuitively', 'machine', 'learning', 'algorithm', 'can', 'taught', 'machine', 'learning', 'algorithms', 'capture', 'relationship', 'we', 'also', 'examine', 'number', 'alternative', 'machine', 'learning', 'approaches']",using machine learning detect misstatements intuitively machine learning algorithm can taught machine learning algorithms capture relationship we also examine number alternative machine learning approaches
11,machine learning,A survey on the explainability of supervised machine learning,"… In the following sections, we structure the area of explainable supervised machine learning.
First, we describe the problem definitions and dimensions. Next, we introduce interpretable …","['survey', 'explainability', 'supervised', 'machine', 'learning']","['following', 'sections', 'we', 'structure', 'area', 'explainable', 'supervised', 'machine', 'learning', 'first', 'we', 'describe', 'problem', 'definitions', 'dimensions', 'next', 'we', 'introduce', 'interpretable']","['survey', 'explainability', 'supervised', 'machine', 'learning', 'following', 'sections', 'we', 'structure', 'area', 'explainable', 'supervised', 'machine', 'learning', 'first', 'we', 'describe', 'problem', 'definitions', 'dimensions', 'next', 'we', 'introduce', 'interpretable']",survey explainability supervised machine learning following sections we structure area explainable supervised machine learning first we describe problem definitions dimensions next we introduce interpretable
14,machine learning,A survey on dataset quality in machine learning,"… of dataset quality in machine learning, including the definition of … of machine learning,
which can help improve the accuracy, efficiency, and generalization ability of machine learning …","['survey', 'dataset', 'quality', 'machine', 'learning']","['dataset', 'quality', 'machine', 'learning', 'including', 'definition', 'machine', 'learning', 'which', 'can', 'help', 'improve', 'accuracy', 'efficiency', 'generalization', 'ability', 'machine', 'learning']","['survey', 'dataset', 'quality', 'machine', 'learning', 'dataset', 'quality', 'machine', 'learning', 'including', 'definition', 'machine', 'learning', 'which', 'can', 'help', 'improve', 'accuracy', 'efficiency', 'generalization', 'ability', 'machine', 'learning']",survey dataset quality machine learning dataset quality machine learning including definition machine learning which can help improve accuracy efficiency generalization ability machine learning
4,machine learning,Designing nanotheranostics with machine learning,"… As a key branch of artificial intelligence, machine learning (ML) provides a set of tools
capable of performing time-consuming and result-perception tasks, thus offering unique …","['designing', 'nanotheranostics', 'machine', 'learning']","['key', 'branch', 'artificial', 'intelligence', 'machine', 'learning', 'ml', 'provides', 'set', 'tools', 'capable', 'performing', 'time', 'consuming', 'result', 'perception', 'tasks', 'thus', 'offering', 'unique']","['designing', 'nanotheranostics', 'machine', 'learning', 'key', 'branch', 'artificial', 'intelligence', 'machine', 'learning', 'ml', 'provides', 'set', 'tools', 'capable', 'performing', 'time', 'consuming', 'result', 'perception', 'tasks', 'thus', 'offering', 'unique']",designing nanotheranostics machine learning key branch artificial intelligence machine learning ml provides set tools capable performing time consuming result perception tasks thus offering unique
7,machine learning,Financial machine learning,"… We survey the nascent literature on machine learning in the study of financial markets. We
… in grasping machine learning tools, as well as for statisticians and machine learners seeking …","['financial', 'machine', 'learning']","['we', 'survey', 'nascent', 'literature', 'machine', 'learning', 'study', 'financial', 'markets', 'we', 'grasping', 'machine', 'learning', 'tools', 'well', 'statisticians', 'machine', 'learners', 'seeking']","['financial', 'machine', 'learning', 'we', 'survey', 'nascent', 'literature', 'machine', 'learning', 'study', 'financial', 'markets', 'we', 'grasping', 'machine', 'learning', 'tools', 'well', 'statisticians', 'machine', 'learners', 'seeking']",financial machine learning we survey nascent literature machine learning study financial markets we grasping machine learning tools well statisticians machine learners seeking
12,machine learning,Challenges in deploying machine learning: a survey of case studies,"… This survey reviews published reports of deploying machine learning … of the machine
learning deployment workflow. By mapping found challenges to the steps of the machine learning …","['challenges', 'deploying', 'machine', 'learning', 'survey', 'case', 'studies']","['survey', 'reviews', 'published', 'reports', 'deploying', 'machine', 'learning', 'machine', 'learning', 'deployment', 'workflow', 'mapping', 'found', 'challenges', 'steps', 'machine', 'learning']","['challenges', 'deploying', 'machine', 'learning', 'survey', 'case', 'studies', 'survey', 'reviews', 'published', 'reports', 'deploying', 'machine', 'learning', 'machine', 'learning', 'deployment', 'workflow', 'mapping', 'found', 'challenges', 'steps', 'machine', 'learning']",challenges deploying machine learning survey case studies survey reviews published reports deploying machine learning machine learning deployment workflow mapping found challenges steps machine learning
16,machine learning,A review of the application of machine learning in water quality evaluation,"… Additionally, machine learning can provide solutions for water … In this review, we describe
the cases in which machine learning … of machine learning approaches to water environments. …","['review', 'application', 'machine', 'learning', 'water', 'quality', 'evaluation']","['additionally', 'machine', 'learning', 'can', 'provide', 'solutions', 'water', 'review', 'we', 'describe', 'cases', 'which', 'machine', 'learning', 'machine', 'learning', 'approaches', 'water', 'environments']","['review', 'application', 'machine', 'learning', 'water', 'quality', 'evaluation', 'additionally', 'machine', 'learning', 'can', 'provide', 'solutions', 'water', 'review', 'we', 'describe', 'cases', 'which', 'machine', 'learning', 'machine', 'learning', 'approaches', 'water', 'environments']",review application machine learning water quality evaluation additionally machine learning can provide solutions water review we describe cases which machine learning machine learning approaches water environments
17,machine learning,An overview of machine learning classification techniques,"… statistical learning and pattern recognition, machine learning now … between statistics and
machine learning is evident, with … core of machine learning lies the concept of self-learning, a …","['overview', 'machine', 'learning', 'classification', 'techniques']","['statistical', 'learning', 'pattern', 'recognition', 'machine', 'learning', 'now', 'between', 'statistics', 'machine', 'learning', 'evident', 'core', 'machine', 'learning', 'lies', 'concept', 'self', 'learning']","['overview', 'machine', 'learning', 'classification', 'techniques', 'statistical', 'learning', 'pattern', 'recognition', 'machine', 'learning', 'now', 'between', 'statistics', 'machine', 'learning', 'evident', 'core', 'machine', 'learning', 'lies', 'concept', 'self', 'learning']",overview machine learning classification techniques statistical learning pattern recognition machine learning now between statistics machine learning evident core machine learning lies concept self learning
18,machine learning,A systematic review of teaching and learning machine learning in K-12 education,"… from being a contribution to the field of machine learning education as it systematically
synthesizes research conducted on teaching and learning machine learning at K-12 levels. The …","['systematic', 'review', 'teaching', 'learning', 'machine', 'learning', '12', 'education']","['being', 'contribution', 'field', 'machine', 'learning', 'education', 'systematically', 'synthesizes', 'research', 'conducted', 'teaching', 'learning', 'machine', 'learning', '12', 'levels']","['systematic', 'review', 'teaching', 'learning', 'machine', 'learning', '12', 'education', 'being', 'contribution', 'field', 'machine', 'learning', 'education', 'systematically', 'synthesizes', 'research', 'conducted', 'teaching', 'learning', 'machine', 'learning', '12', 'levels']",systematic review teaching learning machine learning 12 education being contribution field machine learning education systematically synthesizes research conducted teaching learning machine learning 12 levels
21,machine learning,Machine learning and applications in microbiology,"… Applying machine learning to address biological problems is expected … machine learning
practitioner. These key points are further reinforced with an evaluation of how machine learning …","['machine', 'learning', 'applications', 'microbiology']","['applying', 'machine', 'learning', 'address', 'biological', 'problems', 'expected', 'machine', 'learning', 'practitioner', 'these', 'key', 'points', 'further', 'reinforced', 'evaluation', 'how', 'machine', 'learning']","['machine', 'learning', 'applications', 'microbiology', 'applying', 'machine', 'learning', 'address', 'biological', 'problems', 'expected', 'machine', 'learning', 'practitioner', 'these', 'key', 'points', 'further', 'reinforced', 'evaluation', 'how', 'machine', 'learning']",machine learning applications microbiology applying machine learning address biological problems expected machine learning practitioner these key points further reinforced evaluation how machine learning
24,machine learning,Human-in-the-loop machine learning: a state of the art,"… Researchers are defining new types of interactions between humans and machine learning
… machine learning (HITL-ML) (Munro 2020). The idea is not only to make machine learning …","['human', 'loop', 'machine', 'learning', 'state', 'art']","['researchers', 'defining', 'new', 'types', 'interactions', 'between', 'humans', 'machine', 'learning', 'machine', 'learning', 'hitl', 'ml', 'munro', '2020', 'idea', 'not', 'only', 'make', 'machine', 'learning']","['human', 'loop', 'machine', 'learning', 'state', 'art', 'researchers', 'defining', 'new', 'types', 'interactions', 'between', 'humans', 'machine', 'learning', 'machine', 'learning', 'hitl', 'ml', 'munro', '2020', 'idea', 'not', 'only', 'make', 'machine', 'learning']",human loop machine learning state art researchers defining new types interactions between humans machine learning machine learning hitl ml munro 2020 idea not only make machine learning
28,machine learning,Machine learning for biochemical engineering: A review,"… use of machine learning within biochemical engineering over the last 20 years. The most
prevalent machine learning … Finally, core challenges into the application of machine learning in …","['machine', 'learning', 'biochemical', 'engineering', 'review']","['use', 'machine', 'learning', 'within', 'biochemical', 'engineering', 'over', 'last', '20', 'years', 'most', 'prevalent', 'machine', 'learning', 'finally', 'core', 'challenges', 'into', 'application', 'machine', 'learning']","['machine', 'learning', 'biochemical', 'engineering', 'review', 'use', 'machine', 'learning', 'within', 'biochemical', 'engineering', 'over', 'last', '20', 'years', 'most', 'prevalent', 'machine', 'learning', 'finally', 'core', 'challenges', 'into', 'application', 'machine', 'learning']",machine learning biochemical engineering review use machine learning within biochemical engineering over last 20 years most prevalent machine learning finally core challenges into application machine learning
29,machine learning,Participation is not a design fix for machine learning,"… machine learning. It examines three existing kinds of participation in design practice and
machine learning … justice – to argue that the machine learning community must become attuned …","['participation', 'not', 'design', 'fix', 'machine', 'learning']","['machine', 'learning', 'examines', 'three', 'existing', 'kinds', 'participation', 'design', 'practice', 'machine', 'learning', 'justice', 'argue', 'machine', 'learning', 'community', 'must', 'become', 'attuned']","['participation', 'not', 'design', 'fix', 'machine', 'learning', 'machine', 'learning', 'examines', 'three', 'existing', 'kinds', 'participation', 'design', 'practice', 'machine', 'learning', 'justice', 'argue', 'machine', 'learning', 'community', 'must', 'become', 'attuned']",participation not design fix machine learning machine learning examines three existing kinds participation design practice machine learning justice argue machine learning community must become attuned
30,machine learning,Machine learning for a sustainable energy future,"… Here we explore the extent to which machine learning (ML) techniques can help to address
many of these challenges 8,9,10 . ML models can be used to predict specific properties of …","['machine', 'learning', 'sustainable', 'energy', 'future']","['here', 'we', 'explore', 'extent', 'which', 'machine', 'learning', 'ml', 'techniques', 'can', 'help', 'address', 'many', 'these', 'challenges', '10', 'ml', 'models', 'can', 'used', 'predict', 'specific', 'properties']","['machine', 'learning', 'sustainable', 'energy', 'future', 'here', 'we', 'explore', 'extent', 'which', 'machine', 'learning', 'ml', 'techniques', 'can', 'help', 'address', 'many', 'these', 'challenges', '10', 'ml', 'models', 'can', 'used', 'predict', 'specific', 'properties']",machine learning sustainable energy future here we explore extent which machine learning ml techniques can help address many these challenges 10 ml models can used predict specific properties
41,machine learning,Tackling climate change with machine learning,"Climate change is one of the greatest challenges facing humanity, and we, as machine
learning (ML) experts, may wonder how we can help. Here we describe how ML can be a …","['tackling', 'climate', 'change', 'machine', 'learning']","['climate', 'change', 'one', 'greatest', 'challenges', 'facing', 'humanity', 'we', 'machine', 'learning', 'ml', 'experts', 'may', 'wonder', 'how', 'we', 'can', 'help', 'here', 'we', 'describe', 'how', 'ml', 'can']","['tackling', 'climate', 'change', 'machine', 'learning', 'climate', 'change', 'one', 'greatest', 'challenges', 'facing', 'humanity', 'we', 'machine', 'learning', 'ml', 'experts', 'may', 'wonder', 'how', 'we', 'can', 'help', 'here', 'we', 'describe', 'how', 'ml', 'can']",tackling climate change machine learning climate change one greatest challenges facing humanity we machine learning ml experts may wonder how we can help here we describe how ml can
56,mobile application,Design guidelines of mobile apps for older adults: systematic review and thematic analysis,"… on a specific mobile app and were … mobile apps and how to better design such apps with
these users in mind. Conclusions: The compiled guidelines support the design of mobile apps …","['design', 'guidelines', 'mobile', 'apps', 'older', 'adults', 'systematic', 'review', 'thematic', 'analysis']","['specific', 'mobile', 'app', 'mobile', 'apps', 'how', 'better', 'design', 'such', 'apps', 'these', 'users', 'mind', 'conclusions', 'compiled', 'guidelines', 'support', 'design', 'mobile', 'apps']","['design', 'guidelines', 'mobile', 'apps', 'older', 'adults', 'systematic', 'review', 'thematic', 'analysis', 'specific', 'mobile', 'app', 'mobile', 'apps', 'how', 'better', 'design', 'such', 'apps', 'these', 'users', 'mind', 'conclusions', 'compiled', 'guidelines', 'support', 'design', 'mobile', 'apps']",design guidelines mobile apps older adults systematic review thematic analysis specific mobile app mobile apps how better design such apps these users mind conclusions compiled guidelines support design mobile apps
15,machine learning,Research on machine learning with algorithms and development,"… This study provides a relatively systematic introduction to machine learning. Firstly, it … of
machine learning, and then focuses on the analysis of classical algorithms in machine learning. …","['research', 'machine', 'learning', 'algorithms', 'development']","['study', 'provides', 'relatively', 'systematic', 'introduction', 'machine', 'learning', 'firstly', 'machine', 'learning', 'then', 'focuses', 'analysis', 'classical', 'algorithms', 'machine', 'learning']","['research', 'machine', 'learning', 'algorithms', 'development', 'study', 'provides', 'relatively', 'systematic', 'introduction', 'machine', 'learning', 'firstly', 'machine', 'learning', 'then', 'focuses', 'analysis', 'classical', 'algorithms', 'machine', 'learning']",research machine learning algorithms development study provides relatively systematic introduction machine learning firstly machine learning then focuses analysis classical algorithms machine learning
26,machine learning,Machine learning: new ideas and tools in environmental science and engineering,"… Machine learning has the potential to revolutionize data analysis and modeling in the …
shortcomings, challenges, and opportunities for applications of machine learning in the ESE field. …","['machine', 'learning', 'new', 'ideas', 'tools', 'environmental', 'science', 'engineering']","['machine', 'learning', 'has', 'potential', 'revolutionize', 'data', 'analysis', 'modeling', 'shortcomings', 'challenges', 'opportunities', 'applications', 'machine', 'learning', 'ese', 'field']","['machine', 'learning', 'new', 'ideas', 'tools', 'environmental', 'science', 'engineering', 'machine', 'learning', 'has', 'potential', 'revolutionize', 'data', 'analysis', 'modeling', 'shortcomings', 'challenges', 'opportunities', 'applications', 'machine', 'learning', 'ese', 'field']",machine learning new ideas tools environmental science engineering machine learning has potential revolutionize data analysis modeling shortcomings challenges opportunities applications machine learning ese field
36,machine learning,Scientific machine learning benchmarks,"… frameworks, computer architectures and machine learning models… metrics for the application
of machine learning methods to open, … Here, we introduce the concept of machine learning …","['scientific', 'machine', 'learning', 'benchmarks']","['frameworks', 'computer', 'architectures', 'machine', 'learning', 'models', 'metrics', 'application', 'machine', 'learning', 'methods', 'open', 'here', 'we', 'introduce', 'concept', 'machine', 'learning']","['scientific', 'machine', 'learning', 'benchmarks', 'frameworks', 'computer', 'architectures', 'machine', 'learning', 'models', 'metrics', 'application', 'machine', 'learning', 'methods', 'open', 'here', 'we', 'introduce', 'concept', 'machine', 'learning']",scientific machine learning benchmarks frameworks computer architectures machine learning models metrics application machine learning methods open here we introduce concept machine learning
44,machine learning,Evolutionary machine learning: A survey,"… vectors pruning, and ensemble learning). This article … learning, clustering, association rule
mining, and ensemble methods. For each category, we discuss evolutionary machine learning …","['evolutionary', 'machine', 'learning', 'survey']","['vectors', 'pruning', 'ensemble', 'learning', 'article', 'learning', 'clustering', 'association', 'rule', 'mining', 'ensemble', 'methods', 'each', 'category', 'we', 'discuss', 'evolutionary', 'machine', 'learning']","['evolutionary', 'machine', 'learning', 'survey', 'vectors', 'pruning', 'ensemble', 'learning', 'article', 'learning', 'clustering', 'association', 'rule', 'mining', 'ensemble', 'methods', 'each', 'category', 'we', 'discuss', 'evolutionary', 'machine', 'learning']",evolutionary machine learning survey vectors pruning ensemble learning article learning clustering association rule mining ensemble methods each category we discuss evolutionary machine learning
45,machine learning,Machine learning in manufacturing and industry 4.0 applications,"… learning from data, detect prevalent underlying patterns and make informed decisions.
Industries have been successful in the application of machine learning mainly … Machine learning …","['machine', 'learning', 'manufacturing', 'industry', 'applications']","['learning', 'data', 'detect', 'prevalent', 'underlying', 'patterns', 'make', 'informed', 'decisions', 'industries', 'have', 'been', 'successful', 'application', 'machine', 'learning', 'mainly', 'machine', 'learning']","['machine', 'learning', 'manufacturing', 'industry', 'applications', 'learning', 'data', 'detect', 'prevalent', 'underlying', 'patterns', 'make', 'informed', 'decisions', 'industries', 'have', 'been', 'successful', 'application', 'machine', 'learning', 'mainly', 'machine', 'learning']",machine learning manufacturing industry applications learning data detect prevalent underlying patterns make informed decisions industries have been successful application machine learning mainly machine learning
47,machine learning,Machine learning in environmental research: common pitfalls and best practices,"… Machine learning (ML) is increasingly used in environmental research to process large data
… By analyzing good examples on supervised learning and reference modeling paradigms, …","['machine', 'learning', 'environmental', 'research', 'common', 'pitfalls', 'best', 'practices']","['machine', 'learning', 'ml', 'increasingly', 'used', 'environmental', 'research', 'process', 'large', 'data', 'analyzing', 'good', 'examples', 'supervised', 'learning', 'reference', 'modeling', 'paradigms']","['machine', 'learning', 'environmental', 'research', 'common', 'pitfalls', 'best', 'practices', 'machine', 'learning', 'ml', 'increasingly', 'used', 'environmental', 'research', 'process', 'large', 'data', 'analyzing', 'good', 'examples', 'supervised', 'learning', 'reference', 'modeling', 'paradigms']",machine learning environmental research common pitfalls best practices machine learning ml increasingly used environmental research process large data analyzing good examples supervised learning reference modeling paradigms
53,mobile application,Why people choose Apps: An evaluation of the ecology and user experience of mobile applications,"… mobile applications. Seventy-nine respondents completed a questionnaire recording their
top four favourite applications, the … They also reported up to four abandoned Apps, with any …","['why', 'people', 'choose', 'apps', 'evaluation', 'ecology', 'user', 'experience', 'mobile', 'applications']","['mobile', 'applications', 'seventy', 'nine', 'respondents', 'completed', 'questionnaire', 'recording', 'their', 'top', 'four', 'favourite', 'applications', 'they', 'also', 'reported', 'up', 'four', 'abandoned', 'apps', 'any']","['why', 'people', 'choose', 'apps', 'evaluation', 'ecology', 'user', 'experience', 'mobile', 'applications', 'mobile', 'applications', 'seventy', 'nine', 'respondents', 'completed', 'questionnaire', 'recording', 'their', 'top', 'four', 'favourite', 'applications', 'they', 'also', 'reported', 'up', 'four', 'abandoned', 'apps', 'any']",why people choose apps evaluation ecology user experience mobile applications mobile applications seventy nine respondents completed questionnaire recording their top four favourite applications they also reported up four abandoned apps any
59,mobile application,Determinants of mobile apps adoption among young adults: theoretical extension and analysis,"… Mobile applications (apps) are now the most essential part of daily life. In this context, this …
to use mobile apps. b) analyze the factors determining the usage of mobile applications in an …","['determinants', 'mobile', 'apps', 'adoption', 'among', 'young', 'adults', 'theoretical', 'extension', 'analysis']","['mobile', 'applications', 'apps', 'now', 'most', 'essential', 'part', 'daily', 'life', 'context', 'use', 'mobile', 'apps', 'analyze', 'factors', 'determining', 'usage', 'mobile', 'applications']","['determinants', 'mobile', 'apps', 'adoption', 'among', 'young', 'adults', 'theoretical', 'extension', 'analysis', 'mobile', 'applications', 'apps', 'now', 'most', 'essential', 'part', 'daily', 'life', 'context', 'use', 'mobile', 'apps', 'analyze', 'factors', 'determining', 'usage', 'mobile', 'applications']",determinants mobile apps adoption among young adults theoretical extension analysis mobile applications apps now most essential part daily life context use mobile apps analyze factors determining usage mobile applications
60,mobile application,Service quality of online food delivery mobile application: an examination of the spillover effects of mobile app satisfaction,"… this study aims to examine the mechanism through which food-ordering mobile app service
quality influences users’ mobile app satisfaction, food satisfaction and repurchase intentions. …","['service', 'quality', 'online', 'food', 'delivery', 'mobile', 'application', 'examination', 'spillover', 'effects', 'mobile', 'app', 'satisfaction']","['study', 'aims', 'examine', 'mechanism', 'through', 'which', 'food', 'ordering', 'mobile', 'app', 'service', 'quality', 'influences', 'users', 'mobile', 'app', 'satisfaction', 'food', 'satisfaction', 'repurchase', 'intentions']","['service', 'quality', 'online', 'food', 'delivery', 'mobile', 'application', 'examination', 'spillover', 'effects', 'mobile', 'app', 'satisfaction', 'study', 'aims', 'examine', 'mechanism', 'through', 'which', 'food', 'ordering', 'mobile', 'app', 'service', 'quality', 'influences', 'users', 'mobile', 'app', 'satisfaction', 'food', 'satisfaction', 'repurchase', 'intentions']",service quality online food delivery mobile application examination spillover effects mobile app satisfaction study aims examine mechanism through which food ordering mobile app service quality influences users mobile app satisfaction food satisfaction repurchase intentions
62,mobile application,Features and Functionalities of Medical Mobile Applications for the Endemic Phase of COVID‐19: Review and Content Analysis,"… mobile applications to aid users in choosing a suitable app … of their current or future mobile
applications to improve quality. … features of COVID-19 mobile applications available in Apple’…","['features', 'functionalities', 'medical', 'mobile', 'applications', 'endemic', 'phase', 'covid', '19', 'review', 'content', 'analysis']","['mobile', 'applications', 'aid', 'users', 'choosing', 'suitable', 'app', 'their', 'current', 'future', 'mobile', 'applications', 'improve', 'quality', 'features', 'covid', '19', 'mobile', 'applications', 'available', 'apple']","['features', 'functionalities', 'medical', 'mobile', 'applications', 'endemic', 'phase', 'covid', '19', 'review', 'content', 'analysis', 'mobile', 'applications', 'aid', 'users', 'choosing', 'suitable', 'app', 'their', 'current', 'future', 'mobile', 'applications', 'improve', 'quality', 'features', 'covid', '19', 'mobile', 'applications', 'available', 'apple']",features functionalities medical mobile applications endemic phase covid 19 review content analysis mobile applications aid users choosing suitable app their current future mobile applications improve quality features covid 19 mobile applications available apple
63,mobile application,Enhancing user engagement: The role of gamification in mobile apps,"… users’ engagement with their mobile apps. However, more … Data from 276 users of a mobile
gamified app were analyzed … help developers design more effective gamified mobile apps. …","['enhancing', 'user', 'engagement', 'role', 'gamification', 'mobile', 'apps']","['users', 'engagement', 'their', 'mobile', 'apps', 'however', 'more', 'data', '276', 'users', 'mobile', 'gamified', 'app', 'analyzed', 'help', 'developers', 'design', 'more', 'effective', 'gamified', 'mobile', 'apps']","['enhancing', 'user', 'engagement', 'role', 'gamification', 'mobile', 'apps', 'users', 'engagement', 'their', 'mobile', 'apps', 'however', 'more', 'data', '276', 'users', 'mobile', 'gamified', 'app', 'analyzed', 'help', 'developers', 'design', 'more', 'effective', 'gamified', 'mobile', 'apps']",enhancing user engagement role gamification mobile apps users engagement their mobile apps however more data 276 users mobile gamified app analyzed help developers design more effective gamified mobile apps
64,mobile application,Mobile applications for health and wellness: a systematic review,"… The main contribution of this paper is providing an inclusive view of the state of mobile
apps for health and wellness and identifying their potential for behaviour change. We offer in-…","['mobile', 'applications', 'health', 'wellness', 'systematic', 'review']","['main', 'contribution', 'paper', 'providing', 'inclusive', 'view', 'state', 'mobile', 'apps', 'health', 'wellness', 'identifying', 'their', 'potential', 'behaviour', 'change', 'we', 'offer']","['mobile', 'applications', 'health', 'wellness', 'systematic', 'review', 'main', 'contribution', 'paper', 'providing', 'inclusive', 'view', 'state', 'mobile', 'apps', 'health', 'wellness', 'identifying', 'their', 'potential', 'behaviour', 'change', 'we', 'offer']",mobile applications health wellness systematic review main contribution paper providing inclusive view state mobile apps health wellness identifying their potential behaviour change we offer
68,mobile application,Faster segment anything: Towards lightweight sam for mobile applications,"… edge devices, like mobile phones. In this work, we aim to make SAM mobile-friendly by …
smaller, making it more suitable for mobile applications. Moreover, we show that MobileSAM can …","['faster', 'segment', 'anything', 'towards', 'lightweight', 'sam', 'mobile', 'applications']","['edge', 'devices', 'like', 'mobile', 'phones', 'work', 'we', 'aim', 'make', 'sam', 'mobile', 'friendly', 'smaller', 'making', 'more', 'suitable', 'mobile', 'applications', 'moreover', 'we', 'show', 'mobilesam', 'can']","['faster', 'segment', 'anything', 'towards', 'lightweight', 'sam', 'mobile', 'applications', 'edge', 'devices', 'like', 'mobile', 'phones', 'work', 'we', 'aim', 'make', 'sam', 'mobile', 'friendly', 'smaller', 'making', 'more', 'suitable', 'mobile', 'applications', 'moreover', 'we', 'show', 'mobilesam', 'can']",faster segment anything towards lightweight sam mobile applications edge devices like mobile phones work we aim make sam mobile friendly smaller making more suitable mobile applications moreover we show mobilesam can
71,mobile application,What works best to engage participants in mobile app interventions and e-health: a scoping review,"… articles that featured the terms engagement, mobile app/mobile health, and adult. After
applying … the shift toward mobile interventions and the benefits of using mobile apps, this review …","['what', 'works', 'best', 'engage', 'participants', 'mobile', 'app', 'interventions', 'health', 'scoping', 'review']","['articles', 'featured', 'terms', 'engagement', 'mobile', 'app', 'mobile', 'health', 'adult', 'after', 'applying', 'shift', 'toward', 'mobile', 'interventions', 'benefits', 'using', 'mobile', 'apps', 'review']","['what', 'works', 'best', 'engage', 'participants', 'mobile', 'app', 'interventions', 'health', 'scoping', 'review', 'articles', 'featured', 'terms', 'engagement', 'mobile', 'app', 'mobile', 'health', 'adult', 'after', 'applying', 'shift', 'toward', 'mobile', 'interventions', 'benefits', 'using', 'mobile', 'apps', 'review']",what works best engage participants mobile app interventions health scoping review articles featured terms engagement mobile app mobile health adult after applying shift toward mobile interventions benefits using mobile apps review
73,mobile application,Mobile apps for helping informal caregivers: a systematic review,"… mobile applications for informal caregivers of people who are ill and to determine whether
these mobile applications … The information about mobile applications for informal caregivers …","['mobile', 'apps', 'helping', 'informal', 'caregivers', 'systematic', 'review']","['mobile', 'applications', 'informal', 'caregivers', 'people', 'who', 'ill', 'determine', 'whether', 'these', 'mobile', 'applications', 'information', 'about', 'mobile', 'applications', 'informal', 'caregivers']","['mobile', 'apps', 'helping', 'informal', 'caregivers', 'systematic', 'review', 'mobile', 'applications', 'informal', 'caregivers', 'people', 'who', 'ill', 'determine', 'whether', 'these', 'mobile', 'applications', 'information', 'about', 'mobile', 'applications', 'informal', 'caregivers']",mobile apps helping informal caregivers systematic review mobile applications informal caregivers people who ill determine whether these mobile applications information about mobile applications informal caregivers
67,mobile application,Augmented reality technology adoption: Case of a mobile application in Turkey,"… ) technology has become widespread in mobile devices. As with user … of applications in
mobile augmented reality (MAR) applications. In this study, the factors affecting the use of mobile …","['augmented', 'reality', 'technology', 'adoption', 'case', 'mobile', 'application', 'turkey']","['technology', 'has', 'become', 'widespread', 'mobile', 'devices', 'user', 'applications', 'mobile', 'augmented', 'reality', 'mar', 'applications', 'study', 'factors', 'affecting', 'use', 'mobile']","['augmented', 'reality', 'technology', 'adoption', 'case', 'mobile', 'application', 'turkey', 'technology', 'has', 'become', 'widespread', 'mobile', 'devices', 'user', 'applications', 'mobile', 'augmented', 'reality', 'mar', 'applications', 'study', 'factors', 'affecting', 'use', 'mobile']",augmented reality technology adoption case mobile application turkey technology has become widespread mobile devices user applications mobile augmented reality mar applications study factors affecting use mobile
74,mobile application,Mobile apps to improve medication adherence in cardiovascular disease: systematic review and meta-analysis,"… This study included 16 RCTs that assessed the effectiveness of mobile app–based
interventions on medication adherence [19-34]. A total of 9 trials showed a statistically significant …","['mobile', 'apps', 'improve', 'medication', 'adherence', 'cardiovascular', 'disease', 'systematic', 'review', 'meta', 'analysis']","['study', 'included', '16', 'rcts', 'assessed', 'effectiveness', 'mobile', 'app', 'based', 'interventions', 'medication', 'adherence', '19', '34', 'total', 'trials', 'showed', 'statistically', 'significant']","['mobile', 'apps', 'improve', 'medication', 'adherence', 'cardiovascular', 'disease', 'systematic', 'review', 'meta', 'analysis', 'study', 'included', '16', 'rcts', 'assessed', 'effectiveness', 'mobile', 'app', 'based', 'interventions', 'medication', 'adherence', '19', '34', 'total', 'trials', 'showed', 'statistically', 'significant']",mobile apps improve medication adherence cardiovascular disease systematic review meta analysis study included 16 rcts assessed effectiveness mobile app based interventions medication adherence 19 34 total trials showed statistically significant
75,mobile application,Engaging shoppers through mobile apps: the role of gamification,"… driving consumers' intention to buy using a mobile app, namely: shopping gamification, …
mobile app and as moderator of the shopping engagement – intention to buy using a mobile app …","['engaging', 'shoppers', 'through', 'mobile', 'apps', 'role', 'gamification']","['driving', 'consumers', 'intention', 'buy', 'using', 'mobile', 'app', 'namely', 'shopping', 'gamification', 'mobile', 'app', 'moderator', 'shopping', 'engagement', 'intention', 'buy', 'using', 'mobile', 'app']","['engaging', 'shoppers', 'through', 'mobile', 'apps', 'role', 'gamification', 'driving', 'consumers', 'intention', 'buy', 'using', 'mobile', 'app', 'namely', 'shopping', 'gamification', 'mobile', 'app', 'moderator', 'shopping', 'engagement', 'intention', 'buy', 'using', 'mobile', 'app']",engaging shoppers through mobile apps role gamification driving consumers intention buy using mobile app namely shopping gamification mobile app moderator shopping engagement intention buy using mobile app
76,mobile application,A review of mobile applications available in the app and google play stores used during the COVID-19 outbreak,"… This study adopted a systematic search strategy to identify the free mobile applications related
to the COVID-19 outbreak available in the App and Google Play stores. Keywords such as …","['review', 'mobile', 'applications', 'available', 'app', 'google', 'play', 'stores', 'used', 'during', 'covid', '19', 'outbreak']","['study', 'adopted', 'systematic', 'search', 'strategy', 'identify', 'free', 'mobile', 'applications', 'related', 'covid', '19', 'outbreak', 'available', 'app', 'google', 'play', 'stores', 'keywords', 'such']","['review', 'mobile', 'applications', 'available', 'app', 'google', 'play', 'stores', 'used', 'during', 'covid', '19', 'outbreak', 'study', 'adopted', 'systematic', 'search', 'strategy', 'identify', 'free', 'mobile', 'applications', 'related', 'covid', '19', 'outbreak', 'available', 'app', 'google', 'play', 'stores', 'keywords', 'such']",review mobile applications available app google play stores used during covid 19 outbreak study adopted systematic search strategy identify free mobile applications related covid 19 outbreak available app google play stores keywords such
77,mobile application,"Hydrogen storage technologies for stationary and mobile applications: Review, analysis and perspectives","… stationary and automotive applications. Therefore, … application needs which may be time
variant. Inside this review, the critical insights and recommendations about suitable applications …","['hydrogen', 'storage', 'technologies', 'stationary', 'mobile', 'applications', 'review', 'analysis', 'perspectives']","['stationary', 'automotive', 'applications', 'therefore', 'application', 'needs', 'which', 'may', 'time', 'variant', 'inside', 'review', 'critical', 'insights', 'recommendations', 'about', 'suitable', 'applications']","['hydrogen', 'storage', 'technologies', 'stationary', 'mobile', 'applications', 'review', 'analysis', 'perspectives', 'stationary', 'automotive', 'applications', 'therefore', 'application', 'needs', 'which', 'may', 'time', 'variant', 'inside', 'review', 'critical', 'insights', 'recommendations', 'about', 'suitable', 'applications']",hydrogen storage technologies stationary mobile applications review analysis perspectives stationary automotive applications therefore application needs which may time variant inside review critical insights recommendations about suitable applications
79,mobile application,Mobile apps for healthy living: Factors influencing continuance intention for health apps,"… , but few studies consider Continuance Intention (CI) for mobile health apps. Drawing on the
… health apps. The model is validated using PLS analysis and data from 397 health app users …","['mobile', 'apps', 'healthy', 'living', 'factors', 'influencing', 'continuance', 'intention', 'health', 'apps']","['but', 'few', 'studies', 'consider', 'continuance', 'intention', 'ci', 'mobile', 'health', 'apps', 'drawing', 'health', 'apps', 'model', 'validated', 'using', 'pls', 'analysis', 'data', '397', 'health', 'app', 'users']","['mobile', 'apps', 'healthy', 'living', 'factors', 'influencing', 'continuance', 'intention', 'health', 'apps', 'but', 'few', 'studies', 'consider', 'continuance', 'intention', 'ci', 'mobile', 'health', 'apps', 'drawing', 'health', 'apps', 'model', 'validated', 'using', 'pls', 'analysis', 'data', '397', 'health', 'app', 'users']",mobile apps healthy living factors influencing continuance intention health apps but few studies consider continuance intention ci mobile health apps drawing health apps model validated using pls analysis data 397 health app users
164,web application,Coronapp: A web application to annotate and monitor SARS‐CoV‐2 mutations,"… To overcome these limitations, we have developed coronapp, a web application with two
purposes: real-time tracking of SARS-CoV-2 mutational status and annotation of user-provided …","['coronapp', 'web', 'application', 'annotate', 'monitor', 'sars', 'cov', 'mutations']","['overcome', 'these', 'limitations', 'we', 'have', 'developed', 'coronapp', 'web', 'application', 'two', 'purposes', 'real', 'time', 'tracking', 'sars', 'cov', 'mutational', 'status', 'annotation', 'user', 'provided']","['coronapp', 'web', 'application', 'annotate', 'monitor', 'sars', 'cov', 'mutations', 'overcome', 'these', 'limitations', 'we', 'have', 'developed', 'coronapp', 'web', 'application', 'two', 'purposes', 'real', 'time', 'tracking', 'sars', 'cov', 'mutational', 'status', 'annotation', 'user', 'provided']",coronapp web application annotate monitor sars cov mutations overcome these limitations we have developed coronapp web application two purposes real time tracking sars cov mutational status annotation user provided
2,machine learning,What is machine learning?,"… that one can employ in machine learning (ML). The required … of two learning types: supervised
or unsupervised learning. … skills through either automated learning or learning via human …","['what', 'machine', 'learning']","['one', 'can', 'employ', 'machine', 'learning', 'ml', 'required', 'two', 'learning', 'types', 'supervised', 'unsupervised', 'learning', 'skills', 'through', 'either', 'automated', 'learning', 'learning', 'via', 'human']","['what', 'machine', 'learning', 'one', 'can', 'employ', 'machine', 'learning', 'ml', 'required', 'two', 'learning', 'types', 'supervised', 'unsupervised', 'learning', 'skills', 'through', 'either', 'automated', 'learning', 'learning', 'via', 'human']",what machine learning one can employ machine learning ml required two learning types supervised unsupervised learning skills through either automated learning learning via human
69,mobile application,Towards a new learning experience through a mobile application with augmented reality in engineering education,"… The application of augmented reality (AR) in education … effect of an augmented reality mobile
application (NetAR) that … established to work with the application for three weeks for three …","['towards', 'new', 'learning', 'experience', 'through', 'mobile', 'application', 'augmented', 'reality', 'engineering', 'education']","['application', 'augmented', 'reality', 'ar', 'education', 'effect', 'augmented', 'reality', 'mobile', 'application', 'netar', 'established', 'work', 'application', 'three', 'weeks', 'three']","['towards', 'new', 'learning', 'experience', 'through', 'mobile', 'application', 'augmented', 'reality', 'engineering', 'education', 'application', 'augmented', 'reality', 'ar', 'education', 'effect', 'augmented', 'reality', 'mobile', 'application', 'netar', 'established', 'work', 'application', 'three', 'weeks', 'three']",towards new learning experience through mobile application augmented reality engineering education application augmented reality ar education effect augmented reality mobile application netar established work application three weeks three
82,mobile application,The impact of mobile application features on children's language and literacy learning: a systematic review,"… Mobile touchscreen applications present new opportunities … on the impact of features of
mobile applications on children’s … four features of mobile touchscreen applications: inbuilt …","['impact', 'mobile', 'application', 'features', 'children', 'language', 'literacy', 'learning', 'systematic', 'review']","['mobile', 'touchscreen', 'applications', 'present', 'new', 'opportunities', 'impact', 'features', 'mobile', 'applications', 'children', 'four', 'features', 'mobile', 'touchscreen', 'applications', 'inbuilt']","['impact', 'mobile', 'application', 'features', 'children', 'language', 'literacy', 'learning', 'systematic', 'review', 'mobile', 'touchscreen', 'applications', 'present', 'new', 'opportunities', 'impact', 'features', 'mobile', 'applications', 'children', 'four', 'features', 'mobile', 'touchscreen', 'applications', 'inbuilt']",impact mobile application features children language literacy learning systematic review mobile touchscreen applications present new opportunities impact features mobile applications children four features mobile touchscreen applications inbuilt
87,mobile application,What and how long: Prediction of mobile app engagement,"… is conducted on large app usage logs collected through a mobile advertising company. The
… mobile app engagement prediction problem—can we predict simultaneously what app the …","['what', 'how', 'long', 'prediction', 'mobile', 'app', 'engagement']","['conducted', 'large', 'app', 'usage', 'logs', 'collected', 'through', 'mobile', 'advertising', 'company', 'mobile', 'app', 'engagement', 'prediction', 'problem', 'can', 'we', 'predict', 'simultaneously', 'what', 'app']","['what', 'how', 'long', 'prediction', 'mobile', 'app', 'engagement', 'conducted', 'large', 'app', 'usage', 'logs', 'collected', 'through', 'mobile', 'advertising', 'company', 'mobile', 'app', 'engagement', 'prediction', 'problem', 'can', 'we', 'predict', 'simultaneously', 'what', 'app']",what how long prediction mobile app engagement conducted large app usage logs collected through mobile advertising company mobile app engagement prediction problem can we predict simultaneously what app
94,mobile application,Breathing: A powerfull tool for physical & neuropsychological regulation. The role of mobile apps,"… In addition, we examine the role of mobile applications as breathing training tools. The
method … the effectiveness of mobile breathing applications in various aspects of human health. …","['breathing', 'powerfull', 'tool', 'physical', 'neuropsychological', 'regulation', 'role', 'mobile', 'apps']","['addition', 'we', 'examine', 'role', 'mobile', 'applications', 'breathing', 'training', 'tools', 'method', 'effectiveness', 'mobile', 'breathing', 'applications', 'various', 'aspects', 'human', 'health']","['breathing', 'powerfull', 'tool', 'physical', 'neuropsychological', 'regulation', 'role', 'mobile', 'apps', 'addition', 'we', 'examine', 'role', 'mobile', 'applications', 'breathing', 'training', 'tools', 'method', 'effectiveness', 'mobile', 'breathing', 'applications', 'various', 'aspects', 'human', 'health']",breathing powerfull tool physical neuropsychological regulation role mobile apps addition we examine role mobile applications breathing training tools method effectiveness mobile breathing applications various aspects human health
95,mobile application,Effectiveness of mobile apps to promote health and manage disease: systematic review and meta-analysis of randomized controlled trials,"… apps has become increasingly common [7]. With an estimated 325,000 health care–related
apps now in existence [8], the global health app … the effectiveness of mobile apps for the …","['effectiveness', 'mobile', 'apps', 'promote', 'health', 'manage', 'disease', 'systematic', 'review', 'meta', 'analysis', 'randomized', 'controlled', 'trials']","['apps', 'has', 'become', 'increasingly', 'common', 'estimated', '325', '000', 'health', 'care', 'related', 'apps', 'now', 'existence', 'global', 'health', 'app', 'effectiveness', 'mobile', 'apps']","['effectiveness', 'mobile', 'apps', 'promote', 'health', 'manage', 'disease', 'systematic', 'review', 'meta', 'analysis', 'randomized', 'controlled', 'trials', 'apps', 'has', 'become', 'increasingly', 'common', 'estimated', '325', '000', 'health', 'care', 'related', 'apps', 'now', 'existence', 'global', 'health', 'app', 'effectiveness', 'mobile', 'apps']",effectiveness mobile apps promote health manage disease systematic review meta analysis randomized controlled trials apps has become increasingly common estimated 325 000 health care related apps now existence global health app effectiveness mobile apps
96,mobile application,Customers' perceived value and dining choice through mobile apps in Indonesia,"… with mobile applications (hereafter, “app” or “apps”). For example, mobile apps such as “…
Alibaba-owned mobile app “Taobao” have gained popularity in mobile commerce (hereafter…","['customers', 'perceived', 'value', 'ning', 'choice', 'through', 'mobile', 'apps', 'indonesia']","['mobile', 'applications', 'hereafter', 'app', 'apps', 'example', 'mobile', 'apps', 'such', 'alibaba', 'owned', 'mobile', 'app', 'taobao', 'have', 'gained', 'popularity', 'mobile', 'commerce', 'hereafter']","['customers', 'perceived', 'value', 'ning', 'choice', 'through', 'mobile', 'apps', 'indonesia', 'mobile', 'applications', 'hereafter', 'app', 'apps', 'example', 'mobile', 'apps', 'such', 'alibaba', 'owned', 'mobile', 'app', 'taobao', 'have', 'gained', 'popularity', 'mobile', 'commerce', 'hereafter']",customers perceived value ning choice through mobile apps indonesia mobile applications hereafter app apps example mobile apps such alibaba owned mobile app taobao have gained popularity mobile commerce hereafter
99,mobile application,Augmented reality mobile apps for cultural heritage reactivation,"… augmented reality with mobile apps impacted learning during a … user perception when the
proposed Mobile App was and was not … insights into technological applications for reactivating …","['augmented', 'reality', 'mobile', 'apps', 'cultural', 'heritage', 'reactivation']","['augmented', 'reality', 'mobile', 'apps', 'impacted', 'learning', 'during', 'user', 'perception', 'when', 'proposed', 'mobile', 'app', 'not', 'insights', 'into', 'technological', 'applications', 'reactivating']","['augmented', 'reality', 'mobile', 'apps', 'cultural', 'heritage', 'reactivation', 'augmented', 'reality', 'mobile', 'apps', 'impacted', 'learning', 'during', 'user', 'perception', 'when', 'proposed', 'mobile', 'app', 'not', 'insights', 'into', 'technological', 'applications', 'reactivating']",augmented reality mobile apps cultural heritage reactivation augmented reality mobile apps impacted learning during user perception when proposed mobile app not insights into technological applications reactivating
101,cyber security,The recent trends in cyber security: A review,"… advanced cyber security standards along with challenges faced by the cyber security domain…
new researchers to get acquainted with the recent advancements in Cyber security domain. …","['recent', 'trends', 'cyber', 'security', 'review']","['advanced', 'cyber', 'security', 'standards', 'along', 'challenges', 'faced', 'cyber', 'security', 'domain', 'new', 'researchers', 'get', 'acquainted', 'recent', 'advancements', 'cyber', 'security', 'domain']","['recent', 'trends', 'cyber', 'security', 'review', 'advanced', 'cyber', 'security', 'standards', 'along', 'challenges', 'faced', 'cyber', 'security', 'domain', 'new', 'researchers', 'get', 'acquainted', 'recent', 'advancements', 'cyber', 'security', 'domain']",recent trends cyber security review advanced cyber security standards along challenges faced cyber security domain new researchers get acquainted recent advancements cyber security domain
102,cyber security,"Cyber security: State of the art, challenges and future directions","… shifting cyber threats. This article provides an overview of the state of the art in cyber
security, … Moreover, we address the future direction of cyber security, presenting the possible …","['cyber', 'security', 'state', 'art', 'challenges', 'future', 'directions']","['shifting', 'cyber', 'threats', 'article', 'provides', 'overview', 'state', 'art', 'cyber', 'security', 'moreover', 'we', 'address', 'future', 'direction', 'cyber', 'security', 'presenting', 'possible']","['cyber', 'security', 'state', 'art', 'challenges', 'future', 'directions', 'shifting', 'cyber', 'threats', 'article', 'provides', 'overview', 'state', 'art', 'cyber', 'security', 'moreover', 'we', 'address', 'future', 'direction', 'cyber', 'security', 'presenting', 'possible']",cyber security state art challenges future directions shifting cyber threats article provides overview state art cyber security moreover we address future direction cyber security presenting possible
90,mobile application,User interface design & evaluation of mobile applications,"… different mobile application designs for student projects besides the evaluation of mobile
application … of the interface design of the mobile application for student projects to solve design …","['user', 'interface', 'design', 'evaluation', 'mobile', 'applications']","['different', 'mobile', 'application', 'designs', 'student', 'projects', 'besides', 'evaluation', 'mobile', 'application', 'interface', 'design', 'mobile', 'application', 'student', 'projects', 'solve', 'design']","['user', 'interface', 'design', 'evaluation', 'mobile', 'applications', 'different', 'mobile', 'application', 'designs', 'student', 'projects', 'besides', 'evaluation', 'mobile', 'application', 'interface', 'design', 'mobile', 'application', 'student', 'projects', 'solve', 'design']",user interface design evaluation mobile applications different mobile application designs student projects besides evaluation mobile application interface design mobile application student projects solve design
103,cyber security,"Cyber security, cyber threats, implications and future perspectives: A Review","… To achieve proactive cyber security, not just businesses but the entire society requires high-…
of cybersecurity from all industries' viewpoints. In this study, the prospects of cyber security …","['cyber', 'security', 'cyber', 'threats', 'implications', 'future', 'perspectives', 'review']","['achieve', 'proactive', 'cyber', 'security', 'not', 'just', 'businesses', 'but', 'entire', 'society', 'requires', 'high', 'cybersecurity', 'all', 'industries', 'viewpoints', 'study', 'prospects', 'cyber', 'security']","['cyber', 'security', 'cyber', 'threats', 'implications', 'future', 'perspectives', 'review', 'achieve', 'proactive', 'cyber', 'security', 'not', 'just', 'businesses', 'but', 'entire', 'society', 'requires', 'high', 'cybersecurity', 'all', 'industries', 'viewpoints', 'study', 'prospects', 'cyber', 'security']",cyber security cyber threats implications future perspectives review achieve proactive cyber security not just businesses but entire society requires high cybersecurity all industries viewpoints study prospects cyber security
106,cyber security,A systematic literature review on the cyber security,"… of cyber security kinds, why cyber security is important, cyber security framework, cyber
security tools, and cyber security … Cyber security safeguards the data and integrity of computing …","['systematic', 'literature', 'review', 'cyber', 'security']","['cyber', 'security', 'kinds', 'why', 'cyber', 'security', 'important', 'cyber', 'security', 'framework', 'cyber', 'security', 'tools', 'cyber', 'security', 'cyber', 'security', 'safeguards', 'data', 'integrity', 'computing']","['systematic', 'literature', 'review', 'cyber', 'security', 'cyber', 'security', 'kinds', 'why', 'cyber', 'security', 'important', 'cyber', 'security', 'framework', 'cyber', 'security', 'tools', 'cyber', 'security', 'cyber', 'security', 'safeguards', 'data', 'integrity', 'computing']",systematic literature review cyber security cyber security kinds why cyber security important cyber security framework cyber security tools cyber security cyber security safeguards data integrity computing
107,cyber security,Cyber security in the metaverse,"… approach to security is vital to foster trust and safeguard the virtual realm. This chapter aims
to provide an overview of cybersecurity in Metaverse. It discussed the various cyber stacks in …","['cyber', 'security', 'metaverse']","['approach', 'security', 'vital', 'foster', 'trust', 'safeguard', 'virtual', 'realm', 'chapter', 'aims', 'provide', 'overview', 'cybersecurity', 'metaverse', 'discussed', 'various', 'cyber', 'stacks']","['cyber', 'security', 'metaverse', 'approach', 'security', 'vital', 'foster', 'trust', 'safeguard', 'virtual', 'realm', 'chapter', 'aims', 'provide', 'overview', 'cybersecurity', 'metaverse', 'discussed', 'various', 'cyber', 'stacks']",cyber security metaverse approach security vital foster trust safeguard virtual realm chapter aims provide overview cybersecurity metaverse discussed various cyber stacks
108,cyber security,Counterattacking cyber threats: A framework for the future of cybersecurity,"… for organizational security. This article presents a comprehensive framework that aims to
shape the future of cyber security. This framework responds to the complexities of modern cyber …","['counterattacking', 'cyber', 'threats', 'framework', 'future', 'cybersecurity']","['organizational', 'security', 'article', 'presents', 'comprehensive', 'framework', 'aims', 'shape', 'future', 'cyber', 'security', 'framework', 'responds', 'complexities', 'modern', 'cyber']","['counterattacking', 'cyber', 'threats', 'framework', 'future', 'cybersecurity', 'organizational', 'security', 'article', 'presents', 'comprehensive', 'framework', 'aims', 'shape', 'future', 'cyber', 'security', 'framework', 'responds', 'complexities', 'modern', 'cyber']",counterattacking cyber threats framework future cybersecurity organizational security article presents comprehensive framework aims shape future cyber security framework responds complexities modern cyber
113,cyber security,"Artificial intelligence in cyber security: Research advances, challenges, and opportunities.","… cyber security mentioned in this paper includes threats from outside2 and within systems (known
as network security … systems, so the goal of cyber security is to protect threats as much …","['artificial', 'intelligence', 'cyber', 'security', 'research', 'advances', 'challenges', 'opportunities']","['cyber', 'security', 'mentioned', 'paper', 'includes', 'threats', 'outside2', 'within', 'systems', 'known', 'network', 'security', 'systems', 'so', 'goal', 'cyber', 'security', 'protect', 'threats', 'much']","['artificial', 'intelligence', 'cyber', 'security', 'research', 'advances', 'challenges', 'opportunities', 'cyber', 'security', 'mentioned', 'paper', 'includes', 'threats', 'outside2', 'within', 'systems', 'known', 'network', 'security', 'systems', 'so', 'goal', 'cyber', 'security', 'protect', 'threats', 'much']",artificial intelligence cyber security research advances challenges opportunities cyber security mentioned paper includes threats outside2 within systems known network security systems so goal cyber security protect threats much
114,cyber security,Deep reinforcement learning for cyber security,"… , and especially high-dimensional cyber defense problems. This article presents a … for cyber
security. We touch on different vital aspects, including DRL-based security methods for cyber…","['deep', 'reinforcement', 'learning', 'cyber', 'security']","['especially', 'high', 'dimensional', 'cyber', 'defense', 'problems', 'article', 'presents', 'cyber', 'security', 'we', 'touch', 'different', 'vital', 'aspects', 'including', 'drl', 'based', 'security', 'methods', 'cyber']","['deep', 'reinforcement', 'learning', 'cyber', 'security', 'especially', 'high', 'dimensional', 'cyber', 'defense', 'problems', 'article', 'presents', 'cyber', 'security', 'we', 'touch', 'different', 'vital', 'aspects', 'including', 'drl', 'based', 'security', 'methods', 'cyber']",deep reinforcement learning cyber security especially high dimensional cyber defense problems article presents cyber security we touch different vital aspects including drl based security methods cyber
116,cyber security,Artificial intelligence-based cyber security in the context of industry 4.0—a survey,"… technology has increased the cyber-attack surface. In this … of cyber criminals, to develop
knowledge for cyber security … based cyber-attacks and to analyze them for deriving cyber security …","['artificial', 'intelligence', 'based', 'cyber', 'security', 'context', 'industry', 'survey']","['technology', 'has', 'increased', 'cyber', 'attack', 'surface', 'cyber', 'criminals', 'develop', 'knowledge', 'cyber', 'security', 'based', 'cyber', 'attacks', 'analyze', 'them', 'deriving', 'cyber', 'security']","['artificial', 'intelligence', 'based', 'cyber', 'security', 'context', 'industry', 'survey', 'technology', 'has', 'increased', 'cyber', 'attack', 'surface', 'cyber', 'criminals', 'develop', 'knowledge', 'cyber', 'security', 'based', 'cyber', 'attacks', 'analyze', 'them', 'deriving', 'cyber', 'security']",artificial intelligence based cyber security context industry survey technology has increased cyber attack surface cyber criminals develop knowledge cyber security based cyber attacks analyze them deriving cyber security
121,cyber security,Cyber resilience and cyber security issues of intelligent cloud computing systems,"… It is necessary to provide the cyber security of cloud computing according to the … the cyber
security of this technology is to accurately identify its threats. In this paper, a new cyber security …","['cyber', 'resilience', 'cyber', 'security', 'issues', 'intelligent', 'cloud', 'computing', 'systems']","['necessary', 'provide', 'cyber', 'security', 'cloud', 'computing', 'according', 'cyber', 'security', 'technology', 'accurately', 'identify', 'its', 'threats', 'paper', 'new', 'cyber', 'security']","['cyber', 'resilience', 'cyber', 'security', 'issues', 'intelligent', 'cloud', 'computing', 'systems', 'necessary', 'provide', 'cyber', 'security', 'cloud', 'computing', 'according', 'cyber', 'security', 'technology', 'accurately', 'identify', 'its', 'threats', 'paper', 'new', 'cyber', 'security']",cyber resilience cyber security issues intelligent cloud computing systems necessary provide cyber security cloud computing according cyber security technology accurately identify its threats paper new cyber security
122,cyber security,Role of AI and its impact on the development of cyber security applications,"… its impact on cyber security as well as discuss various applications of AI in cyber security in
detail. … on artificial intelligence and cyber security and how AI has evolved in providing better …","['role', 'ai', 'its', 'impact', 'development', 'cyber', 'security', 'applications']","['its', 'impact', 'cyber', 'security', 'well', 'discuss', 'various', 'applications', 'ai', 'cyber', 'security', 'detail', 'artificial', 'intelligence', 'cyber', 'security', 'how', 'ai', 'has', 'evolved', 'providing', 'better']","['role', 'ai', 'its', 'impact', 'development', 'cyber', 'security', 'applications', 'its', 'impact', 'cyber', 'security', 'well', 'discuss', 'various', 'applications', 'ai', 'cyber', 'security', 'detail', 'artificial', 'intelligence', 'cyber', 'security', 'how', 'ai', 'has', 'evolved', 'providing', 'better']",role ai its impact development cyber security applications its impact cyber security well discuss various applications ai cyber security detail artificial intelligence cyber security how ai has evolved providing better
125,cyber security,"A comprehensive review on cyber-attacks in power systems: Impact analysis, detection, and cyber security","… detection and mitigation of these vulnerable cyber-attacks using advanced computation …
cyber security challenges such as smart meter security, end-users privacy, electricity theft cyber-…","['comprehensive', 'review', 'cyber', 'attacks', 'power', 'systems', 'impact', 'analysis', 'detection', 'cyber', 'security']","['detection', 'mitigation', 'these', 'vulnerable', 'cyber', 'attacks', 'using', 'advanced', 'computation', 'cyber', 'security', 'challenges', 'such', 'smart', 'meter', 'security', 'end', 'users', 'privacy', 'electricity', 'theft', 'cyber']","['comprehensive', 'review', 'cyber', 'attacks', 'power', 'systems', 'impact', 'analysis', 'detection', 'cyber', 'security', 'detection', 'mitigation', 'these', 'vulnerable', 'cyber', 'attacks', 'using', 'advanced', 'computation', 'cyber', 'security', 'challenges', 'such', 'smart', 'meter', 'security', 'end', 'users', 'privacy', 'electricity', 'theft', 'cyber']",comprehensive review cyber attacks power systems impact analysis detection cyber security detection mitigation these vulnerable cyber attacks using advanced computation cyber security challenges such smart meter security end users privacy electricity theft cyber
126,cyber security,"A comprehensive review of cyber security vulnerabilities, threats, attacks, and solutions","… In summary, cyber security ensures the security of virtual life on cyber networks. The … under
the name of cyber security [4]. The primary purpose of cyber security is to secure the data of …","['comprehensive', 'review', 'cyber', 'security', 'vulnerabilities', 'threats', 'attacks', 'solutions']","['summary', 'cyber', 'security', 'ensures', 'security', 'virtual', 'life', 'cyber', 'networks', 'under', 'name', 'cyber', 'security', 'primary', 'purpose', 'cyber', 'security', 'secure', 'data']","['comprehensive', 'review', 'cyber', 'security', 'vulnerabilities', 'threats', 'attacks', 'solutions', 'summary', 'cyber', 'security', 'ensures', 'security', 'virtual', 'life', 'cyber', 'networks', 'under', 'name', 'cyber', 'security', 'primary', 'purpose', 'cyber', 'security', 'secure', 'data']",comprehensive review cyber security vulnerabilities threats attacks solutions summary cyber security ensures security virtual life cyber networks under name cyber security primary purpose cyber security secure data
128,cyber security,Cyber security as a threat to health care,"… Purpose: Cyber security incidents are posing an increasing … vulnerabilities to avoid
cybersecurity incidents. The eight … , which aided in ensuring cybersecurity with facilities and …","['cyber', 'security', 'threat', 'health', 'care']","['purpose', 'cyber', 'security', 'incidents', 'posing', 'increasing', 'vulnerabilities', 'avoid', 'cybersecurity', 'incidents', 'eight', 'which', 'aided', 'ensuring', 'cybersecurity', 'facilities']","['cyber', 'security', 'threat', 'health', 'care', 'purpose', 'cyber', 'security', 'incidents', 'posing', 'increasing', 'vulnerabilities', 'avoid', 'cybersecurity', 'incidents', 'eight', 'which', 'aided', 'ensuring', 'cybersecurity', 'facilities']",cyber security threat health care purpose cyber security incidents posing increasing vulnerabilities avoid cybersecurity incidents eight which aided ensuring cybersecurity facilities
130,cyber security,Internet of things meet internet of threats: New concern cyber security issues of critical cyber infrastructure,"… These impactful incidents clearly show how harmful an IT security breach can be. It is
also evident that the state of the art of cyber security has shifted to another dimension where …","['internet', 'things', 'meet', 'internet', 'threats', 'new', 'concern', 'cyber', 'security', 'issues', 'critical', 'cyber', 'infrastructure']","['these', 'impactful', 'incidents', 'clearly', 'show', 'how', 'harmful', 'security', 'breach', 'can', 'also', 'evident', 'state', 'art', 'cyber', 'security', 'has', 'shifted', 'another', 'dimension', 'where']","['internet', 'things', 'meet', 'internet', 'threats', 'new', 'concern', 'cyber', 'security', 'issues', 'critical', 'cyber', 'infrastructure', 'these', 'impactful', 'incidents', 'clearly', 'show', 'how', 'harmful', 'security', 'breach', 'can', 'also', 'evident', 'state', 'art', 'cyber', 'security', 'has', 'shifted', 'another', 'dimension', 'where']",internet things meet internet threats new concern cyber security issues critical cyber infrastructure these impactful incidents clearly show how harmful security breach can also evident state art cyber security has shifted another dimension where
131,cyber security,The role of national cybersecurity strategies on the improvement of cybersecurity education,"… the creation of a resilient cybersecurity ecosystem and in supporting cyber sovereignty. This
… Cybersecurity Strategic Plans (NCSPs) and analyzes the associated existing cybersecurity …","['role', 'national', 'cybersecurity', 'strategies', 'improvement', 'cybersecurity', 'education']","['creation', 'resilient', 'cybersecurity', 'ecosystem', 'supporting', 'cyber', 'sovereignty', 'cybersecurity', 'strategic', 'plans', 'ncsps', 'analyzes', 'associated', 'existing', 'cybersecurity']","['role', 'national', 'cybersecurity', 'strategies', 'improvement', 'cybersecurity', 'education', 'creation', 'resilient', 'cybersecurity', 'ecosystem', 'supporting', 'cyber', 'sovereignty', 'cybersecurity', 'strategic', 'plans', 'ncsps', 'analyzes', 'associated', 'existing', 'cybersecurity']",role national cybersecurity strategies improvement cybersecurity education creation resilient cybersecurity ecosystem supporting cyber sovereignty cybersecurity strategic plans ncsps analyzes associated existing cybersecurity
133,cyber security,Defining cyber security and cyber security risk within a multidisciplinary context using expert elicitation,"… cyber security risk. We used this expert elicitation process to develop comprehensive definitions
of cyber security (cybersecurity) and cyber security … significant cyber security risk factors. …","['defining', 'cyber', 'security', 'cyber', 'security', 'risk', 'within', 'multidisciplinary', 'context', 'using', 'expert', 'elicitation']","['cyber', 'security', 'risk', 'we', 'used', 'expert', 'elicitation', 'process', 'develop', 'comprehensive', 'definitions', 'cyber', 'security', 'cybersecurity', 'cyber', 'security', 'significant', 'cyber', 'security', 'risk', 'factors']","['defining', 'cyber', 'security', 'cyber', 'security', 'risk', 'within', 'multidisciplinary', 'context', 'using', 'expert', 'elicitation', 'cyber', 'security', 'risk', 'we', 'used', 'expert', 'elicitation', 'process', 'develop', 'comprehensive', 'definitions', 'cyber', 'security', 'cybersecurity', 'cyber', 'security', 'significant', 'cyber', 'security', 'risk', 'factors']",defining cyber security cyber security risk within multidisciplinary context using expert elicitation cyber security risk we used expert elicitation process develop comprehensive definitions cyber security cybersecurity cyber security significant cyber security risk factors
134,cyber security,"Study of smart grid cyber-security, examining architectures, communication networks, cyber-attacks, countermeasure techniques, and challenges","… the NIST cybersecurity framework in order to assure a reasonable level of cybersecurity. As
a … by covering all the steps of assuring security and not only concentrating on specific steps, …","['study', 'smart', 'grid', 'cyber', 'security', 'examining', 'architectures', 'communication', 'networks', 'cyber', 'attacks', 'countermeasure', 'techniques', 'challenges']","['nist', 'cybersecurity', 'framework', 'order', 'assure', 'reasonable', 'level', 'cybersecurity', 'covering', 'all', 'steps', 'assuring', 'security', 'not', 'only', 'concentrating', 'specific', 'steps']","['study', 'smart', 'grid', 'cyber', 'security', 'examining', 'architectures', 'communication', 'networks', 'cyber', 'attacks', 'countermeasure', 'techniques', 'challenges', 'nist', 'cybersecurity', 'framework', 'order', 'assure', 'reasonable', 'level', 'cybersecurity', 'covering', 'all', 'steps', 'assuring', 'security', 'not', 'only', 'concentrating', 'specific', 'steps']",study smart grid cyber security examining architectures communication networks cyber attacks countermeasure techniques challenges nist cybersecurity framework order assure reasonable level cybersecurity covering all steps assuring security not only concentrating specific steps
132,cyber security,Cyber security threats: A never-ending challenge for e-commerce,"… This study explores the challenge of cyber security threats that e-commerce technology
and … challenges, and cyber security challenge is one of them. Cyber security concerns have …","['cyber', 'security', 'threats', 'never', 'ending', 'challenge', 'commerce']","['study', 'explores', 'challenge', 'cyber', 'security', 'threats', 'commerce', 'technology', 'challenges', 'cyber', 'security', 'challenge', 'one', 'them', 'cyber', 'security', 'concerns', 'have']","['cyber', 'security', 'threats', 'never', 'ending', 'challenge', 'commerce', 'study', 'explores', 'challenge', 'cyber', 'security', 'threats', 'commerce', 'technology', 'challenges', 'cyber', 'security', 'challenge', 'one', 'them', 'cyber', 'security', 'concerns', 'have']",cyber security threats never ending challenge commerce study explores challenge cyber security threats commerce technology challenges cyber security challenge one them cyber security concerns have
136,cyber security,When llms meet cybersecurity: A systematic literature review,"… the advancement in LLMs and its potential impact on enhancing cybersecurity practices.
We will delve into various cybersecurity tasks and applications to which LLMs are applicable, …","['when', 'llms', 'meet', 'cybersecurity', 'systematic', 'literature', 'review']","['advancement', 'llms', 'its', 'potential', 'impact', 'enhancing', 'cybersecurity', 'practices', 'we', 'will', 'delve', 'into', 'various', 'cybersecurity', 'tasks', 'applications', 'which', 'llms', 'applicable']","['when', 'llms', 'meet', 'cybersecurity', 'systematic', 'literature', 'review', 'advancement', 'llms', 'its', 'potential', 'impact', 'enhancing', 'cybersecurity', 'practices', 'we', 'will', 'delve', 'into', 'various', 'cybersecurity', 'tasks', 'applications', 'which', 'llms', 'applicable']",when llms meet cybersecurity systematic literature review advancement llms its potential impact enhancing cybersecurity practices we will delve into various cybersecurity tasks applications which llms applicable
137,cyber security,Cyber security training for critical infrastructure protection: A literature review,"… In this study, we seek to establish the current state-of-the-art in cyber-security training
offerings for critical infrastructure protection and the key performance indicators (KPIs) that allow …","['cyber', 'security', 'training', 'critical', 'infrastructure', 'protection', 'literature', 'review']","['study', 'we', 'seek', 'establish', 'current', 'state', 'art', 'cyber', 'security', 'training', 'offerings', 'critical', 'infrastructure', 'protection', 'key', 'performance', 'indicators', 'kpis', 'allow']","['cyber', 'security', 'training', 'critical', 'infrastructure', 'protection', 'literature', 'review', 'study', 'we', 'seek', 'establish', 'current', 'state', 'art', 'cyber', 'security', 'training', 'offerings', 'critical', 'infrastructure', 'protection', 'key', 'performance', 'indicators', 'kpis', 'allow']",cyber security training critical infrastructure protection literature review study we seek establish current state art cyber security training offerings critical infrastructure protection key performance indicators kpis allow
32,machine learning,Machine learning at the network edge: A survey,"… This section describes the low-power hardware that have been used in edge machine
learning systems. High performance from a deep learning application is only achievable when an …","['machine', 'learning', 'network', 'edge', 'survey']","['section', 'describes', 'low', 'power', 'hardware', 'have', 'been', 'used', 'edge', 'machine', 'learning', 'systems', 'high', 'performance', 'deep', 'learning', 'application', 'only', 'achievable', 'when']","['machine', 'learning', 'network', 'edge', 'survey', 'section', 'describes', 'low', 'power', 'hardware', 'have', 'been', 'used', 'edge', 'machine', 'learning', 'systems', 'high', 'performance', 'deep', 'learning', 'application', 'only', 'achievable', 'when']",machine learning network edge survey section describes low power hardware have been used edge machine learning systems high performance deep learning application only achievable when
37,machine learning,When machine learning meets privacy: A survey and outlook,"… problems and machine learning is … machine learning. The survey covers three categories
of interactions between privacy and machine learning: (i) private machine learning, (ii) machine …","['when', 'machine', 'learning', 'meets', 'privacy', 'survey', 'outlook']","['problems', 'machine', 'learning', 'machine', 'learning', 'survey', 'covers', 'three', 'categories', 'interactions', 'between', 'privacy', 'machine', 'learning', 'private', 'machine', 'learning', 'ii', 'machine']","['when', 'machine', 'learning', 'meets', 'privacy', 'survey', 'outlook', 'problems', 'machine', 'learning', 'machine', 'learning', 'survey', 'covers', 'three', 'categories', 'interactions', 'between', 'privacy', 'machine', 'learning', 'private', 'machine', 'learning', 'ii', 'machine']",when machine learning meets privacy survey outlook problems machine learning machine learning survey covers three categories interactions between privacy machine learning private machine learning ii machine
140,cyber security,Artificial intelligence predictions in cyber security: Analysis and early detection of cyber attacks,"… cyber security solutions by addressing the dynamic and constantly-evolving landscape of
cyber … to applied ML to Predictions Cyber Security of Early Detection of Cyber Attacks."" The aim …","['artificial', 'intelligence', 'predictions', 'cyber', 'security', 'analysis', 'early', 'detection', 'cyber', 'attacks']","['cyber', 'security', 'solutions', 'addressing', 'dynamic', 'constantly', 'evolving', 'landscape', 'cyber', 'applied', 'ml', 'predictions', 'cyber', 'security', 'early', 'detection', 'cyber', 'attacks', 'aim']","['artificial', 'intelligence', 'predictions', 'cyber', 'security', 'analysis', 'early', 'detection', 'cyber', 'attacks', 'cyber', 'security', 'solutions', 'addressing', 'dynamic', 'constantly', 'evolving', 'landscape', 'cyber', 'applied', 'ml', 'predictions', 'cyber', 'security', 'early', 'detection', 'cyber', 'attacks', 'aim']",artificial intelligence predictions cyber security analysis early detection cyber attacks cyber security solutions addressing dynamic constantly evolving landscape cyber applied ml predictions cyber security early detection cyber attacks aim
143,cyber security,"Uniting cyber security and machine learning: Advantages, challenges and future research","… to the machine learning models, improves the performance of the cyber security … cyber
security and ML. We also discuss the advantages, issues and challenges of uniting cyber security …","['uniting', 'cyber', 'security', 'machine', 'learning', 'advantages', 'challenges', 'future', 'research']","['machine', 'learning', 'models', 'improves', 'performance', 'cyber', 'security', 'cyber', 'security', 'ml', 'we', 'also', 'discuss', 'advantages', 'issues', 'challenges', 'uniting', 'cyber', 'security']","['uniting', 'cyber', 'security', 'machine', 'learning', 'advantages', 'challenges', 'future', 'research', 'machine', 'learning', 'models', 'improves', 'performance', 'cyber', 'security', 'cyber', 'security', 'ml', 'we', 'also', 'discuss', 'advantages', 'issues', 'challenges', 'uniting', 'cyber', 'security']",uniting cyber security machine learning advantages challenges future research machine learning models improves performance cyber security cyber security ml we also discuss advantages issues challenges uniting cyber security
145,cyber security,Cyber security and the Leviathan,"… and of cyber security in Western society. Our findings indicate that cyber security within these
… We conclude by suggesting implications for cyber-security practitioners, in particular, the …","['cyber', 'security', 'leviathan']","['cyber', 'security', 'western', 'society', 'our', 'findings', 'indicate', 'cyber', 'security', 'within', 'these', 'we', 'conclude', 'suggesting', 'implications', 'cyber', 'security', 'practitioners', 'particular']","['cyber', 'security', 'leviathan', 'cyber', 'security', 'western', 'society', 'our', 'findings', 'indicate', 'cyber', 'security', 'within', 'these', 'we', 'conclude', 'suggesting', 'implications', 'cyber', 'security', 'practitioners', 'particular']",cyber security leviathan cyber security western society our findings indicate cyber security within these we conclude suggesting implications cyber security practitioners particular
43,machine learning,Machine Learning for industrial applications: A comprehensive literature review,"Abstract Machine Learning (ML) is a branch of artificial intelligence that studies algorithms
able to learn autonomously, directly from the input data. Over the last decade, ML techniques …","['machine', 'learning', 'industrial', 'applications', 'comprehensive', 'literature', 'review']","['abstract', 'machine', 'learning', 'ml', 'branch', 'artificial', 'intelligence', 'studies', 'algorithms', 'able', 'learn', 'autonomously', 'directly', 'input', 'data', 'over', 'last', 'decade', 'ml', 'techniques']","['machine', 'learning', 'industrial', 'applications', 'comprehensive', 'literature', 'review', 'abstract', 'machine', 'learning', 'ml', 'branch', 'artificial', 'intelligence', 'studies', 'algorithms', 'able', 'learn', 'autonomously', 'directly', 'input', 'data', 'over', 'last', 'decade', 'ml', 'techniques']",machine learning industrial applications comprehensive literature review abstract machine learning ml branch artificial intelligence studies algorithms able learn autonomously directly input data over last decade ml techniques
146,cyber security,Artificial intelligence in the cyber security environment,"… comprehend network safety or areas of cyber security issues. … to foresee and distinguish
data security dangers and failures. … Cyber security Digital protection measures are related with …","['artificial', 'intelligence', 'cyber', 'security', 'environment']","['comprehend', 'network', 'safety', 'areas', 'cyber', 'security', 'issues', 'foresee', 'distinguish', 'data', 'security', 'dangers', 'failures', 'cyber', 'security', 'digital', 'protection', 'measures', 'related']","['artificial', 'intelligence', 'cyber', 'security', 'environment', 'comprehend', 'network', 'safety', 'areas', 'cyber', 'security', 'issues', 'foresee', 'distinguish', 'data', 'security', 'dangers', 'failures', 'cyber', 'security', 'digital', 'protection', 'measures', 'related']",artificial intelligence cyber security environment comprehend network safety areas cyber security issues foresee distinguish data security dangers failures cyber security digital protection measures related
147,cyber security,A comprehensive survey of recent internet measurement techniques for cyber security,"… approaches for cyber security must be conducted … cyber security, ranging from threats within
specific application domains to threats themselves. We provide a taxonomy of cyber security-…","['comprehensive', 'survey', 'recent', 'internet', 'measurement', 'techniques', 'cyber', 'security']","['approaches', 'cyber', 'security', 'must', 'conducted', 'cyber', 'security', 'ranging', 'threats', 'within', 'specific', 'application', 'domains', 'threats', 'themselves', 'we', 'provide', 'taxonomy', 'cyber', 'security']","['comprehensive', 'survey', 'recent', 'internet', 'measurement', 'techniques', 'cyber', 'security', 'approaches', 'cyber', 'security', 'must', 'conducted', 'cyber', 'security', 'ranging', 'threats', 'within', 'specific', 'application', 'domains', 'threats', 'themselves', 'we', 'provide', 'taxonomy', 'cyber', 'security']",comprehensive survey recent internet measurement techniques cyber security approaches cyber security must conducted cyber security ranging threats within specific application domains threats themselves we provide taxonomy cyber security
150,cyber security,Cybersecurity capabilities and cyber-attacks as drivers of investment in cybersecurity systems: A UK survey for 2018 and 2019,"… that cybersecurity investment is a strategic decision in the organizations. To analyze this
research question, we make use of the Cyber Security … literature on cybersecurity systems and …","['cybersecurity', 'capabilities', 'cyber', 'attacks', 'drivers', 'investment', 'cybersecurity', 'systems', 'uk', 'survey', '2018', '2019']","['cybersecurity', 'investment', 'strategic', 'decision', 'organizations', 'analyze', 'research', 'question', 'we', 'make', 'use', 'cyber', 'security', 'literature', 'cybersecurity', 'systems']","['cybersecurity', 'capabilities', 'cyber', 'attacks', 'drivers', 'investment', 'cybersecurity', 'systems', 'uk', 'survey', '2018', '2019', 'cybersecurity', 'investment', 'strategic', 'decision', 'organizations', 'analyze', 'research', 'question', 'we', 'make', 'use', 'cyber', 'security', 'literature', 'cybersecurity', 'systems']",cybersecurity capabilities cyber attacks drivers investment cybersecurity systems uk survey 2018 2019 cybersecurity investment strategic decision organizations analyze research question we make use cyber security literature cybersecurity systems
153,web application,A comparative study of web application security parameters: Current trends and future directions,"… in the use of web applications. Businesses, industries, … web applications. This mammoth
rise in their usage has also resulted in many security issues that make these web applications …","['comparative', 'study', 'web', 'application', 'security', 'parameters', 'current', 'trends', 'future', 'directions']","['use', 'web', 'applications', 'businesses', 'industries', 'web', 'applications', 'mammoth', 'rise', 'their', 'usage', 'has', 'also', 'resulted', 'many', 'security', 'issues', 'make', 'these', 'web', 'applications']","['comparative', 'study', 'web', 'application', 'security', 'parameters', 'current', 'trends', 'future', 'directions', 'use', 'web', 'applications', 'businesses', 'industries', 'web', 'applications', 'mammoth', 'rise', 'their', 'usage', 'has', 'also', 'resulted', 'many', 'security', 'issues', 'make', 'these', 'web', 'applications']",comparative study web application security parameters current trends future directions use web applications businesses industries web applications mammoth rise their usage has also resulted many security issues make these web applications
154,web application,Secured web application based on CapsuleNet and OWASP in the cloud,"… The detailed explanations of proposed work in developing CapsuleNet based attack
detection in the web application are provided in this section. The proposed work utilizes text …","['secured', 'web', 'application', 'based', 'capsulenet', 'owasp', 'cloud']","['detailed', 'explanations', 'proposed', 'work', 'developing', 'capsulenet', 'based', 'attack', 'detection', 'web', 'application', 'provided', 'section', 'proposed', 'work', 'utilizes', 'text']","['secured', 'web', 'application', 'based', 'capsulenet', 'owasp', 'cloud', 'detailed', 'explanations', 'proposed', 'work', 'developing', 'capsulenet', 'based', 'attack', 'detection', 'web', 'application', 'provided', 'section', 'proposed', 'work', 'utilizes', 'text']",secured web application based capsulenet owasp cloud detailed explanations proposed work developing capsulenet based attack detection web application provided section proposed work utilizes text
1,machine learning,Machine learning for microbiologists,"… how to evaluate a machine learning model and how … machine learning-based work. The
topics presented in this work will allow microbiologists to grasp the potential of machine learning …","['machine', 'learning', 'microbiologists']","['how', 'evaluate', 'machine', 'learning', 'model', 'how', 'machine', 'learning', 'based', 'work', 'topics', 'presented', 'work', 'will', 'allow', 'microbiologists', 'grasp', 'potential', 'machine', 'learning']","['machine', 'learning', 'microbiologists', 'how', 'evaluate', 'machine', 'learning', 'model', 'how', 'machine', 'learning', 'based', 'work', 'topics', 'presented', 'work', 'will', 'allow', 'microbiologists', 'grasp', 'potential', 'machine', 'learning']",machine learning microbiologists how evaluate machine learning model how machine learning based work topics presented work will allow microbiologists grasp potential machine learning
149,cyber security,Learning from cyber security incidents: A systematic review and future research agenda,"… Cyber security incidents are now prevalent in many organisations. Arguably, those who can
learn from security … on organisational learning from cyber security incidents and identifying …","['learning', 'cyber', 'security', 'incidents', 'systematic', 'review', 'future', 'research', 'agenda']","['cyber', 'security', 'incidents', 'now', 'prevalent', 'many', 'organisations', 'arguably', 'those', 'who', 'can', 'learn', 'security', 'organisational', 'learning', 'cyber', 'security', 'incidents', 'identifying']","['learning', 'cyber', 'security', 'incidents', 'systematic', 'review', 'future', 'research', 'agenda', 'cyber', 'security', 'incidents', 'now', 'prevalent', 'many', 'organisations', 'arguably', 'those', 'who', 'can', 'learn', 'security', 'organisational', 'learning', 'cyber', 'security', 'incidents', 'identifying']",learning cyber security incidents systematic review future research agenda cyber security incidents now prevalent many organisations arguably those who can learn security organisational learning cyber security incidents identifying
155,web application,Front-end deep learning web apps development and deployment: a review,"… of these deep-learning web apps to raise awareness of the … web applications divided into
seven categories to show deep learning potential on the front end. These include web apps for …","['front', 'end', 'deep', 'learning', 'web', 'apps', 'development', 'deployment', 'review']","['these', 'deep', 'learning', 'web', 'apps', 'raise', 'awareness', 'web', 'applications', 'divided', 'into', 'seven', 'categories', 'show', 'deep', 'learning', 'potential', 'front', 'end', 'these', 'include', 'web', 'apps']","['front', 'end', 'deep', 'learning', 'web', 'apps', 'development', 'deployment', 'review', 'these', 'deep', 'learning', 'web', 'apps', 'raise', 'awareness', 'web', 'applications', 'divided', 'into', 'seven', 'categories', 'show', 'deep', 'learning', 'potential', 'front', 'end', 'these', 'include', 'web', 'apps']",front end deep learning web apps development deployment review these deep learning web apps raise awareness web applications divided into seven categories show deep learning potential front end these include web apps
156,web application,BEST: a web application for comprehensive biomarker exploration on large-scale data in solid tumors,"… Currently, several open-access web servers that allow users … Although these web applications
are valuable and broadly … (BEST), a web-based application for comprehensive biomarker …","['best', 'web', 'application', 'comprehensive', 'biomarker', 'exploration', 'large', 'scale', 'data', 'solid', 'tumors']","['currently', 'several', 'open', 'access', 'web', 'servers', 'allow', 'users', 'although', 'these', 'web', 'applications', 'valuable', 'broadly', 'best', 'web', 'based', 'application', 'comprehensive', 'biomarker']","['best', 'web', 'application', 'comprehensive', 'biomarker', 'exploration', 'large', 'scale', 'data', 'solid', 'tumors', 'currently', 'several', 'open', 'access', 'web', 'servers', 'allow', 'users', 'although', 'these', 'web', 'applications', 'valuable', 'broadly', 'best', 'web', 'based', 'application', 'comprehensive', 'biomarker']",best web application comprehensive biomarker exploration large scale data solid tumors currently several open access web servers allow users although these web applications valuable broadly best web based application comprehensive biomarker
157,web application,DeepCrop: Deep learning-based crop disease prediction with web application,"… a smart web application for real-life crop disease prediction. The proposed web application
aims to … The proposed application uses the ResNet50 transfer learning model at its heart to …","['deepcrop', 'deep', 'learning', 'based', 'crop', 'disease', 'prediction', 'web', 'application']","['smart', 'web', 'application', 'real', 'life', 'crop', 'disease', 'prediction', 'proposed', 'web', 'application', 'aims', 'proposed', 'application', 'uses', 'resnet50', 'transfer', 'learning', 'model', 'its', 'heart']","['deepcrop', 'deep', 'learning', 'based', 'crop', 'disease', 'prediction', 'web', 'application', 'smart', 'web', 'application', 'real', 'life', 'crop', 'disease', 'prediction', 'proposed', 'web', 'application', 'aims', 'proposed', 'application', 'uses', 'resnet50', 'transfer', 'learning', 'model', 'its', 'heart']",deepcrop deep learning based crop disease prediction web application smart web application real life crop disease prediction proposed web application aims proposed application uses resnet50 transfer learning model its heart
20,machine learning,Machine learning in economics and finance,"… Machine Learning (ML) was introduced by Arthur Samuel while working for IBM in 1959, mainly
to describe the pattern recognition tasks that delivered the “learning… of Machine Learning …","['machine', 'learning', 'economics', 'finance']","['machine', 'learning', 'ml', 'introduced', 'arthur', 'samuel', 'while', 'working', 'ibm', '1959', 'mainly', 'describe', 'pattern', 'recognition', 'tasks', 'delivered', 'learning', 'machine', 'learning']","['machine', 'learning', 'economics', 'finance', 'machine', 'learning', 'ml', 'introduced', 'arthur', 'samuel', 'while', 'working', 'ibm', '1959', 'mainly', 'describe', 'pattern', 'recognition', 'tasks', 'delivered', 'learning', 'machine', 'learning']",machine learning economics finance machine learning ml introduced arthur samuel while working ibm 1959 mainly describe pattern recognition tasks delivered learning machine learning
159,web application,"Tree Visualization By One Table (tvBOT): a web application for visualizing, modifying and annotating phylogenetic trees","tvBOT is a user-friendly and efficient web application for visualizing, modifying, and annotating
phylogenetic trees. It is highly efficient in data preparation without requiring redundant …","['tree', 'visualization', 'one', 'table', 'tvbot', 'web', 'application', 'visualizing', 'modifying', 'annotating', 'phylogenetic', 'trees']","['tvbot', 'user', 'friendly', 'efficient', 'web', 'application', 'visualizing', 'modifying', 'annotating', 'phylogenetic', 'trees', 'highly', 'efficient', 'data', 'preparation', 'without', 'requiring', 'redundant']","['tree', 'visualization', 'one', 'table', 'tvbot', 'web', 'application', 'visualizing', 'modifying', 'annotating', 'phylogenetic', 'trees', 'tvbot', 'user', 'friendly', 'efficient', 'web', 'application', 'visualizing', 'modifying', 'annotating', 'phylogenetic', 'trees', 'highly', 'efficient', 'data', 'preparation', 'without', 'requiring', 'redundant']",tree visualization one table tvbot web application visualizing modifying annotating phylogenetic trees tvbot user friendly efficient web application visualizing modifying annotating phylogenetic trees highly efficient data preparation without requiring redundant
160,web application,Session State Management and Security Controls in Oracle APEX Web Applications,"… Application security verification models emphasize that web systems should be tested for …
and security control framework for Oracle APEX web applications. The objective is to show how …","['session', 'state', 'management', 'security', 'controls', 'oracle', 'apex', 'web', 'applications']","['application', 'security', 'verification', 'models', 'emphasize', 'web', 'systems', 'should', 'tested', 'security', 'control', 'framework', 'oracle', 'apex', 'web', 'applications', 'objective', 'show', 'how']","['session', 'state', 'management', 'security', 'controls', 'oracle', 'apex', 'web', 'applications', 'application', 'security', 'verification', 'models', 'emphasize', 'web', 'systems', 'should', 'tested', 'security', 'control', 'framework', 'oracle', 'apex', 'web', 'applications', 'objective', 'show', 'how']",session state management security controls oracle apex web applications application security verification models emphasize web systems should tested security control framework oracle apex web applications objective show how
158,web application,LCZ Generator: a web application to create Local Climate Zone maps,"… In this paper, the performance of the LCZ Generator web application is demonstrated via
three new TA samples, compiled by three student assistants at the Ruhr University Bochum (…","['lcz', 'generator', 'web', 'application', 'create', 'local', 'climate', 'zone', 'maps']","['paper', 'performance', 'lcz', 'generator', 'web', 'application', 'demonstrated', 'via', 'three', 'new', 'ta', 'samples', 'compiled', 'three', 'student', 'assistants', 'ruhr', 'university', 'bochum']","['lcz', 'generator', 'web', 'application', 'create', 'local', 'climate', 'zone', 'maps', 'paper', 'performance', 'lcz', 'generator', 'web', 'application', 'demonstrated', 'via', 'three', 'new', 'ta', 'samples', 'compiled', 'three', 'student', 'assistants', 'ruhr', 'university', 'bochum']",lcz generator web application create local climate zone maps paper performance lcz generator web application demonstrated via three new ta samples compiled three student assistants ruhr university bochum
163,web application,MiBiOmics: an interactive web application for multi-omics data exploration and integration,"… Here, we present MiBiOmics, a web-based and standalone application that facilitates
multi-omics data visualization, exploration, integration, and analysis by providing easy access to …","['mibiomics', 'interactive', 'web', 'application', 'multi', 'omics', 'data', 'exploration', 'integration']","['here', 'we', 'present', 'mibiomics', 'web', 'based', 'standalone', 'application', 'facilitates', 'multi', 'omics', 'data', 'visualization', 'exploration', 'integration', 'analysis', 'providing', 'easy', 'access']","['mibiomics', 'interactive', 'web', 'application', 'multi', 'omics', 'data', 'exploration', 'integration', 'here', 'we', 'present', 'mibiomics', 'web', 'based', 'standalone', 'application', 'facilitates', 'multi', 'omics', 'data', 'visualization', 'exploration', 'integration', 'analysis', 'providing', 'easy', 'access']",mibiomics interactive web application multi omics data exploration integration here we present mibiomics web based standalone application facilitates multi omics data visualization exploration integration analysis providing easy access
165,web application,Development of interactive biological web applications with R/Shiny,"… web techniques used to build biological web applications in recent studies To get a full picture
of the web techniques utilized to build biological web applications … issues of web servers …","['development', 'interactive', 'biological', 'web', 'applications', 'shiny']","['web', 'techniques', 'used', 'build', 'biological', 'web', 'applications', 'recent', 'studies', 'get', 'full', 'picture', 'web', 'techniques', 'utilized', 'build', 'biological', 'web', 'applications', 'issues', 'web', 'servers']","['development', 'interactive', 'biological', 'web', 'applications', 'shiny', 'web', 'techniques', 'used', 'build', 'biological', 'web', 'applications', 'recent', 'studies', 'get', 'full', 'picture', 'web', 'techniques', 'utilized', 'build', 'biological', 'web', 'applications', 'issues', 'web', 'servers']",development interactive biological web applications shiny web techniques used build biological web applications recent studies get full picture web techniques utilized build biological web applications issues web servers
168,web application,"ATON: An open-source framework for creating immersive, collaborative and liquid web-apps for cultural heritage","… Web browsers are available on virtually all computing … applications (web-apps) from any
device, anywhere, as long as internet (or local network) connection is present. Web applications …","['aton', 'open', 'source', 'framework', 'creating', 'immersive', 'collaborative', 'liquid', 'web', 'apps', 'cultural', 'heritage']","['web', 'browsers', 'available', 'virtually', 'all', 'computing', 'applications', 'web', 'apps', 'any', 'device', 'anywhere', 'long', 'internet', 'local', 'network', 'connection', 'present', 'web', 'applications']","['aton', 'open', 'source', 'framework', 'creating', 'immersive', 'collaborative', 'liquid', 'web', 'apps', 'cultural', 'heritage', 'web', 'browsers', 'available', 'virtually', 'all', 'computing', 'applications', 'web', 'apps', 'any', 'device', 'anywhere', 'long', 'internet', 'local', 'network', 'connection', 'present', 'web', 'applications']",aton open source framework creating immersive collaborative liquid web apps cultural heritage web browsers available virtually all computing applications web apps any device anywhere long internet local network connection present web applications
35,machine learning,The role of machine learning algorithms for diagnosing diseases,"… the machine learning … machine, K-nearest neighbor, K-means clustering, decision tree, and
random forest. In this work, many previous studies were reviewed that used machine learning …","['role', 'machine', 'learning', 'algorithms', 'diagnosing', 'diseases']","['machine', 'learning', 'machine', 'nearest', 'neighbor', 'means', 'clustering', 'decision', 'tree', 'random', 'forest', 'work', 'many', 'previous', 'studies', 'reviewed', 'used', 'machine', 'learning']","['role', 'machine', 'learning', 'algorithms', 'diagnosing', 'diseases', 'machine', 'learning', 'machine', 'nearest', 'neighbor', 'means', 'clustering', 'decision', 'tree', 'random', 'forest', 'work', 'many', 'previous', 'studies', 'reviewed', 'used', 'machine', 'learning']",role machine learning algorithms diagnosing diseases machine learning machine nearest neighbor means clustering decision tree random forest work many previous studies reviewed used machine learning
142,cyber security,Strategic cybersecurity,"… cybersecurity strategies, promoting a robust cyber … cyber threats, bolstering their global
cybersecurity stature and ensuring the protection of national and international digital security …","['strategic', 'cybersecurity']","['cybersecurity', 'strategies', 'promoting', 'robust', 'cyber', 'cyber', 'threats', 'bolstering', 'their', 'global', 'cybersecurity', 'stature', 'ensuring', 'protection', 'national', 'international', 'digital', 'security']","['strategic', 'cybersecurity', 'cybersecurity', 'strategies', 'promoting', 'robust', 'cyber', 'cyber', 'threats', 'bolstering', 'their', 'global', 'cybersecurity', 'stature', 'ensuring', 'protection', 'national', 'international', 'digital', 'security']",strategic cybersecurity cybersecurity strategies promoting robust cyber cyber threats bolstering their global cybersecurity stature ensuring protection national international digital security
169,web application,Security testing of web applications: A systematic mapping of the literature,"… This review paper provides an overview of web application security testing with different
focused headings. These headings cover contribution types, web security testing tools and their …","['security', 'testing', 'web', 'applications', 'systematic', 'mapping', 'literature']","['review', 'paper', 'provides', 'overview', 'web', 'application', 'security', 'testing', 'different', 'focused', 'headings', 'these', 'headings', 'cover', 'contribution', 'types', 'web', 'security', 'testing', 'tools', 'their']","['security', 'testing', 'web', 'applications', 'systematic', 'mapping', 'literature', 'review', 'paper', 'provides', 'overview', 'web', 'application', 'security', 'testing', 'different', 'focused', 'headings', 'these', 'headings', 'cover', 'contribution', 'types', 'web', 'security', 'testing', 'tools', 'their']",security testing web applications systematic mapping literature review paper provides overview web application security testing different focused headings these headings cover contribution types web security testing tools their
170,web application,Signature-based and machine-learning-based web application firewalls: A short survey,"… web applications typically relied on the simple common gateway interface, CGI, protocol
which spawned C or Perl programs. Attacks were concentrated at underlying web … web server …","['signature', 'based', 'machine', 'learning', 'based', 'web', 'application', 'firewalls', 'short', 'survey']","['web', 'applications', 'typically', 'relied', 'simple', 'common', 'gateway', 'interface', 'cgi', 'protocol', 'which', 'spawned', 'perl', 'programs', 'attacks', 'concentrated', 'underlying', 'web', 'web', 'server']","['signature', 'based', 'machine', 'learning', 'based', 'web', 'application', 'firewalls', 'short', 'survey', 'web', 'applications', 'typically', 'relied', 'simple', 'common', 'gateway', 'interface', 'cgi', 'protocol', 'which', 'spawned', 'perl', 'programs', 'attacks', 'concentrated', 'underlying', 'web', 'web', 'server']",signature based machine learning based web application firewalls short survey web applications typically relied simple common gateway interface cgi protocol which spawned perl programs attacks concentrated underlying web web server
22,machine learning,OMLT: Optimization & machine learning toolkit,"… The optimization and machine learning toolkit (OMLT) is an open-source software package
… models, which have been trained using machine learning, into larger optimization problems. …","['omlt', 'optimization', 'machine', 'learning', 'toolkit']","['optimization', 'machine', 'learning', 'toolkit', 'omlt', 'open', 'source', 'software', 'package', 'models', 'which', 'have', 'been', 'trained', 'using', 'machine', 'learning', 'into', 'larger', 'optimization', 'problems']","['omlt', 'optimization', 'machine', 'learning', 'toolkit', 'optimization', 'machine', 'learning', 'toolkit', 'omlt', 'open', 'source', 'software', 'package', 'models', 'which', 'have', 'been', 'trained', 'using', 'machine', 'learning', 'into', 'larger', 'optimization', 'problems']",omlt optimization machine learning toolkit optimization machine learning toolkit omlt open source software package models which have been trained using machine learning into larger optimization problems
25,machine learning,Causality for machine learning,"… for Machine Learning In spite of all recent successes, if we compare what machine learning
… This shortcoming is not too surprising since machine learning often disregards information …","['causality', 'machine', 'learning']","['machine', 'learning', 'spite', 'all', 'recent', 'successes', 'if', 'we', 'compare', 'what', 'machine', 'learning', 'shortcoming', 'not', 'too', 'surprising', 'since', 'machine', 'learning', 'often', 'disregards', 'information']","['causality', 'machine', 'learning', 'machine', 'learning', 'spite', 'all', 'recent', 'successes', 'if', 'we', 'compare', 'what', 'machine', 'learning', 'shortcoming', 'not', 'too', 'surprising', 'since', 'machine', 'learning', 'often', 'disregards', 'information']",causality machine learning machine learning spite all recent successes if we compare what machine learning shortcoming not too surprising since machine learning often disregards information
31,machine learning,Understanding from machine learning models,"… the opposite direction by utilizing opaque machine learning models to make predictions and
… or pragmatic good when they choose a machine learning model? Or are the assumptions …","['understanding', 'machine', 'learning', 'models']","['opposite', 'direction', 'utilizing', 'opaque', 'machine', 'learning', 'models', 'make', 'predictions', 'pragmatic', 'good', 'when', 'they', 'choose', 'machine', 'learning', 'model', 'assumptions']","['understanding', 'machine', 'learning', 'models', 'opposite', 'direction', 'utilizing', 'opaque', 'machine', 'learning', 'models', 'make', 'predictions', 'pragmatic', 'good', 'when', 'they', 'choose', 'machine', 'learning', 'model', 'assumptions']",understanding machine learning models opposite direction utilizing opaque machine learning models make predictions pragmatic good when they choose machine learning model assumptions
54,mobile application,A study of mobile app use for teaching and research in higher education,"… discusses mobile app use as opposed to mobile … mobile app use in academia, we identify
library studies that have been conducted on the selection, use or development of mobile apps (…","['study', 'mobile', 'app', 'use', 'teaching', 'research', 'higher', 'education']","['discusses', 'mobile', 'app', 'use', 'opposed', 'mobile', 'mobile', 'app', 'use', 'academia', 'we', 'identify', 'library', 'studies', 'have', 'been', 'conducted', 'selection', 'use', 'development', 'mobile', 'apps']","['study', 'mobile', 'app', 'use', 'teaching', 'research', 'higher', 'education', 'discusses', 'mobile', 'app', 'use', 'opposed', 'mobile', 'mobile', 'app', 'use', 'academia', 'we', 'identify', 'library', 'studies', 'have', 'been', 'conducted', 'selection', 'use', 'development', 'mobile', 'apps']",study mobile app use teaching research higher education discusses mobile app use opposed mobile mobile app use academia we identify library studies have been conducted selection use development mobile apps
148,cyber security,Applications of llms for generating cyber security exercise scenarios,"… to create cybersecurity … security professionals to tackle a broad spectrum of cyber threats
by simulating real-world challenges, encompassing both familiar and emerging cybersecurity …","['applications', 'llms', 'generating', 'cyber', 'security', 'exercise', 'scenarios']","['create', 'cybersecurity', 'security', 'professionals', 'tackle', 'broad', 'spectrum', 'cyber', 'threats', 'simulating', 'real', 'world', 'challenges', 'encompassing', 'both', 'familiar', 'emerging', 'cybersecurity']","['applications', 'llms', 'generating', 'cyber', 'security', 'exercise', 'scenarios', 'create', 'cybersecurity', 'security', 'professionals', 'tackle', 'broad', 'spectrum', 'cyber', 'threats', 'simulating', 'real', 'world', 'challenges', 'encompassing', 'both', 'familiar', 'emerging', 'cybersecurity']",applications llms generating cyber security exercise scenarios create cybersecurity security professionals tackle broad spectrum cyber threats simulating real world challenges encompassing both familiar emerging cybersecurity
172,web application,Securing web applications against XSS and SQLi attacks using a novel deep learning approach,"… all web application attacks, SQL injection and XSS attacks are common, which may lead to
severe damage to Web application data or web … for securing web applications from both cross-…","['securing', 'web', 'applications', 'against', 'xss', 'sqli', 'attacks', 'using', 'novel', 'deep', 'learning', 'approach']","['all', 'web', 'application', 'attacks', 'sql', 'injection', 'xss', 'attacks', 'common', 'which', 'may', 'lead', 'severe', 'damage', 'web', 'application', 'data', 'web', 'securing', 'web', 'applications', 'both', 'cross']","['securing', 'web', 'applications', 'against', 'xss', 'sqli', 'attacks', 'using', 'novel', 'deep', 'learning', 'approach', 'all', 'web', 'application', 'attacks', 'sql', 'injection', 'xss', 'attacks', 'common', 'which', 'may', 'lead', 'severe', 'damage', 'web', 'application', 'data', 'web', 'securing', 'web', 'applications', 'both', 'cross']",securing web applications against xss sqli attacks using novel deep learning approach all web application attacks sql injection xss attacks common which may lead severe damage web application data web securing web applications both cross
173,web application,DeepVenn--a web application for the creation of area-proportional Venn diagrams using the deep learning framework Tensorflow. js,"… , and others are not available as a web application or accept only numbers and not lists of
… Results: The DeepVenn web application can create area-proportional Venn diagrams of up …","['deepvenn', 'web', 'application', 'creation', 'area', 'proportional', 'venn', 'diagrams', 'using', 'deep', 'learning', 'framework', 'tensorflow', 'js']","['others', 'not', 'available', 'web', 'application', 'accept', 'only', 'numbers', 'not', 'lists', 'results', 'deepvenn', 'web', 'application', 'can', 'create', 'area', 'proportional', 'venn', 'diagrams', 'up']","['deepvenn', 'web', 'application', 'creation', 'area', 'proportional', 'venn', 'diagrams', 'using', 'deep', 'learning', 'framework', 'tensorflow', 'js', 'others', 'not', 'available', 'web', 'application', 'accept', 'only', 'numbers', 'not', 'lists', 'results', 'deepvenn', 'web', 'application', 'can', 'create', 'area', 'proportional', 'venn', 'diagrams', 'up']",deepvenn web application creation area proportional venn diagrams using deep learning framework tensorflow js others not available web application accept only numbers not lists results deepvenn web application can create area proportional venn diagrams up
174,web application,ML-CKDP: Machine learning-based chronic kidney disease prediction with smart web application,"… for CKD classification and to develop a web-based application for CKD prediction. The proposed
… Additionally, we present a real-time web-based application to operationalize the model, …","['ml', 'ckdp', 'machine', 'learning', 'based', 'chronic', 'kidney', 'disease', 'prediction', 'smart', 'web', 'application']","['ckd', 'classification', 'develop', 'web', 'based', 'application', 'ckd', 'prediction', 'proposed', 'additionally', 'we', 'present', 'real', 'time', 'web', 'based', 'application', 'operationalize', 'model']","['ml', 'ckdp', 'machine', 'learning', 'based', 'chronic', 'kidney', 'disease', 'prediction', 'smart', 'web', 'application', 'ckd', 'classification', 'develop', 'web', 'based', 'application', 'ckd', 'prediction', 'proposed', 'additionally', 'we', 'present', 'real', 'time', 'web', 'based', 'application', 'operationalize', 'model']",ml ckdp machine learning based chronic kidney disease prediction smart web application ckd classification develop web based application ckd prediction proposed additionally we present real time web based application operationalize model
175,web application,A deep learning model for cotton disease prediction using fine-tuning with smart web application in agriculture,"Cotton is known as ‘white gold’ in the agricultural industry. Agriculture is the primary source
of economic income in Bangladesh and the country's economy is heavily dependent on …","['deep', 'learning', 'model', 'cotton', 'disease', 'prediction', 'using', 'fine', 'tuning', 'smart', 'web', 'application', 'agriculture']","['cotton', 'known', 'white', 'gold', 'agricultural', 'industry', 'agriculture', 'primary', 'source', 'economic', 'income', 'bangladesh', 'country', 'economy', 'heavily', 'dependent']","['deep', 'learning', 'model', 'cotton', 'disease', 'prediction', 'using', 'fine', 'tuning', 'smart', 'web', 'application', 'agriculture', 'cotton', 'known', 'white', 'gold', 'agricultural', 'industry', 'agriculture', 'primary', 'source', 'economic', 'income', 'bangladesh', 'country', 'economy', 'heavily', 'dependent']",deep learning model cotton disease prediction using fine tuning smart web application agriculture cotton known white gold agricultural industry agriculture primary source economic income bangladesh country economy heavily dependent
177,web application,Open Lab: A web application for running and sharing online experiments,"… as a web application on a desktop computer (the “Install app” link is displayed in the top
navigation bar). Progressive web application technology makes the application accessible via …","['open', 'lab', 'web', 'application', 'running', 'sharing', 'online', 'experiments']","['web', 'application', 'desktop', 'computer', 'install', 'app', 'link', 'displayed', 'top', 'navigation', 'bar', 'progressive', 'web', 'application', 'technology', 'makes', 'application', 'accessible', 'via']","['open', 'lab', 'web', 'application', 'running', 'sharing', 'online', 'experiments', 'web', 'application', 'desktop', 'computer', 'install', 'app', 'link', 'displayed', 'top', 'navigation', 'bar', 'progressive', 'web', 'application', 'technology', 'makes', 'application', 'accessible', 'via']",open lab web application running sharing online experiments web application desktop computer install app link displayed top navigation bar progressive web application technology makes application accessible via
138,cyber security,"Cyber security awareness, knowledge and behavior: A comparative study","… security. As rates of data usage and internet consumption continue to increase, cyber …
This study focuses on the relationships between cyber security awareness, knowledge and …","['cyber', 'security', 'awareness', 'knowledge', 'behavior', 'comparative', 'study']","['security', 'rates', 'data', 'usage', 'internet', 'consumption', 'continue', 'increase', 'cyber', 'study', 'focuses', 'relationships', 'between', 'cyber', 'security', 'awareness', 'knowledge']","['cyber', 'security', 'awareness', 'knowledge', 'behavior', 'comparative', 'study', 'security', 'rates', 'data', 'usage', 'internet', 'consumption', 'continue', 'increase', 'cyber', 'study', 'focuses', 'relationships', 'between', 'cyber', 'security', 'awareness', 'knowledge']",cyber security awareness knowledge behavior comparative study security rates data usage internet consumption continue increase cyber study focuses relationships between cyber security awareness knowledge
178,web application,CBE Clima Tool: A free and open-source web application for climate analysis tailored to sustainable building design,"… The CBE Clima Tool (Clima) is a free and open-source web application that offers easy
access to publicly available weather files and has been created for building energy simulation …","['cbe', 'clima', 'tool', 'free', 'open', 'source', 'web', 'application', 'climate', 'analysis', 'tailored', 'sustainable', 'building', 'design']","['cbe', 'clima', 'tool', 'clima', 'free', 'open', 'source', 'web', 'application', 'offers', 'easy', 'access', 'publicly', 'available', 'weather', 'files', 'has', 'been', 'created', 'building', 'energy', 'simulation']","['cbe', 'clima', 'tool', 'free', 'open', 'source', 'web', 'application', 'climate', 'analysis', 'tailored', 'sustainable', 'building', 'design', 'cbe', 'clima', 'tool', 'clima', 'free', 'open', 'source', 'web', 'application', 'offers', 'easy', 'access', 'publicly', 'available', 'weather', 'files', 'has', 'been', 'created', 'building', 'energy', 'simulation']",cbe clima tool free open source web application climate analysis tailored sustainable building design cbe clima tool clima free open source web application offers easy access publicly available weather files has been created building energy simulation
179,web application,From prompt injections to sql injection attacks: How protected is your llm-integrated web application?,"… If an application remains vulnerable to these threats, the … -integrated applications, and what
is their impact on application security? To study this question, we focus on web applications …","['prompt', 'injections', 'sql', 'injection', 'attacks', 'how', 'protected', 'your', 'llm', 'integrated', 'web', 'application']","['if', 'application', 'remains', 'vulnerable', 'these', 'threats', 'integrated', 'applications', 'what', 'their', 'impact', 'application', 'security', 'study', 'question', 'we', 'focus', 'web', 'applications']","['prompt', 'injections', 'sql', 'injection', 'attacks', 'how', 'protected', 'your', 'llm', 'integrated', 'web', 'application', 'if', 'application', 'remains', 'vulnerable', 'these', 'threats', 'integrated', 'applications', 'what', 'their', 'impact', 'application', 'security', 'study', 'question', 'we', 'focus', 'web', 'applications']",prompt injections sql injection attacks how protected your llm integrated web application if application remains vulnerable these threats integrated applications what their impact application security study question we focus web applications
180,web application,A hybrid fuzzy rule-based multi-criteria framework for sustainable-security assessment of web application,"… an institutional web application to corroborate the efficiency of this approach. Despite the
web application's sensitivity, this study has used various versions of three web applications of …","['hybrid', 'fuzzy', 'rule', 'based', 'multi', 'criteria', 'framework', 'sustainable', 'security', 'assessment', 'web', 'application']","['institutional', 'web', 'application', 'corroborate', 'efficiency', 'approach', 'despite', 'web', 'application', 'sensitivity', 'study', 'has', 'used', 'various', 'versions', 'three', 'web', 'applications']","['hybrid', 'fuzzy', 'rule', 'based', 'multi', 'criteria', 'framework', 'sustainable', 'security', 'assessment', 'web', 'application', 'institutional', 'web', 'application', 'corroborate', 'efficiency', 'approach', 'despite', 'web', 'application', 'sensitivity', 'study', 'has', 'used', 'various', 'versions', 'three', 'web', 'applications']",hybrid fuzzy rule based multi criteria framework sustainable security assessment web application institutional web application corroborate efficiency approach despite web application sensitivity study has used various versions three web applications
181,web application,Meta‐analytic structural equation modeling made easy: A tutorial and web application for one‐stage MASEM,"… application webMASEM is created using the package Shiny (Version 1.4.0.2) which facilitates
the creation of web applications … The application consists of four main tabs and a “Home” …","['meta', 'analytic', 'structural', 'equation', 'modeling', 'made', 'easy', 'tutorial', 'web', 'application', 'one', 'stage', 'masem']","['application', 'webmasem', 'created', 'using', 'package', 'shiny', 'version', 'which', 'facilitates', 'creation', 'web', 'applications', 'application', 'consists', 'four', 'main', 'tabs', 'home']","['meta', 'analytic', 'structural', 'equation', 'modeling', 'made', 'easy', 'tutorial', 'web', 'application', 'one', 'stage', 'masem', 'application', 'webmasem', 'created', 'using', 'package', 'shiny', 'version', 'which', 'facilitates', 'creation', 'web', 'applications', 'application', 'consists', 'four', 'main', 'tabs', 'home']",meta analytic structural equation modeling made easy tutorial web application one stage masem application webmasem created using package shiny version which facilitates creation web applications application consists four main tabs home
182,web application,Early web application attack detection using network traffic analysis,"… data used by the web application. Unlike the main trends in web application attack detection …
to detect malicious activities towards web applications by exploring web traffic as if it is …","['early', 'web', 'application', 'attack', 'detection', 'using', 'network', 'traffic', 'analysis']","['data', 'used', 'web', 'application', 'unlike', 'main', 'trends', 'web', 'application', 'attack', 'detection', 'detect', 'malicious', 'activities', 'towards', 'web', 'applications', 'exploring', 'web', 'traffic', 'if']","['early', 'web', 'application', 'attack', 'detection', 'using', 'network', 'traffic', 'analysis', 'data', 'used', 'web', 'application', 'unlike', 'main', 'trends', 'web', 'application', 'attack', 'detection', 'detect', 'malicious', 'activities', 'towards', 'web', 'applications', 'exploring', 'web', 'traffic', 'if']",early web application attack detection using network traffic analysis data used web application unlike main trends web application attack detection detect malicious activities towards web applications exploring web traffic if
34,machine learning,Machine learning for chemical reactions,"… Machine learning (ML) … using machine-learned neural network potentials. This review
provides an overview of the questions that can and have been addressed using machine learning …","['machine', 'learning', 'chemical', 'reactions']","['machine', 'learning', 'ml', 'using', 'machine', 'learned', 'neural', 'network', 'potentials', 'review', 'provides', 'overview', 'questions', 'can', 'have', 'been', 'addressed', 'using', 'machine', 'learning']","['machine', 'learning', 'chemical', 'reactions', 'machine', 'learning', 'ml', 'using', 'machine', 'learned', 'neural', 'network', 'potentials', 'review', 'provides', 'overview', 'questions', 'can', 'have', 'been', 'addressed', 'using', 'machine', 'learning']",machine learning chemical reactions machine learning ml using machine learned neural network potentials review provides overview questions can have been addressed using machine learning
38,machine learning,"Machine learning: Algorithms, real-world applications and research directions","… learning methods, can intelligently analyze the data on a large scale. In this paper, we present
a comprehensive view on these machine learning … different machine learning techniques …","['machine', 'learning', 'algorithms', 'real', 'world', 'applications', 'research', 'directions']","['learning', 'methods', 'can', 'intelligently', 'analyze', 'data', 'large', 'scale', 'paper', 'we', 'present', 'comprehensive', 'view', 'these', 'machine', 'learning', 'different', 'machine', 'learning', 'techniques']","['machine', 'learning', 'algorithms', 'real', 'world', 'applications', 'research', 'directions', 'learning', 'methods', 'can', 'intelligently', 'analyze', 'data', 'large', 'scale', 'paper', 'we', 'present', 'comprehensive', 'view', 'these', 'machine', 'learning', 'different', 'machine', 'learning', 'techniques']",machine learning algorithms real world applications research directions learning methods can intelligently analyze data large scale paper we present comprehensive view these machine learning different machine learning techniques
48,machine learning,The challenges of machine learning: A critical review,"The concept of learning has multiple interpretations, ranging from acquiring knowledge or
skills to constructing meaning and social development. Machine Learning (ML) is considered …","['challenges', 'machine', 'learning', 'critical', 'review']","['concept', 'learning', 'has', 'multiple', 'interpretations', 'ranging', 'acquiring', 'knowledge', 'skills', 'constructing', 'meaning', 'social', 'development', 'machine', 'learning', 'ml', 'considered']","['challenges', 'machine', 'learning', 'critical', 'review', 'concept', 'learning', 'has', 'multiple', 'interpretations', 'ranging', 'acquiring', 'knowledge', 'skills', 'constructing', 'meaning', 'social', 'development', 'machine', 'learning', 'ml', 'considered']",challenges machine learning critical review concept learning has multiple interpretations ranging acquiring knowledge skills constructing meaning social development machine learning ml considered
183,web application,Mol* Viewer: modern web app for 3D visualization and analysis of large biomolecular structures,"… web application for the visualization and analysis of molecular data. Its visualization capabilities
far exceed other currently available web … a visualization state operated by this web app. …","['mol', 'viewer', 'modern', 'web', 'app', '3d', 'visualization', 'analysis', 'large', 'biomolecular', 'structures']","['web', 'application', 'visualization', 'analysis', 'molecular', 'data', 'its', 'visualization', 'capabilities', 'far', 'exceed', 'other', 'currently', 'available', 'web', 'visualization', 'state', 'operated', 'web', 'app']","['mol', 'viewer', 'modern', 'web', 'app', '3d', 'visualization', 'analysis', 'large', 'biomolecular', 'structures', 'web', 'application', 'visualization', 'analysis', 'molecular', 'data', 'its', 'visualization', 'capabilities', 'far', 'exceed', 'other', 'currently', 'available', 'web', 'visualization', 'state', 'operated', 'web', 'app']",mol viewer modern web app 3d visualization analysis large biomolecular structures web application visualization analysis molecular data its visualization capabilities far exceed other currently available web visualization state operated web app
184,web application,A multi-objective active learning platform and web app for reaction optimization,"… We developed EDBOWebApp, a web application that makes the Bayesian optimizer more
… This web application can be accessed at https://www.edbowebapp.com/ through a web …","['multi', 'objective', 'active', 'learning', 'platform', 'web', 'app', 'reaction', 'optimization']","['we', 'developed', 'edbowebapp', 'web', 'application', 'makes', 'bayesian', 'optimizer', 'more', 'web', 'application', 'can', 'accessed', 'through', 'web']","['multi', 'objective', 'active', 'learning', 'platform', 'web', 'app', 'reaction', 'optimization', 'we', 'developed', 'edbowebapp', 'web', 'application', 'makes', 'bayesian', 'optimizer', 'more', 'web', 'application', 'can', 'accessed', 'through', 'web']",multi objective active learning platform web app reaction optimization we developed edbowebapp web application makes bayesian optimizer more web application can accessed through web
70,mobile application,Augmented reality advertising via a mobile app,"… Augmented reality (AR) mobile app advertising offers new … We aim to shed light on how AR
mobile app advertising can … brand engagement via AR mobile app advertising. Prior brand …","['augmented', 'reality', 'advertising', 'via', 'mobile', 'app']","['augmented', 'reality', 'ar', 'mobile', 'app', 'advertising', 'offers', 'new', 'we', 'aim', 'shed', 'light', 'how', 'ar', 'mobile', 'app', 'advertising', 'can', 'brand', 'engagement', 'via', 'ar', 'mobile', 'app', 'advertising', 'prior', 'brand']","['augmented', 'reality', 'advertising', 'via', 'mobile', 'app', 'augmented', 'reality', 'ar', 'mobile', 'app', 'advertising', 'offers', 'new', 'we', 'aim', 'shed', 'light', 'how', 'ar', 'mobile', 'app', 'advertising', 'can', 'brand', 'engagement', 'via', 'ar', 'mobile', 'app', 'advertising', 'prior', 'brand']",augmented reality advertising via mobile app augmented reality ar mobile app advertising offers new we aim shed light how ar mobile app advertising can brand engagement via ar mobile app advertising prior brand
185,web application,Risk‐of‐bias VISualization (robvis): an R package and Shiny web app for visualizing risk‐of‐bias assessments,"… R programming environment, we developed a web app to make the tool accessible to …
app was built using Shiny, 13 an R package which makes it easy to produce interactive web-apps, …","['risk', 'bias', 'visualization', 'robvis', 'package', 'shiny', 'web', 'app', 'visualizing', 'risk', 'bias', 'assessments']","['programming', 'environment', 'we', 'developed', 'web', 'app', 'make', 'tool', 'accessible', 'app', 'built', 'using', 'shiny', '13', 'package', 'which', 'makes', 'easy', 'produce', 'interactive', 'web', 'apps']","['risk', 'bias', 'visualization', 'robvis', 'package', 'shiny', 'web', 'app', 'visualizing', 'risk', 'bias', 'assessments', 'programming', 'environment', 'we', 'developed', 'web', 'app', 'make', 'tool', 'accessible', 'app', 'built', 'using', 'shiny', '13', 'package', 'which', 'makes', 'easy', 'produce', 'interactive', 'web', 'apps']",risk bias visualization robvis package shiny web app visualizing risk bias assessments programming environment we developed web app make tool accessible app built using shiny 13 package which makes easy produce interactive web apps
186,web application,… detection and quantification of floating marine macro-litter in aerial images: Introducing a novel deep learning approach connected to a web application in R,"… FMML in aerial images, and a web-oriented application that allows users to identify FMML
… The Shiny package of R was then used to develop a user-friendly application to identify and …","['detection', 'quantification', 'floating', 'marine', 'macro', 'litter', 'aerial', 'images', 'introducing', 'novel', 'deep', 'learning', 'approach', 'connected', 'web', 'application']","['fmml', 'aerial', 'images', 'web', 'oriented', 'application', 'allows', 'users', 'identify', 'fmml', 'shiny', 'package', 'then', 'used', 'develop', 'user', 'friendly', 'application', 'identify']","['detection', 'quantification', 'floating', 'marine', 'macro', 'litter', 'aerial', 'images', 'introducing', 'novel', 'deep', 'learning', 'approach', 'connected', 'web', 'application', 'fmml', 'aerial', 'images', 'web', 'oriented', 'application', 'allows', 'users', 'identify', 'fmml', 'shiny', 'package', 'then', 'used', 'develop', 'user', 'friendly', 'application', 'identify']",detection quantification floating marine macro litter aerial images introducing novel deep learning approach connected web application fmml aerial images web oriented application allows users identify fmml shiny package then used develop user friendly application identify
187,web application,Fragment-based test generation for web apps,"… on the same version of the web app, FRAGGEN generated reliable test suites with … web
app, and detected more app changes with fewer false positives when run on different application …","['fragment', 'based', 'test', 'generation', 'web', 'apps']","['same', 'version', 'web', 'app', 'fraggen', 'generated', 'reliable', 'test', 'suites', 'web', 'app', 'detected', 'more', 'app', 'changes', 'fewer', 'false', 'positives', 'when', 'run', 'different', 'application']","['fragment', 'based', 'test', 'generation', 'web', 'apps', 'same', 'version', 'web', 'app', 'fraggen', 'generated', 'reliable', 'test', 'suites', 'web', 'app', 'detected', 'more', 'app', 'changes', 'fewer', 'false', 'positives', 'when', 'run', 'different', 'application']",fragment based test generation web apps same version web app fraggen generated reliable test suites web app detected more app changes fewer false positives when run different application
188,web application,Performance of Area under the Concentration-Time Curve Estimations of Vancomycin with Limited Sampling by a Newly Developed Web Application: Oda et al.,"… The aim of this study was to validate a newly developed web application, PAT, for AUC … the
web application using only the trough concentration. Our newly developed web application is …","['performance', 'area', 'under', 'concentration', 'time', 'curve', 'estimations', 'vancomycin', 'limited', 'sampling', 'newly', 'developed', 'web', 'application', 'oda', 'et', 'al']","['aim', 'study', 'validate', 'newly', 'developed', 'web', 'application', 'pat', 'auc', 'web', 'application', 'using', 'only', 'trough', 'concentration', 'our', 'newly', 'developed', 'web', 'application']","['performance', 'area', 'under', 'concentration', 'time', 'curve', 'estimations', 'vancomycin', 'limited', 'sampling', 'newly', 'developed', 'web', 'application', 'oda', 'et', 'al', 'aim', 'study', 'validate', 'newly', 'developed', 'web', 'application', 'pat', 'auc', 'web', 'application', 'using', 'only', 'trough', 'concentration', 'our', 'newly', 'developed', 'web', 'application']",performance area under concentration time curve estimations vancomycin limited sampling newly developed web application oda et al aim study validate newly developed web application pat auc web application using only trough concentration our newly developed web application
189,web application,Toward an SDN-based web application firewall: Defending against SQL injection attacks,"… Web attacks pose a significant threat to enterprises, as attackers often target web applications
… the severity of these threats, such as web application firewalls (WAFs). On the other hand, …","['toward', 'sdn', 'based', 'web', 'application', 'firewall', 'defending', 'against', 'sql', 'injection', 'attacks']","['web', 'attacks', 'pose', 'significant', 'threat', 'enterprises', 'attackers', 'often', 'target', 'web', 'applications', 'severity', 'these', 'threats', 'such', 'web', 'application', 'firewalls', 'wafs', 'other', 'hand']","['toward', 'sdn', 'based', 'web', 'application', 'firewall', 'defending', 'against', 'sql', 'injection', 'attacks', 'web', 'attacks', 'pose', 'significant', 'threat', 'enterprises', 'attackers', 'often', 'target', 'web', 'applications', 'severity', 'these', 'threats', 'such', 'web', 'application', 'firewalls', 'wafs', 'other', 'hand']",toward sdn based web application firewall defending against sql injection attacks web attacks pose significant threat enterprises attackers often target web applications severity these threats such web application firewalls wafs other hand
190,web application,SuperPlotsOfData—a web app for the transparent display and quantitative comparison of continuous data from different conditions,"… To simplify the plotting of data from discrete conditions as a superplot, the SuperPlotsOfData
web app was generated. The tool offers easy and open access to state-of-the-art data …","['superplotsofdata', 'web', 'app', 'transparent', 'display', 'quantitative', 'comparison', 'continuous', 'data', 'different', 'conditions']","['simplify', 'plotting', 'data', 'discrete', 'conditions', 'superplot', 'superplotsofdata', 'web', 'app', 'generated', 'tool', 'offers', 'easy', 'open', 'access', 'state', 'art', 'data']","['superplotsofdata', 'web', 'app', 'transparent', 'display', 'quantitative', 'comparison', 'continuous', 'data', 'different', 'conditions', 'simplify', 'plotting', 'data', 'discrete', 'conditions', 'superplot', 'superplotsofdata', 'web', 'app', 'generated', 'tool', 'offers', 'easy', 'open', 'access', 'state', 'art', 'data']",superplotsofdata web app transparent display quantitative comparison continuous data different conditions simplify plotting data discrete conditions superplot superplotsofdata web app generated tool offers easy open access state art data
50,machine learning,"Impact of machine learning on management, healthcare and agriculture","… Machine learning and deep learning are two of the most often … Machine learning models
for the complexity and diversity of … This article discusses machine learning and artificial …","['impact', 'machine', 'learning', 'management', 'healthcare', 'agriculture']","['machine', 'learning', 'deep', 'learning', 'two', 'most', 'often', 'machine', 'learning', 'models', 'complexity', 'diversity', 'article', 'discusses', 'machine', 'learning', 'artificial']","['impact', 'machine', 'learning', 'management', 'healthcare', 'agriculture', 'machine', 'learning', 'deep', 'learning', 'two', 'most', 'often', 'machine', 'learning', 'models', 'complexity', 'diversity', 'article', 'discusses', 'machine', 'learning', 'artificial']",impact machine learning management healthcare agriculture machine learning deep learning two most often machine learning models complexity diversity article discusses machine learning artificial
191,web application,An identity-affirming web application to help sexual and gender minority youth cope with minority stress: pilot randomized controlled trial,"… of a web application (the resource-only version of imi called asterix and the full interactive
imi intervention), we also tested for changes over time within each web application. For these …","['identity', 'affirming', 'web', 'application', 'help', 'sexual', 'gender', 'minority', 'youth', 'cope', 'minority', 'stress', 'pilot', 'randomized', 'controlled', 'trial']","['web', 'application', 'resource', 'only', 'version', 'imi', 'called', 'asterix', 'full', 'interactive', 'imi', 'intervention', 'we', 'also', 'tested', 'changes', 'over', 'time', 'within', 'each', 'web', 'application', 'these']","['identity', 'affirming', 'web', 'application', 'help', 'sexual', 'gender', 'minority', 'youth', 'cope', 'minority', 'stress', 'pilot', 'randomized', 'controlled', 'trial', 'web', 'application', 'resource', 'only', 'version', 'imi', 'called', 'asterix', 'full', 'interactive', 'imi', 'intervention', 'we', 'also', 'tested', 'changes', 'over', 'time', 'within', 'each', 'web', 'application', 'these']",identity affirming web application help sexual gender minority youth cope minority stress pilot randomized controlled trial web application resource only version imi called asterix full interactive imi intervention we also tested changes over time within each web application these
192,web application,{STORM}: Refinement types for secure web applications,"… trust web applications with our most sensitive data: our finances, health records, email, or
even our participation in political protests. While application … throughout the application is not …","['storm', 'refinement', 'types', 'secure', 'web', 'applications']","['trust', 'web', 'applications', 'our', 'most', 'sensitive', 'data', 'our', 'finances', 'health', 'records', 'email', 'even', 'our', 'participation', 'political', 'protests', 'while', 'application', 'throughout', 'application', 'not']","['storm', 'refinement', 'types', 'secure', 'web', 'applications', 'trust', 'web', 'applications', 'our', 'most', 'sensitive', 'data', 'our', 'finances', 'health', 'records', 'email', 'even', 'our', 'participation', 'political', 'protests', 'while', 'application', 'throughout', 'application', 'not']",storm refinement types secure web applications trust web applications our most sensitive data our finances health records email even our participation political protests while application throughout application not
193,web application,Splendor: Static detection of stored xss in modern web applications,"… ties in web applications. It mainly applies string analysis [22… 32] to reconstruct all SQL queries
in web applications and … and flexibility, modern web applications make extensive use of OO …","['splendor', 'static', 'detection', 'stored', 'xss', 'modern', 'web', 'applications']","['ties', 'web', 'applications', 'mainly', 'applies', 'string', 'analysis', '22', '32', 'reconstruct', 'all', 'sql', 'queries', 'web', 'applications', 'flexibility', 'modern', 'web', 'applications', 'make', 'extensive', 'use', 'oo']","['splendor', 'static', 'detection', 'stored', 'xss', 'modern', 'web', 'applications', 'ties', 'web', 'applications', 'mainly', 'applies', 'string', 'analysis', '22', '32', 'reconstruct', 'all', 'sql', 'queries', 'web', 'applications', 'flexibility', 'modern', 'web', 'applications', 'make', 'extensive', 'use', 'oo']",splendor static detection stored xss modern web applications ties web applications mainly applies string analysis 22 32 reconstruct all sql queries web applications flexibility modern web applications make extensive use oo
194,web application,… of anti-amyloid-β monoclonal antibodies in current Alzheimer's disease phase III clinical trials: A systematic review and interactive web app-based meta-analysis,"The risk-benefit profile of anti-Aβ monoclonal antibodies (mAbs) in Alzheimer’s disease (AD)
remains unclear, especially concerning their safety and overall effects on AD progression …","['anti', 'amyloid', 'monoclonal', 'antibodies', 'current', 'alzheimer', 'disease', 'phase', 'iii', 'clinical', 'trials', 'systematic', 'review', 'interactive', 'web', 'app', 'based', 'meta', 'analysis']","['risk', 'benefit', 'profile', 'anti', 'monoclonal', 'antibodies', 'mabs', 'alzheimer', 'disease', 'ad', 'remains', 'unclear', 'especially', 'concerning', 'their', 'safety', 'overall', 'effects', 'ad', 'progression']","['anti', 'amyloid', 'monoclonal', 'antibodies', 'current', 'alzheimer', 'disease', 'phase', 'iii', 'clinical', 'trials', 'systematic', 'review', 'interactive', 'web', 'app', 'based', 'meta', 'analysis', 'risk', 'benefit', 'profile', 'anti', 'monoclonal', 'antibodies', 'mabs', 'alzheimer', 'disease', 'ad', 'remains', 'unclear', 'especially', 'concerning', 'their', 'safety', 'overall', 'effects', 'ad', 'progression']",anti amyloid monoclonal antibodies current alzheimer disease phase iii clinical trials systematic review interactive web app based meta analysis risk benefit profile anti monoclonal antibodies mabs alzheimer disease ad remains unclear especially concerning their safety overall effects ad progression
195,web application,RETRACTED ARTICLE: Analysis of security issues of cloud-based web applications,"… In this research, we analyze the security issues in web applications hosted on Cloud and …
vectors in a web application hosted on Cloud; Top 10 web application/Web sites chosen during …","['retracted', 'article', 'analysis', 'security', 'issues', 'cloud', 'based', 'web', 'applications']","['research', 'we', 'analyze', 'security', 'issues', 'web', 'applications', 'hosted', 'cloud', 'vectors', 'web', 'application', 'hosted', 'cloud', 'top', '10', 'web', 'application', 'web', 'sites', 'chosen', 'during']","['retracted', 'article', 'analysis', 'security', 'issues', 'cloud', 'based', 'web', 'applications', 'research', 'we', 'analyze', 'security', 'issues', 'web', 'applications', 'hosted', 'cloud', 'vectors', 'web', 'application', 'hosted', 'cloud', 'top', '10', 'web', 'application', 'web', 'sites', 'chosen', 'during']",retracted article analysis security issues cloud based web applications research we analyze security issues web applications hosted cloud vectors web application hosted cloud top 10 web application web sites chosen during
27,machine learning,Scope of machine learning in materials research—A review,"This comprehensive review investigates the multifaceted applications of machine learning in
materials research across six key dimensions, redefining the field's boundaries. It explains …","['scope', 'machine', 'learning', 'materials', 'research', 'review']","['comprehensive', 'review', 'investigates', 'multifaceted', 'applications', 'machine', 'learning', 'materials', 'research', 'across', 'six', 'key', 'dimensions', 'redefining', 'field', 'boundaries', 'explains']","['scope', 'machine', 'learning', 'materials', 'research', 'review', 'comprehensive', 'review', 'investigates', 'multifaceted', 'applications', 'machine', 'learning', 'materials', 'research', 'across', 'six', 'key', 'dimensions', 'redefining', 'field', 'boundaries', 'explains']",scope machine learning materials research review comprehensive review investigates multifaceted applications machine learning materials research across six key dimensions redefining field boundaries explains
58,mobile application,Digital marketing and sustainable businesses: as mobile apps in tourism,"… on the phenomenon of mobile applications in terms of their … the rapid development of mobile
applications and digital services… of digital tools and their applications, Employment in digital …","['digital', 'marketing', 'sustainable', 'businesses', 'mobile', 'apps', 'tourism']","['phenomenon', 'mobile', 'applications', 'terms', 'their', 'rapid', 'development', 'mobile', 'applications', 'digital', 'services', 'digital', 'tools', 'their', 'applications', 'employment', 'digital']","['digital', 'marketing', 'sustainable', 'businesses', 'mobile', 'apps', 'tourism', 'phenomenon', 'mobile', 'applications', 'terms', 'their', 'rapid', 'development', 'mobile', 'applications', 'digital', 'services', 'digital', 'tools', 'their', 'applications', 'employment', 'digital']",digital marketing sustainable businesses mobile apps tourism phenomenon mobile applications terms their rapid development mobile applications digital services digital tools their applications employment digital
66,mobile application,Evaluating the quality and safety of health-related apps and e-tools: Adapting the Mobile App Rating Scale and developing a quality assurance protocol,"… Mobile App Rating Scale (MARS) in order to be appropriate for the evaluation of both mobile
phone applications as … protocol for identifying and rating new apps and e-tools to determine …","['evaluating', 'quality', 'safety', 'health', 'related', 'apps', 'tools', 'adapting', 'mobile', 'app', 'rating', 'scale', 'developing', 'quality', 'assurance', 'protocol']","['mobile', 'app', 'rating', 'scale', 'mars', 'order', 'appropriate', 'evaluation', 'both', 'mobile', 'phone', 'applications', 'protocol', 'identifying', 'rating', 'new', 'apps', 'tools', 'determine']","['evaluating', 'quality', 'safety', 'health', 'related', 'apps', 'tools', 'adapting', 'mobile', 'app', 'rating', 'scale', 'developing', 'quality', 'assurance', 'protocol', 'mobile', 'app', 'rating', 'scale', 'mars', 'order', 'appropriate', 'evaluation', 'both', 'mobile', 'phone', 'applications', 'protocol', 'identifying', 'rating', 'new', 'apps', 'tools', 'determine']",evaluating quality safety health related apps tools adapting mobile app rating scale developing quality assurance protocol mobile app rating scale mars order appropriate evaluation both mobile phone applications protocol identifying rating new apps tools determine
197,web application,Analisis perbandingan framework CodeIgniter dan Laravel dalam pengembangan web application,"… research experiments by making simple CRUD applications to measure the performance of
… web developers in choosing a framework that suits their needs in building web applications. …","['analisis', 'banding', 'framework', 'codeigniter', 'laravel', 'kembang', 'web', 'application']","['research', 'experiments', 'making', 'simple', 'crud', 'applications', 'measure', 'performance', 'web', 'developers', 'choosing', 'framework', 'suits', 'their', 'needs', 'building', 'web', 'applications']","['analisis', 'banding', 'framework', 'codeigniter', 'laravel', 'kembang', 'web', 'application', 'research', 'experiments', 'making', 'simple', 'crud', 'applications', 'measure', 'performance', 'web', 'developers', 'choosing', 'framework', 'suits', 'their', 'needs', 'building', 'web', 'applications']",analisis banding framework codeigniter laravel kembang web application research experiments making simple crud applications measure performance web developers choosing framework suits their needs building web applications
100,mobile application,Examining travel mobile app attributes and its impact on consumer engagement: An application of SOR framework,"… of mobile app attributes in influencing consumer engagement with a special focus on travel
mobile apps… ’ behavioral intentions to use the travel app. As part of qualitative research, focus …","['examining', 'travel', 'mobile', 'app', 'attributes', 'its', 'impact', 'consumer', 'engagement', 'application', 'sor', 'framework']","['mobile', 'app', 'attributes', 'influencing', 'consumer', 'engagement', 'special', 'focus', 'travel', 'mobile', 'apps', 'behavioral', 'intentions', 'use', 'travel', 'app', 'part', 'qualitative', 'research', 'focus']","['examining', 'travel', 'mobile', 'app', 'attributes', 'its', 'impact', 'consumer', 'engagement', 'application', 'sor', 'framework', 'mobile', 'app', 'attributes', 'influencing', 'consumer', 'engagement', 'special', 'focus', 'travel', 'mobile', 'apps', 'behavioral', 'intentions', 'use', 'travel', 'app', 'part', 'qualitative', 'research', 'focus']",examining travel mobile app attributes its impact consumer engagement application sor framework mobile app attributes influencing consumer engagement special focus travel mobile apps behavioral intentions use travel app part qualitative research focus
161,web application,iDEP web application for RNA-seq data analysis,"… Through an example, we demonstrate how this web application democratizes access to
high-throughput technologies and help biologists pinpoint molecular pathways from large data. …","['idep', 'web', 'application', 'rna', 'seq', 'data', 'analysis']","['through', 'example', 'we', 'demonstrate', 'how', 'web', 'application', 'democratizes', 'access', 'high', 'throughput', 'technologies', 'help', 'biologists', 'pinpoint', 'molecular', 'pathways', 'large', 'data']","['idep', 'web', 'application', 'rna', 'seq', 'data', 'analysis', 'through', 'example', 'we', 'demonstrate', 'how', 'web', 'application', 'democratizes', 'access', 'high', 'throughput', 'technologies', 'help', 'biologists', 'pinpoint', 'molecular', 'pathways', 'large', 'data']",idep web application rna seq data analysis through example we demonstrate how web application democratizes access high throughput technologies help biologists pinpoint molecular pathways large data
166,web application,Machine learning based diabetes prediction and development of smart web application,"… We integrate this model in a web application using python flask web development framework.
The results of this study suggest that an appropriate preprocessing pipeline on clinical …","['machine', 'learning', 'based', 'diabetes', 'prediction', 'development', 'smart', 'web', 'application']","['we', 'integrate', 'model', 'web', 'application', 'using', 'python', 'flask', 'web', 'development', 'framework', 'results', 'study', 'suggest', 'appropriate', 'preprocessing', 'pipeline', 'clinical']","['machine', 'learning', 'based', 'diabetes', 'prediction', 'development', 'smart', 'web', 'application', 'we', 'integrate', 'model', 'web', 'application', 'using', 'python', 'flask', 'web', 'development', 'framework', 'results', 'study', 'suggest', 'appropriate', 'preprocessing', 'pipeline', 'clinical']",machine learning based diabetes prediction development smart web application we integrate model web application using python flask web development framework results study suggest appropriate preprocessing pipeline clinical
198,web application,A geometric morphometric method and web application for identifying honey bee species (Apis spp.) using only forewings,"… We also developed a web application that can be used to identify the Apis species using an
… s3-website. us-east-2.amazonaws.com/. Our data and web application are useful for field …","['geometric', 'morphometric', 'method', 'web', 'application', 'identifying', 'honey', 'bee', 'species', 'apis', 'spp', 'using', 'only', 'forewings']","['we', 'also', 'developed', 'web', 'application', 'can', 'used', 'identify', 'apis', 'species', 'using', 's3', 'website', 'us', 'east', 'amazonaws', 'com', 'our', 'data', 'web', 'application', 'useful', 'field']","['geometric', 'morphometric', 'method', 'web', 'application', 'identifying', 'honey', 'bee', 'species', 'apis', 'spp', 'using', 'only', 'forewings', 'we', 'also', 'developed', 'web', 'application', 'can', 'used', 'identify', 'apis', 'species', 'using', 's3', 'website', 'us', 'east', 'amazonaws', 'com', 'our', 'data', 'web', 'application', 'useful', 'field']",geometric morphometric method web application identifying honey bee species apis spp using only forewings we also developed web application can used identify apis species using s3 website us east amazonaws com our data web application useful field
105,cyber security,Cyber security,"… Cybersecurity has emerged as a global challenge and is becoming a tier one security
threat for nation states. The modern-day cyber age will expose states to new challenges. …","['cyber', 'security']","['cybersecurity', 'has', 'emerged', 'global', 'challenge', 'becoming', 'tier', 'one', 'security', 'threat', 'nation', 'states', 'modern', 'day', 'cyber', 'age', 'will', 'expose', 'states', 'new', 'challenges']","['cyber', 'security', 'cybersecurity', 'has', 'emerged', 'global', 'challenge', 'becoming', 'tier', 'one', 'security', 'threat', 'nation', 'states', 'modern', 'day', 'cyber', 'age', 'will', 'expose', 'states', 'new', 'challenges']",cyber security cybersecurity has emerged global challenge becoming tier one security threat nation states modern day cyber age will expose states new challenges
141,cyber security,The role of cyber security in advancing sustainable digitalization: Opportunities and challenges,"… integration of cyber security and sustainable digitalization. The paper argues that cyber security
is … The paper examines the various risks associated with cyber security, such as privacy …","['role', 'cyber', 'security', 'advancing', 'sustainable', 'digitalization', 'opportunities', 'challenges']","['integration', 'cyber', 'security', 'sustainable', 'digitalization', 'paper', 'argues', 'cyber', 'security', 'paper', 'examines', 'various', 'risks', 'associated', 'cyber', 'security', 'such', 'privacy']","['role', 'cyber', 'security', 'advancing', 'sustainable', 'digitalization', 'opportunities', 'challenges', 'integration', 'cyber', 'security', 'sustainable', 'digitalization', 'paper', 'argues', 'cyber', 'security', 'paper', 'examines', 'various', 'risks', 'associated', 'cyber', 'security', 'such', 'privacy']",role cyber security advancing sustainable digitalization opportunities challenges integration cyber security sustainable digitalization paper argues cyber security paper examines various risks associated cyber security such privacy
144,cyber security,Cyber security threats on digital banking,"… the problem of security in internet banking … cyber security, which is usually unknown to
most people [8]. This problem is also important since this is associated with the financial security …","['cyber', 'security', 'threats', 'digital', 'banking']","['problem', 'security', 'internet', 'banking', 'cyber', 'security', 'which', 'usually', 'unknown', 'most', 'people', 'problem', 'also', 'important', 'since', 'associated', 'financial', 'security']","['cyber', 'security', 'threats', 'digital', 'banking', 'problem', 'security', 'internet', 'banking', 'cyber', 'security', 'which', 'usually', 'unknown', 'most', 'people', 'problem', 'also', 'important', 'since', 'associated', 'financial', 'security']",cyber security threats digital banking problem security internet banking cyber security which usually unknown most people problem also important since associated financial security
199,web application,CLC-Pred 2.0: a freely available web application for in silico prediction of human cell line cytotoxicity and molecular mechanisms of action for druglike …,"… In 2018, we developed the first freely available web application (… Here, we present a new
version of this web application: CLC-… extension of the capabilities of the initial web application. …","['clc', 'pred', 'freely', 'available', 'web', 'application', 'silico', 'prediction', 'human', 'cell', 'line', 'cytotoxicity', 'molecular', 'mechanisms', 'action', 'druglike']","['2018', 'we', 'developed', 'first', 'freely', 'available', 'web', 'application', 'here', 'we', 'present', 'new', 'version', 'web', 'application', 'clc', 'extension', 'capabilities', 'initial', 'web', 'application']","['clc', 'pred', 'freely', 'available', 'web', 'application', 'silico', 'prediction', 'human', 'cell', 'line', 'cytotoxicity', 'molecular', 'mechanisms', 'action', 'druglike', '2018', 'we', 'developed', 'first', 'freely', 'available', 'web', 'application', 'here', 'we', 'present', 'new', 'version', 'web', 'application', 'clc', 'extension', 'capabilities', 'initial', 'web', 'application']",clc pred freely available web application silico prediction human cell line cytotoxicity molecular mechanisms action druglike 2018 we developed first freely available web application here we present new version web application clc extension capabilities initial web application
57,mobile application,The role of mobile application acceptance in shaping e-customer service,"… This study focused on examining the role of mobile application (app) … the role of mobile app
acceptance in shaping e-customer service. The multiple features associated with mobile app …","['role', 'mobile', 'application', 'acceptance', 'shaping', 'customer', 'service']","['study', 'focused', 'examining', 'role', 'mobile', 'application', 'app', 'role', 'mobile', 'app', 'acceptance', 'shaping', 'customer', 'service', 'multiple', 'features', 'associated', 'mobile', 'app']","['role', 'mobile', 'application', 'acceptance', 'shaping', 'customer', 'service', 'study', 'focused', 'examining', 'role', 'mobile', 'application', 'app', 'role', 'mobile', 'app', 'acceptance', 'shaping', 'customer', 'service', 'multiple', 'features', 'associated', 'mobile', 'app']",role mobile application acceptance shaping customer service study focused examining role mobile application app role mobile app acceptance shaping customer service multiple features associated mobile app
196,web application,Meta-DiSc 2.0: a web application for meta-analysis of diagnostic test accuracy data,"… and an enhanced web-based interface to improve user experience. Our objective was to
develop a new version of the Meta-DiSc software as a web application (app) to summarize DTA …","['meta', 'disc', 'web', 'application', 'meta', 'analysis', 'diagnostic', 'test', 'accuracy', 'data']","['enhanced', 'web', 'based', 'interface', 'improve', 'user', 'experience', 'our', 'objective', 'develop', 'new', 'version', 'meta', 'disc', 'software', 'web', 'application', 'app', 'summarize', 'dta']","['meta', 'disc', 'web', 'application', 'meta', 'analysis', 'diagnostic', 'test', 'accuracy', 'data', 'enhanced', 'web', 'based', 'interface', 'improve', 'user', 'experience', 'our', 'objective', 'develop', 'new', 'version', 'meta', 'disc', 'software', 'web', 'application', 'app', 'summarize', 'dta']",meta disc web application meta analysis diagnostic test accuracy data enhanced web based interface improve user experience our objective develop new version meta disc software web application app summarize dta
200,web application,Combining behavioral biometrics and session context analytics to enhance risk-based static authentication in web applications,"… Different from them, we focus on static authentication for web applications. Shen et al. [10] …
in web applications, however they assume the behavior monitor to be in the application after …","['combining', 'behavioral', 'biometrics', 'session', 'context', 'analytics', 'enhance', 'risk', 'based', 'static', 'authentication', 'web', 'applications']","['different', 'them', 'we', 'focus', 'static', 'authentication', 'web', 'applications', 'shen', 'et', 'al', '10', 'web', 'applications', 'however', 'they', 'assume', 'behavior', 'monitor', 'application', 'after']","['combining', 'behavioral', 'biometrics', 'session', 'context', 'analytics', 'enhance', 'risk', 'based', 'static', 'authentication', 'web', 'applications', 'different', 'them', 'we', 'focus', 'static', 'authentication', 'web', 'applications', 'shen', 'et', 'al', '10', 'web', 'applications', 'however', 'they', 'assume', 'behavior', 'monitor', 'application', 'after']",combining behavioral biometrics session context analytics enhance risk based static authentication web applications different them we focus static authentication web applications shen et al 10 web applications however they assume behavior monitor application after
8,machine learning,Machine learning foundations,"… knowledge about machine learning by exploring learning theories, … of machine learning
algorithms: the supervised, the unsupervised, the reinforced, and the semi-supervised learning. …","['machine', 'learning', 'foundations']","['knowledge', 'about', 'machine', 'learning', 'exploring', 'learning', 'theories', 'machine', 'learning', 'algorithms', 'supervised', 'unsupervised', 'reinforced', 'semi', 'supervised', 'learning']","['machine', 'learning', 'foundations', 'knowledge', 'about', 'machine', 'learning', 'exploring', 'learning', 'theories', 'machine', 'learning', 'algorithms', 'supervised', 'unsupervised', 'reinforced', 'semi', 'supervised', 'learning']",machine learning foundations knowledge about machine learning exploring learning theories machine learning algorithms supervised unsupervised reinforced semi supervised learning
111,cyber security,Analysis of cyber security knowledge gaps based on cyber security body of knowledge,"… gap between cyber security education and … in cyber security graduates who join the cyber
security workforce. We designed and performed an opinion survey by using the Cyber Security …","['analysis', 'cyber', 'security', 'knowledge', 'gaps', 'based', 'cyber', 'security', 'body', 'knowledge']","['gap', 'between', 'cyber', 'security', 'education', 'cyber', 'security', 'graduates', 'who', 'join', 'cyber', 'security', 'workforce', 'we', 'designed', 'performed', 'opinion', 'survey', 'using', 'cyber', 'security']","['analysis', 'cyber', 'security', 'knowledge', 'gaps', 'based', 'cyber', 'security', 'body', 'knowledge', 'gap', 'between', 'cyber', 'security', 'education', 'cyber', 'security', 'graduates', 'who', 'join', 'cyber', 'security', 'workforce', 'we', 'designed', 'performed', 'opinion', 'survey', 'using', 'cyber', 'security']",analysis cyber security knowledge gaps based cyber security body knowledge gap between cyber security education cyber security graduates who join cyber security workforce we designed performed opinion survey using cyber security
112,cyber security,Cybersecurity of industrial cyber-physical systems: A review,"… of cybersecurity studies being funded by security companies, research councils, and state
establishments. This allows the rapid development of security … for cyber security research. …","['cybersecurity', 'industrial', 'cyber', 'physical', 'systems', 'review']","['cybersecurity', 'studies', 'being', 'funded', 'security', 'companies', 'research', 'councils', 'state', 'establishments', 'allows', 'rapid', 'development', 'security', 'cyber', 'security', 'research']","['cybersecurity', 'industrial', 'cyber', 'physical', 'systems', 'review', 'cybersecurity', 'studies', 'being', 'funded', 'security', 'companies', 'research', 'councils', 'state', 'establishments', 'allows', 'rapid', 'development', 'security', 'cyber', 'security', 'research']",cybersecurity industrial cyber physical systems review cybersecurity studies being funded security companies research councils state establishments allows rapid development security cyber security research
162,web application,Enhancing Web Application Performance and Security Using AI-Driven Anomaly Detection and Optimization Techniques,"… detection and optimization in friction with web applications. AI-driven algorithms allow for
real… work contributes to the future of intelligent, secure, and high-performance web applications. …","['enhancing', 'web', 'application', 'performance', 'security', 'using', 'ai', 'driven', 'anomaly', 'detection', 'optimization', 'techniques']","['detection', 'optimization', 'friction', 'web', 'applications', 'ai', 'driven', 'algorithms', 'allow', 'real', 'work', 'contributes', 'future', 'intelligent', 'secure', 'high', 'performance', 'web', 'applications']","['enhancing', 'web', 'application', 'performance', 'security', 'using', 'ai', 'driven', 'anomaly', 'detection', 'optimization', 'techniques', 'detection', 'optimization', 'friction', 'web', 'applications', 'ai', 'driven', 'algorithms', 'allow', 'real', 'work', 'contributes', 'future', 'intelligent', 'secure', 'high', 'performance', 'web', 'applications']",enhancing web application performance security using ai driven anomaly detection optimization techniques detection optimization friction web applications ai driven algorithms allow real work contributes future intelligent secure high performance web applications
51,mobile application,"Marketing research on Mobile apps: past, present and future","… research on mobile apps, clarifying and expanding what is known around how apps shape
… competitive advantage, via apps (in instances of apps attached to an existing brand) and for …","['marketing', 'research', 'mobile', 'apps', 'past', 'present', 'future']","['research', 'mobile', 'apps', 'clarifying', 'expanding', 'what', 'known', 'around', 'how', 'apps', 'shape', 'competitive', 'advantage', 'via', 'apps', 'instances', 'apps', 'attached', 'existing', 'brand']","['marketing', 'research', 'mobile', 'apps', 'past', 'present', 'future', 'research', 'mobile', 'apps', 'clarifying', 'expanding', 'what', 'known', 'around', 'how', 'apps', 'shape', 'competitive', 'advantage', 'via', 'apps', 'instances', 'apps', 'attached', 'existing', 'brand']",marketing research mobile apps past present future research mobile apps clarifying expanding what known around how apps shape competitive advantage via apps instances apps attached existing brand
49,machine learning,Measuring corporate culture using machine learning,"We create a culture dictionary using one of the latest machine learning techniques—the
word embedding model—and 209,480 earnings call transcripts. We score the five corporate …","['measuring', 'corporate', 'culture', 'using', 'machine', 'learning']","['we', 'create', 'culture', 'dictionary', 'using', 'one', 'latest', 'machine', 'learning', 'techniques', 'word', 'embedding', 'model', '209', '480', 'earnings', 'call', 'transcripts', 'we', 'score', 'five', 'corporate']","['measuring', 'corporate', 'culture', 'using', 'machine', 'learning', 'we', 'create', 'culture', 'dictionary', 'using', 'one', 'latest', 'machine', 'learning', 'techniques', 'word', 'embedding', 'model', '209', '480', 'earnings', 'call', 'transcripts', 'we', 'score', 'five', 'corporate']",measuring corporate culture using machine learning we create culture dictionary using one latest machine learning techniques word embedding model 209 480 earnings call transcripts we score five corporate
78,mobile application,"Would you like to shop via mobile app technology? The technology acceptance model, social factors and purchase intention","… First, users do not typically view mobile apps as interruptive of their mobile experience, and
second, mobile apps are expected to offer users highly targetable experiences that are close …","['would', 'you', 'like', 'shop', 'via', 'mobile', 'app', 'technology', 'technology', 'acceptance', 'model', 'social', 'factors', 'purchase', 'intention']","['first', 'users', 'do', 'not', 'typically', 'view', 'mobile', 'apps', 'interruptive', 'their', 'mobile', 'experience', 'second', 'mobile', 'apps', 'expected', 'offer', 'users', 'highly', 'targetable', 'experiences', 'close']","['would', 'you', 'like', 'shop', 'via', 'mobile', 'app', 'technology', 'technology', 'acceptance', 'model', 'social', 'factors', 'purchase', 'intention', 'first', 'users', 'do', 'not', 'typically', 'view', 'mobile', 'apps', 'interruptive', 'their', 'mobile', 'experience', 'second', 'mobile', 'apps', 'expected', 'offer', 'users', 'highly', 'targetable', 'experiences', 'close']",would you like shop via mobile app technology technology acceptance model social factors purchase intention first users do not typically view mobile apps interruptive their mobile experience second mobile apps expected offer users highly targetable experiences close
91,mobile application,Screen recognition: Creating accessibility metadata for mobile applications from pixels,"… Unfortunately, many apps do not provide su cient metadata for accessibility features to work
… metadata for mobile apps from their pixels, as the visual interfaces often best re ect an app’s …","['screen', 'recognition', 'creating', 'accessibility', 'metadata', 'mobile', 'applications', 'pixels']","['unfortunately', 'many', 'apps', 'do', 'not', 'provide', 'su', 'cient', 'metadata', 'accessibility', 'features', 'work', 'metadata', 'mobile', 'apps', 'their', 'pixels', 'visual', 'interfaces', 'often', 'best', 're', 'ect', 'app']","['screen', 'recognition', 'creating', 'accessibility', 'metadata', 'mobile', 'applications', 'pixels', 'unfortunately', 'many', 'apps', 'do', 'not', 'provide', 'su', 'cient', 'metadata', 'accessibility', 'features', 'work', 'metadata', 'mobile', 'apps', 'their', 'pixels', 'visual', 'interfaces', 'often', 'best', 're', 'ect', 'app']",screen recognition creating accessibility metadata mobile applications pixels unfortunately many apps do not provide su cient metadata accessibility features work metadata mobile apps their pixels visual interfaces often best re ect app
61,mobile application,Deep learning methods for accurate skin cancer recognition and mobile application,"… to be used in a mobile application. To be able to build an effective mobile application, it is …
for our mobile application to be able to classify skin lesions using a common smartphone. …","['deep', 'learning', 'methods', 'accurate', 'skin', 'cancer', 'recognition', 'mobile', 'application']","['used', 'mobile', 'application', 'able', 'build', 'effective', 'mobile', 'application', 'our', 'mobile', 'application', 'able', 'classify', 'skin', 'lesions', 'using', 'common', 'smartphone']","['deep', 'learning', 'methods', 'accurate', 'skin', 'cancer', 'recognition', 'mobile', 'application', 'used', 'mobile', 'application', 'able', 'build', 'effective', 'mobile', 'application', 'our', 'mobile', 'application', 'able', 'classify', 'skin', 'lesions', 'using', 'common', 'smartphone']",deep learning methods accurate skin cancer recognition mobile application used mobile application able build effective mobile application our mobile application able classify skin lesions using common smartphone
97,mobile application,Gamification in personal health management: a focus on mobile apps,"… This review article explores the concept and applications of gamification in personal health
management, with a focus on mobile apps. Gamification is the use of game elements and …","['gamification', 'personal', 'health', 'management', 'focus', 'mobile', 'apps']","['review', 'article', 'explores', 'concept', 'applications', 'gamification', 'personal', 'health', 'management', 'focus', 'mobile', 'apps', 'gamification', 'use', 'game', 'elements']","['gamification', 'personal', 'health', 'management', 'focus', 'mobile', 'apps', 'review', 'article', 'explores', 'concept', 'applications', 'gamification', 'personal', 'health', 'management', 'focus', 'mobile', 'apps', 'gamification', 'use', 'game', 'elements']",gamification personal health management focus mobile apps review article explores concept applications gamification personal health management focus mobile apps gamification use game elements
23,machine learning,Machine learning in chemical engineering: A perspective,"… and application of machine learning with a focus on deep learning and probabilistic models.
… algorithms of statistical machine learning, especially unsupervised deep learning, and its …","['machine', 'learning', 'chemical', 'engineering', 'perspective']","['application', 'machine', 'learning', 'focus', 'deep', 'learning', 'probabilistic', 'models', 'algorithms', 'statistical', 'machine', 'learning', 'especially', 'unsupervised', 'deep', 'learning', 'its']","['machine', 'learning', 'chemical', 'engineering', 'perspective', 'application', 'machine', 'learning', 'focus', 'deep', 'learning', 'probabilistic', 'models', 'algorithms', 'statistical', 'machine', 'learning', 'especially', 'unsupervised', 'deep', 'learning', 'its']",machine learning chemical engineering perspective application machine learning focus deep learning probabilistic models algorithms statistical machine learning especially unsupervised deep learning its
83,mobile application,Consistency analysis of data-usage purposes in mobile apps,"… Our analysis of 23.1k Android apps has also shown PurPliance to detect contradictions in …
69.66% of apps, indicating the prevalence of inconsistencies of data practices in mobile apps. …","['consistency', 'analysis', 'data', 'usage', 'purposes', 'mobile', 'apps']","['our', 'analysis', '23', '1k', 'android', 'apps', 'has', 'also', 'shown', 'purpliance', 'detect', 'contradictions', '69', '66', 'apps', 'indicating', 'prevalence', 'inconsistencies', 'data', 'practices', 'mobile', 'apps']","['consistency', 'analysis', 'data', 'usage', 'purposes', 'mobile', 'apps', 'our', 'analysis', '23', '1k', 'android', 'apps', 'has', 'also', 'shown', 'purpliance', 'detect', 'contradictions', '69', '66', 'apps', 'indicating', 'prevalence', 'inconsistencies', 'data', 'practices', 'mobile', 'apps']",consistency analysis data usage purposes mobile apps our analysis 23 1k android apps has also shown purpliance detect contradictions 69 66 apps indicating prevalence inconsistencies data practices mobile apps
139,cyber security,"Dynamic defenses in cyber security: Techniques, methods and challenges","… in cyber security. Specifically, we firstly introduce basic concepts and define dynamic defense
in cyber security. … open challenges and opportunities for dynamic defense in cyber security. …","['dynamic', 'defenses', 'cyber', 'security', 'techniques', 'methods', 'challenges']","['cyber', 'security', 'specifically', 'we', 'firstly', 'introduce', 'basic', 'concepts', 'define', 'dynamic', 'defense', 'cyber', 'security', 'open', 'challenges', 'opportunities', 'dynamic', 'defense', 'cyber', 'security']","['dynamic', 'defenses', 'cyber', 'security', 'techniques', 'methods', 'challenges', 'cyber', 'security', 'specifically', 'we', 'firstly', 'introduce', 'basic', 'concepts', 'define', 'dynamic', 'defense', 'cyber', 'security', 'open', 'challenges', 'opportunities', 'dynamic', 'defense', 'cyber', 'security']",dynamic defenses cyber security techniques methods challenges cyber security specifically we firstly introduce basic concepts define dynamic defense cyber security open challenges opportunities dynamic defense cyber security
118,cyber security,Evaluating the cyber security readiness of organizations and its influence on performance,"… their cyber security to prevent and combat cyber-attacks, but studies of factors impacting the
cyber security … set of factors influencing the cyber security readiness of organizations and the …","['evaluating', 'cyber', 'security', 'readiness', 'organizations', 'its', 'influence', 'performance']","['their', 'cyber', 'security', 'prevent', 'combat', 'cyber', 'attacks', 'but', 'studies', 'factors', 'impacting', 'cyber', 'security', 'set', 'factors', 'influencing', 'cyber', 'security', 'readiness', 'organizations']","['evaluating', 'cyber', 'security', 'readiness', 'organizations', 'its', 'influence', 'performance', 'their', 'cyber', 'security', 'prevent', 'combat', 'cyber', 'attacks', 'but', 'studies', 'factors', 'impacting', 'cyber', 'security', 'set', 'factors', 'influencing', 'cyber', 'security', 'readiness', 'organizations']",evaluating cyber security readiness organizations its influence performance their cyber security prevent combat cyber attacks but studies factors impacting cyber security set factors influencing cyber security readiness organizations
152,web application,A survey on web application penetration testing,"… Due to their nature, web applications and services are prone to security risks because they …
the Internet and web applications become more widespread, every web application needs an …","['survey', 'web', 'application', 'penetration', 'testing']","['due', 'their', 'nature', 'web', 'applications', 'services', 'prone', 'security', 'risks', 'because', 'they', 'internet', 'web', 'applications', 'become', 'more', 'widespread', 'every', 'web', 'application', 'needs']","['survey', 'web', 'application', 'penetration', 'testing', 'due', 'their', 'nature', 'web', 'applications', 'services', 'prone', 'security', 'risks', 'because', 'they', 'internet', 'web', 'applications', 'become', 'more', 'widespread', 'every', 'web', 'application', 'needs']",survey web application penetration testing due their nature web applications services prone security risks because they internet web applications become more widespread every web application needs
167,web application,A systematic literature review on the characteristics and effectiveness of web application vulnerability scanners,"… web applications. Theses scanners have the capability of automatically evaluating the security
of web applications … analysts discover vulnerabilities in web applications. However, these …","['systematic', 'literature', 'review', 'characteristics', 'effectiveness', 'web', 'application', 'vulnerability', 'scanners']","['web', 'applications', 'theses', 'scanners', 'have', 'capability', 'automatically', 'evaluating', 'security', 'web', 'applications', 'analysts', 'discover', 'vulnerabilities', 'web', 'applications', 'however', 'these']","['systematic', 'literature', 'review', 'characteristics', 'effectiveness', 'web', 'application', 'vulnerability', 'scanners', 'web', 'applications', 'theses', 'scanners', 'have', 'capability', 'automatically', 'evaluating', 'security', 'web', 'applications', 'analysts', 'discover', 'vulnerabilities', 'web', 'applications', 'however', 'these']",systematic literature review characteristics effectiveness web application vulnerability scanners web applications theses scanners have capability automatically evaluating security web applications analysts discover vulnerabilities web applications however these
72,mobile application,Combating against potentially harmful mobile apps,"… Mobile apps make our life much easier and simple in other aspects number of potentially
harmful applications … The number of mobile apps has an exponential increase over the past few …","['combating', 'against', 'potentially', 'harmful', 'mobile', 'apps']","['mobile', 'apps', 'make', 'our', 'life', 'much', 'easier', 'simple', 'other', 'aspects', 'number', 'potentially', 'harmful', 'applications', 'number', 'mobile', 'apps', 'has', 'exponential', 'increase', 'over', 'past', 'few']","['combating', 'against', 'potentially', 'harmful', 'mobile', 'apps', 'mobile', 'apps', 'make', 'our', 'life', 'much', 'easier', 'simple', 'other', 'aspects', 'number', 'potentially', 'harmful', 'applications', 'number', 'mobile', 'apps', 'has', 'exponential', 'increase', 'over', 'past', 'few']",combating against potentially harmful mobile apps mobile apps make our life much easier simple other aspects number potentially harmful applications number mobile apps has exponential increase over past few
19,machine learning,A survey of human-in-the-loop for machine learning,"… posed by machine learning … machine learning. Human-in-the-loop is an area that we see
as increasingly important in future research due to the knowledge learned by machine learning …","['survey', 'human', 'loop', 'machine', 'learning']","['posed', 'machine', 'learning', 'machine', 'learning', 'human', 'loop', 'area', 'we', 'see', 'increasingly', 'important', 'future', 'research', 'due', 'knowledge', 'learned', 'machine', 'learning']","['survey', 'human', 'loop', 'machine', 'learning', 'posed', 'machine', 'learning', 'machine', 'learning', 'human', 'loop', 'area', 'we', 'see', 'increasingly', 'important', 'future', 'research', 'due', 'knowledge', 'learned', 'machine', 'learning']",survey human loop machine learning posed machine learning machine learning human loop area we see increasingly important future research due knowledge learned machine learning
89,mobile application,The role of utilitarian and hedonic aspects in the continuance intention to use social mobile apps,"… intention to use social mobile Apps, considering two utilitarian … As social mobile Apps may
be utilitarian or hedonic, we aim … in utilitarian Apps (ie, TripAdvisor) and hedonic Apps (ie, …","['role', 'utilitarian', 'hedonic', 'aspects', 'continuance', 'intention', 'use', 'social', 'mobile', 'apps']","['intention', 'use', 'social', 'mobile', 'apps', 'considering', 'two', 'utilitarian', 'social', 'mobile', 'apps', 'may', 'utilitarian', 'hedonic', 'we', 'aim', 'utilitarian', 'apps', 'ie', 'tripadvisor', 'hedonic', 'apps', 'ie']","['role', 'utilitarian', 'hedonic', 'aspects', 'continuance', 'intention', 'use', 'social', 'mobile', 'apps', 'intention', 'use', 'social', 'mobile', 'apps', 'considering', 'two', 'utilitarian', 'social', 'mobile', 'apps', 'may', 'utilitarian', 'hedonic', 'we', 'aim', 'utilitarian', 'apps', 'ie', 'tripadvisor', 'hedonic', 'apps', 'ie']",role utilitarian hedonic aspects continuance intention use social mobile apps intention use social mobile apps considering two utilitarian social mobile apps may utilitarian hedonic we aim utilitarian apps ie tripadvisor hedonic apps ie
117,cyber security,"Navigating the cyber security landscape: A comprehensive review of cyber-attacks, emerging trends, and recent developments","… has heightened security concerns in cyberspace. The trend of cyber criminals offering cyber
… of these attacks, emphasizing the need for robust cybersecurity defenses. The landscape of …","['navigating', 'cyber', 'security', 'landscape', 'comprehensive', 'review', 'cyber', 'attacks', 'emerging', 'trends', 'recent', 'developments']","['has', 'heightened', 'security', 'concerns', 'cyberspace', 'trend', 'cyber', 'criminals', 'offering', 'cyber', 'these', 'attacks', 'emphasizing', 'need', 'robust', 'cybersecurity', 'defenses', 'landscape']","['navigating', 'cyber', 'security', 'landscape', 'comprehensive', 'review', 'cyber', 'attacks', 'emerging', 'trends', 'recent', 'developments', 'has', 'heightened', 'security', 'concerns', 'cyberspace', 'trend', 'cyber', 'criminals', 'offering', 'cyber', 'these', 'attacks', 'emphasizing', 'need', 'robust', 'cybersecurity', 'defenses', 'landscape']",navigating cyber security landscape comprehensive review cyber attacks emerging trends recent developments has heightened security concerns cyberspace trend cyber criminals offering cyber these attacks emphasizing need robust cybersecurity defenses landscape
40,machine learning,Machine learning and deep learning applications-a vision,"… Deep learning had been analysed and implemented in … survey for machine learning along
with deep learning applications in … , for machine learning along with deep neural learning are …","['machine', 'learning', 'deep', 'learning', 'applications', 'vision']","['deep', 'learning', 'had', 'been', 'analysed', 'implemented', 'survey', 'machine', 'learning', 'along', 'deep', 'learning', 'applications', 'machine', 'learning', 'along', 'deep', 'neural', 'learning']","['machine', 'learning', 'deep', 'learning', 'applications', 'vision', 'deep', 'learning', 'had', 'been', 'analysed', 'implemented', 'survey', 'machine', 'learning', 'along', 'deep', 'learning', 'applications', 'machine', 'learning', 'along', 'deep', 'neural', 'learning']",machine learning deep learning applications vision deep learning had been analysed implemented survey machine learning along deep learning applications machine learning along deep neural learning
46,machine learning,Enhancing computational fluid dynamics with machine learning,"… Machine learning is rapidly becoming a core technology for scientific computing, with …
We also discuss emerging areas of machine learning that are promising for computational …","['enhancing', 'computational', 'fluid', 'dynamics', 'machine', 'learning']","['machine', 'learning', 'rapidly', 'becoming', 'core', 'technology', 'scientific', 'computing', 'we', 'also', 'discuss', 'emerging', 'areas', 'machine', 'learning', 'promising', 'computational']","['enhancing', 'computational', 'fluid', 'dynamics', 'machine', 'learning', 'machine', 'learning', 'rapidly', 'becoming', 'core', 'technology', 'scientific', 'computing', 'we', 'also', 'discuss', 'emerging', 'areas', 'machine', 'learning', 'promising', 'computational']",enhancing computational fluid dynamics machine learning machine learning rapidly becoming core technology scientific computing we also discuss emerging areas machine learning promising computational
135,cyber security,The role of cyber security in a digitalizing economy: a development perspective,"… , cyber security and information security are not the same thing. (Spremić, 2018) in an article
titled “Cyber security … the transition from information security to cyber security, primarily as a …","['role', 'cyber', 'security', 'digitalizing', 'economy', 'development', 'perspective']","['cyber', 'security', 'information', 'security', 'not', 'same', 'thing', 'spremi', '2018', 'article', 'titled', 'cyber', 'security', 'transition', 'information', 'security', 'cyber', 'security', 'primarily']","['role', 'cyber', 'security', 'digitalizing', 'economy', 'development', 'perspective', 'cyber', 'security', 'information', 'security', 'not', 'same', 'thing', 'spremi', '2018', 'article', 'titled', 'cyber', 'security', 'transition', 'information', 'security', 'cyber', 'security', 'primarily']",role cyber security digitalizing economy development perspective cyber security information security not same thing spremi 2018 article titled cyber security transition information security cyber security primarily
81,mobile application,Predicting consumers' purchase intention through fast fashion mobile apps: The mediating role of attitude and the moderating role of COVID-19,"… use mobile applications for different purposes to manage their daily activities more conveniently
and efficiently. Thus, mobile apps … and social attributes of mobile apps on consumers' …","['predicting', 'consumers', 'purchase', 'intention', 'through', 'fast', 'fashion', 'mobile', 'apps', 'mediating', 'role', 'attitude', 'moderating', 'role', 'covid', '19']","['use', 'mobile', 'applications', 'different', 'purposes', 'manage', 'their', 'daily', 'activities', 'more', 'conveniently', 'efficiently', 'thus', 'mobile', 'apps', 'social', 'attributes', 'mobile', 'apps', 'consumers']","['predicting', 'consumers', 'purchase', 'intention', 'through', 'fast', 'fashion', 'mobile', 'apps', 'mediating', 'role', 'attitude', 'moderating', 'role', 'covid', '19', 'use', 'mobile', 'applications', 'different', 'purposes', 'manage', 'their', 'daily', 'activities', 'more', 'conveniently', 'efficiently', 'thus', 'mobile', 'apps', 'social', 'attributes', 'mobile', 'apps', 'consumers']",predicting consumers purchase intention through fast fashion mobile apps mediating role attitude moderating role covid 19 use mobile applications different purposes manage their daily activities more conveniently efficiently thus mobile apps social attributes mobile apps consumers
119,cyber security,Cybersecurity risk,"Based on textual analysis and a comparison of cybersecurity risk disclosures of firms that
were hacked to others that were not, we propose a novel firm-level measure of cybersecurity …","['cybersecurity', 'risk']","['based', 'textual', 'analysis', 'comparison', 'cybersecurity', 'risk', 'disclosures', 'firms', 'hacked', 'others', 'not', 'we', 'propose', 'novel', 'firm', 'level', 'measure', 'cybersecurity']","['cybersecurity', 'risk', 'based', 'textual', 'analysis', 'comparison', 'cybersecurity', 'risk', 'disclosures', 'firms', 'hacked', 'others', 'not', 'we', 'propose', 'novel', 'firm', 'level', 'measure', 'cybersecurity']",cybersecurity risk based textual analysis comparison cybersecurity risk disclosures firms hacked others not we propose novel firm level measure cybersecurity
86,mobile application,Text mining approach to explore determinants of grocery mobile app satisfaction using online customer reviews,"… for grocery mobile apps in the highly competitive app market. … satisfaction for grocery
mobile apps using online reviews. … to business managers of grocery mobile apps for decision-…","['text', 'mining', 'approach', 'explore', 'determinants', 'grocery', 'mobile', 'app', 'satisfaction', 'using', 'online', 'customer', 'reviews']","['grocery', 'mobile', 'apps', 'highly', 'competitive', 'app', 'market', 'satisfaction', 'grocery', 'mobile', 'apps', 'using', 'online', 'reviews', 'business', 'managers', 'grocery', 'mobile', 'apps', 'decision']","['text', 'mining', 'approach', 'explore', 'determinants', 'grocery', 'mobile', 'app', 'satisfaction', 'using', 'online', 'customer', 'reviews', 'grocery', 'mobile', 'apps', 'highly', 'competitive', 'app', 'market', 'satisfaction', 'grocery', 'mobile', 'apps', 'using', 'online', 'reviews', 'business', 'managers', 'grocery', 'mobile', 'apps', 'decision']",text mining approach explore determinants grocery mobile app satisfaction using online customer reviews grocery mobile apps highly competitive app market satisfaction grocery mobile apps using online reviews business managers grocery mobile apps decision
110,cyber security,Cyber security in the age of COVID-19: A timeline and analysis of cyber-crime and cyber-attacks during the pandemic,"… cyber-crime perspective and highlights the range of cyber-attacks experienced globally during
the pandemic. Cyber… reveal the modus-operandi of cyber-attack campaigns. The analysis …","['cyber', 'security', 'age', 'covid', '19', 'timeline', 'analysis', 'cyber', 'crime', 'cyber', 'attacks', 'during', 'pandemic']","['cyber', 'crime', 'perspective', 'highlights', 'range', 'cyber', 'attacks', 'experienced', 'globally', 'during', 'pandemic', 'cyber', 'reveal', 'modus', 'operandi', 'cyber', 'attack', 'campaigns', 'analysis']","['cyber', 'security', 'age', 'covid', '19', 'timeline', 'analysis', 'cyber', 'crime', 'cyber', 'attacks', 'during', 'pandemic', 'cyber', 'crime', 'perspective', 'highlights', 'range', 'cyber', 'attacks', 'experienced', 'globally', 'during', 'pandemic', 'cyber', 'reveal', 'modus', 'operandi', 'cyber', 'attack', 'campaigns', 'analysis']",cyber security age covid 19 timeline analysis cyber crime cyber attacks during pandemic cyber crime perspective highlights range cyber attacks experienced globally during pandemic cyber reveal modus operandi cyber attack campaigns analysis
124,cyber security,Cyber risk and cybersecurity: a systematic review of data availability,"… cybersecurity and cyber risk management with a particular focus on data availability. From a
preliminary search resulting in 5219 cyber … We posit that the lack of available data on cyber …","['cyber', 'risk', 'cybersecurity', 'systematic', 'review', 'data', 'availability']","['cybersecurity', 'cyber', 'risk', 'management', 'particular', 'focus', 'data', 'availability', 'preliminary', 'search', 'resulting', '5219', 'cyber', 'we', 'posit', 'lack', 'available', 'data', 'cyber']","['cyber', 'risk', 'cybersecurity', 'systematic', 'review', 'data', 'availability', 'cybersecurity', 'cyber', 'risk', 'management', 'particular', 'focus', 'data', 'availability', 'preliminary', 'search', 'resulting', '5219', 'cyber', 'we', 'posit', 'lack', 'available', 'data', 'cyber']",cyber risk cybersecurity systematic review data availability cybersecurity cyber risk management particular focus data availability preliminary search resulting 5219 cyber we posit lack available data cyber
84,mobile application,Understanding and predicting the adoption of fitness mobile apps: evidence from China,"… in diet and fitness mobile applications (apps) has prompted … behaviors on a specific fitness
app? By combining the unified … app (ranked first in the weight-loss category on the App Store …","['understanding', 'predicting', 'adoption', 'fitness', 'mobile', 'apps', 'evidence', 'china']","['diet', 'fitness', 'mobile', 'applications', 'apps', 'has', 'prompted', 'behaviors', 'specific', 'fitness', 'app', 'combining', 'unified', 'app', 'ranked', 'first', 'weight', 'loss', 'category', 'app', 'store']","['understanding', 'predicting', 'adoption', 'fitness', 'mobile', 'apps', 'evidence', 'china', 'diet', 'fitness', 'mobile', 'applications', 'apps', 'has', 'prompted', 'behaviors', 'specific', 'fitness', 'app', 'combining', 'unified', 'app', 'ranked', 'first', 'weight', 'loss', 'category', 'app', 'store']",understanding predicting adoption fitness mobile apps evidence china diet fitness mobile applications apps has prompted behaviors specific fitness app combining unified app ranked first weight loss category app store
88,mobile application,… benefits and ethical challenges in the rise of mHealth (mobile healthcare) technology for the common good: An analysis of mobile applications for health specialists,"… indicate expectations for apps with more … mobile apps for professionals, the ethical challenges
that accompany them, and the requirements IT developers must address to increase apps’ …","['benefits', 'ethical', 'challenges', 'rise', 'mhealth', 'mobile', 'healthcare', 'technology', 'common', 'good', 'analysis', 'mobile', 'applications', 'health', 'specialists']","['indicate', 'expectations', 'apps', 'more', 'mobile', 'apps', 'professionals', 'ethical', 'challenges', 'accompany', 'them', 'requirements', 'developers', 'must', 'address', 'increase', 'apps']","['benefits', 'ethical', 'challenges', 'rise', 'mhealth', 'mobile', 'healthcare', 'technology', 'common', 'good', 'analysis', 'mobile', 'applications', 'health', 'specialists', 'indicate', 'expectations', 'apps', 'more', 'mobile', 'apps', 'professionals', 'ethical', 'challenges', 'accompany', 'them', 'requirements', 'developers', 'must', 'address', 'increase', 'apps']",benefits ethical challenges rise mhealth mobile healthcare technology common good analysis mobile applications health specialists indicate expectations apps more mobile apps professionals ethical challenges accompany them requirements developers must address increase apps
120,cyber security,Artificial intelligence in cyber security,"… For security preparation, the instance of a cyber security device specialist is one. This skilled
system enables substantially the collection and instruction of security initiatives to optimize …","['artificial', 'intelligence', 'cyber', 'security']","['security', 'preparation', 'instance', 'cyber', 'security', 'device', 'specialist', 'one', 'skilled', 'system', 'enables', 'substantially', 'collection', 'instruction', 'security', 'initiatives', 'optimize']","['artificial', 'intelligence', 'cyber', 'security', 'security', 'preparation', 'instance', 'cyber', 'security', 'device', 'specialist', 'one', 'skilled', 'system', 'enables', 'substantially', 'collection', 'instruction', 'security', 'initiatives', 'optimize']",artificial intelligence cyber security security preparation instance cyber security device specialist one skilled system enables substantially collection instruction security initiatives optimize
123,cyber security,"Review on cyber-physical and cyber-security system in smart grid: Standards, protocols, constraints, and recommendations","… cyber security principles, standards, and protocols. Finally, we discuss some challenges for
SG cyber-physical systems, cyber-attacks, and cyber security … of the cyber security systems …","['review', 'cyber', 'physical', 'cyber', 'security', 'system', 'smart', 'grid', 'standards', 'protocols', 'constraints', 'recommendations']","['cyber', 'security', 'principles', 'standards', 'protocols', 'finally', 'we', 'discuss', 'some', 'challenges', 'sg', 'cyber', 'physical', 'systems', 'cyber', 'attacks', 'cyber', 'security', 'cyber', 'security', 'systems']","['review', 'cyber', 'physical', 'cyber', 'security', 'system', 'smart', 'grid', 'standards', 'protocols', 'constraints', 'recommendations', 'cyber', 'security', 'principles', 'standards', 'protocols', 'finally', 'we', 'discuss', 'some', 'challenges', 'sg', 'cyber', 'physical', 'systems', 'cyber', 'attacks', 'cyber', 'security', 'cyber', 'security', 'systems']",review cyber physical cyber security system smart grid standards protocols constraints recommendations cyber security principles standards protocols finally we discuss some challenges sg cyber physical systems cyber attacks cyber security cyber security systems
129,cyber security,The difference between cyber security vs information security,"… differences between cyber security and information security, … of security, which are part of
the umbrella term: cyber security… a difference between cyber security and information security, …","['difference', 'between', 'cyber', 'security', 'vs', 'information', 'security']","['differences', 'between', 'cyber', 'security', 'information', 'security', 'security', 'which', 'part', 'umbrella', 'term', 'cyber', 'security', 'difference', 'between', 'cyber', 'security', 'information', 'security']","['difference', 'between', 'cyber', 'security', 'vs', 'information', 'security', 'differences', 'between', 'cyber', 'security', 'information', 'security', 'security', 'which', 'part', 'umbrella', 'term', 'cyber', 'security', 'difference', 'between', 'cyber', 'security', 'information', 'security']",difference between cyber security vs information security differences between cyber security information security security which part umbrella term cyber security difference between cyber security information security
42,machine learning,Machine learning algorithms for social media analysis: A survey,"… of machine learning algorithms, which are used in SM analysis. After that, we provide a detailed
survey of machine learning … challenges and benefits of Machine Learning usages in SM …","['machine', 'learning', 'algorithms', 'social', 'media', 'analysis', 'survey']","['machine', 'learning', 'algorithms', 'which', 'used', 'sm', 'analysis', 'after', 'we', 'provide', 'detailed', 'survey', 'machine', 'learning', 'challenges', 'benefits', 'machine', 'learning', 'usages', 'sm']","['machine', 'learning', 'algorithms', 'social', 'media', 'analysis', 'survey', 'machine', 'learning', 'algorithms', 'which', 'used', 'sm', 'analysis', 'after', 'we', 'provide', 'detailed', 'survey', 'machine', 'learning', 'challenges', 'benefits', 'machine', 'learning', 'usages', 'sm']",machine learning algorithms social media analysis survey machine learning algorithms which used sm analysis after we provide detailed survey machine learning challenges benefits machine learning usages sm
92,mobile application,Enhancing English vocabulary learning through mobile apps: A new paradigm in educational technology,"… This study explores the effectiveness of mobile applications … perception and usage of mobile
application patterns used in … This paper outlines a survey on preferences for mobile apps …","['enhancing', 'english', 'vocabulary', 'learning', 'through', 'mobile', 'apps', 'new', 'paradigm', 'educational', 'technology']","['study', 'explores', 'effectiveness', 'mobile', 'applications', 'perception', 'usage', 'mobile', 'application', 'patterns', 'used', 'paper', 'outlines', 'survey', 'preferences', 'mobile', 'apps']","['enhancing', 'english', 'vocabulary', 'learning', 'through', 'mobile', 'apps', 'new', 'paradigm', 'educational', 'technology', 'study', 'explores', 'effectiveness', 'mobile', 'applications', 'perception', 'usage', 'mobile', 'application', 'patterns', 'used', 'paper', 'outlines', 'survey', 'preferences', 'mobile', 'apps']",enhancing english vocabulary learning through mobile apps new paradigm educational technology study explores effectiveness mobile applications perception usage mobile application patterns used paper outlines survey preferences mobile apps
176,web application,A systematic literature review on progressive web application practice and challenges,"… [1], Progressive Web App (PWA) is a new mobile application development architecture with
advantages over its predecessors. It can work with low or no internet connection, run in the …","['systematic', 'literature', 'review', 'progressive', 'web', 'application', 'practice', 'challenges']","['progressive', 'web', 'app', 'pwa', 'new', 'mobile', 'application', 'development', 'architecture', 'advantages', 'over', 'its', 'predecessors', 'can', 'work', 'low', 'no', 'internet', 'connection', 'run']","['systematic', 'literature', 'review', 'progressive', 'web', 'application', 'practice', 'challenges', 'progressive', 'web', 'app', 'pwa', 'new', 'mobile', 'application', 'development', 'architecture', 'advantages', 'over', 'its', 'predecessors', 'can', 'work', 'low', 'no', 'internet', 'connection', 'run']",systematic literature review progressive web application practice challenges progressive web app pwa new mobile application development architecture advantages over its predecessors can work low no internet connection run
85,mobile application,A new mobile application of agricultural pests recognition using deep learning in cloud computing system,"… mobile application to automatically classify pests using a deep-learning solution for supporting
specialists and farmers. The developed application … our developed application for on-line …","['new', 'mobile', 'application', 'agricultural', 'pests', 'recognition', 'using', 'deep', 'learning', 'cloud', 'computing', 'system']","['mobile', 'application', 'automatically', 'classify', 'pests', 'using', 'deep', 'learning', 'solution', 'supporting', 'specialists', 'farmers', 'developed', 'application', 'our', 'developed', 'application', 'line']","['new', 'mobile', 'application', 'agricultural', 'pests', 'recognition', 'using', 'deep', 'learning', 'cloud', 'computing', 'system', 'mobile', 'application', 'automatically', 'classify', 'pests', 'using', 'deep', 'learning', 'solution', 'supporting', 'specialists', 'farmers', 'developed', 'application', 'our', 'developed', 'application', 'line']",new mobile application agricultural pests recognition using deep learning cloud computing system mobile application automatically classify pests using deep learning solution supporting specialists farmers developed application our developed application line
65,mobile application,Mobile apps for SME business sustainability during COVID-19 and onwards,"… mobile apps to improve their business efficiency during the pandemic. We aim to recognize
effective measures and actions taken by SMEs that have turned to mobile-app-… mobile-app-…","['mobile', 'apps', 'sme', 'business', 'sustainability', 'during', 'covid', '19', 'onwards']","['mobile', 'apps', 'improve', 'their', 'business', 'efficiency', 'during', 'pandemic', 'we', 'aim', 'recognize', 'effective', 'measures', 'actions', 'taken', 'smes', 'have', 'turned', 'mobile', 'app', 'mobile', 'app']","['mobile', 'apps', 'sme', 'business', 'sustainability', 'during', 'covid', '19', 'onwards', 'mobile', 'apps', 'improve', 'their', 'business', 'efficiency', 'during', 'pandemic', 'we', 'aim', 'recognize', 'effective', 'measures', 'actions', 'taken', 'smes', 'have', 'turned', 'mobile', 'app', 'mobile', 'app']",mobile apps sme business sustainability during covid 19 onwards mobile apps improve their business efficiency during pandemic we aim recognize effective measures actions taken smes have turned mobile app mobile app
98,mobile application,Design and implementation of smart hydroponics farming using IoT‐Based AI controller with mobile application system,"… of mobile application integrated … mobile application, which is connected over IoT environment.
In this manner, the farmer can continuously track the status of his field using the mobile app…","['design', 'implementation', 'smart', 'hydroponics', 'farming', 'using', 'iot', 'based', 'ai', 'controller', 'mobile', 'application', 'system']","['mobile', 'application', 'integrated', 'mobile', 'application', 'which', 'connected', 'over', 'iot', 'environment', 'manner', 'farmer', 'can', 'continuously', 'track', 'status', 'his', 'field', 'using', 'mobile', 'app']","['design', 'implementation', 'smart', 'hydroponics', 'farming', 'using', 'iot', 'based', 'ai', 'controller', 'mobile', 'application', 'system', 'mobile', 'application', 'integrated', 'mobile', 'application', 'which', 'connected', 'over', 'iot', 'environment', 'manner', 'farmer', 'can', 'continuously', 'track', 'status', 'his', 'field', 'using', 'mobile', 'app']",design implementation smart hydroponics farming using iot based ai controller mobile application system mobile application integrated mobile application which connected over iot environment manner farmer can continuously track status his field using mobile app
104,cyber security,A comprehensive review study of cyber-attacks and cyber security; Emerging trends and recent developments,"… cyber-security methods. In addition, emerging trends and recent developments of cyber security
and security … review study presented for IT and cyber security researchers will be useful. …","['comprehensive', 'review', 'study', 'cyber', 'attacks', 'cyber', 'security', 'emerging', 'trends', 'recent', 'developments']","['cyber', 'security', 'methods', 'addition', 'emerging', 'trends', 'recent', 'developments', 'cyber', 'security', 'security', 'review', 'study', 'presented', 'cyber', 'security', 'researchers', 'will', 'useful']","['comprehensive', 'review', 'study', 'cyber', 'attacks', 'cyber', 'security', 'emerging', 'trends', 'recent', 'developments', 'cyber', 'security', 'methods', 'addition', 'emerging', 'trends', 'recent', 'developments', 'cyber', 'security', 'security', 'review', 'study', 'presented', 'cyber', 'security', 'researchers', 'will', 'useful']",comprehensive review study cyber attacks cyber security emerging trends recent developments cyber security methods addition emerging trends recent developments cyber security security review study presented cyber security researchers will useful
6,machine learning,Machine learning and deep learning: C. Janiesch et al.,"… Deep learning is a machine learning concept based on … , deep learning models outperform
shallow machine learning … fundamentals of machine learning and deep learning to generate …","['machine', 'learning', 'deep', 'learning', 'janiesch', 'et', 'al']","['deep', 'learning', 'machine', 'learning', 'concept', 'based', 'deep', 'learning', 'models', 'outperform', 'shallow', 'machine', 'learning', 'fundamentals', 'machine', 'learning', 'deep', 'learning', 'generate']","['machine', 'learning', 'deep', 'learning', 'janiesch', 'et', 'al', 'deep', 'learning', 'machine', 'learning', 'concept', 'based', 'deep', 'learning', 'models', 'outperform', 'shallow', 'machine', 'learning', 'fundamentals', 'machine', 'learning', 'deep', 'learning', 'generate']",machine learning deep learning janiesch et al deep learning machine learning concept based deep learning models outperform shallow machine learning fundamentals machine learning deep learning generate
93,mobile application,"Technology, privacy, and user opinions of COVID-19 mobile apps for contact tracing: Systematic search and content analysis","… The results of this study show that South Korea was the first country to use a mobile app for
contact tracing during the COVID-19 pandemic. The South Korean app, Corona 100m, was …","['technology', 'privacy', 'user', 'opinions', 'covid', '19', 'mobile', 'apps', 'contact', 'tracing', 'systematic', 'search', 'content', 'analysis']","['results', 'study', 'show', 'south', 'korea', 'first', 'country', 'use', 'mobile', 'app', 'contact', 'tracing', 'during', 'covid', '19', 'pandemic', 'south', 'korean', 'app', 'corona', '100m']","['technology', 'privacy', 'user', 'opinions', 'covid', '19', 'mobile', 'apps', 'contact', 'tracing', 'systematic', 'search', 'content', 'analysis', 'results', 'study', 'show', 'south', 'korea', 'first', 'country', 'use', 'mobile', 'app', 'contact', 'tracing', 'during', 'covid', '19', 'pandemic', 'south', 'korean', 'app', 'corona', '100m']",technology privacy user opinions covid 19 mobile apps contact tracing systematic search content analysis results study show south korea first country use mobile app contact tracing during covid 19 pandemic south korean app corona 100m
55,mobile application,Ethical issues of the use of AI-driven mobile apps for education,"… issues related to the use of AI-driven mobile apps in education, as well as to list some of the
… stakeholders when using AI-driven mobile technologies in education with special attention …","['ethical', 'issues', 'use', 'ai', 'driven', 'mobile', 'apps', 'education']","['issues', 'related', 'use', 'ai', 'driven', 'mobile', 'apps', 'education', 'well', 'list', 'some', 'stakeholders', 'when', 'using', 'ai', 'driven', 'mobile', 'technologies', 'education', 'special', 'attention']","['ethical', 'issues', 'use', 'ai', 'driven', 'mobile', 'apps', 'education', 'issues', 'related', 'use', 'ai', 'driven', 'mobile', 'apps', 'education', 'well', 'list', 'some', 'stakeholders', 'when', 'using', 'ai', 'driven', 'mobile', 'technologies', 'education', 'special', 'attention']",ethical issues use ai driven mobile apps education issues related use ai driven mobile apps education well list some stakeholders when using ai driven mobile technologies education special attention
13,machine learning,"Machine learning operations (mlops): Overview, definition, and architecture","… ABSTRACT The final goal of all industrial machine learning (ML) projects is to develop
ML … The paradigm of Machine Learning Operations (MLOps) addresses this issue. MLOps …","['machine', 'learning', 'operations', 'mlops', 'overview', 'definition', 'architecture']","['abstract', 'final', 'goal', 'all', 'industrial', 'machine', 'learning', 'ml', 'projects', 'develop', 'ml', 'paradigm', 'machine', 'learning', 'operations', 'mlops', 'addresses', 'issue', 'mlops']","['machine', 'learning', 'operations', 'mlops', 'overview', 'definition', 'architecture', 'abstract', 'final', 'goal', 'all', 'industrial', 'machine', 'learning', 'ml', 'projects', 'develop', 'ml', 'paradigm', 'machine', 'learning', 'operations', 'mlops', 'addresses', 'issue', 'mlops']",machine learning operations mlops overview definition architecture abstract final goal all industrial machine learning ml projects develop ml paradigm machine learning operations mlops addresses issue mlops
109,cyber security,Cyber governance studies in ensuring cybersecurity: an overview of cybersecurity governance,"… the steps taken against cyber incidents for developed European countries. They also stated
that Turkey has taken steps against cyber incidents by publishing cyber security policies in …","['cyber', 'governance', 'studies', 'ensuring', 'cybersecurity', 'overview', 'cybersecurity', 'governance']","['steps', 'taken', 'against', 'cyber', 'incidents', 'developed', 'european', 'countries', 'they', 'also', 'stated', 'turkey', 'has', 'taken', 'steps', 'against', 'cyber', 'incidents', 'publishing', 'cyber', 'security', 'policies']","['cyber', 'governance', 'studies', 'ensuring', 'cybersecurity', 'overview', 'cybersecurity', 'governance', 'steps', 'taken', 'against', 'cyber', 'incidents', 'developed', 'european', 'countries', 'they', 'also', 'stated', 'turkey', 'has', 'taken', 'steps', 'against', 'cyber', 'incidents', 'publishing', 'cyber', 'security', 'policies']",cyber governance studies ensuring cybersecurity overview cybersecurity governance steps taken against cyber incidents developed european countries they also stated turkey has taken steps against cyber incidents publishing cyber security policies
80,mobile application,Consumer adoption of the Uber mobile application: Insights from diffusion of innovation theory and technology acceptance model,"… Uber mobile application are … mobile application was introduced. By comparing it to the
previous methods that the users have been utilizing, the overall evaluation of mobile applications’ …","['consumer', 'adoption', 'uber', 'mobile', 'application', 'insights', 'diffusion', 'innovation', 'theory', 'technology', 'acceptance', 'model']","['uber', 'mobile', 'application', 'mobile', 'application', 'introduced', 'comparing', 'previous', 'methods', 'users', 'have', 'been', 'utilizing', 'overall', 'evaluation', 'mobile', 'applications']","['consumer', 'adoption', 'uber', 'mobile', 'application', 'insights', 'diffusion', 'innovation', 'theory', 'technology', 'acceptance', 'model', 'uber', 'mobile', 'application', 'mobile', 'application', 'introduced', 'comparing', 'previous', 'methods', 'users', 'have', 'been', 'utilizing', 'overall', 'evaluation', 'mobile', 'applications']",consumer adoption uber mobile application insights diffusion innovation theory technology acceptance model uber mobile application mobile application introduced comparing previous methods users have been utilizing overall evaluation mobile applications
115,cyber security,The role of user behaviour in improving cyber security management,"… to complying with security policies. Second, we discuss kinds of cyber security errors done
by … Third, we discuss individual differences underlying cyber security behaviours in computer …","['role', 'user', 'behaviour', 'improving', 'cyber', 'security', 'management']","['complying', 'security', 'policies', 'second', 'we', 'discuss', 'kinds', 'cyber', 'security', 'errors', 'done', 'third', 'we', 'discuss', 'individual', 'differences', 'underlying', 'cyber', 'security', 'behaviours', 'computer']","['role', 'user', 'behaviour', 'improving', 'cyber', 'security', 'management', 'complying', 'security', 'policies', 'second', 'we', 'discuss', 'kinds', 'cyber', 'security', 'errors', 'done', 'third', 'we', 'discuss', 'individual', 'differences', 'underlying', 'cyber', 'security', 'behaviours', 'computer']",role user behaviour improving cyber security management complying security policies second we discuss kinds cyber security errors done third we discuss individual differences underlying cyber security behaviours computer
127,cyber security,"Cyber security techniques, architectures, and design","… Consequently, cyber security is the security of all related networks. It is also related to the
security … concerned spheres where every security is a critical issue, which are discussed below: …","['cyber', 'security', 'techniques', 'architectures', 'design']","['consequently', 'cyber', 'security', 'security', 'all', 'related', 'networks', 'also', 'related', 'security', 'concerned', 'spheres', 'where', 'every', 'security', 'critical', 'issue', 'which', 'discussed', 'below']","['cyber', 'security', 'techniques', 'architectures', 'design', 'consequently', 'cyber', 'security', 'security', 'all', 'related', 'networks', 'also', 'related', 'security', 'concerned', 'spheres', 'where', 'every', 'security', 'critical', 'issue', 'which', 'discussed', 'below']",cyber security techniques architectures design consequently cyber security security all related networks also related security concerned spheres where every security critical issue which discussed below
3,machine learning,Amnesiac machine learning,"… It gives EU residents the ability to request deletion of their personal data, including training
records used to train machine learning models. Unfortunately, Deep Neural Network models …","['amnesiac', 'machine', 'learning']","['gives', 'eu', 'residents', 'ability', 'request', 'deletion', 'their', 'personal', 'data', 'including', 'training', 'records', 'used', 'train', 'machine', 'learning', 'models', 'unfortunately', 'deep', 'neural', 'network', 'models']","['amnesiac', 'machine', 'learning', 'gives', 'eu', 'residents', 'ability', 'request', 'deletion', 'their', 'personal', 'data', 'including', 'training', 'records', 'used', 'train', 'machine', 'learning', 'models', 'unfortunately', 'deep', 'neural', 'network', 'models']",amnesiac machine learning gives eu residents ability request deletion their personal data including training records used train machine learning models unfortunately deep neural network models
151,web application,Web application development with streamlit,"… web applications of their own, from the most basic use cases to crafting complex and distributed
applications on … should be able to interface their web applications with robust server-side …","['web', 'application', 'development', 'streamlit']","['web', 'applications', 'their', 'own', 'most', 'basic', 'use', 'cases', 'crafting', 'complex', 'distributed', 'applications', 'should', 'able', 'interface', 'their', 'web', 'applications', 'robust', 'server', 'side']","['web', 'application', 'development', 'streamlit', 'web', 'applications', 'their', 'own', 'most', 'basic', 'use', 'cases', 'crafting', 'complex', 'distributed', 'applications', 'should', 'able', 'interface', 'their', 'web', 'applications', 'robust', 'server', 'side']",web application development streamlit web applications their own most basic use cases crafting complex distributed applications should able interface their web applications robust server side
171,web application,Atomistica. online–web application for generating input files for ORCA molecular modelling package made with the Anvil platform,"… We present the atomistica.online, a web application for … allows the development of web
applications using only Python … , they are not available as online applications. In this work, we …","['atomistica', 'online', 'web', 'application', 'generating', 'input', 'files', 'orca', 'molecular', 'modelling', 'package', 'made', 'anvil', 'platform']","['we', 'present', 'atomistica', 'online', 'web', 'application', 'allows', 'development', 'web', 'applications', 'using', 'only', 'python', 'they', 'not', 'available', 'online', 'applications', 'work', 'we']","['atomistica', 'online', 'web', 'application', 'generating', 'input', 'files', 'orca', 'molecular', 'modelling', 'package', 'made', 'anvil', 'platform', 'we', 'present', 'atomistica', 'online', 'web', 'application', 'allows', 'development', 'web', 'applications', 'using', 'only', 'python', 'they', 'not', 'available', 'online', 'applications', 'work', 'we']",atomistica online web application generating input files orca molecular modelling package made anvil platform we present atomistica online web application allows development web applications using only python they not available online applications work we
