doc_id,term,tfidf_score
1,automated,0.09735248891035539
1,can,0.05238660365837103
1,either,0.09735248891035539
1,employ,0.09735248891035539
1,human,0.07226665593835696
1,learning,0.11534961761420737
1,machine,0.04253207759564191
1,ml,0.053961127028762684
1,one,0.06492952014437024
1,required,0.09735248891035539
1,skills,0.09735248891035539
1,supervised,0.06822873872968793
1,through,0.07226665593835696
1,two,0.08480957242435617
1,types,0.07747243663036946
1,unsupervised,0.07747243663036946
1,via,0.06492952014437024
1,what,0.06822873872968793
2,allow,0.08849694513845861
2,based,0.04923216309533064
2,evaluate,0.10158520581950128
2,grasp,0.10158520581950128
2,how,0.11621388989987214
2,learning,0.08024321225336165
2,machine,0.08876259672133965
2,microbiologists,0.20317041163900257
2,model,0.05175355209436049
2,potential,0.08084080344038552
2,presented,0.08084080344038552
2,topics,0.10158520581950128
2,will,0.07540868445741596
2,work,0.16168160688077104
3,ability,0.08141718952738193
3,amnesiac,0.09345838935394118
3,data,0.03437353916515468
3,deep,0.043247489149808936
3,deletion,0.09345838935394118
3,eu,0.09345838935394118
3,gives,0.09345838935394118
3,including,0.06937598970082269
3,learning,0.03691187763654636
3,machine,0.040830794491816244
3,models,0.12466467867719087
3,network,0.06937598970082269
3,neural,0.08141718952738193
3,personal,0.09345838935394118
3,records,0.09345838935394118
3,request,0.09345838935394118
3,residents,0.09345838935394118
3,their,0.05180268194761218
3,train,0.09345838935394118
3,training,0.08141718952738193
3,unfortunately,0.09345838935394118
3,used,0.05528868897636818
4,artificial,0.06492952014437024
4,branch,0.09735248891035539
4,capable,0.09735248891035539
4,consuming,0.09735248891035539
4,designing,0.09735248891035539
4,intelligence,0.06492952014437024
4,key,0.07226665593835696
4,learning,0.03844987253806912
4,machine,0.04253207759564191
4,ml,0.053961127028762684
4,nanotheranostics,0.09735248891035539
4,offering,0.08480957242435617
4,perception,0.09735248891035539
4,performing,0.09735248891035539
4,provides,0.06214007057642802
4,result,0.09735248891035539
4,set,0.07747243663036946
4,tasks,0.08480957242435617
4,thus,0.09735248891035539
4,time,0.07226665593835696
4,tools,0.06214007057642802
4,unique,0.09735248891035539
5,accomplish,0.11125998732612045
5,biologists,0.09692522562783563
5,example,0.09692522562783563
5,experiment,0.11125998732612045
5,expression,0.11125998732612045
5,genes,0.11125998732612045
5,guide,0.11125998732612045
5,investigating,0.11125998732612045
5,learning,0.06591406720811849
5,machine,0.07291213302110043
5,model,0.05668246181763292
5,objective,0.11125998732612045
5,specification,0.11125998732612045
5,task,0.11125998732612045
5,want,0.11125998732612045
5,we,0.040242763810202704
5,what,0.07797570140535764
6,al,0.07828575916094417
6,based,0.04355152889202326
6,concept,0.07828575916094417
6,deep,0.16633649673003437
6,et,0.07828575916094417
6,fundamentals,0.07828575916094417
6,generate,0.08986383591725114
6,janiesch,0.08986383591725114
6,learning,0.14196876014056292
6,machine,0.07852075863810816
6,models,0.05993494167172639
6,outperform,0.08986383591725114
6,shallow,0.08986383591725114
7,financial,0.18503906710768622
7,grasping,0.10620271517493317
7,learners,0.10620271517493317
7,learning,0.0629179732441131
7,literature,0.05886668403137747
7,machine,0.09279726020867328
7,markets,0.10620271517493317
7,nascent,0.10620271517493317
7,seeking,0.10620271517493317
7,statisticians,0.10620271517493317
7,study,0.05146998869057295
7,survey,0.05410598628046779
7,tools,0.06778916790155785
7,we,0.07682709454675062
7,well,0.0845153854149485
8,class,0.09345838935394118
8,data,0.03437353916515468
8,distribution,0.09345838935394118
8,environment,0.09345838935394118
8,learning,0.07382375527309272
8,machine,0.06124619173772436
8,ml,0.05180268194761218
8,name,0.09345838935394118
8,note,0.09345838935394118
8,ood,0.09345838935394118
8,open,0.23861787101348364
8,outof,0.09345838935394118
8,refer,0.09345838935394118
8,short,0.07437353916515468
8,unseen,0.09345838935394118
8,used,0.05528868897636818
8,world,0.09345838935394118
9,algorithm,0.09735248891035539
9,algorithms,0.06492952014437024
9,also,0.07226665593835696
9,alternative,0.09735248891035539
9,approaches,0.07747243663036946
9,can,0.05238660365837103
9,capture,0.09735248891035539
9,detect,0.09735248891035539
9,examine,0.08480957242435617
9,intuitively,0.09735248891035539
9,learning,0.07689974507613824
9,machine,0.08506415519128382
9,misstatements,0.09735248891035539
9,number,0.07747243663036946
9,relationship,0.09735248891035539
9,taught,0.09735248891035539
9,using,0.0450494678643843
9,we,0.03521241833392737
10,area,0.07747243663036946
10,definitions,0.08480957242435617
10,describe,0.07226665593835696
10,dimensions,0.09735248891035539
10,explainability,0.09735248891035539
10,explainable,0.09735248891035539
10,first,0.07747243663036946
10,following,0.09735248891035539
10,interpretable,0.09735248891035539
10,introduce,0.09735248891035539
10,learning,0.03844987253806912
10,machine,0.04253207759564191
10,next,0.09735248891035539
10,problem,0.09735248891035539
10,sections,0.09735248891035539
10,structure,0.09735248891035539
10,supervised,0.13645747745937586
10,survey,0.04959715409042881
10,we,0.1056372550017821
11,case,0.08480957242435617
11,challenges,0.11518476870076705
11,deploying,0.19470497782071078
11,deployment,0.08480957242435617
11,found,0.09735248891035539
11,learning,0.07689974507613824
11,machine,0.08506415519128382
11,mapping,0.08480957242435617
11,published,0.09735248891035539
11,reports,0.09735248891035539
11,reviews,0.08480957242435617
11,steps,0.08480957242435617
11,studies,0.06492952014437024
11,survey,0.09919430818085762
11,workflow,0.09735248891035539
12,abstract,0.08986383591725114
12,addresses,0.08986383591725114
12,all,0.06298037421201964
12,architecture,0.08986383591725114
12,definition,0.07828575916094417
12,develop,0.0667076824046372
12,final,0.08986383591725114
12,goal,0.07828575916094417
12,industrial,0.07828575916094417
12,issue,0.08986383591725114
12,learning,0.053238285052711096
12,machine,0.058890568978581116
12,ml,0.0996205422069465
12,mlops,0.26959150775175345
12,operations,0.17972767183450228
12,overview,0.05736006514747203
12,paradigm,0.08986383591725114
12,projects,0.08986383591725114
13,ability,0.08849694513845861
13,accuracy,0.10158520581950128
13,can,0.0546642820783002
13,dataset,0.17699389027691723
13,definition,0.08849694513845861
13,efficiency,0.08849694513845861
13,generalization,0.10158520581950128
13,help,0.07119520563097873
13,improve,0.06775254275934287
13,including,0.07540868445741596
13,learning,0.08024321225336165
13,machine,0.08876259672133965
13,quality,0.12464084755274661
13,survey,0.05175355209436049
13,which,0.06009640106126976
14,additionally,0.07828575916094417
14,application,0.02954838499159748
14,approaches,0.07151301842803334
14,can,0.04835686491541941
14,cases,0.07828575916094417
14,describe,0.0667076824046372
14,environments,0.08986383591725114
14,evaluation,0.05993494167172639
14,learning,0.07098438007028146
14,machine,0.07852075863810816
14,provide,0.07151301842803334
14,quality,0.055129605648330235
14,review,0.07088356814443936
14,solutions,0.08986383591725114
14,water,0.26959150775175345
14,we,0.03250377076977911
14,which,0.05316220093881557
15,algorithms,0.1416644075877169
15,analysis,0.05556892643371331
15,classical,0.10620271517493317
15,development,0.06074816972038771
15,firstly,0.10620271517493317
15,focuses,0.10620271517493317
15,introduction,0.09251953355384311
15,learning,0.08389063099215081
15,machine,0.09279726020867328
15,provides,0.06778916790155785
15,relatively,0.10620271517493317
15,research,0.05556892643371331
15,study,0.05146998869057295
15,systematic,0.05146998869057295
15,then,0.09251953355384311
16,between,0.06822873872968793
16,classification,0.08480957242435617
16,concept,0.08480957242435617
16,core,0.09735248891035539
16,evident,0.09735248891035539
16,learning,0.11534961761420737
16,lies,0.09735248891035539
16,machine,0.08506415519128382
16,now,0.08480957242435617
16,overview,0.06214007057642802
16,pattern,0.08480957242435617
16,recognition,0.07226665593835696
16,self,0.09735248891035539
16,statistical,0.08480957242435617
16,statistics,0.09735248891035539
16,techniques,0.07226665593835696
17,12,0.19470497782071078
17,being,0.08480957242435617
17,conducted,0.07747243663036946
17,contribution,0.08480957242435617
17,education,0.13645747745937586
17,field,0.08480957242435617
17,learning,0.09612468134517281
17,levels,0.09735248891035539
17,machine,0.06379811639346288
17,research,0.0509381825642372
17,review,0.03839526607823798
17,synthesizes,0.09735248891035539
17,systematic,0.04718082296635853
17,systematically,0.09735248891035539
17,teaching,0.1549448732607389
18,area,0.07747243663036946
18,due,0.08480957242435617
18,future,0.06214007057642802
18,human,0.14453331187671392
18,important,0.08480957242435617
18,increasingly,0.08480957242435617
18,knowledge,0.06822873872968793
18,learned,0.09735248891035539
18,learning,0.07689974507613824
18,loop,0.16961914484871235
18,machine,0.08506415519128382
18,posed,0.09735248891035539
18,research,0.0509381825642372
18,see,0.09735248891035539
18,survey,0.04959715409042881
18,we,0.03521241833392737
19,1959,0.10158520581950128
19,arthur,0.10158520581950128
19,delivered,0.10158520581950128
19,describe,0.07540868445741596
19,economics,0.10158520581950128
19,finance,0.08849694513845861
19,ibm,0.10158520581950128
19,introduced,0.10158520581950128
19,learning,0.08024321225336165
19,machine,0.06657194754100473
19,mainly,0.10158520581950128
19,ml,0.056307262986534976
19,pattern,0.08849694513845861
19,recognition,0.07540868445741596
19,samuel,0.10158520581950128
19,tasks,0.08849694513845861
19,while,0.10158520581950128
19,working,0.10158520581950128
20,address,0.08849694513845861
20,applications,0.039351998682154006
20,applying,0.07540868445741596
20,biological,0.08849694513845861
20,evaluation,0.06775254275934287
20,expected,0.08849694513845861
20,further,0.10158520581950128
20,how,0.05810694494993607
20,key,0.07540868445741596
20,learning,0.08024321225336165
20,machine,0.08876259672133965
20,microbiology,0.10158520581950128
20,points,0.08084080344038552
20,practitioner,0.10158520581950128
20,problems,0.07119520563097873
20,reinforced,0.08849694513845861
20,these,0.06009640106126976
21,been,0.05993494167172639
21,have,0.05993494167172639
21,into,0.0667076824046372
21,larger,0.08986383591725114
21,learning,0.053238285052711096
21,machine,0.058890568978581116
21,models,0.05993494167172639
21,omlt,0.17972767183450228
21,open,0.05736006514747203
21,optimization,0.2348572774828325
21,package,0.07828575916094417
21,problems,0.06298037421201964
21,software,0.0667076824046372
21,source,0.0667076824046372
21,toolkit,0.17972767183450228
21,trained,0.08986383591725114
21,using,0.04158412418250859
21,which,0.05316220093881557
22,algorithms,0.07083220379385845
22,application,0.034920818626433384
22,chemical,0.10620271517493317
22,deep,0.09828974806774758
22,engineering,0.09251953355384311
22,especially,0.09251953355384311
22,focus,0.09251953355384311
22,its,0.07083220379385845
22,learning,0.1048632887401885
22,machine,0.06959794515650496
22,models,0.07083220379385845
22,perspective,0.09251953355384311
22,probabilistic,0.10620271517493317
22,statistical,0.09251953355384311
22,unsupervised,0.0845153854149485
23,2020,0.08653554569809369
23,art,0.07538628659942771
23,between,0.06064776775972261
23,defining,0.07538628659942771
23,hitl,0.08653554569809369
23,human,0.06423702750076174
23,humans,0.08653554569809369
23,idea,0.08653554569809369
23,interactions,0.07538628659942771
23,learning,0.06835532895656732
23,loop,0.07538628659942771
23,machine,0.0756125823922523
23,make,0.06423702750076174
23,ml,0.04796544624778905
23,munro,0.08653554569809369
23,new,0.04796544624778905
23,not,0.055235618290158245
23,only,0.06423702750076174
23,researchers,0.06423702750076174
23,state,0.06886438811588395
23,types,0.06886438811588395
24,all,0.06549958918050043
24,causality,0.09345838935394118
24,compare,0.09345838935394118
24,disregards,0.09345838935394118
24,if,0.09345838935394118
24,information,0.08141718952738193
24,learning,0.07382375527309272
24,machine,0.08166158898363249
24,not,0.05965446775337091
24,often,0.09345838935394118
24,recent,0.06549958918050043
24,shortcoming,0.09345838935394118
24,since,0.09345838935394118
24,spite,0.09345838935394118
24,successes,0.09345838935394118
24,surprising,0.09345838935394118
24,too,0.09345838935394118
24,we,0.033803921600570275
24,what,0.06549958918050043
25,analysis,0.0509381825642372
25,applications,0.03771233207039759
25,challenges,0.057592384350383524
25,data,0.03580576996370279
25,engineering,0.08480957242435617
25,environmental,0.08480957242435617
25,ese,0.09735248891035539
25,field,0.08480957242435617
25,has,0.0509381825642372
25,ideas,0.09735248891035539
25,learning,0.057674808807103684
25,machine,0.06379811639346288
25,modeling,0.07747243663036946
25,new,0.053961127028762684
25,opportunities,0.07226665593835696
25,potential,0.07747243663036946
25,revolutionize,0.09735248891035539
25,science,0.09735248891035539
25,shortcomings,0.09735248891035539
25,tools,0.06214007057642802
26,aplikasi,0.026263738001111345
26,arima,0.10158520581950128
26,implementasi,0.12968362555080631
26,indonesia,0.04598722316937828
26,jabar,0.10158520581950128
26,kasus,0.12464084755274661
26,kemudian,0.10158520581950128
26,learning,0.08024321225336165
26,machine,0.08876259672133965
26,model,0.05175355209436049
26,prediksi,0.12019280212253952
26,sakit,0.07540868445741596
26,terap,0.037362542570820306
26,tingkat,0.0470081403802271
27,ajar,0.05993494167172639
27,banjir,0.07828575916094417
27,bencana,0.07828575916094417
27,data,0.033051479966494886
27,deteksi,0.0667076824046372
27,guna,0.02665411759085931
27,hasil,0.051402297455712676
27,historis,0.08986383591725114
27,learning,0.07098438007028146
27,machine,0.07852075863810816
27,metode,0.07801849531650848
27,pola,0.08986383591725114
27,pustaka,0.08986383591725114
27,sehingga,0.07828575916094417
27,sistematis,0.08986383591725114
27,teliti,0.03900924765825424
27,terap,0.033051479966494886
27,tinjau,0.06298037421201964
27,tunjuk,0.08986383591725114
28,application,0.02328054575095559
28,curang,0.07080181011662211
28,data,0.05208111994720407
28,deep,0.13105299742366344
28,deteksi,0.0525575679551687
28,evidence,0.07080181011662211
28,lapor,0.06167968903589541
28,learning,0.11185417465620108
28,literature,0.03924445602091832
28,machine,0.061864840139115515
28,mining,0.0525575679551687
28,new,0.03924445602091832
28,provides,0.04519277860103857
28,review,0.02792382987508217
28,such,0.049620900894318504
28,systematic,0.0343133257937153
28,technologies,0.056343590276632334
28,terap,0.026040559973602034
28,uang,0.0525575679551687
29,apabila,0.10158520581950128
29,banjir,0.08849694513845861
29,bencana,0.08849694513845861
29,dua,0.10158520581950128
29,garis,0.10158520581950128
29,hujan,0.20317041163900257
29,iklim,0.10158520581950128
29,indonesia,0.09197444633875657
29,katulistiwa,0.10158520581950128
29,kemarau,0.10158520581950128
29,learning,0.02006080306334041
29,letak,0.08849694513845861
29,machine,0.022190649180334913
29,milik,0.06484181277540316
29,musim,0.40634082327800514
29,prediksi,0.06009640106126976
29,terap,0.037362542570820306
29,tropis,0.10158520581950128
30,aims,0.04623773376956729
30,application,0.02478251644456563
30,card,0.15073933766764708
30,could,0.07536966883382354
30,credit,0.15073933766764708
30,deep,0.06975401475775635
30,detection,0.07536966883382354
30,deteksi,0.055948378790986034
30,enhancing,0.06565902381240478
30,explore,0.06565902381240478
30,fraud,0.15073933766764708
30,gaps,0.06565902381240478
30,identifying,0.059978660617060225
30,knowledge,0.052822249339113246
30,learning,0.05953528651055864
30,literature,0.04177635640936466
30,machine,0.032928060074045355
30,research,0.039436012307796545
30,review,0.029725367286377792
30,serve,0.07536966883382354
30,systematic,0.03652708874814854
30,terap,0.027720596100931194
30,tingkat,0.03487700737887817
31,analis,0.05458299098375035
31,atribut,0.07788199112828431
31,bagi,0.061977949304295565
31,data,0.028644615970962236
31,dataset,0.06784765793948494
31,guna,0.0231002352454114
31,ketidakpastian,0.07788199112828431
31,klasifikasi,0.05781332475068557
31,konsep,0.061977949304295565
31,learning,0.0307598980304553
31,machine,0.03402566207651353
31,mahasiswa,0.061977949304295565
31,matakuliah,0.07788199112828431
31,metode,0.033808014637153674
31,mining,0.05781332475068557
31,objek,0.06784765793948494
31,paham,0.06784765793948494
31,penting,0.0477789915618862
31,prediksi,0.04607390748030682
31,rough,0.15576398225656862
31,rs,0.07788199112828431
31,rupa,0.051943616115496194
31,set,0.12395589860859113
31,tentu,0.061977949304295565
31,terap,0.028644615970962236
31,tingkat,0.03603957429150744
32,adapun,0.06886438811588395
32,badan,0.08653554569809369
32,berat,0.08653554569809369
32,data,0.031827351078846926
32,imbalanced,0.08653554569809369
32,indonesia,0.03917430121835928
32,jadi,0.07538628659942771
32,kaji,0.06886438811588395
32,kasus,0.053087768402095774
32,klasifikasi,0.12847405500152348
32,lahir,0.08653554569809369
32,learning,0.051266496717425496
32,machine,0.03780629119612615
32,meachine,0.08653554569809369
32,metode,0.11269338212384558
32,model,0.04408635919149227
32,perhati,0.06886438811588395
32,rendah,0.08653554569809369
32,risiko,0.06886438811588395
32,terap,0.06365470215769385
33,abilities,0.06871940393672146
33,among,0.05986558053483965
33,been,0.04583260245484959
33,can,0.036978779052967786
33,dymens,0.06871940393672146
33,extensively,0.06871940393672146
33,fields,0.06871940393672146
33,guna,0.020382560510657118
33,has,0.035956364162990966
33,hotel,0.06871940393672146
33,human,0.05101175713295785
33,improve,0.04583260245484959
33,learning,0.04071162974619084
33,machine,0.04503396451303262
33,metode,0.029830601150429712
33,over,0.05986558053483965
33,problems,0.0481614626327209
33,puas,0.05468642585673138
33,replace,0.06871940393672146
33,researched,0.06871940393672146
33,solve,0.06871940393672146
33,tamu,0.06871940393672146
33,tentu,0.05468642585673138
33,terap,0.02527466115084903
33,time,0.05101175713295785
33,tingkat,0.03179962437485951
33,used,0.04065344777674131
33,vader,0.06871940393672146
33,various,0.1020235142659157
34,air,0.16113515405851928
34,algoritma,0.04766266291066223
34,cakup,0.06411511996996093
34,dekat,0.059806887673123
34,guna,0.04779359016292014
34,klasifikasi,0.119613775346246
34,kualitas,0.10285253060926018
34,learning,0.04773087625415477
34,logistic,0.08056757702925964
34,machine,0.052798441153210654
34,minum,0.16113515405851928
34,model,0.041045920626561774
34,random,0.07018723235119131
34,regression,0.06411511996996093
34,supervised,0.05646516308663829
34,support,0.059806887673123
34,svm,0.08056757702925964
34,terap,0.059264722698542556
34,vector,0.06411511996996093
35,access,0.06064776775972261
35,analisis,0.0419385093034298
35,analysis,0.04527838450154418
35,aplikasi,0.022372813852798552
35,application,0.05690800072455811
35,data,0.031827351078846926
35,digital,0.04527838450154418
35,google,0.06423702750076174
35,learning,0.01708883223914183
35,machine,0.018903145598063074
35,mengunakan,0.08653554569809369
35,mytelkomsel,0.25960663709428106
35,platform,0.07538628659942771
35,playstore,0.07538628659942771
35,provides,0.055235618290158245
35,relevant,0.08653554569809369
35,sentimen,0.06886438811588395
35,sentiment,0.08653554569809369
35,services,0.06886438811588395
35,telecommunications,0.08653554569809369
35,terap,0.031827351078846926
35,therefore,0.08653554569809369
35,ulas,0.06423702750076174
35,users,0.04949850866105665
36,16,0.06565902381240478
36,19,0.04810844173658944
36,aplikasi,0.019485999162114867
36,cara,0.07536966883382354
36,covid,0.05026801559564148
36,data,0.05544119220186239
36,decision,0.07536966883382354
36,dunia,0.055948378790986034
36,guna,0.022355066366527163
36,hasil,0.0431116043176945
36,layan,0.0431116043176945
36,learning,0.05953528651055864
36,machine,0.06585612014809071
36,mana,0.07536966883382354
36,metode,0.03271743351982614
36,nyata,0.07536966883382354
36,putus,0.06565902381240478
36,sehat,0.04810844173658944
36,terap,0.05544119220186239
36,terus,0.15073933766764708
36,tree,0.06565902381240478
36,visualisasi,0.07536966883382354
37,algoritma,0.06911086122046023
37,baca,0.11682298669242648
37,buku,0.11682298669242648
37,deep,0.10811872287452234
37,dekat,0.08671998712602835
37,ikut,0.11682298669242648
37,jelas,0.10177148690922742
37,konsep,0.09296692395644335
37,learning,0.0922796940913659
37,machine,0.0510384931147703
37,matematis,0.11682298669242648
37,milik,0.07456808469171364
37,saran,0.10177148690922742
37,sederhana,0.10177148690922742
37,terap,0.04296692395644336
38,data,0.07472508514164061
38,deep,0.0470081403802271
38,help,0.07119520563097873
38,kategori,0.08084080344038552
38,learning,0.10030401531670205
38,machine,0.08876259672133965
38,olah,0.10158520581950128
38,plastik,0.10158520581950128
38,rumah,0.10158520581950128
38,sampah,0.10158520581950128
38,simpan,0.10158520581950128
38,tangga,0.10158520581950128
38,terap,0.07472508514164061
38,we,0.03674339304409812
39,aims,0.0477789915618862
39,bibit,0.07788199112828431
39,can,0.04190928292669682
39,data,0.028644615970962236
39,facilitate,0.07788199112828431
39,generally,0.07788199112828431
39,identifikasi,0.061977949304295565
39,klasifikasi,0.05781332475068557
39,leaning,0.07788199112828431
39,learning,0.0307598980304553
39,lot,0.07788199112828431
39,machine,0.08506415519128382
39,object,0.07788199112828431
39,process,0.051943616115496194
39,recognition,0.05781332475068557
39,requires,0.06784765793948494
39,so,0.06784765793948494
39,study,0.037744658373086826
39,tanam,0.06784765793948494
39,teachable,0.15576398225656862
39,terap,0.028644615970962236
39,training,0.06784765793948494
39,use,0.04607390748030682
39,which,0.04607390748030682
40,ajar,0.06233233933859544
40,algoritma,0.05528868897636818
40,beban,0.09345838935394118
40,diabetes,0.16283437905476386
40,ekonomi,0.08141718952738193
40,global,0.06549958918050043
40,hidup,0.09345838935394118
40,individu,0.09345838935394118
40,kualitas,0.05965446775337091
40,learning,0.03691187763654636
40,logistik,0.09345838935394118
40,machine,0.040830794491816244
40,masalah,0.08141718952738193
40,pengaruh,0.07437353916515468
40,prediksi,0.05528868897636818
40,regresi,0.09345838935394118
40,rupa,0.06233233933859544
40,sehat,0.05965446775337091
40,signifikan,0.08141718952738193
40,sosial,0.09345838935394118
40,terap,0.03437353916515468
40,timbul,0.08141718952738193
41,17,0.08344499049459034
41,2030,0.08344499049459034
41,algoritma,0.0493649008717573
41,dunia,0.12388569589432621
41,forest,0.08344499049459034
41,jantung,0.16688998098918068
41,jiwa,0.08344499049459034
41,juta,0.08344499049459034
41,kira,0.08344499049459034
41,learning,0.016478516802029622
41,machine,0.018228033255275108
41,mati,0.07269391922087672
41,organisasi,0.07269391922087672
41,prediksi,0.0493649008717573
41,proyeksi,0.08344499049459034
41,random,0.07269391922087672
41,sakit,0.12388569589432621
41,sebab,0.08344499049459034
41,sehat,0.05326291763693831
41,tahun,0.07269391922087672
41,terap,0.030690659968888107
41,tetap,0.08344499049459034
41,turut,0.08344499049459034
41,utama,0.07269391922087672
41,who,0.07269391922087672
42,algoritma,0.0493649008717573
42,bas,0.03121649056962762
42,c4,0.08344499049459034
42,data,0.030690659968888107
42,daya,0.08344499049459034
42,didik,0.06640494568317382
42,galak,0.08344499049459034
42,guna,0.02475025204865507
42,indonesia,0.0377752190319893
42,kualitas,0.05326291763693831
42,learning,0.016478516802029622
42,machine,0.018228033255275108
42,manusia,0.08344499049459034
42,menganalisa,0.08344499049459034
42,pegang,0.08344499049459034
42,penting,0.0511917766734495
42,peran,0.07269391922087672
42,perintah,0.06640494568317382
42,program,0.06640494568317382
42,pso,0.08344499049459034
42,putus,0.07269391922087672
42,sangat,0.058481776054018234
42,sekolah,0.07269391922087672
42,siswa,0.06640494568317382
42,sumber,0.07269391922087672
42,terap,0.030690659968888107
42,tingkat,0.038613829598043686
42,wajib,0.08344499049459034
43,algoritma,0.05119323053367424
43,bagi,0.06886438811588395
43,data,0.06365470215769385
43,guna,0.05133385610091422
43,identifikasi,0.06886438811588395
43,learning,0.03417766447828366
43,lembap,0.08653554569809369
43,machine,0.0756125823922523
43,mining,0.06423702750076174
43,prediksi,0.10238646106734849
43,rata,0.17307109139618737
43,rupa,0.057715129017217995
43,support,0.12847405500152348
43,teknik,0.08653554569809369
43,terap,0.031827351078846926
43,udara,0.08653554569809369
43,vector,0.1377287762317679
44,algoritma,0.04766266291066223
44,bank,0.06411511996996093
44,biasa,0.07018723235119131
44,buat,0.03813830387828468
44,harga,0.07018723235119131
44,laku,0.10285253060926018
44,learning,0.04773087625415477
44,linear,0.07018723235119131
44,luar,0.08056757702925964
44,machine,0.052798441153210654
44,mandiri,0.08056757702925964
44,model,0.041045920626561774
44,persero,0.08056757702925964
44,prediksi,0.09532532582132446
44,pt,0.08056757702925964
44,regression,0.06411511996996093
44,representasi,0.08056757702925964
44,saham,0.08056757702925964
44,tbk,0.08056757702925964
44,teliti,0.03497380824533139
44,terap,0.029632361349271278
44,tuju,0.044657484437596706
44,unggul,0.08056757702925964
45,akademik,0.08344499049459034
45,algoritma,0.0493649008717573
45,assist,0.07269391922087672
45,can,0.04490280313574659
45,educators,0.08344499049459034
45,enabling,0.08344499049459034
45,enhance,0.08344499049459034
45,factors,0.05565387440946021
45,identifying,0.06640494568317382
45,influencing,0.07269391922087672
45,interventions,0.06640494568317382
45,key,0.06194284794716311
45,learning,0.06591406720811849
45,machine,0.036456066510550215
45,mahasiswa,0.06640494568317382
45,models,0.05565387440946021
45,patterns,0.08344499049459034
45,performance,0.05565387440946021
45,prediksi,0.0493649008717573
45,prestasi,0.08344499049459034
45,student,0.07269391922087672
45,students,0.07269391922087672
45,targeted,0.08344499049459034
45,terap,0.030690659968888107
46,2019,0.08056757702925964
46,bagi,0.06411511996996093
46,bakteri,0.08056757702925964
46,catat,0.16113515405851928
46,clustering,0.07018723235119131
46,learning,0.015910292084718256
46,linear,0.07018723235119131
46,machine,0.01759948038440355
46,means,0.08056757702925964
46,mycobacterium,0.08056757702925964
46,paling,0.07018723235119131
46,paru,0.24170273108777893
46,regression,0.06411511996996093
46,resiko,0.08056757702925964
46,sakit,0.119613775346246
46,sebar,0.08056757702925964
46,sekitar,0.08056757702925964
46,tahun,0.07018723235119131
46,tentu,0.06411511996996093
46,terap,0.029632361349271278
46,tingkat,0.037282318232593904
46,tipe,0.08056757702925964
46,tuberkulosis,0.16113515405851928
46,tular,0.08056757702925964
47,aims,0.0511917766734495
47,algorithms,0.05565387440946021
47,analyzed,0.07269391922087672
47,application,0.054875572127252456
47,deteksi,0.06194284794716311
47,dini,0.08344499049459034
47,explore,0.07269391922087672
47,learning,0.06591406720811849
47,machine,0.07291213302110043
47,pangan,0.08344499049459034
47,results,0.058481776054018234
47,sakit,0.06194284794716311
47,several,0.07269391922087672
47,show,0.06194284794716311
47,study,0.040440705399735884
47,such,0.058481776054018234
47,tanam,0.07269391922087672
47,teknologi,0.0493649008717573
47,terap,0.030690659968888107
47,then,0.07269391922087672
47,using,0.038613829598043686
48,bagai,0.09251953355384311
48,bidang,0.21240543034986634
48,dekat,0.07883635193275305
48,learning,0.08389063099215081
48,machine,0.09279726020867328
48,manfaat,0.07883635193275305
48,masuk,0.09251953355384311
48,penting,0.065153170311663
48,pesat,0.07883635193275305
48,salah,0.07443135134147776
48,satu,0.07083220379385845
48,sehat,0.1355783358031157
48,terap,0.03906083996040305
48,ulas,0.07883635193275305
49,algorithms,0.06233233933859544
49,applying,0.06937598970082269
49,approach,0.07437353916515468
49,berita,0.09345838935394118
49,data,0.03437353916515468
49,hoaks,0.09345838935394118
49,identifikasi,0.07437353916515468
49,including,0.06937598970082269
49,learning,0.07382375527309272
49,machine,0.08166158898363249
49,method,0.08141718952738193
49,metode,0.04056961756458441
49,news,0.09345838935394118
49,research,0.048900655261667716
49,results,0.06549958918050043
49,show,0.06937598970082269
49,sources,0.09345838935394118
49,terap,0.03437353916515468
49,using,0.043247489149808936
50,algoritma,0.09532532582132446
50,bas,0.030140059860330116
50,dekat,0.059806887673123
50,ganggu,0.08056757702925964
50,guna,0.02389679508146007
50,hasil,0.04608481840856998
50,kena,0.059806887673123
50,learning,0.06364116833887302
50,literature,0.044657484437596706
50,machine,0.0703979215376142
50,mental,0.16113515405851928
50,ml,0.044657484437596706
50,prediksi,0.04766266291066223
50,review,0.03177539261647281
50,sehat,0.10285253060926018
50,seperti,0.05373477529189262
50,systematic,0.03904619831698637
50,teknologi,0.04766266291066223
50,terap,0.059264722698542556
51,able,0.07437353916515468
51,application,0.03073032039126138
51,applications,0.10861151636274506
51,basic,0.08141718952738193
51,cases,0.08141718952738193
51,complex,0.09345838935394118
51,crafting,0.09345838935394118
51,development,0.053458389353941184
51,distributed,0.09345838935394118
51,interface,0.06937598970082269
51,most,0.07437353916515468
51,own,0.09345838935394118
51,robust,0.08141718952738193
51,server,0.06937598970082269
51,should,0.09345838935394118
51,side,0.09345838935394118
51,streamlit,0.09345838935394118
51,their,0.10360536389522436
51,use,0.05528868897636818
51,web,0.07755163845840189
52,application,0.05909676998319496
52,applications,0.06962276689919555
52,because,0.08986383591725114
52,become,0.07828575916094417
52,due,0.07828575916094417
52,every,0.08986383591725114
52,internet,0.07151301842803334
52,more,0.07151301842803334
52,nature,0.08986383591725114
52,needs,0.08986383591725114
52,penetration,0.08986383591725114
52,prone,0.08986383591725114
52,risks,0.07828575916094417
52,security,0.03197345213571629
52,services,0.07151301842803334
52,survey,0.045781988391165054
52,testing,0.07151301842803334
52,their,0.04981027110347325
52,they,0.0667076824046372
52,web,0.09942517751077166
52,widespread,0.07151301842803334
53,also,0.055948378790986034
53,application,0.02478251644456563
53,applications,0.08758993255060085
53,businesses,0.06565902381240478
53,comparative,0.07536966883382354
53,current,0.06565902381240478
53,directions,0.059978660617060225
53,future,0.04810844173658944
53,has,0.039436012307796545
53,industries,0.06565902381240478
53,issues,0.052822249339113246
53,make,0.055948378790986034
53,mammoth,0.07536966883382354
53,many,0.07536966883382354
53,parameters,0.07536966883382354
53,resulted,0.07536966883382354
53,rise,0.07536966883382354
53,security,0.05363288745345958
53,study,0.03652708874814854
53,their,0.04177635640936466
53,these,0.04458765240029692
53,trends,0.055948378790986034
53,usage,0.06565902381240478
53,use,0.04458765240029692
53,web,0.0833888585574214
54,applications,0.028284249052798194
54,apps,0.0970715379548014
54,awareness,0.07301436668276655
54,categories,0.05810432747277709
54,deep,0.10136130269486468
54,deployment,0.06360717931826713
54,development,0.04176436668276655
54,divided,0.07301436668276655
54,end,0.1460287333655331
54,front,0.1460287333655331
54,include,0.07301436668276655
54,into,0.05419999195376772
54,learning,0.04325610660532776
54,potential,0.05810432747277709
54,raise,0.07301436668276655
54,review,0.028796449558678487
54,seven,0.07301436668276655
54,show,0.05419999195376772
54,these,0.08638857652557529
54,web,0.08078295672750198
55,access,0.052822249339113246
55,allow,0.06565902381240478
55,although,0.07536966883382354
55,application,0.04956503288913126
55,applications,0.02919664418353362
55,based,0.03652708874814854
55,best,0.11995732123412045
55,biomarker,0.15073933766764708
55,broadly,0.07536966883382354
55,comprehensive,0.10564449867822649
55,currently,0.07536966883382354
55,data,0.027720596100931194
55,exploration,0.06565902381240478
55,large,0.059978660617060225
55,open,0.04810844173658944
55,scale,0.059978660617060225
55,servers,0.06565902381240478
55,several,0.06565902381240478
55,solid,0.07536966883382354
55,these,0.04458765240029692
55,tumors,0.07536966883382354
55,users,0.0431116043176945
55,valuable,0.07536966883382354
55,web,0.0833888585574214
56,aims,0.0477789915618862
56,application,0.1024344013042046
56,based,0.037744658373086826
56,crop,0.15576398225656862
56,deep,0.03603957429150744
56,deepcrop,0.07788199112828431
56,disease,0.11562664950137114
56,heart,0.07788199112828431
56,its,0.051943616115496194
56,learning,0.0307598980304553
56,life,0.061977949304295565
56,model,0.03967772327234305
56,prediction,0.11562664950137114
56,proposed,0.13569531587896988
56,real,0.061977949304295565
56,resnet50,0.07788199112828431
56,smart,0.04971205646114242
56,transfer,0.07788199112828431
56,uses,0.07788199112828431
56,web,0.06462636538200159
57,application,0.054875572127252456
57,assistants,0.08344499049459034
57,bochum,0.08344499049459034
57,climate,0.06640494568317382
57,compiled,0.07269391922087672
57,create,0.06640494568317382
57,demonstrated,0.08344499049459034
57,generator,0.16688998098918068
57,lcz,0.16688998098918068
57,local,0.07269391922087672
57,maps,0.07269391922087672
57,new,0.0462523945960823
57,paper,0.05565387440946021
57,performance,0.05565387440946021
57,ruhr,0.08344499049459034
57,samples,0.08344499049459034
57,student,0.07269391922087672
57,ta,0.08344499049459034
57,three,0.14538783844175343
57,university,0.08344499049459034
57,via,0.05565387440946021
57,web,0.046161689558572555
57,zone,0.08344499049459034
58,annotating,0.15576398225656862
58,application,0.0512172006521023
58,data,0.028644615970962236
58,efficient,0.15576398225656862
58,friendly,0.06784765793948494
58,highly,0.06784765793948494
58,modifying,0.15576398225656862
58,one,0.051943616115496194
58,phylogenetic,0.15576398225656862
58,preparation,0.06784765793948494
58,redundant,0.07788199112828431
58,requiring,0.07788199112828431
58,table,0.07788199112828431
58,tree,0.06784765793948494
58,trees,0.15576398225656862
58,tvbot,0.15576398225656862
58,user,0.043168901623010146
58,visualization,0.06784765793948494
58,visualizing,0.15576398225656862
58,web,0.04308424358800105
58,without,0.07788199112828431
59,access,0.06298037421201964
59,analysis,0.047019860828526654
59,application,0.05909676998319496
59,biologists,0.07828575916094417
59,data,0.06610295993298977
59,democratizes,0.08986383591725114
59,demonstrate,0.08986383591725114
59,example,0.07828575916094417
59,help,0.06298037421201964
59,high,0.0667076824046372
59,how,0.051402297455712676
59,idep,0.08986383591725114
59,large,0.07151301842803334
59,molecular,0.07828575916094417
59,pathways,0.08986383591725114
59,pinpoint,0.08986383591725114
59,rna,0.08986383591725114
59,seq,0.08986383591725114
59,technologies,0.07151301842803334
59,through,0.0667076824046372
59,throughput,0.08986383591725114
59,we,0.03250377076977911
59,web,0.04971258875538583
60,access,0.058481776054018234
60,analysis,0.04366129934077474
60,application,0.054875572127252456
60,based,0.040440705399735884
60,data,0.061381319937776214
60,easy,0.06640494568317382
60,exploration,0.14538783844175343
60,facilitates,0.08344499049459034
60,here,0.06640494568317382
60,integration,0.14538783844175343
60,interactive,0.07269391922087672
60,mibiomics,0.16688998098918068
60,multi,0.16688998098918068
60,omics,0.16688998098918068
60,present,0.058481776054018234
60,providing,0.07269391922087672
60,standalone,0.08344499049459034
60,visualization,0.07269391922087672
60,we,0.030182072857652027
60,web,0.046161689558572555
61,annotate,0.08056757702925964
61,annotation,0.08056757702925964
61,application,0.05298331101941617
61,coronapp,0.16113515405851928
61,cov,0.16113515405851928
61,developed,0.059806887673123
61,have,0.05373477529189262
61,limitations,0.08056757702925964
61,monitor,0.08056757702925964
61,mutational,0.08056757702925964
61,mutations,0.08056757702925964
61,overcome,0.08056757702925964
61,provided,0.08056757702925964
61,purposes,0.08056757702925964
61,real,0.06411511996996093
61,sars,0.16113515405851928
61,status,0.08056757702925964
61,these,0.04766266291066223
61,time,0.059806887673123
61,tracking,0.08056757702925964
61,two,0.07018723235119131
61,user,0.044657484437596706
61,we,0.029141311724629543
61,web,0.04456990716000109
62,applications,0.09697456818102237
62,biological,0.21808175766263016
62,build,0.13280989136634763
62,development,0.047730704780304625
62,full,0.08344499049459034
62,get,0.07269391922087672
62,interactive,0.07269391922087672
62,issues,0.058481776054018234
62,picture,0.08344499049459034
62,recent,0.058481776054018234
62,servers,0.07269391922087672
62,shiny,0.08344499049459034
62,studies,0.05565387440946021
62,techniques,0.12388569589432621
62,used,0.0493649008717573
62,utilized,0.08344499049459034
62,web,0.13848506867571767
63,application,0.05690800072455811
63,appropriate,0.07538628659942771
63,based,0.0419385093034298
63,clinical,0.08653554569809369
63,development,0.0989970173221133
63,diabetes,0.07538628659942771
63,flask,0.08653554569809369
63,framework,0.06064776775972261
63,integrate,0.08653554569809369
63,learning,0.01708883223914183
63,machine,0.018903145598063074
63,model,0.04408635919149227
63,pipeline,0.08653554569809369
63,prediction,0.06423702750076174
63,preprocessing,0.08653554569809369
63,python,0.07538628659942771
63,results,0.06064776775972261
63,smart,0.055235618290158245
63,study,0.0419385093034298
63,suggest,0.08653554569809369
63,using,0.04004397143500827
63,we,0.031299927407935434
63,web,0.07180707264666843
64,analysts,0.08653554569809369
64,application,0.028454000362279054
64,applications,0.10056621885439357
64,automatically,0.08653554569809369
64,capability,0.08653554569809369
64,characteristics,0.08653554569809369
64,discover,0.08653554569809369
64,effectiveness,0.07538628659942771
64,evaluating,0.06886438811588395
64,have,0.057715129017217995
64,however,0.07538628659942771
64,literature,0.04796544624778905
64,review,0.034129125402878206
64,scanners,0.17307109139618737
64,security,0.03078925020476383
64,systematic,0.0419385093034298
64,these,0.05119323053367424
64,theses,0.08653554569809369
64,vulnerabilities,0.08653554569809369
64,vulnerability,0.08653554569809369
64,web,0.09574276352889123
65,all,0.051171554047265956
65,any,0.06360717931826713
65,anywhere,0.07301436668276655
65,applications,0.05656849810559639
65,apps,0.06471435863653427
65,aton,0.07301436668276655
65,available,0.04479280458926831
65,browsers,0.07301436668276655
65,collaborative,0.07301436668276655
65,computing,0.05810432747277709
65,connection,0.07301436668276655
65,creating,0.07301436668276655
65,cultural,0.07301436668276655
65,device,0.06360717931826713
65,framework,0.051171554047265956
65,heritage,0.07301436668276655
65,immersive,0.07301436668276655
65,internet,0.05810432747277709
65,liquid,0.07301436668276655
65,local,0.06360717931826713
65,long,0.07301436668276655
65,network,0.05419999195376772
65,open,0.04660505293232102
65,present,0.051171554047265956
65,source,0.05419999195376772
65,virtually,0.07301436668276655
65,web,0.08078295672750198
66,application,0.027437786063626228
66,applications,0.032324856060340794
66,contribution,0.07269391922087672
66,cover,0.08344499049459034
66,different,0.07269391922087672
66,focused,0.07269391922087672
66,headings,0.16688998098918068
66,literature,0.0462523945960823
66,mapping,0.07269391922087672
66,overview,0.05326291763693831
66,paper,0.05565387440946021
66,provides,0.05326291763693831
66,review,0.03291022806706113
66,security,0.0890689023780668
66,systematic,0.040440705399735884
66,testing,0.19921483704952145
66,their,0.0462523945960823
66,these,0.0493649008717573
66,tools,0.05326291763693831
66,types,0.06640494568317382
66,web,0.06924253433785883
67,application,0.02560860032605115
67,applications,0.030169865656318073
67,attacks,0.0477789915618862
67,based,0.07548931674617365
67,cgi,0.07788199112828431
67,common,0.05458299098375035
67,concentrated,0.07788199112828431
67,firewalls,0.07788199112828431
67,gateway,0.07788199112828431
67,interface,0.05781332475068557
67,learning,0.01537994901522765
67,machine,0.017012831038256765
67,perl,0.07788199112828431
67,programs,0.07788199112828431
67,protocol,0.06784765793948494
67,relied,0.07788199112828431
67,server,0.05781332475068557
67,short,0.061977949304295565
67,signature,0.07788199112828431
67,simple,0.06784765793948494
67,spawned,0.07788199112828431
67,survey,0.03967772327234305
67,typically,0.06784765793948494
67,underlying,0.06784765793948494
67,web,0.0861684871760021
67,which,0.04607390748030682
68,allows,0.05986558053483965
68,anvil,0.06871940393672146
68,application,0.04519164763420791
68,applications,0.05324093939350248
68,atomistica,0.13743880787344293
68,available,0.04215793373107606
68,development,0.0393076392308391
68,files,0.05986558053483965
68,generating,0.06871940393672146
68,input,0.06871940393672146
68,made,0.06871940393672146
68,modelling,0.05986558053483965
68,molecular,0.05986558053483965
68,not,0.04386357923041978
68,online,0.13749780736454878
68,only,0.05101175713295785
68,orca,0.06871940393672146
68,package,0.05986558053483965
68,platform,0.05986558053483965
68,present,0.0481614626327209
68,python,0.05986558053483965
68,they,0.05101175713295785
68,using,0.03179962437485951
68,we,0.049711649412603344
68,web,0.05702326357235434
68,work,0.05468642585673138
69,against,0.05312395654653906
69,all,0.04678542084321459
69,application,0.04390045770180197
69,applications,0.051719769696545265
69,approach,0.05312395654653906
69,attacks,0.12286026401627881
69,both,0.058155135376701375
69,common,0.04678542084321459
69,cross,0.06675599239567227
69,damage,0.06675599239567227
69,data,0.024552527975110486
69,deep,0.03089106367843495
69,injection,0.06675599239567227
69,lead,0.058155135376701375
69,learning,0.0131828134416237
69,may,0.058155135376701375
69,novel,0.058155135376701375
69,securing,0.13351198479134455
69,severe,0.06675599239567227
69,sql,0.06675599239567227
69,sqli,0.06675599239567227
69,using,0.03089106367843495
69,web,0.09232337911714511
69,which,0.03949192069740584
69,xss,0.13351198479134455
70,accept,0.06675599239567227
70,application,0.06585068655270296
70,area,0.10624791309307811
70,available,0.0409534213387596
70,can,0.035922242508597275
70,create,0.05312395654653906
70,creation,0.058155135376701375
70,deep,0.03089106367843495
70,deepvenn,0.13351198479134455
70,diagrams,0.13351198479134455
70,framework,0.04678542084321459
70,js,0.06675599239567227
70,learning,0.0131828134416237
70,lists,0.06675599239567227
70,not,0.08522066821910129
70,numbers,0.06675599239567227
70,only,0.049554278357730484
70,others,0.058155135376701375
70,proportional,0.13351198479134455
70,results,0.04678542084321459
70,tensorflow,0.06675599239567227
70,up,0.058155135376701375
70,using,0.03089106367843495
70,venn,0.13351198479134455
70,web,0.05539402747028707
71,additionally,0.06565902381240478
71,application,0.07434754933369689
71,based,0.10958126624444561
71,chronic,0.07536966883382354
71,ckd,0.15073933766764708
71,ckdp,0.07536966883382354
71,classification,0.06565902381240478
71,develop,0.055948378790986034
71,disease,0.055948378790986034
71,kidney,0.07536966883382354
71,learning,0.01488382162763966
71,machine,0.016464030037022678
71,ml,0.04177635640936466
71,model,0.03839779671517069
71,operationalize,0.07536966883382354
71,prediction,0.11189675758197207
71,present,0.052822249339113246
71,proposed,0.06565902381240478
71,real,0.059978660617060225
71,smart,0.04810844173658944
71,time,0.055948378790986034
71,we,0.02726122709723409
71,web,0.06254164391806605
72,agricultural,0.08056757702925964
72,agriculture,0.16113515405851928
72,application,0.026491655509708084
72,bangladesh,0.08056757702925964
72,cotton,0.16113515405851928
72,country,0.08056757702925964
72,deep,0.037282318232593904
72,dependent,0.08056757702925964
72,disease,0.059806887673123
72,economic,0.08056757702925964
72,economy,0.08056757702925964
72,fine,0.08056757702925964
72,gold,0.08056757702925964
72,heavily,0.08056757702925964
72,income,0.08056757702925964
72,industry,0.06411511996996093
72,known,0.06411511996996093
72,learning,0.015910292084718256
72,model,0.041045920626561774
72,prediction,0.059806887673123
72,primary,0.08056757702925964
72,smart,0.05142626530463009
72,source,0.059806887673123
72,tuning,0.08056757702925964
72,using,0.037282318232593904
72,web,0.022284953580000544
72,white,0.08056757702925964
73,accessible,0.08653554569809369
73,app,0.04004397143500827
73,application,0.11381600144911622
73,bar,0.08653554569809369
73,computer,0.07538628659942771
73,desktop,0.08653554569809369
73,displayed,0.08653554569809369
73,experiments,0.08653554569809369
73,install,0.08653554569809369
73,lab,0.08653554569809369
73,link,0.08653554569809369
73,makes,0.08653554569809369
73,navigation,0.08653554569809369
73,online,0.057715129017217995
73,open,0.055235618290158245
73,progressive,0.08653554569809369
73,running,0.08653554569809369
73,sharing,0.08653554569809369
73,technology,0.055235618290158245
73,top,0.06886438811588395
73,via,0.057715129017217995
73,web,0.07180707264666843
74,access,0.04548582581979196
74,analysis,0.033958788376158136
74,application,0.04268100054341858
74,available,0.03981582630157183
74,been,0.04328634676291349
74,building,0.12980331854714053
74,cbe,0.12980331854714053
74,clima,0.19470497782071078
74,climate,0.05164829108691297
74,created,0.06490165927357026
74,design,0.03712388149579249
74,easy,0.05164829108691297
74,energy,0.06490165927357026
74,files,0.05653971494957078
74,free,0.11307942989914156
74,has,0.033958788376158136
74,offers,0.05653971494957078
74,open,0.08285342743523737
74,publicly,0.05653971494957078
74,simulation,0.06490165927357026
74,source,0.09635554125114261
74,sustainable,0.05653971494957078
74,tailored,0.06490165927357026
74,tool,0.12980331854714053
74,weather,0.06490165927357026
74,web,0.03590353632333421
75,app,0.07456463646518781
75,application,0.05298331101941617
75,aware,0.08056757702925964
75,brief,0.08056757702925964
75,button,0.08056757702925964
75,cementitious,0.08056757702925964
75,cemgems,0.24170273108777893
75,description,0.07018723235119131
75,developed,0.059806887673123
75,easy,0.06411511996996093
75,emphasizing,0.07018723235119131
75,has,0.04215573729454113
75,here,0.06411511996996093
75,its,0.05373477529189262
75,materials,0.08056757702925964
75,modelling,0.07018723235119131
75,newly,0.08056757702925964
75,presented,0.06411511996996093
75,push,0.08056757702925964
75,thermodynamic,0.08056757702925964
75,use,0.04766266291066223
75,user,0.044657484437596706
75,web,0.06685486074000163
76,ajar,0.05993494167172639
76,aplikasi,0.04646661338658161
76,arsitektur,0.07828575916094417
76,bagaimana,0.07151301842803334
76,bahasa,0.08986383591725114
76,buat,0.08507775480540429
76,dasar,0.06298037421201964
76,erti,0.08986383591725114
76,jenis,0.07151301842803334
76,jurnal,0.07828575916094417
76,kenal,0.07828575916094417
76,masuk,0.07828575916094417
76,mysql,0.07828575916094417
76,pemrograman,0.26959150775175345
76,php,0.07151301842803334
76,sederhana,0.07828575916094417
76,web,0.12428147188846458
76,website,0.051402297455712676
77,aplikasi,0.02516941558439837
77,applications,0.03771233207039759
77,assessment,0.09735248891035539
77,bas,0.03641923899789889
77,based,0.04718082296635853
77,built,0.09735248891035539
77,developed,0.07226665593835696
77,dosen,0.09735248891035539
77,extreme,0.09735248891035539
77,learning,0.01922493626903456
77,method,0.08480957242435617
77,php,0.07747243663036946
77,programming,0.19470497782071078
77,quality,0.059723739452357746
77,research,0.1018763651284744
77,results,0.06822873872968793
77,supervisi,0.09735248891035539
77,universitas,0.09735248891035539
77,using,0.0450494678643843
77,web,0.02692765224250066
77,website,0.05568582224368873
77,xyz,0.09735248891035539
78,ajar,0.12985904028874048
78,aplikasi,0.05033883116879674
78,bas,0.07283847799579778
78,didik,0.07747243663036946
78,guna,0.0577505881135285
78,hasil,0.1670574667310662
78,ketutasan,0.09735248891035539
78,klasikal,0.09735248891035539
78,liveworksheet,0.19470497782071078
78,prasiklus,0.09735248891035539
78,serta,0.1549448732607389
78,teliti,0.04226001829644209
78,tingkat,0.0900989357287686
78,web,0.05385530448500132
79,ancang,0.0493649008717573
79,aplikasi,0.06472135435988152
79,atau,0.08344499049459034
79,bantu,0.08344499049459034
79,bas,0.06243298113925524
79,buat,0.039500386159651985
79,cepat,0.08344499049459034
79,guna,0.04950050409731014
79,jual,0.11130774881892042
79,monja,0.08344499049459034
79,mudah,0.05565387440946021
79,mysql,0.07269391922087672
79,php,0.06640494568317382
79,server,0.06194284794716311
79,software,0.06194284794716311
79,store,0.08344499049459034
79,tampil,0.07269391922087672
79,tools,0.05326291763693831
79,web,0.046161689558572555
79,website,0.14319211434091386
80,analisis,0.05146998869057295
80,aplikasi,0.10983017709555654
80,browser,0.10620271517493317
80,cegat,0.10620271517493317
80,fleksibel,0.10620271517493317
80,keretan,0.10620271517493317
80,khusus,0.0845153854149485
80,kirim,0.10620271517493317
80,owasp,0.10620271517493317
80,periksa,0.10620271517493317
80,pesan,0.10620271517493317
80,rancang,0.06778916790155785
80,sehingga,0.09251953355384311
80,uji,0.09251953355384311
80,web,0.0881268618845476
80,website,0.06074816972038771
80,zap,0.10620271517493317
81,able,0.0845153854149485
81,analyze,0.0845153854149485
81,aplikasi,0.027457544273889134
81,application,0.034920818626433384
81,assist,0.09251953355384311
81,bas,0.03973007890679879
81,based,0.05146998869057295
81,design,0.06074816972038771
81,learning,0.04194531549607541
81,process,0.07083220379385845
81,purpose,0.10620271517493317
81,siswa,0.0845153854149485
81,smk,0.09251953355384311
81,students,0.09251953355384311
81,system,0.07083220379385845
81,teaching,0.0845153854149485
81,thesis,0.10620271517493317
81,vocational,0.10620271517493317
81,web,0.05875124125636508
81,writing,0.10620271517493317
82,aplikasi,0.10505495200444538
82,bangun,0.10630577230797329
82,bas,0.07600536834344115
82,guna,0.03013074162444965
82,hasil,0.05810694494993607
82,jual,0.13550508551868573
82,metode,0.0440974103962874
82,online,0.13550508551868573
82,rancang,0.12968362555080631
82,scrum,0.10158520581950128
82,teliti,0.0881948207925748
82,tuju,0.056307262986534976
82,web,0.056196839462610074
83,android,0.07788199112828431
83,aplikasi,0.0805421298700748
83,baik,0.061977949304295565
83,bas,0.08740617359495734
83,buat,0.03686702708234185
83,cakup,0.061977949304295565
83,dukung,0.05458299098375035
83,giat,0.06784765793948494
83,guna,0.0231002352454114
83,indonesia,0.0705137421930467
83,jurnal,0.06784765793948494
83,kembang,0.03525687109652335
83,kerja,0.06784765793948494
83,literature,0.043168901623010146
83,makalah,0.07788199112828431
83,maupun,0.07788199112828431
83,perintah,0.061977949304295565
83,review,0.030716212862590384
83,swasta,0.07788199112828431
83,systematic,0.037744658373086826
83,tunjang,0.07788199112828431
83,web,0.06462636538200159
84,ancang,0.06009640106126976
84,aplikasi,0.07879121400333404
84,bas,0.07600536834344115
84,buat,0.04808742662914155
84,daftar,0.08849694513845861
84,gambar,0.08849694513845861
84,harga,0.08849694513845861
84,jenis,0.08084080344038552
84,lengkap,0.08849694513845861
84,makan,0.3047556174585038
84,menu,0.10158520581950128
84,mesan,0.08849694513845861
84,rancang,0.06484181277540316
84,sedia,0.08084080344038552
84,sesuai,0.08849694513845861
84,tampil,0.08849694513845861
84,web,0.056196839462610074
85,adil,0.08344499049459034
85,antarmuka,0.08344499049459034
85,aplikasi,0.06472135435988152
85,bangun,0.04366129934077474
85,bas,0.06243298113925524
85,bentuk,0.06640494568317382
85,cuti,0.08344499049459034
85,dukung,0.058481776054018234
85,guna,0.02475025204865507
85,informasi,0.05565387440946021
85,interaksi,0.08344499049459034
85,kasus,0.0511917766734495
85,lalu,0.05565387440946021
85,negara,0.07269391922087672
85,pegawai,0.08344499049459034
85,rancang,0.05326291763693831
85,rencana,0.08344499049459034
85,sistem,0.040440705399735884
85,studi,0.0511917766734495
85,tata,0.08344499049459034
85,usaha,0.06640494568317382
85,web,0.046161689558572555
85,website,0.09546140956060925
86,api,0.15077257319885543
86,aplikasi,0.06711844155839566
86,bangun,0.04527838450154418
86,buat,0.04096336342482428
86,guna,0.02566692805045711
86,hubung,0.06886438811588395
86,kumkm,0.08653554569809369
86,laku,0.055235618290158245
86,lampung,0.08653554569809369
86,metode,0.03756446070794853
86,plut,0.08653554569809369
86,produk,0.07538628659942771
86,provinsi,0.08653554569809369
86,rancang,0.055235618290158245
86,sentralisasi,0.08653554569809369
86,service,0.12129553551944522
86,sistem,0.0419385093034298
86,teliti,0.03756446070794853
86,umkm,0.08653554569809369
86,uptd,0.08653554569809369
86,web,0.047871381764445615
86,website,0.04949850866105665
87,ada,0.06640494568317382
87,aplikasi,0.0862951391465087
87,bangun,0.08732259868154948
87,bas,0.12486596227851048
87,butuh,0.1858285438414893
87,jual,0.22261549763784083
87,khansaa,0.08344499049459034
87,pokok,0.16688998098918068
87,rancang,0.05326291763693831
87,toko,0.12388569589432621
87,web,0.09232337911714511
88,akses,0.06549958918050043
88,api,0.08141718952738193
88,aplikasi,0.07248791688306731
88,bangun,0.048900655261667716
88,bas,0.06992493887596588
88,damping,0.09345838935394118
88,guna,0.027720282294493682
88,letak,0.08141718952738193
88,maps,0.08141718952738193
88,marketplace,0.09345838935394118
88,mobile,0.024487354569909622
88,salah,0.06549958918050043
88,satu,0.06233233933859544
88,server,0.06937598970082269
88,tempat,0.09345838935394118
88,untung,0.08141718952738193
88,web,0.05170109230560127
88,website,0.16037516806182353
88,wisata,0.09345838935394118
89,aplikasi,0.08949125541119421
89,baik,0.06886438811588395
89,bas,0.06474531377404247
89,black,0.07538628659942771
89,box,0.07538628659942771
89,buat,0.04096336342482428
89,futsal,0.08653554569809369
89,hasil,0.04949850866105665
89,jadwal,0.06886438811588395
89,jalan,0.057715129017217995
89,kata,0.06886438811588395
89,kunci,0.07538628659942771
89,lapang,0.08653554569809369
89,metode,0.03756446070794853
89,reservasi,0.07538628659942771
89,teliti,0.03756446070794853
89,terap,0.031827351078846926
89,upa,0.08653554569809369
89,waterfall,0.17307109139618737
89,web,0.07180707264666843
90,aplikasi,0.03775412337659756
90,bangun,0.0382036369231779
90,beri,0.10234310809453191
90,hasil,0.04176436668276655
90,ikan,0.07301436668276655
90,implementasi,0.04660505293232102
90,informasi,0.09739428021655537
90,jadwal,0.05810432747277709
90,karya,0.07301436668276655
90,kasus,0.04479280458926831
90,kelola,0.06360717931826713
90,kembang,0.03305331665299064
90,layan,0.04176436668276655
90,mampu,0.06360717931826713
90,pakan,0.07301436668276655
90,pokdakan,0.07301436668276655
90,sama,0.07301436668276655
90,sedia,0.05810432747277709
90,service,0.15351466214179788
90,sistem,0.0353856172247689
90,solusi,0.05810432747277709
90,studi,0.04479280458926831
90,teliti,0.03169501372233157
90,web,0.08078295672750198
91,aplikasi,0.10067766233759348
91,bas,0.03641923899789889
91,buka,0.09735248891035539
91,dukung,0.06822873872968793
91,fruits,0.09735248891035539
91,ghafya,0.09735248891035539
91,halaman,0.09735248891035539
91,iklan,0.09735248891035539
91,implementasi,0.06214007057642802
91,informasi,0.06492952014437024
91,isi,0.09735248891035539
91,kasir,0.08480957242435617
91,kumpul,0.09735248891035539
91,layan,0.05568582224368873
91,program,0.07747243663036946
91,shop,0.08480957242435617
91,software,0.07226665593835696
91,toko,0.07226665593835696
91,web,0.08078295672750198
92,admin,0.08056757702925964
92,akses,0.05646516308663829
92,ancang,0.04766266291066223
92,anggota,0.08056757702925964
92,aplikasi,0.062489583519885615
92,bas,0.030140059860330116
92,data,0.029632361349271278
92,development,0.04608481840856998
92,guna,0.04779359016292014
92,gym,0.16113515405851928
92,kelola,0.07018723235119131
92,kembang,0.03647262527226553
92,komputer,0.07018723235119131
92,lalu,0.05373477529189262
92,membership,0.08056757702925964
92,metode,0.03497380824533139
92,mobile,0.02110978842233588
92,perangkat,0.06411511996996093
92,process,0.05373477529189262
92,sistem,0.03904619831698637
92,software,0.059806887673123
92,unified,0.08056757702925964
92,usdp,0.08056757702925964
92,web,0.04456990716000109
93,administrasi,0.06784765793948494
93,administration,0.07788199112828431
93,agency,0.07788199112828431
93,aplikasi,0.0201355324675187
93,application,0.02560860032605115
93,bas,0.02913539119831911
93,based,0.037744658373086826
93,bayar,0.061977949304295565
93,before,0.07788199112828431
93,better,0.061977949304295565
93,effective,0.05781332475068557
93,nurush,0.15576398225656862
93,payment,0.15576398225656862
93,performance,0.051943616115496194
93,school,0.15576398225656862
93,sekolah,0.06784765793948494
93,shodiqin,0.07788199112828431
93,sistem,0.037744658373086826
93,smpi,0.15576398225656862
93,system,0.10388723223099239
93,than,0.07788199112828431
93,trigger,0.07788199112828431
93,web,0.04308424358800105
93,will,0.05781332475068557
94,abdi,0.10158520581950128
94,administrasi,0.08849694513845861
94,aplikasi,0.07879121400333404
94,desa,0.17699389027691723
94,fitur,0.08084080344038552
94,guna,0.0602614832488993
94,hasil,0.05810694494993607
94,kembang,0.13796166950813485
94,laku,0.06484181277540316
94,layan,0.05810694494993607
94,lontar,0.20317041163900257
94,tuju,0.056307262986534976
94,webiste,0.10158520581950128
94,website,0.1743208348498082
95,ancang,0.05119323053367424
95,aplikasi,0.08949125541119421
95,arti,0.08653554569809369
95,bangun,0.04527838450154418
95,bas,0.06474531377404247
95,buat,0.04096336342482428
95,jasa,0.17307109139618737
95,jual,0.057715129017217995
95,laundry,0.17307109139618737
95,layan,0.0989970173221133
95,pecah,0.08653554569809369
95,punya,0.08653554569809369
95,sebut,0.055235618290158245
95,sepatu,0.08653554569809369
95,sesuai,0.07538628659942771
95,shoeslab,0.08653554569809369
95,sistem,0.0419385093034298
95,tuju,0.04796544624778905
95,web,0.023935690882222808
95,website,0.04949850866105665
96,akses,0.058481776054018234
96,aplikasi,0.06472135435988152
96,bas,0.06243298113925524
96,buat,0.039500386159651985
96,ciri,0.08344499049459034
96,desa,0.14538783844175343
96,digitalisasi,0.08344499049459034
96,jalan,0.05565387440946021
96,jaring,0.07269391922087672
96,jual,0.05565387440946021
96,kecil,0.07269391922087672
96,kede,0.08344499049459034
96,lalu,0.11130774881892042
96,mati,0.07269391922087672
96,mikro,0.08344499049459034
96,sistem,0.040440705399735884
96,tengah,0.08344499049459034
96,usaha,0.06640494568317382
96,utama,0.07269391922087672
96,web,0.09232337911714511
97,aplikasi,0.06711844155839566
97,bas,0.032372656887021234
97,black,0.15077257319885543
97,box,0.15077257319885543
97,data,0.06365470215769385
97,fokus,0.06886438811588395
97,fungsional,0.08653554569809369
97,guna,0.02566692805045711
97,implementasi,0.055235618290158245
97,internal,0.08653554569809369
97,laku,0.055235618290158245
97,metode,0.07512892141589705
97,perhati,0.06886438811588395
97,ska,0.17307109139618737
97,testing,0.06886438811588395
97,uji,0.22615885979828312
97,web,0.023935690882222808
97,website,0.04949850866105665
98,aju,0.08141718952738193
98,aplikasi,0.04832527792204488
98,bas,0.1048874083139488
98,jadwal,0.07437353916515468
98,kembang,0.08461649063165604
98,keshoo,0.18691677870788237
98,mampu,0.08141718952738193
98,mesan,0.08141718952738193
98,reservasi,0.24425156858214578
98,salon,0.28037516806182355
98,sistem,0.04529359004770419
98,solusi,0.07437353916515468
98,teliti,0.04056961756458441
98,web,0.07755163845840189
99,andal,0.09735248891035539
99,aplikasi,0.10067766233759348
99,bas,0.03641923899789889
99,bisnis,0.08480957242435617
99,codeigniter,0.09735248891035539
99,dukung,0.06822873872968793
99,jual,0.12985904028874048
99,kelontong,0.09735248891035539
99,kembang,0.04407108887065418
99,khusus,0.07747243663036946
99,optimalisasi,0.09735248891035539
99,proses,0.09735248891035539
99,sebut,0.06214007057642802
99,teliti,0.04226001829644209
99,toko,0.14453331187671392
99,tuju,0.053961127028762684
99,web,0.08078295672750198
100,ada,0.06886438811588395
100,aplikasi,0.022372813852798552
100,bangun,0.04527838450154418
100,bas,0.0971179706610637
100,bayar,0.20659316434765188
100,informasi,0.057715129017217995
100,kembang,0.03917430121835928
100,nusantara,0.08653554569809369
100,patria,0.08653554569809369
100,rancang,0.055235618290158245
100,sistem,0.1258155279102894
100,smk,0.07538628659942771
100,spp,0.25960663709428106
100,tahap,0.08653554569809369
100,tri,0.08653554569809369
100,web,0.09574276352889123
101,advantage,0.08653554569809369
101,apps,0.19174624781195337
101,around,0.08653554569809369
101,attached,0.08653554569809369
101,brand,0.07538628659942771
101,clarifying,0.08653554569809369
101,competitive,0.08653554569809369
101,existing,0.07538628659942771
101,expanding,0.08653554569809369
101,future,0.055235618290158245
101,how,0.04949850866105665
101,instances,0.08653554569809369
101,known,0.06886438811588395
101,marketing,0.08653554569809369
101,mobile,0.045346952907240036
101,past,0.06886438811588395
101,present,0.06064776775972261
101,research,0.09055676900308836
101,shape,0.07538628659942771
101,via,0.057715129017217995
101,what,0.06064776775972261
102,affect,0.09735248891035539
102,applications,0.07542466414079518
102,can,0.05238660365837103
102,consist,0.09735248891035539
102,devices,0.1549448732607389
102,embedded,0.09735248891035539
102,explain,0.09735248891035539
102,finally,0.07747243663036946
102,function,0.09735248891035539
102,hardware,0.08480957242435617
102,how,0.05568582224368873
102,mobile,0.10203064404129009
102,optimization,0.08480957242435617
102,performance,0.12985904028874048
102,survey,0.04959715409042881
102,systems,0.06492952014437024
102,users,0.05568582224368873
102,we,0.03521241833392737
103,abandoned,0.07536966883382354
103,also,0.055948378790986034
103,any,0.06565902381240478
103,applications,0.08758993255060085
103,apps,0.0668019185925515
103,choose,0.07536966883382354
103,completed,0.07536966883382354
103,ecology,0.07536966883382354
103,evaluation,0.05026801559564148
103,experience,0.052822249339113246
103,favourite,0.07536966883382354
103,four,0.15073933766764708
103,mobile,0.03949573317727358
103,nine,0.07536966883382354
103,people,0.07536966883382354
103,questionnaire,0.07536966883382354
103,recording,0.07536966883382354
103,reported,0.07536966883382354
103,respondents,0.07536966883382354
103,seventy,0.07536966883382354
103,their,0.04177635640936466
103,they,0.055948378790986034
103,top,0.059978660617060225
103,up,0.06565902381240478
103,user,0.04177635640936466
103,why,0.06565902381240478
104,academia,0.07788199112828431
104,app,0.10811872287452234
104,apps,0.03451432460615161
104,been,0.051943616115496194
104,conducted,0.061977949304295565
104,development,0.044548657794950985
104,discusses,0.07788199112828431
104,education,0.05458299098375035
104,have,0.051943616115496194
104,higher,0.07788199112828431
104,identify,0.05781332475068557
104,library,0.07788199112828431
104,mobile,0.10203064404129009
104,opposed,0.07788199112828431
104,research,0.04075054605138976
104,selection,0.07788199112828431
104,studies,0.051943616115496194
104,study,0.037744658373086826
104,teaching,0.061977949304295565
104,use,0.18429562992122728
104,we,0.028169934667141894
105,ai,0.19234535990988277
105,apps,0.07140894746100333
105,attention,0.08056757702925964
105,driven,0.21056169705357397
105,education,0.16939548925991488
105,ethical,0.08056757702925964
105,issues,0.11293032617327659
105,list,0.08056757702925964
105,mobile,0.06332936526700764
105,related,0.059806887673123
105,some,0.07018723235119131
105,special,0.08056757702925964
105,stakeholders,0.08056757702925964
105,technologies,0.06411511996996093
105,use,0.09532532582132446
105,using,0.037282318232593904
105,well,0.06411511996996093
105,when,0.06411511996996093
106,adults,0.061977949304295565
106,analysis,0.04075054605138976
106,app,0.03603957429150744
106,apps,0.13805729842460643
106,better,0.061977949304295565
106,compiled,0.06784765793948494
106,conclusions,0.07788199112828431
106,design,0.13364597338485296
106,guidelines,0.15576398225656862
106,how,0.044548657794950985
106,mind,0.07788199112828431
106,mobile,0.08162451523303207
106,older,0.06784765793948494
106,review,0.030716212862590384
106,specific,0.07788199112828431
106,such,0.05458299098375035
106,support,0.05781332475068557
106,systematic,0.037744658373086826
106,thematic,0.07788199112828431
106,these,0.04607390748030682
106,users,0.044548657794950985
107,acceptance,0.14302603685606669
107,app,0.12475237254752577
107,application,0.05909676998319496
107,associated,0.07151301842803334
107,customer,0.17972767183450228
107,examining,0.08986383591725114
107,features,0.07828575916094417
107,focused,0.07828575916094417
107,mobile,0.09418213296119085
107,multiple,0.08986383591725114
107,role,0.1720801954424161
107,service,0.1259607484240393
107,shaping,0.17972767183450228
107,study,0.04355152889202326
108,adoption,0.06411511996996093
108,adults,0.06411511996996093
108,among,0.07018723235119131
108,analysis,0.04215573729454113
108,analyze,0.06411511996996093
108,applications,0.062420411702727045
108,apps,0.10711342119150499
108,context,0.06411511996996093
108,daily,0.08056757702925964
108,determinants,0.08056757702925964
108,determining,0.08056757702925964
108,essential,0.08056757702925964
108,extension,0.08056757702925964
108,factors,0.05373477529189262
108,life,0.06411511996996093
108,mobile,0.08443915368934352
108,most,0.06411511996996093
108,now,0.07018723235119131
108,part,0.07018723235119131
108,theoretical,0.08056757702925964
108,usage,0.07018723235119131
108,use,0.04766266291066223
108,young,0.08056757702925964
109,aims,0.04215793373107606
109,app,0.09539887312457854
109,application,0.022595823817103955
109,delivery,0.06871940393672146
109,effects,0.06871940393672146
109,examination,0.06871940393672146
109,examine,0.05986558053483965
109,food,0.2061582118101644
109,influences,0.06871940393672146
109,intentions,0.06871940393672146
109,mechanism,0.06871940393672146
109,mobile,0.07202163108796947
109,online,0.04583260245484959
109,ordering,0.06871940393672146
109,quality,0.08431586746215212
109,repurchase,0.06871940393672146
109,satisfaction,0.2061582118101644
109,service,0.0963229252654418
109,spillover,0.06871940393672146
109,study,0.03330411032919426
109,through,0.05101175713295785
109,users,0.0393076392308391
109,which,0.04065344777674131
110,287m,0.07301436668276655
110,29,0.07301436668276655
110,2m,0.07301436668276655
110,about,0.06360717931826713
110,across,0.07301436668276655
110,analyzing,0.06360717931826713
110,app,0.06757420179657646
110,apply,0.07301436668276655
110,apps,0.06471435863653427
110,categories,0.05810432747277709
110,google,0.05419999195376772
110,identify,0.05419999195376772
110,methods,0.051171554047265956
110,millions,0.07301436668276655
110,mobile,0.05739223727322568
110,our,0.05810432747277709
110,pain,0.07301436668276655
110,perspectives,0.06360717931826713
110,play,0.06360717931826713
110,points,0.05810432747277709
110,privacy,0.11620865494555419
110,reviews,0.12721435863653427
110,scale,0.05810432747277709
110,top,0.05810432747277709
110,user,0.04047084527157201
110,we,0.026409313750445525
111,able,0.1377287762317679
111,accurate,0.08653554569809369
111,application,0.11381600144911622
111,build,0.06886438811588395
111,cancer,0.08653554569809369
111,classify,0.08653554569809369
111,common,0.06064776775972261
111,deep,0.04004397143500827
111,effective,0.06423702750076174
111,learning,0.01708883223914183
111,lesions,0.08653554569809369
111,methods,0.06064776775972261
111,mobile,0.09069390581448007
111,our,0.06886438811588395
111,recognition,0.06423702750076174
111,skin,0.17307109139618737
111,smartphone,0.06886438811588395
111,used,0.05119323053367424
111,using,0.04004397143500827
112,19,0.09038555720207714
112,aid,0.07080181011662211
112,analysis,0.03704595095580888
112,app,0.03276324935591586
112,apple,0.07080181011662211
112,applications,0.10970860238661118
112,available,0.043435446874442
112,choosing,0.07080181011662211
112,content,0.07080181011662211
112,covid,0.09444293839181127
112,current,0.06167968903589541
112,endemic,0.07080181011662211
112,features,0.12335937807179082
112,functionalities,0.07080181011662211
112,future,0.04519277860103857
112,improve,0.047221469195905634
112,medical,0.07080181011662211
112,mobile,0.07420410475730188
112,phase,0.07080181011662211
112,quality,0.043435446874442
112,review,0.02792382987508217
112,suitable,0.06167968903589541
112,their,0.03924445602091832
112,users,0.040498779813591804
113,276,0.08056757702925964
113,analyzed,0.07018723235119131
113,app,0.037282318232593904
113,apps,0.10711342119150499
113,data,0.029632361349271278
113,design,0.04608481840856998
113,developers,0.08056757702925964
113,effective,0.059806887673123
113,engagement,0.119613775346246
113,enhancing,0.07018723235119131
113,gamification,0.07018723235119131
113,gamified,0.16113515405851928
113,help,0.05646516308663829
113,however,0.07018723235119131
113,mobile,0.08443915368934352
113,more,0.12823023993992186
113,role,0.05142626530463009
113,their,0.044657484437596706
113,user,0.044657484437596706
113,users,0.09216963681713997
114,19,0.04810844173658944
114,actions,0.07536966883382354
114,aim,0.059978660617060225
114,app,0.06975401475775635
114,apps,0.0668019185925515
114,business,0.15073933766764708
114,covid,0.05026801559564148
114,during,0.11995732123412045
114,effective,0.055948378790986034
114,efficiency,0.06565902381240478
114,have,0.05026801559564148
114,improve,0.05026801559564148
114,measures,0.07536966883382354
114,mobile,0.07899146635454717
114,onwards,0.07536966883382354
114,pandemic,0.06565902381240478
114,recognize,0.07536966883382354
114,sme,0.07536966883382354
114,smes,0.07536966883382354
114,sustainability,0.07536966883382354
114,taken,0.06565902381240478
114,their,0.04177635640936466
114,turned,0.07536966883382354
114,we,0.02726122709723409
115,adapting,0.06675599239567227
115,app,0.0617821273568699
115,applications,0.025859884848272632
115,appropriate,0.058155135376701375
115,apps,0.059167413610545616
115,assurance,0.06675599239567227
115,both,0.058155135376701375
115,determine,0.06675599239567227
115,developing,0.06675599239567227
115,evaluating,0.05312395654653906
115,evaluation,0.044523099527568166
115,health,0.058155135376701375
115,identifying,0.05312395654653906
115,mars,0.06675599239567227
115,mobile,0.05247290264980633
115,new,0.03700191567686584
115,order,0.058155135376701375
115,phone,0.058155135376701375
115,protocol,0.11631027075340275
115,quality,0.0819068426775192
115,rating,0.20026797718701683
115,related,0.049554278357730484
115,safety,0.06675599239567227
115,scale,0.10624791309307811
115,tools,0.08522066821910129
116,adoption,0.07151301842803334
116,affecting,0.08986383591725114
116,application,0.02954838499159748
116,applications,0.06962276689919555
116,augmented,0.15657151832188834
116,become,0.07828575916094417
116,case,0.07828575916094417
116,devices,0.07151301842803334
116,factors,0.05993494167172639
116,has,0.047019860828526654
116,mar,0.08986383591725114
116,mobile,0.09418213296119085
116,reality,0.15657151832188834
116,study,0.04355152889202326
116,technology,0.11472013029494406
116,turkey,0.07828575916094417
116,use,0.05316220093881557
116,user,0.04981027110347325
116,widespread,0.07151301842803334
117,aim,0.059978660617060225
117,anything,0.07536966883382354
117,applications,0.05839328836706724
117,can,0.04055737057422273
117,devices,0.059978660617060225
117,edge,0.06565902381240478
117,faster,0.07536966883382354
117,friendly,0.06565902381240478
117,lightweight,0.07536966883382354
117,like,0.06565902381240478
117,make,0.055948378790986034
117,making,0.07536966883382354
117,mobile,0.07899146635454717
117,mobilesam,0.07536966883382354
117,more,0.059978660617060225
117,moreover,0.06565902381240478
117,phones,0.07536966883382354
117,sam,0.15073933766764708
117,segment,0.07536966883382354
117,show,0.055948378790986034
117,smaller,0.07536966883382354
117,suitable,0.06565902381240478
117,towards,0.07536966883382354
117,we,0.05452245419446818
117,work,0.059978660617060225
118,advertising,0.28320724046648843
118,aim,0.056343590276632334
118,app,0.13105299742366344
118,ar,0.21240543034986634
118,augmented,0.12335937807179082
118,brand,0.12335937807179082
118,can,0.038099348115178934
118,engagement,0.0525575679551687
118,how,0.040498779813591804
118,light,0.07080181011662211
118,mobile,0.07420410475730188
118,new,0.03924445602091832
118,offers,0.06167968903589541
118,prior,0.07080181011662211
118,reality,0.12335937807179082
118,shed,0.07080181011662211
118,via,0.09444293839181127
118,we,0.025609031515583542
119,adult,0.07536966883382354
119,after,0.07536966883382354
119,app,0.06975401475775635
119,applying,0.055948378790986034
119,apps,0.03340095929627575
119,articles,0.07536966883382354
119,benefits,0.07536966883382354
119,best,0.059978660617060225
119,engage,0.07536966883382354
119,engagement,0.055948378790986034
119,featured,0.07536966883382354
119,health,0.13131804762480956
119,interventions,0.11995732123412045
119,mobile,0.09873933294318395
119,participants,0.07536966883382354
119,review,0.059450734572755584
119,scoping,0.07536966883382354
119,shift,0.07536966883382354
119,terms,0.07536966883382354
119,toward,0.07536966883382354
119,using,0.03487700737887817
119,what,0.052822249339113246
119,works,0.07536966883382354
120,against,0.06411511996996093
120,applications,0.031210205851363523
120,apps,0.10711342119150499
120,aspects,0.07018723235119131
120,combating,0.08056757702925964
120,easier,0.08056757702925964
120,exponential,0.08056757702925964
120,few,0.08056757702925964
120,harmful,0.16113515405851928
120,has,0.04215573729454113
120,increase,0.07018723235119131
120,life,0.06411511996996093
120,make,0.059806887673123
120,mobile,0.06332936526700764
120,much,0.07018723235119131
120,number,0.12823023993992186
120,other,0.08056757702925964
120,our,0.06411511996996093
120,over,0.07018723235119131
120,past,0.06411511996996093
120,potentially,0.16113515405851928
120,simple,0.07018723235119131
121,28,0.07301436668276655
121,adults,0.05810432747277709
121,app,0.10136130269486468
121,apps,0.0970715379548014
121,available,0.08958560917853663
121,but,0.05810432747277709
121,comments,0.07301436668276655
121,description,0.06360717931826713
121,evaluation,0.048697140108277685
121,first,0.05810432747277709
121,given,0.07301436668276655
121,images,0.07301436668276655
121,mobile,0.07652298303096756
121,older,0.06360717931826713
121,online,0.048697140108277685
121,publicly,0.06360717931826713
121,quality,0.04479280458926831
121,search,0.05810432747277709
121,stores,0.1908215379548014
121,systematic,0.0353856172247689
121,users,0.04176436668276655
121,within,0.05810432747277709
122,16,0.06784765793948494
122,19,0.04971205646114242
122,34,0.07788199112828431
122,adherence,0.15576398225656862
122,analysis,0.04075054605138976
122,app,0.03603957429150744
122,apps,0.03451432460615161
122,assessed,0.07788199112828431
122,based,0.037744658373086826
122,cardiovascular,0.07788199112828431
122,disease,0.05781332475068557
122,effectiveness,0.06784765793948494
122,improve,0.051943616115496194
122,included,0.07788199112828431
122,interventions,0.061977949304295565
122,medication,0.15576398225656862
122,meta,0.07788199112828431
122,mobile,0.04081225761651604
122,rcts,0.07788199112828431
122,review,0.030716212862590384
122,showed,0.07788199112828431
122,significant,0.06784765793948494
122,statistically,0.07788199112828431
122,study,0.037744658373086826
122,systematic,0.037744658373086826
122,total,0.07788199112828431
122,trials,0.07788199112828431
123,app,0.1201319143050248
123,apps,0.03834924956239068
123,buy,0.17307109139618737
123,consumers,0.08653554569809369
123,driving,0.08653554569809369
123,engagement,0.06423702750076174
123,engaging,0.08653554569809369
123,gamification,0.15077257319885543
123,intention,0.15077257319885543
123,mobile,0.09069390581448007
123,moderator,0.08653554569809369
123,namely,0.08653554569809369
123,role,0.055235618290158245
123,shoppers,0.08653554569809369
123,shopping,0.17307109139618737
123,through,0.06423702750076174
123,using,0.08008794287001654
124,19,0.09038555720207714
124,adopted,0.07080181011662211
124,app,0.06552649871183172
124,applications,0.05485430119330559
124,available,0.086870893748884
124,covid,0.09444293839181127
124,during,0.056343590276632334
124,free,0.06167968903589541
124,google,0.1051151359103374
124,identify,0.0525575679551687
124,keywords,0.07080181011662211
124,mobile,0.03710205237865094
124,outbreak,0.14160362023324422
124,play,0.12335937807179082
124,related,0.0525575679551687
124,review,0.02792382987508217
124,search,0.056343590276632334
124,stores,0.12335937807179082
124,strategy,0.07080181011662211
124,study,0.0343133257937153
124,such,0.049620900894318504
124,systematic,0.0343133257937153
124,used,0.04188537043664257
125,acceptance,0.05025239132780722
125,app,0.029221276452573604
125,apps,0.05596917503700261
125,close,0.06314756037428458
125,do,0.06314756037428458
125,expected,0.05501161454552834
125,experience,0.0442564791760138
125,experiences,0.06314756037428458
125,factors,0.042116445499050977
125,first,0.05025239132780722
125,highly,0.05501161454552834
125,intention,0.05501161454552834
125,interruptive,0.06314756037428458
125,like,0.05501161454552834
125,mobile,0.06618203937813412
125,model,0.032171126977575445
125,not,0.040307072806331695
125,offer,0.06314756037428458
125,purchase,0.06314756037428458
125,second,0.05501161454552834
125,shop,0.05501161454552834
125,social,0.06314756037428458
125,targetable,0.06314756037428458
125,technology,0.08061414561266339
125,their,0.03500181212676499
125,typically,0.05501161454552834
125,users,0.07224106669451512
125,via,0.042116445499050977
125,view,0.06314756037428458
125,would,0.06314756037428458
125,you,0.06314756037428458
126,agile,0.16688998098918068
126,analisis,0.040440705399735884
126,aplikasi,0.10786892393313588
126,bas,0.06243298113925524
126,guna,0.02475025204865507
126,jenis,0.13280989136634763
126,kembang,0.0755504380639786
126,khusus,0.06640494568317382
126,literature,0.0462523945960823
126,metode,0.07244574565104359
126,mobile,0.10931854718709652
126,model,0.04251184636322469
126,review,0.03291022806706113
126,systematic,0.040440705399735884
126,tren,0.07269391922087672
127,aplikasi,0.10983017709555654
127,guna,0.031500320789197366
127,indonesia,0.048077551495259115
127,kembang,0.19231020598103646
127,literatur,0.07883635193275305
127,mobile,0.11130615713595282
127,teknologi,0.06282805565496384
127,tentang,0.07083220379385845
127,tinjau,0.07443135134147776
127,tren,0.2775586006615293
127,tuju,0.05886668403137747
128,ancang,0.0493649008717573
128,aplikasi,0.0862951391465087
128,bas,0.03121649056962762
128,design,0.047730704780304625
128,fokus,0.06640494568317382
128,guna,0.02475025204865507
128,hampir,0.08344499049459034
128,kembang,0.0377752190319893
128,ketika,0.08344499049459034
128,metode,0.03622287282552179
128,milik,0.05326291763693831
128,mobile,0.06559112831225791
128,penting,0.0511917766734495
128,sangat,0.058481776054018234
128,sebut,0.05326291763693831
128,sipropmawa,0.08344499049459034
128,sistem,0.040440705399735884
128,system,0.05565387440946021
128,terap,0.030690659968888107
128,thinking,0.058481776054018234
128,ui,0.12388569589432621
128,ux,0.06194284794716311
129,19,0.05736006514747203
129,adapun,0.07151301842803334
129,akurat,0.08986383591725114
129,aplikasi,0.09293322677316322
129,covid,0.05993494167172639
129,dalam,0.17972767183450228
129,dapat,0.07828575916094417
129,fasilitas,0.08986383591725114
129,implemetasi,0.08986383591725114
129,kampus,0.08986383591725114
129,kategori,0.07151301842803334
129,kenal,0.07828575916094417
129,lembaga,0.08986383591725114
129,masa,0.07828575916094417
129,menjukkan,0.08986383591725114
129,mobile,0.023545533240297713
129,pandemi,0.08986383591725114
129,ruang,0.07151301842803334
129,tingkat,0.04158412418250859
129,ukur,0.07151301842803334
129,umum,0.08986383591725114
129,unit,0.08986383591725114
130,aplikasi,0.09293322677316322
130,apps,0.03982422069940571
130,banyak,0.07828575916094417
130,buat,0.08507775480540429
130,developer,0.08986383591725114
130,digital,0.047019860828526654
130,era,0.055129605648330235
130,giat,0.07828575916094417
130,kembang,0.0813620102227462
130,literature,0.04981027110347325
130,mobile,0.09418213296119085
130,peluang,0.07828575916094417
130,review,0.03544178407221968
130,systematic,0.04355152889202326
130,tarik,0.08986383591725114
130,teliti,0.03900924765825424
130,ui,0.0667076824046372
130,ux,0.0667076824046372
131,aktivitas,0.21240543034986634
131,aplikasi,0.027457544273889134
131,barang,0.31860814552479944
131,bas,0.03973007890679879
131,bayar,0.0845153854149485
131,bukan,0.10620271517493317
131,jumlah,0.09251953355384311
131,kepada,0.10620271517493317
131,milik,0.06778916790155785
131,mobile,0.027826539283988205
131,pakai,0.10620271517493317
131,pihak,0.10620271517493317
131,rupa,0.07083220379385845
131,sendiri,0.10620271517493317
131,sewa,0.4248108606997327
131,uang,0.07883635193275305
132,aplikasi,0.07248791688306731
132,bangun,0.09780131052333543
132,buat,0.044240432498810225
132,dasar,0.06549958918050043
132,etik,0.09345838935394118
132,guna,0.055440564588987364
132,kodular,0.18691677870788237
132,latih,0.18691677870788237
132,manfaat,0.06937598970082269
132,microsoft,0.09345838935394118
132,mobile,0.048974709139819245
132,perlu,0.08141718952738193
132,presentasi,0.09345838935394118
132,selorejo,0.09345838935394118
132,seperti,0.06233233933859544
132,siswa,0.07437353916515468
132,smpn,0.09345838935394118
132,word,0.08141718952738193
133,anugerah,0.07301436668276655
133,aplikasi,0.11326237012979268
133,edukasi,0.06360717931826713
133,guna,0.06496941162771956
133,jalan,0.048697140108277685
133,jkn,0.18642021172928408
133,kena,0.05419999195376772
133,kurang,0.05810432747277709
133,masyarakat,0.05419999195376772
133,mobile,0.07652298303096756
133,pasien,0.07301436668276655
133,rawat,0.07301436668276655
133,rsud,0.07301436668276655
133,rupa,0.048697140108277685
133,selain,0.06360717931826713
133,smartphone,0.05810432747277709
133,tahu,0.05810432747277709
133,tentang,0.048697140108277685
133,tomohon,0.07301436668276655
134,analogi,0.09345838935394118
134,aplikasi,0.1208131948051122
134,daftar,0.08141718952738193
134,fitur,0.14874707833030937
134,guna,0.027720282294493682
134,hal,0.08141718952738193
134,jkn,0.11930893550674182
134,lengkap,0.16283437905476386
134,masyarakat,0.06937598970082269
134,milik,0.05965446775337091
134,mobile,0.048974709139819245
134,mudah,0.06233233933859544
134,online,0.06233233933859544
134,pengaruh,0.07437353916515468
134,puas,0.14874707833030937
134,tingkat,0.043247489149808936
135,alam,0.09345838935394118
135,ancang,0.11057737795273637
135,aplikasi,0.09665055584408976
135,beri,0.06549958918050043
135,bisnis,0.08141718952738193
135,design,0.053458389353941184
135,experience,0.13099917836100086
135,guna,0.027720282294493682
135,laku,0.05965446775337091
135,lalu,0.06233233933859544
135,majuli,0.09345838935394118
135,metode,0.04056961756458441
135,mobile,0.048974709139819245
135,teliti,0.04056961756458441
135,thinking,0.06549958918050043
135,tingkat,0.043247489149808936
135,untung,0.08141718952738193
135,user,0.10360536389522436
136,acceptance,0.06640494568317382
136,analisis,0.040440705399735884
136,aplikasi,0.021573784786627175
136,application,0.027437786063626228
136,banking,0.26561978273269526
136,city,0.07269391922087672
136,conducted,0.06640494568317382
136,guna,0.02475025204865507
136,improve,0.05565387440946021
136,increase,0.07269391922087672
136,mobile,0.08745483774967722
136,model,0.04251184636322469
136,number,0.06640494568317382
136,order,0.07269391922087672
136,purposive,0.08344499049459034
136,research,0.04366129934077474
136,services,0.06640494568317382
136,tam,0.08344499049459034
136,technology,0.05326291763693831
136,tegal,0.08344499049459034
136,users,0.047730704780304625
136,using,0.038613829598043686
137,aplikasi,0.0862951391465087
137,bangun,0.05821506578769966
137,buat,0.052667181546202646
137,efisien,0.11125998732612045
137,flutter,0.2225199746522409
137,google,0.08259046392955081
137,guna,0.03300033606487343
137,kasir,0.09692522562783563
137,kembang,0.10073391741863813
137,kerja,0.09692522562783563
137,milik,0.07101722351591774
137,mobile,0.08745483774967722
137,perlu,0.09692522562783563
137,sdk,0.11125998732612045
137,tinggi,0.08853992757756508
138,ancang,0.04319428826278764
138,aplikasi,0.0943853084414939
138,celcius,0.07301436668276655
138,design,0.04176436668276655
138,fashion,0.07301436668276655
138,guna,0.02165647054257319
138,kata,0.05810432747277709
138,kota,0.07301436668276655
138,lain,0.05810432747277709
138,lunak,0.07301436668276655
138,manado,0.07301436668276655
138,mobile,0.07652298303096756
138,perangkat,0.11620865494555419
138,pria,0.07301436668276655
138,produk,0.06360717931826713
138,rupa,0.048697140108277685
138,sebut,0.04660505293232102
138,seperti,0.048697140108277685
138,smartphone,0.05810432747277709
138,tablet,0.07301436668276655
138,thinking,0.051171554047265956
138,toko,0.05419999195376772
138,ui,0.05419999195376772
138,ux,0.05419999195376772
139,aplikasi,0.06472135435988152
139,design,0.047730704780304625
139,experience,0.058481776054018234
139,guna,0.04950050409731014
139,hasil,0.047730704780304625
139,interface,0.12388569589432621
139,metode,0.03622287282552179
139,mobile,0.06559112831225791
139,mudah,0.05565387440946021
139,prototype,0.08344499049459034
139,redesign,0.16688998098918068
139,sebut,0.05326291763693831
139,teliti,0.03622287282552179
139,thinking,0.058481776054018234
139,tuju,0.0462523945960823
139,user,0.1387571837882469
139,wastu,0.250334971483771
140,akses,0.05646516308663829
140,aplikasi,0.10414930586647603
140,atas,0.08056757702925964
140,bpjs,0.06411511996996093
140,diri,0.08056757702925964
140,fitur,0.2564604798798437
140,guna,0.02389679508146007
140,jkn,0.15427879591389027
140,lalu,0.05373477529189262
140,layan,0.09216963681713997
140,mobile,0.06332936526700764
140,mudah,0.05373477529189262
140,phone,0.07018723235119131
140,sebut,0.05142626530463009
140,sedia,0.06411511996996093
140,serta,0.06411511996996093
140,smart,0.05142626530463009
141,analisis,0.0343133257937153
141,aplikasi,0.07322011806370436
141,aspek,0.06167968903589541
141,bas,0.026486719271199194
141,bayes,0.07080181011662211
141,dasar,0.049620900894318504
141,guna,0.08400085543785964
141,jconnect,0.21240543034986634
141,kasus,0.043435446874442
141,laku,0.04519277860103857
141,manfaat,0.0525575679551687
141,mobile,0.07420410475730188
141,na,0.07080181011662211
141,playstore,0.12335937807179082
141,sentimen,0.056343590276632334
141,studi,0.043435446874442
141,sumber,0.06167968903589541
141,tingkat,0.03276324935591586
141,ulas,0.1051151359103374
141,ve,0.07080181011662211
142,adopsi,0.07828575916094417
142,aplikasi,0.09293322677316322
142,banking,0.28605207371213337
142,dasar,0.06298037421201964
142,guna,0.07996235277257793
142,kaji,0.07151301842803334
142,manfaat,0.0667076824046372
142,mobile,0.09418213296119085
142,mudah,0.05993494167172639
142,niat,0.26959150775175345
142,pengaruh,0.07151301842803334
142,perilaku,0.08986383591725114
142,persepsi,0.07828575916094417
143,akses,0.06549958918050043
143,analisis,0.04529359004770419
143,aplikasi,0.09665055584408976
143,buat,0.044240432498810225
143,guna,0.027720282294493682
143,jalan,0.06233233933859544
143,jkn,0.1789634032601127
143,konsumen,0.08141718952738193
143,masih,0.09345838935394118
143,masyarakat,0.06937598970082269
143,minim,0.09345838935394118
143,mobile,0.09794941827963849
143,nya,0.09345838935394118
143,persepsi,0.08141718952738193
143,sangat,0.06549958918050043
143,sekali,0.09345838935394118
143,tuju,0.05180268194761218
144,adapun,0.059978660617060225
144,analisis,0.03652708874814854
144,aplikasi,0.05845799748634461
144,banyak,0.06565902381240478
144,bpjs,0.11995732123412045
144,guna,0.06706519909958149
144,indonesia,0.03411955267405485
144,jkn,0.14432532520976832
144,jumlah,0.06565902381240478
144,kualitas,0.04810844173658944
144,layan,0.0431116043176945
144,metode,0.03271743351982614
144,mobile,0.05924359976591037
144,populasi,0.07536966883382354
144,quality,0.04623773376956729
144,sehat,0.09621688347317887
144,seluruh,0.07536966883382354
144,serta,0.059978660617060225
144,service,0.052822249339113246
144,servqual,0.07536966883382354
144,teliti,0.03271743351982614
145,analisis,0.03652708874814854
145,aplikasi,0.09742999581057435
145,banking,0.11995732123412045
145,bca,0.15073933766764708
145,dapat,0.13131804762480956
145,evaluasi,0.06565902381240478
145,evaluation,0.05026801559564148
145,experience,0.052822249339113246
145,guna,0.044710132733054325
145,heuristic,0.07536966883382354
145,interface,0.055948378790986034
145,kategori,0.059978660617060225
145,kritik,0.07536966883382354
145,lain,0.059978660617060225
145,metode,0.03271743351982614
145,mobile,0.07899146635454717
145,peringkat,0.07536966883382354
145,tinggi,0.059978660617060225
145,user,0.08355271281872932
146,analisis,0.03330411032919426
146,aplikasi,0.07106658517947775
146,bpjs,0.05468642585673138
146,demak,0.06871940393672146
146,guna,0.06114768153197136
146,hubung,0.05468642585673138
146,jkn,0.21931789615209893
146,kabupaten,0.06871940393672146
146,kualitas,0.08772715846083956
146,layan,0.0786152784616782
146,mobile,0.12603785440394658
146,puas,0.2187457034269255
146,sehat,0.04386357923041978
146,tingkat,0.03179962437485951
147,ada,0.07747243663036946
147,analisis,0.04718082296635853
147,aplikasi,0.10067766233759348
147,eucs,0.09735248891035539
147,guna,0.08662588217029275
147,jkn,0.18642021172928408
147,kualitas,0.12428014115285604
147,layan,0.11137164448737746
147,level,0.08480957242435617
147,metode,0.04226001829644209
147,mobile,0.07652298303096756
147,tinggi,0.07747243663036946
147,ukur,0.07747243663036946
148,ajar,0.1416644075877169
148,aktif,0.10620271517493317
148,ancang,0.06282805565496384
148,aplikasi,0.0823726328216674
148,bas,0.07946015781359758
148,guna,0.06300064157839473
148,harap,0.10620271517493317
148,ilmu,0.21240543034986634
148,jalan,0.07083220379385845
148,mobile,0.08347961785196462
148,peran,0.09251953355384311
148,tajwid,0.21240543034986634
148,tulis,0.10620271517493317
149,ancang,0.04766266291066223
149,aplikasi,0.08331944469318082
149,apps,0.07140894746100333
149,bas,0.030140059860330116
149,biasa,0.07018723235119131
149,design,0.04608481840856998
149,guna,0.04779359016292014
149,internet,0.06411511996996093
149,istilah,0.08056757702925964
149,jalan,0.05373477529189262
149,mahasiswa,0.06411511996996093
149,medeskripsikan,0.08056757702925964
149,metode,0.03497380824533139
149,mobile,0.10554894211167941
149,sebut,0.05142626530463009
149,siakadu,0.08056757702925964
149,thinking,0.05646516308663829
149,ui,0.059806887673123
149,ulang,0.08056757702925964
149,ux,0.059806887673123
150,analis,0.06064776775972261
150,analisis,0.0419385093034298
150,aplikasi,0.08949125541119421
150,beri,0.06064776775972261
150,guna,0.02566692805045711
150,indonesia,0.03917430121835928
150,jamsostek,0.08653554569809369
150,jmo,0.08653554569809369
150,kualitas,0.055235618290158245
150,machine,0.018903145598063074
150,masyarakat,0.06423702750076174
150,metode,0.03756446070794853
150,mobile,0.045346952907240036
150,mudah,0.057715129017217995
150,salah,0.06064776775972261
150,satu,0.057715129017217995
150,sentimen,0.06886438811588395
150,support,0.06423702750076174
150,teliti,0.03756446070794853
150,tuju,0.04796544624778905
150,ulas,0.12847405500152348
150,vector,0.06886438811588395
151,address,0.07828575916094417
151,art,0.15657151832188834
151,article,0.06298037421201964
151,challenges,0.05316220093881557
151,cyber,0.12583781445702186
151,direction,0.08986383591725114
151,directions,0.07151301842803334
151,future,0.11472013029494406
151,moreover,0.07828575916094417
151,overview,0.05736006514747203
151,possible,0.07828575916094417
151,presenting,0.08986383591725114
151,provides,0.05736006514747203
151,security,0.09592035640714887
151,shifting,0.08986383591725114
151,state,0.14302603685606669
151,threats,0.05993494167172639
151,we,0.03250377076977911
152,achieve,0.08344499049459034
152,all,0.058481776054018234
152,businesses,0.07269391922087672
152,but,0.06640494568317382
152,cyber,0.11684939913866314
152,cybersecurity,0.04490280313574659
152,entire,0.08344499049459034
152,future,0.05326291763693831
152,high,0.06194284794716311
152,implications,0.08344499049459034
152,industries,0.07269391922087672
152,just,0.08344499049459034
152,not,0.05326291763693831
152,perspectives,0.07269391922087672
152,proactive,0.08344499049459034
152,prospects,0.08344499049459034
152,requires,0.07269391922087672
152,review,0.03291022806706113
152,security,0.0890689023780668
152,society,0.08344499049459034
152,study,0.040440705399735884
152,threats,0.05565387440946021
152,viewpoints,0.08344499049459034
153,addition,0.07788199112828431
153,attacks,0.0477789915618862
153,comprehensive,0.05458299098375035
153,cyber,0.136324298995107
153,developments,0.13569531587896988
153,emerging,0.13569531587896988
153,methods,0.05458299098375035
153,presented,0.061977949304295565
153,recent,0.1091659819675007
153,researchers,0.05781332475068557
153,review,0.06143242572518077
153,security,0.13855162592143724
153,study,0.07548931674617365
153,trends,0.11562664950137114
153,useful,0.07788199112828431
153,will,0.05781332475068557
154,acquainted,0.09735248891035539
154,advanced,0.09735248891035539
154,advancements,0.08480957242435617
154,along,0.08480957242435617
154,challenges,0.057592384350383524
154,cyber,0.136324298995107
154,domain,0.1549448732607389
154,faced,0.09735248891035539
154,get,0.08480957242435617
154,new,0.053961127028762684
154,recent,0.13645747745937586
154,researchers,0.07226665593835696
154,review,0.03839526607823798
154,security,0.13855162592143724
154,standards,0.08480957242435617
154,trends,0.07226665593835696
155,computing,0.07151301842803334
155,cyber,0.22021617529978824
155,data,0.033051479966494886
155,framework,0.06298037421201964
155,important,0.07828575916094417
155,integrity,0.08986383591725114
155,kinds,0.07828575916094417
155,literature,0.04981027110347325
155,review,0.03544178407221968
155,safeguards,0.08986383591725114
155,security,0.22381416495001402
155,systematic,0.04355152889202326
155,tools,0.05736006514747203
155,why,0.07828575916094417
156,age,0.08849694513845861
156,becoming,0.10158520581950128
156,challenge,0.10158520581950128
156,challenges,0.06009640106126976
156,cyber,0.07112572121483844
156,cybersecurity,0.0546642820783002
156,day,0.10158520581950128
156,emerged,0.10158520581950128
156,expose,0.10158520581950128
156,global,0.07119520563097873
156,has,0.053152886153986646
156,modern,0.08849694513845861
156,nation,0.10158520581950128
156,new,0.056307262986534976
156,one,0.06775254275934287
156,security,0.07228780482857596
156,states,0.20317041163900257
156,threat,0.10158520581950128
156,tier,0.10158520581950128
156,will,0.07540868445741596
157,aims,0.068255702231266
157,approach,0.08853992757756508
157,chapter,0.09692522562783563
157,cyber,0.07789959942577543
157,cybersecurity,0.05987040418099546
157,discussed,0.11125998732612045
157,foster,0.11125998732612045
157,metaverse,0.2225199746522409
157,overview,0.07101722351591774
157,provide,0.08853992757756508
157,realm,0.11125998732612045
157,safeguard,0.11125998732612045
157,security,0.0791723576693927
157,stacks,0.11125998732612045
157,trust,0.11125998732612045
157,various,0.08259046392955081
157,virtual,0.11125998732612045
157,vital,0.08853992757756508
158,aims,0.065153170311663
158,article,0.07443135134147776
158,complexities,0.10620271517493317
158,comprehensive,0.07443135134147776
158,counterattacking,0.10620271517493317
158,cyber,0.11153806281417845
158,cybersecurity,0.0571490221727684
158,framework,0.22329405402443325
158,future,0.1355783358031157
158,modern,0.09251953355384311
158,organizational,0.10620271517493317
158,presents,0.09251953355384311
158,responds,0.10620271517493317
158,security,0.07557361413896578
158,shape,0.09251953355384311
158,threats,0.07083220379385845
159,against,0.12395589860859113
159,also,0.05781332475068557
159,countries,0.07788199112828431
159,cyber,0.1090594391960856
159,cybersecurity,0.08381856585339365
159,developed,0.05781332475068557
159,ensuring,0.07788199112828431
159,european,0.07788199112828431
159,governance,0.15576398225656862
159,has,0.04075054605138976
159,incidents,0.13569531587896988
159,overview,0.04971205646114242
159,policies,0.06784765793948494
159,publishing,0.07788199112828431
159,security,0.02771032518428745
159,stated,0.07788199112828431
159,steps,0.13569531587896988
159,studies,0.051943616115496194
159,taken,0.13569531587896988
159,they,0.05781332475068557
159,turkey,0.06784765793948494
160,advancements,0.08141718952738193
160,al,0.08141718952738193
160,analyses,0.09345838935394118
160,article,0.06549958918050043
160,assess,0.09345838935394118
160,cyber,0.032717831758825686
160,et,0.08141718952738193
160,incidents,0.08141718952738193
160,industry,0.07437353916515468
160,issues,0.06549958918050043
160,key,0.06937598970082269
160,manulis,0.09345838935394118
160,motivations,0.09345838935394118
160,new,0.05180268194761218
160,open,0.05965446775337091
160,past,0.07437353916515468
160,related,0.06937598970082269
160,satellite,0.18691677870788237
160,security,0.09975717066343481
160,space,0.09345838935394118
160,technology,0.05965446775337091
160,threats,0.06233233933859544
161,19,0.04660505293232102
161,age,0.06360717931826713
161,analysis,0.0764072738463558
161,attack,0.06360717931826713
161,attacks,0.08958560917853663
161,campaigns,0.07301436668276655
161,covid,0.048697140108277685
161,crime,0.1460287333655331
161,cyber,0.17892564243107795
161,during,0.11620865494555419
161,experienced,0.07301436668276655
161,globally,0.07301436668276655
161,highlights,0.07301436668276655
161,modus,0.07301436668276655
161,operandi,0.07301436668276655
161,pandemic,0.12721435863653427
161,perspective,0.06360717931826713
161,range,0.07301436668276655
161,reveal,0.07301436668276655
161,security,0.025978429860269485
161,timeline,0.07301436668276655
162,analysis,0.039436012307796545
162,based,0.03652708874814854
162,between,0.052822249339113246
162,body,0.07536966883382354
162,cyber,0.15831208915560813
162,designed,0.07536966883382354
162,education,0.052822249339113246
162,gap,0.07536966883382354
162,gaps,0.06565902381240478
162,graduates,0.07536966883382354
162,join,0.07536966883382354
162,knowledge,0.10564449867822649
162,opinion,0.07536966883382354
162,performed,0.07536966883382354
162,security,0.16089866236037875
162,survey,0.03839779671517069
162,using,0.03487700737887817
162,we,0.02726122709723409
162,who,0.06565902381240478
162,workforce,0.07536966883382354
163,advances,0.08344499049459034
163,artificial,0.05565387440946021
163,challenges,0.0493649008717573
163,cyber,0.08763704935399735
163,footnote,0.08344499049459034
163,goal,0.07269391922087672
163,includes,0.08344499049459034
163,intelligence,0.05565387440946021
163,known,0.06640494568317382
163,mentioned,0.08344499049459034
163,much,0.07269391922087672
163,network,0.06194284794716311
163,opportunities,0.06194284794716311
163,outside,0.08344499049459034
163,paper,0.05565387440946021
163,protect,0.08344499049459034
163,research,0.04366129934077474
163,security,0.11875853650408907
163,so,0.07269391922087672
163,systems,0.05565387440946021
163,threats,0.11130774881892042
163,within,0.06640494568317382
164,allows,0.08849694513845861
164,being,0.08849694513845861
164,companies,0.10158520581950128
164,councils,0.10158520581950128
164,cyber,0.07112572121483844
164,cybersecurity,0.1093285641566004
164,development,0.05810694494993607
164,establishments,0.10158520581950128
164,funded,0.10158520581950128
164,industrial,0.08849694513845861
164,physical,0.08849694513845861
164,rapid,0.10158520581950128
164,research,0.10630577230797329
164,review,0.04006462547294398
164,security,0.10843170724286394
164,state,0.08084080344038552
164,studies,0.06775254275934287
164,systems,0.06775254275934287
165,article,0.06298037421201964
165,aspects,0.07828575916094417
165,based,0.04355152889202326
165,cyber,0.12583781445702186
165,deep,0.04158412418250859
165,defense,0.08986383591725114
165,different,0.07828575916094417
165,dimensional,0.08986383591725114
165,drl,0.08986383591725114
165,especially,0.07828575916094417
165,high,0.0667076824046372
165,including,0.0667076824046372
165,learning,0.017746095017570365
165,methods,0.06298037421201964
165,presents,0.07828575916094417
165,problems,0.06298037421201964
165,reinforcement,0.08986383591725114
165,security,0.09592035640714887
165,touch,0.08986383591725114
165,vital,0.07151301842803334
165,we,0.03250377076977911
166,behaviour,0.08344499049459034
166,behaviours,0.08344499049459034
166,complying,0.08344499049459034
166,computer,0.07269391922087672
166,cyber,0.08763704935399735
166,differences,0.07269391922087672
166,discuss,0.12388569589432621
166,done,0.08344499049459034
166,errors,0.08344499049459034
166,improving,0.08344499049459034
166,individual,0.08344499049459034
166,kinds,0.07269391922087672
166,management,0.07269391922087672
166,policies,0.07269391922087672
166,role,0.05326291763693831
166,second,0.07269391922087672
166,security,0.11875853650408907
166,third,0.08344499049459034
166,underlying,0.07269391922087672
166,user,0.0462523945960823
166,we,0.06036414571530405
167,analyze,0.06640494568317382
167,artificial,0.05565387440946021
167,attack,0.07269391922087672
167,attacks,0.0511917766734495
167,based,0.08088141079947177
167,context,0.06640494568317382
167,criminals,0.07269391922087672
167,cyber,0.1752740987079947
167,deriving,0.08344499049459034
167,develop,0.06194284794716311
167,has,0.04366129934077474
167,increased,0.08344499049459034
167,industry,0.06640494568317382
167,intelligence,0.05565387440946021
167,knowledge,0.058481776054018234
167,security,0.0890689023780668
167,surface,0.08344499049459034
167,survey,0.04251184636322469
167,technology,0.05326291763693831
167,them,0.08344499049459034
168,attacks,0.0955579831237724
168,comprehensive,0.05458299098375035
168,concerns,0.07788199112828431
168,criminals,0.06784765793948494
168,cyber,0.1090594391960856
168,cybersecurity,0.04190928292669682
168,cyberspace,0.07788199112828431
168,defenses,0.07788199112828431
168,developments,0.06784765793948494
168,emerging,0.06784765793948494
168,emphasizing,0.06784765793948494
168,has,0.04075054605138976
168,heightened,0.07788199112828431
168,landscape,0.15576398225656862
168,navigating,0.07788199112828431
168,need,0.07788199112828431
168,offering,0.06784765793948494
168,recent,0.05458299098375035
168,review,0.030716212862590384
168,robust,0.06784765793948494
168,security,0.0554206503685749
168,these,0.04607390748030682
168,trend,0.07788199112828431
168,trends,0.05781332475068557
169,attacks,0.0511917766734495
169,but,0.06640494568317382
169,combat,0.08344499049459034
169,cyber,0.14606174892332893
169,evaluating,0.06640494568317382
169,factors,0.11130774881892042
169,impacting,0.08344499049459034
169,influence,0.08344499049459034
169,influencing,0.07269391922087672
169,its,0.05565387440946021
169,organizations,0.16688998098918068
169,performance,0.05565387440946021
169,prevent,0.08344499049459034
169,readiness,0.16688998098918068
169,security,0.11875853650408907
169,set,0.06640494568317382
169,studies,0.05565387440946021
169,their,0.0462523945960823
170,analysis,0.06112581907708464
170,based,0.05661698755963024
170,comparison,0.11682298669242648
170,cybersecurity,0.1885917731701357
170,disclosures,0.11682298669242648
170,firm,0.11682298669242648
170,firms,0.11682298669242648
170,hacked,0.11682298669242648
170,level,0.10177148690922742
170,measure,0.11682298669242648
170,not,0.07456808469171364
170,novel,0.10177148690922742
170,others,0.10177148690922742
170,propose,0.11682298669242648
170,risk,0.1859338479128867
170,textual,0.11682298669242648
170,we,0.04225490200071284
171,artificial,0.07420516587928028
171,collection,0.11125998732612045
171,cyber,0.07789959942577543
171,device,0.09692522562783563
171,enables,0.11125998732612045
171,initiatives,0.11125998732612045
171,instance,0.11125998732612045
171,instruction,0.11125998732612045
171,intelligence,0.07420516587928028
171,one,0.07420516587928028
171,optimize,0.11125998732612045
171,preparation,0.09692522562783563
171,security,0.1583447153387854
171,skilled,0.11125998732612045
171,specialist,0.11125998732612045
171,substantially,0.11125998732612045
171,system,0.07420516587928028
172,according,0.08653554569809369
172,accurately,0.08653554569809369
172,cloud,0.17307109139618737
172,computing,0.1377287762317679
172,cyber,0.15147144332789667
172,identify,0.06423702750076174
172,intelligent,0.08653554569809369
172,issues,0.06064776775972261
172,its,0.057715129017217995
172,necessary,0.08653554569809369
172,new,0.04796544624778905
172,paper,0.057715129017217995
172,provide,0.06886438811588395
172,resilience,0.08653554569809369
172,security,0.12315700081905533
172,systems,0.057715129017217995
172,technology,0.055235618290158245
172,threats,0.057715129017217995
173,ai,0.1859338479128867
173,applications,0.06033973131263615
173,artificial,0.051943616115496194
173,better,0.061977949304295565
173,cyber,0.1090594391960856
173,detail,0.07788199112828431
173,development,0.044548657794950985
173,discuss,0.05781332475068557
173,evolved,0.07788199112828431
173,has,0.04075054605138976
173,how,0.044548657794950985
173,impact,0.15576398225656862
173,intelligence,0.051943616115496194
173,its,0.10388723223099239
173,providing,0.06784765793948494
173,role,0.04971205646114242
173,security,0.1108413007371498
173,various,0.05781332475068557
173,well,0.061977949304295565
174,attacks,0.043435446874442
174,challenges,0.04188537043664257
174,constraints,0.07080181011662211
174,cyber,0.17350365326649983
174,discuss,0.0525575679551687
174,finally,0.056343590276632334
174,grid,0.07080181011662211
174,physical,0.12335937807179082
174,principles,0.07080181011662211
174,protocols,0.14160362023324422
174,recommendations,0.07080181011662211
174,review,0.02792382987508217
174,security,0.10076481885195437
174,sg,0.07080181011662211
174,smart,0.04519277860103857
174,some,0.06167968903589541
174,standards,0.12335937807179082
174,system,0.047221469195905634
174,systems,0.09444293839181127
174,we,0.025609031515583542
175,5219,0.08986383591725114
175,availability,0.17972767183450228
175,available,0.055129605648330235
175,cyber,0.12583781445702186
175,cybersecurity,0.09671372983083883
175,data,0.09915443989948466
175,focus,0.07828575916094417
175,lack,0.08986383591725114
175,management,0.07828575916094417
175,particular,0.08986383591725114
175,posit,0.08986383591725114
175,preliminary,0.08986383591725114
175,resulting,0.08986383591725114
175,review,0.03544178407221968
175,risk,0.14302603685606669
175,search,0.07151301842803334
175,systematic,0.04355152889202326
175,we,0.03250377076977911
176,aman,0.1787656619383794
176,cyber,0.038949799712887714
176,dampak,0.09692522562783563
176,guna,0.03300033606487343
176,jaring,0.09692522562783563
176,kalang,0.11125998732612045
176,komputer,0.09692522562783563
176,minimal,0.11125998732612045
176,organisasi,0.09692522562783563
176,overall,0.11125998732612045
176,security,0.03958617883469635
176,serang,0.07420516587928028
176,siber,0.13407424645378455
176,staf,0.11125998732612045
176,teknologi,0.06581986782900974
176,tingkat,0.05148510613072492
177,adopsi,0.07269391922087672
177,aman,0.13407424645378455
177,analisis,0.040440705399735884
177,fokus,0.06640494568317382
177,hukum,0.13280989136634763
177,indonesia,0.0377752190319893
177,insiden,0.08344499049459034
177,jadi,0.07269391922087672
177,kait,0.07269391922087672
177,kasus,0.0511917766734495
177,masalah,0.07269391922087672
177,rangkai,0.08344499049459034
177,regulasi,0.06640494568317382
177,seperti,0.05565387440946021
177,siber,0.1675928080672307
177,studi,0.0511917766734495
177,tangan,0.08344499049459034
177,tantang,0.058481776054018234
177,tega,0.08344499049459034
177,undang,0.08344499049459034
178,aman,0.16322082176982466
178,baik,0.08084080344038552
178,butuh,0.07540868445741596
178,city,0.08849694513845861
178,data,0.07472508514164061
178,dukung,0.07119520563097873
178,guna,0.03013074162444965
178,hal,0.08849694513845861
178,literatur,0.07540868445741596
178,mitigasi,0.10158520581950128
178,privasi,0.20317041163900257
178,saran,0.08849694513845861
178,siber,0.1224156163273685
178,smart,0.06484181277540316
178,teliti,0.0440974103962874
178,tinjau,0.07119520563097873
179,aman,0.1501631560282387
179,analisis,0.04529359004770419
179,bentuk,0.07437353916515468
179,beri,0.06549958918050043
179,bijak,0.06937598970082269
179,buat,0.044240432498810225
179,digital,0.048900655261667716
179,indonesia,0.04230824531582802
179,kuat,0.07437353916515468
179,layan,0.053458389353941184
179,lindung,0.07437353916515468
179,publik,0.09345838935394118
179,refleksi,0.09345838935394118
179,regulasi,0.07437353916515468
179,rekomendasi,0.08141718952738193
179,risiko,0.07437353916515468
179,siber,0.1501631560282387
179,transformasi,0.08141718952738193
179,upaya,0.06937598970082269
180,abstrak,0.11125998732612045
180,aman,0.0893828309691897
180,aspek,0.09692522562783563
180,cyber,0.038949799712887714
180,digital,0.11643013157539932
180,era,0.136511404462532
180,informasi,0.07420516587928028
180,kembang,0.10073391741863813
180,manajemen,0.09692522562783563
180,penting,0.068255702231266
180,perhati,0.08853992757756508
180,pesat,0.08259046392955081
180,salah,0.07797570140535764
180,sangat,0.07797570140535764
180,satu,0.07420516587928028
180,siber,0.04469141548459485
180,teknologi,0.06581986782900974
181,aman,0.12797996252406707
181,analis,0.07443135134147776
181,analisis,0.05146998869057295
181,bagaimana,0.0845153854149485
181,hambat,0.10620271517493317
181,indonesia,0.09615510299051823
181,jahat,0.0845153854149485
181,kembang,0.048077551495259115
181,siber,0.17063995003208943
181,sistem,0.1544099660717188
181,tahu,0.0845153854149485
181,teliti,0.0461018381415732
181,terap,0.03906083996040305
181,upaya,0.07883635193275305
182,aman,0.21329993754011178
182,dasar,0.07443135134147776
182,digital,0.05556892643371331
182,edukasi,0.09251953355384311
182,efektif,0.0845153854149485
182,kecil,0.09251953355384311
182,konsep,0.0845153854149485
182,kurang,0.0845153854149485
182,lanjut,0.10620271517493317
182,paham,0.09251953355384311
182,seperti,0.07083220379385845
182,siber,0.17063995003208943
182,terampil,0.10620271517493317
182,tingkat,0.04914487403387379
182,usaha,0.0845153854149485
183,aman,0.1443876500271526
183,ambil,0.08986383591725114
183,ancam,0.06298037421201964
183,bijak,0.0667076824046372
183,cegah,0.08986383591725114
183,cybercrime,0.07828575916094417
183,evaluasi,0.07828575916094417
183,hadap,0.07151301842803334
183,implementasi,0.05736006514747203
183,industri,0.08986383591725114
183,kendala,0.08986383591725114
183,langkahlangkah,0.08986383591725114
183,literatur,0.0667076824046372
183,meski,0.08986383591725114
183,perban,0.08986383591725114
183,siber,0.1443876500271526
183,tentang,0.05993494167172639
183,tingkat,0.08316824836501718
183,tinjau,0.06298037421201964
184,aman,0.16322082176982466
184,artikel,0.08084080344038552
184,atur,0.10158520581950128
184,bangun,0.053152886153986646
184,beri,0.07119520563097873
184,bijak,0.07540868445741596
184,buat,0.04808742662914155
184,digital,0.053152886153986646
184,ekosistem,0.10158520581950128
184,era,0.062320423776373306
184,hukum,0.08084080344038552
184,praktisi,0.10158520581950128
184,regulasi,0.08084080344038552
184,rekomendasi,0.08849694513845861
184,siber,0.16322082176982466
184,strategis,0.08849694513845861
184,tegak,0.10158520581950128
185,aman,0.10829073752036444
185,ancam,0.06298037421201964
185,bank,0.07151301842803334
185,digital,0.047019860828526654
185,eksplorasi,0.08986383591725114
185,era,0.055129605648330235
185,jaga,0.08986383591725114
185,likuiditas,0.08986383591725114
185,manajemen,0.07828575916094417
185,rentan,0.07151301842803334
185,risiko,0.07151301842803334
185,serang,0.05993494167172639
185,siber,0.1443876500271526
185,signifikan,0.07828575916094417
185,stabilitas,0.08986383591725114
185,syariah,0.08986383591725114
185,tantang,0.1259607484240393
185,teliti,0.03900924765825424
185,timbul,0.07828575916094417
185,uang,0.0667076824046372
186,aman,0.11731496564706148
186,bangun,0.0764072738463558
186,cyber,0.025560806061582564
186,data,0.10741730989110838
186,daulat,0.1460287333655331
186,ekonomi,0.06360717931826713
186,guna,0.02165647054257319
186,indonesia,0.03305331665299064
186,jamin,0.07301436668276655
186,kasus,0.04479280458926831
186,lindung,0.11620865494555419
186,perspektif,0.06360717931826713
186,politik,0.06360717931826713
186,pribadi,0.07301436668276655
186,security,0.025978429860269485
186,siber,0.14664370705882684
186,sistem,0.0353856172247689
186,studi,0.04479280458926831
186,system,0.048697140108277685
187,aman,0.17063995003208943
187,bangun,0.05556892643371331
187,commerce,0.10620271517493317
187,dunia,0.07883635193275305
187,indonesia,0.048077551495259115
187,konsumen,0.09251953355384311
187,kuat,0.0845153854149485
187,perangkat,0.0845153854149485
187,program,0.0845153854149485
187,sadar,0.21240543034986634
187,siber,0.17063995003208943
187,tahu,0.0845153854149485
187,teliti,0.0461018381415732
187,tuju,0.05886668403137747
187,upaya,0.07883635193275305
188,aman,0.10829073752036444
188,ancam,0.06298037421201964
188,artikel,0.07151301842803334
188,bagaimana,0.07151301842803334
188,gambar,0.07828575916094417
188,hadap,0.07151301842803334
188,indonesia,0.0813620102227462
188,informasi,0.05993494167172639
188,kata,0.07151301842803334
188,kembang,0.0813620102227462
188,kunci,0.07828575916094417
188,milik,0.05736006514747203
188,serang,0.05993494167172639
188,siber,0.1443876500271526
188,sistem,0.04355152889202326
188,tahan,0.17972767183450228
188,tantang,0.06298037421201964
188,teknologi,0.05316220093881557
189,akibat,0.11125998732612045
189,aman,0.0893828309691897
189,bagai,0.09692522562783563
189,butuh,0.08259046392955081
189,digital,0.11643013157539932
189,efektif,0.08853992757756508
189,era,0.136511404462532
189,implementasi,0.07101722351591774
189,kembang,0.050366958709319065
189,maju,0.11125998732612045
189,mungkin,0.11125998732612045
189,pesat,0.08259046392955081
189,serang,0.07420516587928028
189,siber,0.13407424645378455
189,strategi,0.08259046392955081
189,teknologi,0.06581986782900974
190,aman,0.15641995419608196
190,analis,0.06822873872968793
190,besar,0.09735248891035539
190,dampak,0.08480957242435617
190,data,0.03580576996370279
190,digital,0.0509381825642372
190,era,0.059723739452357746
190,global,0.06822873872968793
190,indonesia,0.04407108887065418
190,kondisi,0.08480957242435617
190,negara,0.08480957242435617
190,penting,0.11944747890471549
190,siber,0.11731496564706148
190,sistem,0.04718082296635853
190,strategis,0.08480957242435617
190,teliti,0.04226001829644209
190,tinjau,0.06822873872968793
190,tuju,0.053961127028762684
191,aman,0.10829073752036444
191,cakup,0.07151301842803334
191,didik,0.07151301842803334
191,digital,0.047019860828526654
191,era,0.055129605648330235
191,implementasi,0.05736006514747203
191,indonesia,0.0406810051113731
191,jahat,0.14302603685606669
191,siber,0.1443876500271526
191,strategi,0.0667076824046372
191,tanggulang,0.17972767183450228
191,teknologi,0.10632440187763113
191,tentang,0.05993494167172639
191,terap,0.06610295993298977
191,tingkat,0.04158412418250859
191,transformasi,0.07828575916094417
191,upaya,0.0667076824046372
192,aman,0.12945099657606784
192,aplikasi,0.04165972234659041
192,baru,0.08056757702925964
192,cybercrime,0.07018723235119131
192,fondasi,0.08056757702925964
192,kaji,0.06411511996996093
192,kembang,0.03647262527226553
192,kena,0.059806887673123
192,kurang,0.06411511996996093
192,lemah,0.08056757702925964
192,literatur,0.059806887673123
192,mitigasinya,0.08056757702925964
192,mobile,0.02110978842233588
192,penting,0.09885308599010938
192,seperti,0.05373477529189262
192,siber,0.09708824743205088
192,sistem,0.07809239663397274
192,studi,0.04942654299505469
192,teliti,0.03497380824533139
192,tentang,0.05373477529189262
192,uang,0.059806887673123
193,aju,0.07538628659942771
193,alison,0.08653554569809369
193,aman,0.1390399592854062
193,analis,0.06064776775972261
193,analisis,0.0419385093034298
193,apakah,0.08653554569809369
193,artikel,0.06886438811588395
193,bebas,0.08653554569809369
193,coba,0.08653554569809369
193,filsafat,0.08653554569809369
193,gender,0.08653554569809369
193,hukum,0.1377287762317679
193,jaggar,0.08653554569809369
193,juang,0.08653554569809369
193,perspektif,0.07538628659942771
193,politik,0.07538628659942771
193,rumus,0.08653554569809369
193,saya,0.08653554569809369
193,siber,0.1390399592854062
193,tanya,0.08653554569809369
194,aman,0.12945099657606784
194,buat,0.03813830387828468
194,cybersecurity,0.043354430613824296
194,domain,0.06411511996996093
194,eksistensi,0.08056757702925964
194,gci,0.08056757702925964
194,global,0.05646516308663829
194,hubung,0.06411511996996093
194,index,0.08056757702925964
194,indikator,0.08056757702925964
194,indonesia,0.03647262527226553
194,kerjasama,0.08056757702925964
194,lain,0.06411511996996093
194,lalu,0.05373477529189262
194,pilar,0.08056757702925964
194,ruang,0.12823023993992186
194,satu,0.05373477529189262
194,siber,0.22653924400811873
194,ukur,0.06411511996996093
195,aman,0.1513741492220148
195,analisis,0.03652708874814854
195,ancam,0.10564449867822649
195,cyber,0.026385348192601354
195,digital,0.07887202461559309
195,dunia,0.055948378790986034
195,file,0.15073933766764708
195,jahat,0.059978660617060225
195,kasus,0.04623773376956729
195,kembang,0.03411955267405485
195,lingkung,0.07536966883382354
195,maya,0.07536966883382354
195,objek,0.13131804762480956
195,pesat,0.055948378790986034
195,rentan,0.059978660617060225
195,siber,0.03027482984440296
195,sistem,0.03652708874814854
195,solusi,0.059978660617060225
195,studi,0.04623773376956729
195,tingkat,0.06975401475775635
195,vital,0.11995732123412045
196,aman,0.15641995419608196
196,bank,0.23241730989110837
196,cyber,0.10224322424633026
196,demikian,0.09735248891035539
196,efektif,0.1549448732607389
196,indonesia,0.04407108887065418
196,jelas,0.08480957242435617
196,kesiap,0.09735248891035539
196,kondisi,0.08480957242435617
196,serang,0.06492952014437024
196,siber,0.07820997709804098
196,strategi,0.14453331187671392
196,studi,0.059723739452357746
196,terap,0.03580576996370279
197,ajar,0.06492952014437024
197,aman,0.11731496564706148
197,ancam,0.06822873872968793
197,digital,0.0509381825642372
197,era,0.059723739452357746
197,hadap,0.07747243663036946
197,kelompok,0.09735248891035539
197,kena,0.07226665593835696
197,laku,0.06214007057642802
197,metode,0.04226001829644209
197,paling,0.08480957242435617
197,penting,0.059723739452357746
197,rentan,0.07747243663036946
197,salah,0.06822873872968793
197,sangat,0.06822873872968793
197,satu,0.06492952014437024
197,siber,0.11731496564706148
197,sosialisasi,0.2920574667310662
198,aman,0.17063995003208943
198,buat,0.050273218748647985
198,guna,0.031500320789197366
198,kembang,0.048077551495259115
198,lindung,0.0845153854149485
198,malaysia,0.31860814552479944
198,perintah,0.0845153854149485
198,ruang,0.2535461562448455
198,siber,0.21329993754011178
198,strategi,0.1576727038655061
199,adaptif,0.09345838935394118
199,aman,0.1501631560282387
199,bas,0.03496246943798294
199,bijak,0.06937598970082269
199,blockchain,0.09345838935394118
199,butuh,0.06937598970082269
199,data,0.03437353916515468
199,depan,0.09345838935394118
199,hasil,0.053458389353941184
199,kait,0.08141718952738193
199,kini,0.09345838935394118
199,kuat,0.07437353916515468
199,lapor,0.08141718952738193
199,masa,0.08141718952738193
199,mutakhir,0.09345838935394118
199,selain,0.08141718952738193
199,siber,0.11262236702117902
199,tantang,0.06549958918050043
199,teknologi,0.05528868897636818
199,teliti,0.04056961756458441
200,aman,0.18048456253394074
200,arsitektur,0.07828575916094417
200,bentuk,0.14302603685606669
200,digital,0.047019860828526654
200,diplomasi,0.08986383591725114
200,dorong,0.08986383591725114
200,global,0.06298037421201964
200,indonesia,0.0406810051113731
200,norma,0.08986383591725114
200,peluang,0.07828575916094417
200,praktik,0.08986383591725114
200,proaktif,0.08986383591725114
200,serang,0.05993494167172639
200,siber,0.18048456253394074
200,tantang,0.06298037421201964
200,tentang,0.05993494167172639
200,tingkat,0.04158412418250859
201,about,0.10712788095708148
201,algorithms,0.08201623597183609
201,exploring,0.12297156493939629
201,foundations,0.12297156493939629
201,knowledge,0.08618366997434265
201,learning,0.12142065012021827
201,machine,0.08058709439174258
201,reinforced,0.10712788095708148
201,semi,0.12297156493939629
201,supervised,0.1723673399486853
201,theories,0.12297156493939629
201,unsupervised,0.09785991995415089
202,analyzing,0.07828575916094417
202,best,0.07151301842803334
202,common,0.06298037421201964
202,data,0.033051479966494886
202,environmental,0.15657151832188834
202,examples,0.08986383591725114
202,good,0.08986383591725114
202,increasingly,0.07828575916094417
202,large,0.07151301842803334
202,learning,0.053238285052711096
202,machine,0.03926037931905408
202,ml,0.04981027110347325
202,modeling,0.07151301842803334
202,paradigms,0.08986383591725114
202,pitfalls,0.07828575916094417
202,practices,0.08986383591725114
202,process,0.05993494167172639
202,reference,0.08986383591725114
202,research,0.09403972165705331
202,supervised,0.06298037421201964
202,used,0.05316220093881557
203,209,0.08344499049459034
203,480,0.08344499049459034
203,call,0.08344499049459034
203,corporate,0.16688998098918068
203,create,0.06640494568317382
203,culture,0.16688998098918068
203,dictionary,0.08344499049459034
203,earnings,0.08344499049459034
203,embedding,0.08344499049459034
203,five,0.07269391922087672
203,latest,0.08344499049459034
203,learning,0.032957033604059244
203,machine,0.036456066510550215
203,measuring,0.08344499049459034
203,model,0.04251184636322469
203,one,0.05565387440946021
203,score,0.08344499049459034
203,techniques,0.06194284794716311
203,transcripts,0.08344499049459034
203,using,0.07722765919608737
203,we,0.06036414571530405
203,word,0.07269391922087672
204,applications,0.033522072951464525
204,deep,0.04004397143500827
204,directions,0.06886438811588395
204,finally,0.06886438811588395
204,finance,0.07538628659942771
204,financial,0.07538628659942771
204,inquiries,0.08653554569809369
204,lead,0.07538628659942771
204,learning,0.08544416119570916
204,literature,0.04796544624778905
204,machine,0.0756125823922523
204,might,0.08653554569809369
204,new,0.04796544624778905
204,out,0.08653554569809369
204,points,0.06886438811588395
204,possible,0.07538628659942771
204,research,0.04527838450154418
204,review,0.034129125402878206
204,study,0.0419385093034298
204,which,0.05119323053367424
205,aims,0.07166848734282931
205,basic,0.10177148690922742
205,bayesian,0.11682298669242648
205,central,0.10177148690922742
205,chapter,0.10177148690922742
205,concepts,0.11682298669242648
205,deep,0.05405936143726117
205,frameworks,0.11682298669242648
205,fundamentals,0.10177148690922742
205,introduction,0.10177148690922742
205,learning,0.0922796940913659
205,machine,0.07655773967215544
205,modeling,0.09296692395644335
205,most,0.09296692395644335
205,smooth,0.11682298669242648
206,between,0.06298037421201964
206,categories,0.07151301842803334
206,covers,0.08986383591725114
206,ii,0.08986383591725114
206,interactions,0.07828575916094417
206,learning,0.08873047508785183
206,machine,0.11778113795716223
206,meets,0.08986383591725114
206,outlook,0.08986383591725114
206,privacy,0.14302603685606669
206,private,0.08986383591725114
206,problems,0.06298037421201964
206,survey,0.09156397678233011
206,three,0.07828575916094417
206,when,0.07151301842803334
207,applying,0.06194284794716311
207,broken,0.08344499049459034
207,build,0.06640494568317382
207,data,0.030690659968888107
207,down,0.08344499049459034
207,driven,0.07269391922087672
207,five,0.07269391922087672
207,fluid,0.16688998098918068
207,how,0.047730704780304625
207,into,0.06194284794716311
207,learning,0.049435550406088866
207,machine,0.05468409976582532
207,mechanics,0.16688998098918068
207,models,0.05565387440946021
207,overview,0.05326291763693831
207,paper,0.05565387440946021
207,process,0.05565387440946021
207,provides,0.05326291763693831
207,short,0.06640494568317382
207,stages,0.08344499049459034
207,study,0.040440705399735884
207,use,0.0493649008717573
208,adoption,0.09785991995415089
208,avoid,0.12297156493939629
208,central,0.10712788095708148
208,common,0.08618366997434265
208,demonstrates,0.12297156493939629
208,educational,0.12297156493939629
208,helping,0.12297156493939629
208,learning,0.07285239007213097
208,leverage,0.12297156493939629
208,machine,0.08058709439174258
208,opportunities,0.09128419697476668
208,pitfalls,0.10712788095708148
208,sciences,0.12297156493939629
208,techniques,0.09128419697476668
208,widespread,0.09785991995415089
209,advent,0.10158520581950128
209,ai,0.08084080344038552
209,application,0.03340252216441454
209,approaches,0.08084080344038552
209,artificial,0.06775254275934287
209,delves,0.10158520581950128
209,design,0.11621388989987214
209,domain,0.08084080344038552
209,has,0.053152886153986646
209,innovative,0.10158520581950128
209,intelligence,0.06775254275934287
209,into,0.07540868445741596
209,learning,0.04012160612668082
209,machine,0.04438129836066983
209,ml,0.056307262986534976
209,nanozymes,0.10158520581950128
209,particularly,0.10158520581950128
209,researchers,0.07540868445741596
209,review,0.04006462547294398
209,ushered,0.10158520581950128
210,achievable,0.09345838935394118
210,application,0.03073032039126138
210,been,0.06233233933859544
210,deep,0.043247489149808936
210,describes,0.09345838935394118
210,edge,0.16283437905476386
210,hardware,0.08141718952738193
210,have,0.06233233933859544
210,high,0.06937598970082269
210,learning,0.055367816454819536
210,low,0.09345838935394118
210,machine,0.040830794491816244
210,network,0.06937598970082269
210,only,0.06937598970082269
210,performance,0.06233233933859544
210,power,0.09345838935394118
210,section,0.09345838935394118
210,survey,0.047613267926811656
210,systems,0.06233233933859544
210,used,0.05528868897636818
210,when,0.07437353916515468
211,along,0.16283437905476386
211,analysed,0.09345838935394118
211,applications,0.07240767757516338
211,been,0.06233233933859544
211,deep,0.17298995659923574
211,had,0.09345838935394118
211,implemented,0.09345838935394118
211,learning,0.12919157172791226
211,machine,0.06124619173772436
211,neural,0.08141718952738193
211,survey,0.047613267926811656
211,vision,0.09345838935394118
212,can,0.08670886122764859
212,challenges,0.04766266291066223
212,change,0.16113515405851928
212,climate,0.12823023993992186
212,describe,0.059806887673123
212,experts,0.08056757702925964
212,facing,0.08056757702925964
212,greatest,0.08056757702925964
212,help,0.05646516308663829
212,here,0.06411511996996093
212,how,0.09216963681713997
212,humanity,0.08056757702925964
212,learning,0.03182058416943651
212,machine,0.0351989607688071
212,may,0.07018723235119131
212,ml,0.08931496887519341
212,one,0.05373477529189262
212,tackling,0.08056757702925964
212,we,0.08742393517388863
212,wonder,0.08056757702925964
213,article,0.07119520563097873
213,association,0.10158520581950128
213,category,0.10158520581950128
213,clustering,0.08849694513845861
213,discuss,0.07540868445741596
213,each,0.10158520581950128
213,ensemble,0.20317041163900257
213,evolutionary,0.20317041163900257
213,learning,0.08024321225336165
213,machine,0.04438129836066983
213,methods,0.07119520563097873
213,mining,0.07540868445741596
213,pruning,0.10158520581950128
213,rule,0.10158520581950128
213,survey,0.05175355209436049
213,vectors,0.10158520581950128
213,we,0.03674339304409812
214,between,0.18894112263605892
214,cyber,0.12583781445702186
214,difference,0.17972767183450228
214,differences,0.07828575916094417
214,information,0.2348572774828325
214,part,0.07828575916094417
214,security,0.25578761708573033
214,term,0.08986383591725114
214,umbrella,0.08986383591725114
214,vs,0.08986383591725114
214,which,0.05316220093881557
215,advancing,0.08986383591725114
215,argues,0.08986383591725114
215,associated,0.07151301842803334
215,challenges,0.05316220093881557
215,cyber,0.12583781445702186
215,digitalization,0.17972767183450228
215,examines,0.08986383591725114
215,integration,0.07828575916094417
215,opportunities,0.0667076824046372
215,paper,0.11986988334345278
215,privacy,0.07151301842803334
215,risks,0.07828575916094417
215,role,0.05736006514747203
215,security,0.12789380854286517
215,such,0.06298037421201964
215,sustainable,0.15657151832188834
215,various,0.0667076824046372
216,analyzes,0.10620271517493317
216,associated,0.0845153854149485
216,creation,0.09251953355384311
216,cyber,0.03717935427139282
216,cybersecurity,0.28574511086384197
216,ecosystem,0.10620271517493317
216,education,0.07443135134147776
216,existing,0.09251953355384311
216,improvement,0.10620271517493317
216,national,0.10620271517493317
216,ncsps,0.10620271517493317
216,plans,0.10620271517493317
216,resilient,0.10620271517493317
216,role,0.06778916790155785
216,sovereignty,0.10620271517493317
216,strategic,0.10620271517493317
216,strategies,0.10620271517493317
216,supporting,0.10620271517493317
217,comprehensive,0.049620900894318504
217,context,0.056343590276632334
217,cyber,0.1487174170855713
217,cybersecurity,0.038099348115178934
217,defining,0.06167968903589541
217,definitions,0.06167968903589541
217,develop,0.0525575679551687
217,elicitation,0.14160362023324422
217,expert,0.14160362023324422
217,factors,0.047221469195905634
217,multidisciplinary,0.07080181011662211
217,process,0.047221469195905634
217,risk,0.169030770829897
217,security,0.15114722827793156
217,significant,0.06167968903589541
217,used,0.04188537043664257
217,using,0.03276324935591586
217,we,0.025609031515583542
217,within,0.056343590276632334
