doc_id,term,tfidf_score,tf,df,idf,term_count,total_terms
1,automated,0.09596650239252037,0.041666666666666664,1,2.303196057420489,1,24
1,can,0.05257514051092766,0.041666666666666664,11,1.261803372262264,1,24
1,either,0.09596650239252037,0.041666666666666664,1,2.303196057420489,1,24
1,employ,0.09596650239252037,0.041666666666666664,1,2.303196057420489,1,24
1,human,0.07088066942052193,0.041666666666666664,4,1.7011360660925265,1,24
1,learning,0.1259638769917268,0.25,63,0.5038555079669071,6,24
1,machine,0.04690278066052042,0.08333333333333333,55,0.562833367926245,2,24
1,ml,0.058337752934522716,0.041666666666666664,8,1.4001060704285453,1,24
1,one,0.07088066942052193,0.041666666666666664,4,1.7011360660925265,1,24
1,required,0.09596650239252037,0.041666666666666664,1,2.303196057420489,1,24
1,skills,0.09596650239252037,0.041666666666666664,1,2.303196057420489,1,24
1,supervised,0.07088066942052193,0.041666666666666664,4,1.7011360660925265,1,24
1,through,0.07088066942052193,0.041666666666666664,4,1.7011360660925265,1,24
1,two,0.08342358590652116,0.041666666666666664,2,2.002166061756508,1,24
1,types,0.07608645011253443,0.041666666666666664,3,1.8260748027008264,1,24
1,unsupervised,0.07608645011253443,0.041666666666666664,3,1.8260748027008264,1,24
1,via,0.06354353362653521,0.041666666666666664,6,1.5250448070368452,1,24
1,what,0.06684275221185292,0.041666666666666664,5,1.60422605308447,1,24
2,allow,0.08705069833723947,0.043478260869565216,2,2.002166061756508,1,23
2,based,0.047785916294111476,0.043478260869565216,16,1.099076074764564,1,23
2,evaluate,0.10013895901828213,0.043478260869565216,1,2.303196057420489,1,23
2,grasp,0.10013895901828213,0.043478260869565216,1,2.303196057420489,1,23
2,how,0.12174835395030828,0.08695652173913043,8,1.4001060704285453,2,23
2,learning,0.08762704486380994,0.17391304347826086,63,0.5038555079669071,4,23
2,machine,0.09788406398717305,0.17391304347826086,55,0.562833367926245,4,23
2,microbiologists,0.20027791803656425,0.08695652173913043,1,2.303196057420489,2,23
2,model,0.05170663935276748,0.043478260869565216,13,1.189252705113652,1,23
2,potential,0.07939455663916636,0.043478260869565216,3,1.8260748027008264,1,23
2,presented,0.07939455663916636,0.043478260869565216,3,1.8260748027008264,1,23
2,topics,0.10013895901828213,0.043478260869565216,1,2.303196057420489,1,23
2,will,0.07396243765619681,0.043478260869565216,4,1.7011360660925265,1,23
2,work,0.15878911327833273,0.08695652173913043,3,1.8260748027008264,2,23
3,ability,0.08008664247026032,0.04,2,2.002166061756508,1,25
3,amnesiac,0.09212784229681957,0.04,1,2.303196057420489,1,25
3,data,0.03424152104313079,0.04,28,0.8560380260782696,1,25
3,deep,0.046282720869690035,0.04,14,1.1570680217422509,1,25
3,deletion,0.09212784229681957,0.04,1,2.303196057420489,1,25
3,eu,0.09212784229681957,0.04,1,2.303196057420489,1,25
3,gives,0.09212784229681957,0.04,1,2.303196057420489,1,25
3,including,0.06804544264370106,0.04,4,1.7011360660925265,1,25
3,learning,0.040308440637352574,0.08,63,0.5038555079669071,2,25
3,machine,0.0450266694340996,0.08,55,0.562833367926245,2,25
3,models,0.1283380842467576,0.08,5,1.60422605308447,2,25
3,network,0.07304299210803306,0.04,3,1.8260748027008264,1,25
3,neural,0.09212784229681957,0.04,1,2.303196057420489,1,25
3,personal,0.09212784229681957,0.04,1,2.303196057420489,1,25
3,records,0.09212784229681957,0.04,1,2.303196057420489,1,25
3,request,0.09212784229681957,0.04,1,2.303196057420489,1,25
3,residents,0.09212784229681957,0.04,1,2.303196057420489,1,25
3,their,0.05047213489049056,0.04,11,1.261803372262264,1,25
3,train,0.09212784229681957,0.04,1,2.303196057420489,1,25
3,training,0.08008664247026032,0.04,2,2.002166061756508,1,25
3,unfortunately,0.09212784229681957,0.04,1,2.303196057420489,1,25
3,used,0.06100179228147381,0.04,6,1.5250448070368452,1,25
4,artificial,0.06684275221185292,0.041666666666666664,5,1.60422605308447,1,24
4,branch,0.09596650239252037,0.041666666666666664,1,2.303196057420489,1,24
4,capable,0.09596650239252037,0.041666666666666664,1,2.303196057420489,1,24
4,consuming,0.09596650239252037,0.041666666666666664,1,2.303196057420489,1,24
4,designing,0.09596650239252037,0.041666666666666664,1,2.303196057420489,1,24
4,intelligence,0.06684275221185292,0.041666666666666664,5,1.60422605308447,1,24
4,key,0.07088066942052193,0.041666666666666664,4,1.7011360660925265,1,24
4,learning,0.04198795899724226,0.08333333333333333,63,0.5038555079669071,2,24
4,machine,0.04690278066052042,0.08333333333333333,55,0.562833367926245,2,24
4,ml,0.058337752934522716,0.041666666666666664,8,1.4001060704285453,1,24
4,nanotheranostics,0.09596650239252037,0.041666666666666664,1,2.303196057420489,1,24
4,offering,0.08342358590652116,0.041666666666666664,2,2.002166061756508,1,24
4,perception,0.09596650239252037,0.041666666666666664,1,2.303196057420489,1,24
4,performing,0.09596650239252037,0.041666666666666664,1,2.303196057420489,1,24
4,provides,0.06354353362653521,0.041666666666666664,6,1.5250448070368452,1,24
4,result,0.09596650239252037,0.041666666666666664,1,2.303196057420489,1,24
4,set,0.07608645011253443,0.041666666666666664,3,1.8260748027008264,1,24
4,tasks,0.08342358590652116,0.041666666666666664,2,2.002166061756508,1,24
4,thus,0.09596650239252037,0.041666666666666664,1,2.303196057420489,1,24
4,time,0.07088066942052193,0.041666666666666664,4,1.7011360660925265,1,24
4,tools,0.060754084058593005,0.041666666666666664,7,1.4580980174062321,1,24
4,unique,0.09596650239252037,0.041666666666666664,1,2.303196057420489,1,24
5,accomplish,0.109676002734309,0.047619047619047616,1,2.303196057420489,1,21
5,biologists,0.09534124103602418,0.047619047619047616,2,2.002166061756508,1,21
5,example,0.09534124103602418,0.047619047619047616,2,2.002166061756508,1,21
5,experiment,0.109676002734309,0.047619047619047616,1,2.303196057420489,1,21
5,expression,0.109676002734309,0.047619047619047616,1,2.303196057420489,1,21
5,genes,0.109676002734309,0.047619047619047616,1,2.303196057420489,1,21
5,guide,0.109676002734309,0.047619047619047616,1,2.303196057420489,1,21
5,investigating,0.109676002734309,0.047619047619047616,1,2.303196057420489,1,21
5,learning,0.07197935828098673,0.14285714285714285,63,0.5038555079669071,3,21
5,machine,0.08040476684660643,0.14285714285714285,55,0.562833367926245,3,21
5,model,0.056631081195888194,0.047619047619047616,13,1.189252705113652,1,21
5,objective,0.109676002734309,0.047619047619047616,1,2.303196057420489,1,21
5,specification,0.109676002734309,0.047619047619047616,1,2.303196057420489,1,21
5,task,0.109676002734309,0.047619047619047616,1,2.303196057420489,1,21
5,want,0.109676002734309,0.047619047619047616,1,2.303196057420489,1,21
5,we,0.04151582348864293,0.047619047619047616,27,0.8718322932615016,1,21
5,what,0.07639171681354619,0.047619047619047616,5,1.60422605308447,1,21
6,al,0.07700638699063492,0.038461538461538464,2,2.002166061756508,1,26
6,based,0.042272156721714006,0.038461538461538464,16,1.099076074764564,1,26
6,concept,0.07700638699063492,0.038461538461538464,2,2.002166061756508,1,26
6,deep,0.17801046488342323,0.15384615384615385,14,1.1570680217422509,4,26
6,et,0.07700638699063492,0.038461538461538464,2,2.002166061756508,1,26
6,fundamentals,0.08858446374694189,0.038461538461538464,1,2.303196057420489,1,26
6,generate,0.08858446374694189,0.038461538461538464,1,2.303196057420489,1,26
6,janiesch,0.08858446374694189,0.038461538461538464,1,2.303196057420489,1,26
6,learning,0.1550324639898176,0.3076923076923077,63,0.5038555079669071,8,26
6,machine,0.08658974891173002,0.15384615384615385,55,0.562833367926245,4,26
6,models,0.06170100204171039,0.038461538461538464,5,1.60422605308447,1,26
6,outperform,0.08858446374694189,0.038461538461538464,1,2.303196057420489,1,26
6,shallow,0.08858446374694189,0.038461538461538464,1,2.303196057420489,1,26
7,financial,0.20938145976549902,0.09090909090909091,1,2.303196057420489,2,22
7,grasping,0.10469072988274951,0.045454545454545456,1,2.303196057420489,1,22
7,learners,0.10469072988274951,0.045454545454545456,1,2.303196057420489,1,22
7,learning,0.0687075692682146,0.13636363636363635,63,0.5038555079669071,3,22
7,literature,0.05923618442820404,0.045454545454545456,10,1.3031960574204888,1,22
7,machine,0.10233333962295364,0.18181818181818182,55,0.562833367926245,4,22
7,markets,0.10469072988274951,0.045454545454545456,1,2.303196057420489,1,22
7,nascent,0.10469072988274951,0.045454545454545456,1,2.303196057420489,1,22
7,seeking,0.10469072988274951,0.045454545454545456,1,2.303196057420489,1,22
7,statisticians,0.10469072988274951,0.045454545454545456,1,2.303196057420489,1,22
7,study,0.05259400098828413,0.045454545454545456,14,1.1570680217422509,1,22
7,survey,0.05923618442820404,0.045454545454545456,10,1.3031960574204888,1,22
7,tools,0.0662771826093742,0.045454545454545456,7,1.4580980174062321,1,22
7,we,0.07925748120559105,0.09090909090909091,27,0.8718322932615016,2,22
7,well,0.08300340012276484,0.045454545454545456,3,1.8260748027008264,1,22
8,class,0.09212784229681957,0.04,1,2.303196057420489,1,25
8,data,0.03424152104313079,0.04,28,0.8560380260782696,1,25
8,distribution,0.09212784229681957,0.04,1,2.303196057420489,1,25
8,environment,0.09212784229681957,0.04,1,2.303196057420489,1,25
8,learning,0.08061688127470515,0.16,63,0.5038555079669071,4,25
8,machine,0.0675400041511494,0.12,55,0.562833367926245,3,25
8,ml,0.056004242817141815,0.04,8,1.4001060704285453,1,25
8,name,0.09212784229681957,0.04,1,2.303196057420489,1,25
8,note,0.09212784229681957,0.04,1,2.303196057420489,1,25
8,ood,0.09212784229681957,0.04,1,2.303196057420489,1,25
8,open,0.23329568278499715,0.16,7,1.4580980174062321,4,25
8,outof,0.09212784229681957,0.04,1,2.303196057420489,1,25
8,refer,0.09212784229681957,0.04,1,2.303196057420489,1,25
8,short,0.08008664247026032,0.04,2,2.002166061756508,1,25
8,unseen,0.09212784229681957,0.04,1,2.303196057420489,1,25
8,used,0.06100179228147381,0.04,6,1.5250448070368452,1,25
8,world,0.09212784229681957,0.04,1,2.303196057420489,1,25
9,algorithm,0.09596650239252037,0.041666666666666664,1,2.303196057420489,1,24
9,algorithms,0.06354353362653521,0.041666666666666664,6,1.5250448070368452,1,24
9,also,0.07088066942052193,0.041666666666666664,4,1.7011360660925265,1,24
9,alternative,0.09596650239252037,0.041666666666666664,1,2.303196057420489,1,24
9,approaches,0.08342358590652116,0.041666666666666664,2,2.002166061756508,1,24
9,can,0.05257514051092766,0.041666666666666664,11,1.261803372262264,1,24
9,capture,0.09596650239252037,0.041666666666666664,1,2.303196057420489,1,24
9,detect,0.09596650239252037,0.041666666666666664,1,2.303196057420489,1,24
9,examine,0.08342358590652116,0.041666666666666664,2,2.002166061756508,1,24
9,intuitively,0.09596650239252037,0.041666666666666664,1,2.303196057420489,1,24
9,learning,0.08397591799448452,0.16666666666666666,63,0.5038555079669071,4,24
9,machine,0.09380556132104084,0.16666666666666666,55,0.562833367926245,4,24
9,misstatements,0.09596650239252037,0.041666666666666664,1,2.303196057420489,1,24
9,number,0.07608645011253443,0.041666666666666664,3,1.8260748027008264,1,24
9,relationship,0.09596650239252037,0.041666666666666664,1,2.303196057420489,1,24
9,taught,0.09596650239252037,0.041666666666666664,1,2.303196057420489,1,24
9,using,0.0457948364485235,0.041666666666666664,16,1.099076074764564,1,24
9,we,0.03632634555256256,0.041666666666666664,27,0.8718322932615016,1,24
10,area,0.07608645011253443,0.041666666666666664,3,1.8260748027008264,1,24
10,definitions,0.09596650239252037,0.041666666666666664,1,2.303196057420489,1,24
10,describe,0.07608645011253443,0.041666666666666664,3,1.8260748027008264,1,24
10,dimensions,0.09596650239252037,0.041666666666666664,1,2.303196057420489,1,24
10,explainability,0.09596650239252037,0.041666666666666664,1,2.303196057420489,1,24
10,explainable,0.09596650239252037,0.041666666666666664,1,2.303196057420489,1,24
10,first,0.07608645011253443,0.041666666666666664,3,1.8260748027008264,1,24
10,following,0.09596650239252037,0.041666666666666664,1,2.303196057420489,1,24
10,interpretable,0.09596650239252037,0.041666666666666664,1,2.303196057420489,1,24
10,introduce,0.09596650239252037,0.041666666666666664,1,2.303196057420489,1,24
10,learning,0.04198795899724226,0.08333333333333333,63,0.5038555079669071,2,24
10,machine,0.04690278066052042,0.08333333333333333,55,0.562833367926245,2,24
10,next,0.09596650239252037,0.041666666666666664,1,2.303196057420489,1,24
10,problem,0.09596650239252037,0.041666666666666664,1,2.303196057420489,1,24
10,sections,0.09596650239252037,0.041666666666666664,1,2.303196057420489,1,24
10,structure,0.09596650239252037,0.041666666666666664,1,2.303196057420489,1,24
10,supervised,0.14176133884104386,0.08333333333333333,4,1.7011360660925265,2,24
10,survey,0.0542998357258537,0.041666666666666664,10,1.3031960574204888,1,24
10,we,0.1089790366576877,0.125,27,0.8718322932615016,3,24
11,case,0.08342358590652116,0.041666666666666664,2,2.002166061756508,1,24
11,challenges,0.12150816811718601,0.08333333333333333,7,1.4580980174062321,2,24
11,deploying,0.19193300478504075,0.08333333333333333,1,2.303196057420489,2,24
11,deployment,0.08342358590652116,0.041666666666666664,2,2.002166061756508,1,24
11,found,0.09596650239252037,0.041666666666666664,1,2.303196057420489,1,24
11,learning,0.08397591799448452,0.16666666666666666,63,0.5038555079669071,4,24
11,machine,0.09380556132104084,0.16666666666666666,55,0.562833367926245,4,24
11,mapping,0.08342358590652116,0.041666666666666664,2,2.002166061756508,1,24
11,published,0.09596650239252037,0.041666666666666664,1,2.303196057420489,1,24
11,reports,0.09596650239252037,0.041666666666666664,1,2.303196057420489,1,24
11,reviews,0.08342358590652116,0.041666666666666664,2,2.002166061756508,1,24
11,steps,0.08342358590652116,0.041666666666666664,2,2.002166061756508,1,24
11,studies,0.06354353362653521,0.041666666666666664,6,1.5250448070368452,1,24
11,survey,0.1085996714517074,0.08333333333333333,10,1.3031960574204888,2,24
11,workflow,0.09596650239252037,0.041666666666666664,1,2.303196057420489,1,24
12,abstract,0.08858446374694189,0.038461538461538464,1,2.303196057420489,1,26
12,addresses,0.08858446374694189,0.038461538461538464,1,2.303196057420489,1,26
12,all,0.06170100204171039,0.038461538461538464,5,1.60422605308447,1,26
12,architecture,0.08858446374694189,0.038461538461538464,1,2.303196057420489,1,26
12,definition,0.07700638699063492,0.038461538461538464,2,2.002166061756508,1,26
12,develop,0.0702336462577241,0.038461538461538464,3,1.8260748027008264,1,26
12,final,0.08858446374694189,0.038461538461538464,1,2.303196057420489,1,26
12,goal,0.07700638699063492,0.038461538461538464,2,2.002166061756508,1,26
12,industrial,0.07700638699063492,0.038461538461538464,2,2.002166061756508,1,26
12,issue,0.08858446374694189,0.038461538461538464,1,2.303196057420489,1,26
12,learning,0.058137173996181596,0.11538461538461539,63,0.5038555079669071,3,26
12,machine,0.06494231168379751,0.11538461538461539,55,0.562833367926245,3,26
12,ml,0.10770046695604195,0.07692307692307693,8,1.4001060704285453,2,26
12,mlops,0.2657533912408257,0.11538461538461539,1,2.303196057420489,3,26
12,operations,0.17716892749388377,0.07692307692307693,1,2.303196057420489,2,26
12,overview,0.05865556950141713,0.038461538461538464,6,1.5250448070368452,1,26
12,paradigm,0.08858446374694189,0.038461538461538464,1,2.303196057420489,1,26
12,projects,0.08858446374694189,0.038461538461538464,1,2.303196057420489,1,26
13,ability,0.08705069833723947,0.043478260869565216,2,2.002166061756508,1,23
13,accuracy,0.10013895901828213,0.043478260869565216,1,2.303196057420489,1,23
13,can,0.054861016185315824,0.043478260869565216,11,1.261803372262264,1,23
13,dataset,0.17410139667447894,0.08695652173913043,2,2.002166061756508,2,23
13,definition,0.08705069833723947,0.043478260869565216,2,2.002166061756508,1,23
13,efficiency,0.08705069833723947,0.043478260869565216,2,2.002166061756508,1,23
13,generalization,0.10013895901828213,0.043478260869565216,1,2.303196057420489,1,23
13,help,0.07396243765619681,0.043478260869565216,4,1.7011360660925265,1,23
13,improve,0.0663062959581237,0.043478260869565216,6,1.5250448070368452,1,23
13,including,0.07396243765619681,0.043478260869565216,4,1.7011360660925265,1,23
13,learning,0.08762704486380994,0.17391304347826086,63,0.5038555079669071,4,23
13,machine,0.09788406398717305,0.17391304347826086,55,0.562833367926245,4,23
13,quality,0.12174835395030828,0.08695652173913043,8,1.4001060704285453,2,23
13,survey,0.0566606981487169,0.043478260869565216,10,1.3031960574204888,1,23
13,which,0.063395565974184,0.043478260869565216,7,1.4580980174062321,1,23
14,additionally,0.07700638699063492,0.038461538461538464,2,2.002166061756508,1,26
14,application,0.02919723127193128,0.038461538461538464,35,0.7591280130702133,1,26
14,approaches,0.07700638699063492,0.038461538461538464,2,2.002166061756508,1,26
14,can,0.048530898933164,0.038461538461538464,11,1.261803372262264,1,26
14,cases,0.07700638699063492,0.038461538461538464,2,2.002166061756508,1,26
14,describe,0.0702336462577241,0.038461538461538464,3,1.8260748027008264,1,26
14,environments,0.08858446374694189,0.038461538461538464,1,2.303196057420489,1,26
14,evaluation,0.05865556950141713,0.038461538461538464,6,1.5250448070368452,1,26
14,learning,0.0775162319949088,0.15384615384615385,63,0.5038555079669071,4,26
14,machine,0.08658974891173002,0.15384615384615385,55,0.562833367926245,4,26
14,provide,0.0702336462577241,0.038461538461538464,3,1.8260748027008264,1,26
14,quality,0.053850233478020974,0.038461538461538464,8,1.4001060704285453,1,26
14,review,0.07099883197760637,0.07692307692307693,24,0.9229848157088828,2,26
14,solutions,0.08858446374694189,0.038461538461538464,1,2.303196057420489,1,26
14,water,0.2657533912408257,0.11538461538461539,1,2.303196057420489,3,26
14,we,0.03353201127928852,0.038461538461538464,27,0.8718322932615016,1,26
14,which,0.056080692977162776,0.038461538461538464,7,1.4580980174062321,1,26
15,algorithms,0.13864043700334958,0.09090909090909091,6,1.5250448070368452,2,22
15,analysis,0.05405694114152964,0.045454545454545456,13,1.189252705113652,1,22
15,classical,0.10469072988274951,0.045454545454545456,1,2.303196057420489,1,22
15,development,0.05923618442820404,0.045454545454545456,10,1.3031960574204888,1,22
15,firstly,0.10469072988274951,0.045454545454545456,1,2.303196057420489,1,22
15,focuses,0.10469072988274951,0.045454545454545456,1,2.303196057420489,1,22
15,introduction,0.10469072988274951,0.045454545454545456,1,2.303196057420489,1,22
15,learning,0.09161009235761948,0.18181818181818182,63,0.5038555079669071,4,22
15,machine,0.10233333962295364,0.18181818181818182,55,0.562833367926245,4,22
15,provides,0.06932021850167479,0.045454545454545456,6,1.5250448070368452,1,22
15,relatively,0.10469072988274951,0.045454545454545456,1,2.303196057420489,1,22
15,research,0.05735469873919381,0.045454545454545456,11,1.261803372262264,1,22
15,study,0.05259400098828413,0.045454545454545456,14,1.1570680217422509,1,22
15,systematic,0.049958003398389274,0.045454545454545456,16,1.099076074764564,1,22
15,then,0.09100754826165945,0.045454545454545456,2,2.002166061756508,1,22
16,between,0.07608645011253443,0.041666666666666664,3,1.8260748027008264,1,24
16,classification,0.08342358590652116,0.041666666666666664,2,2.002166061756508,1,24
16,concept,0.08342358590652116,0.041666666666666664,2,2.002166061756508,1,24
16,core,0.09596650239252037,0.041666666666666664,1,2.303196057420489,1,24
16,evident,0.09596650239252037,0.041666666666666664,1,2.303196057420489,1,24
16,learning,0.1259638769917268,0.25,63,0.5038555079669071,6,24
16,lies,0.09596650239252037,0.041666666666666664,1,2.303196057420489,1,24
16,machine,0.09380556132104084,0.16666666666666666,55,0.562833367926245,4,24
16,now,0.08342358590652116,0.041666666666666664,2,2.002166061756508,1,24
16,overview,0.06354353362653521,0.041666666666666664,6,1.5250448070368452,1,24
16,pattern,0.08342358590652116,0.041666666666666664,2,2.002166061756508,1,24
16,recognition,0.07088066942052193,0.041666666666666664,4,1.7011360660925265,1,24
16,self,0.09596650239252037,0.041666666666666664,1,2.303196057420489,1,24
16,statistical,0.08342358590652116,0.041666666666666664,2,2.002166061756508,1,24
16,statistics,0.09596650239252037,0.041666666666666664,1,2.303196057420489,1,24
16,techniques,0.08342358590652116,0.041666666666666664,2,2.002166061756508,1,24
17,12,0.19193300478504075,0.08333333333333333,1,2.303196057420489,2,24
17,being,0.08342358590652116,0.041666666666666664,2,2.002166061756508,1,24
17,conducted,0.07608645011253443,0.041666666666666664,3,1.8260748027008264,1,24
17,contribution,0.08342358590652116,0.041666666666666664,2,2.002166061756508,1,24
17,education,0.14176133884104386,0.08333333333333333,4,1.7011360660925265,2,24
17,field,0.08342358590652116,0.041666666666666664,2,2.002166061756508,1,24
17,learning,0.10496989749310566,0.20833333333333334,63,0.5038555079669071,5,24
17,levels,0.09596650239252037,0.041666666666666664,1,2.303196057420489,1,24
17,machine,0.07035417099078063,0.125,55,0.562833367926245,3,24
17,research,0.05257514051092766,0.041666666666666664,11,1.261803372262264,1,24
17,review,0.03845770065453678,0.041666666666666664,24,0.9229848157088828,1,24
17,synthesizes,0.09596650239252037,0.041666666666666664,1,2.303196057420489,1,24
17,systematic,0.0457948364485235,0.041666666666666664,16,1.099076074764564,1,24
17,systematically,0.09596650239252037,0.041666666666666664,1,2.303196057420489,1,24
17,teaching,0.15217290022506885,0.08333333333333333,3,1.8260748027008264,2,24
18,area,0.07608645011253443,0.041666666666666664,3,1.8260748027008264,1,24
18,due,0.08342358590652116,0.041666666666666664,2,2.002166061756508,1,24
18,future,0.060754084058593005,0.041666666666666664,7,1.4580980174062321,1,24
18,human,0.14176133884104386,0.08333333333333333,4,1.7011360660925265,2,24
18,important,0.08342358590652116,0.041666666666666664,2,2.002166061756508,1,24
18,increasingly,0.09596650239252037,0.041666666666666664,1,2.303196057420489,1,24
18,knowledge,0.06684275221185292,0.041666666666666664,5,1.60422605308447,1,24
18,learned,0.09596650239252037,0.041666666666666664,1,2.303196057420489,1,24
18,learning,0.08397591799448452,0.16666666666666666,63,0.5038555079669071,4,24
18,loop,0.16684717181304232,0.08333333333333333,2,2.002166061756508,2,24
18,machine,0.09380556132104084,0.16666666666666666,55,0.562833367926245,4,24
18,posed,0.09596650239252037,0.041666666666666664,1,2.303196057420489,1,24
18,research,0.05257514051092766,0.041666666666666664,11,1.261803372262264,1,24
18,see,0.09596650239252037,0.041666666666666664,1,2.303196057420489,1,24
18,survey,0.0542998357258537,0.041666666666666664,10,1.3031960574204888,1,24
18,we,0.03632634555256256,0.041666666666666664,27,0.8718322932615016,1,24
19,1959,0.10013895901828213,0.043478260869565216,1,2.303196057420489,1,23
19,arthur,0.10013895901828213,0.043478260869565216,1,2.303196057420489,1,23
19,delivered,0.10013895901828213,0.043478260869565216,1,2.303196057420489,1,23
19,describe,0.07939455663916636,0.043478260869565216,3,1.8260748027008264,1,23
19,economics,0.10013895901828213,0.043478260869565216,1,2.303196057420489,1,23
19,finance,0.10013895901828213,0.043478260869565216,1,2.303196057420489,1,23
19,ibm,0.10013895901828213,0.043478260869565216,1,2.303196057420489,1,23
19,introduced,0.10013895901828213,0.043478260869565216,1,2.303196057420489,1,23
19,learning,0.08762704486380994,0.17391304347826086,63,0.5038555079669071,4,23
19,machine,0.07341304799037979,0.13043478260869565,55,0.562833367926245,3,23
19,mainly,0.10013895901828213,0.043478260869565216,1,2.303196057420489,1,23
19,ml,0.06087417697515414,0.043478260869565216,8,1.4001060704285453,1,23
19,pattern,0.08705069833723947,0.043478260869565216,2,2.002166061756508,1,23
19,recognition,0.07396243765619681,0.043478260869565216,4,1.7011360660925265,1,23
19,samuel,0.10013895901828213,0.043478260869565216,1,2.303196057420489,1,23
19,tasks,0.08705069833723947,0.043478260869565216,2,2.002166061756508,1,23
19,while,0.10013895901828213,0.043478260869565216,1,2.303196057420489,1,23
19,working,0.10013895901828213,0.043478260869565216,1,2.303196057420489,1,23
20,address,0.08705069833723947,0.043478260869565216,2,2.002166061756508,1,23
20,applications,0.03935895864123701,0.043478260869565216,25,0.9052560487484512,1,23
20,applying,0.07939455663916636,0.043478260869565216,3,1.8260748027008264,1,23
20,biological,0.08705069833723947,0.043478260869565216,2,2.002166061756508,1,23
20,evaluation,0.0663062959581237,0.043478260869565216,6,1.5250448070368452,1,23
20,expected,0.08705069833723947,0.043478260869565216,2,2.002166061756508,1,23
20,further,0.10013895901828213,0.043478260869565216,1,2.303196057420489,1,23
20,how,0.06087417697515414,0.043478260869565216,8,1.4001060704285453,1,23
20,key,0.07396243765619681,0.043478260869565216,4,1.7011360660925265,1,23
20,learning,0.08762704486380994,0.17391304347826086,63,0.5038555079669071,4,23
20,machine,0.09788406398717305,0.17391304347826086,55,0.562833367926245,4,23
20,microbiology,0.10013895901828213,0.043478260869565216,1,2.303196057420489,1,23
20,points,0.08705069833723947,0.043478260869565216,2,2.002166061756508,1,23
20,practitioner,0.10013895901828213,0.043478260869565216,1,2.303196057420489,1,23
20,problems,0.07396243765619681,0.043478260869565216,4,1.7011360660925265,1,23
20,reinforced,0.08705069833723947,0.043478260869565216,2,2.002166061756508,1,23
20,these,0.05865015426005061,0.043478260869565216,9,1.348953547981164,1,23
21,been,0.06542831023432795,0.038461538461538464,4,1.7011360660925265,1,26
21,have,0.06170100204171039,0.038461538461538464,5,1.60422605308447,1,26
21,into,0.07700638699063492,0.038461538461538464,2,2.002166061756508,1,26
21,larger,0.08858446374694189,0.038461538461538464,1,2.303196057420489,1,26
21,learning,0.058137173996181596,0.11538461538461539,63,0.5038555079669071,3,26
21,machine,0.06494231168379751,0.11538461538461539,55,0.562833367926245,3,26
21,models,0.06170100204171039,0.038461538461538464,5,1.60422605308447,1,26
21,omlt,0.17716892749388377,0.07692307692307693,1,2.303196057420489,2,26
21,open,0.056080692977162776,0.038461538461538464,7,1.4580980174062321,1,26
21,optimization,0.23101916097190475,0.11538461538461539,2,2.002166061756508,3,26
21,package,0.07700638699063492,0.038461538461538464,2,2.002166061756508,1,26
21,problems,0.06542831023432795,0.038461538461538464,4,1.7011360660925265,1,26
21,software,0.06542831023432795,0.038461538461538464,4,1.7011360660925265,1,26
21,source,0.06542831023432795,0.038461538461538464,4,1.7011360660925265,1,26
21,toolkit,0.17716892749388377,0.07692307692307693,1,2.303196057420489,2,26
21,trained,0.08858446374694189,0.038461538461538464,1,2.303196057420489,1,26
21,using,0.042272156721714006,0.038461538461538464,16,1.099076074764564,1,26
21,which,0.056080692977162776,0.038461538461538464,7,1.4580980174062321,1,26
22,algorithms,0.06932021850167479,0.045454545454545456,6,1.5250448070368452,1,22
22,application,0.03450581877591879,0.045454545454545456,35,0.7591280130702133,1,22
22,chemical,0.10469072988274951,0.045454545454545456,1,2.303196057420489,1,22
22,deep,0.10518800197656826,0.09090909090909091,14,1.1570680217422509,2,22
22,engineering,0.09100754826165945,0.045454545454545456,2,2.002166061756508,1,22
22,especially,0.09100754826165945,0.045454545454545456,2,2.002166061756508,1,22
22,focus,0.09100754826165945,0.045454545454545456,2,2.002166061756508,1,22
22,its,0.06932021850167479,0.045454545454545456,6,1.5250448070368452,1,22
22,learning,0.11451261544702435,0.22727272727272727,63,0.5038555079669071,5,22
22,machine,0.07675000471721523,0.13636363636363635,55,0.562833367926245,3,22
22,models,0.0729193660492941,0.045454545454545456,5,1.60422605308447,1,22
22,perspective,0.09100754826165945,0.045454545454545456,2,2.002166061756508,1,22
22,probabilistic,0.10469072988274951,0.045454545454545456,1,2.303196057420489,1,22
22,statistical,0.09100754826165945,0.045454545454545456,2,2.002166061756508,1,22
22,unsupervised,0.08300340012276484,0.045454545454545456,3,1.8260748027008264,1,22
23,2020,0.08530355768224034,0.037037037037037035,1,2.303196057420489,1,27
23,art,0.07415429858357436,0.037037037037037035,2,2.002166061756508,1,27
23,between,0.0676324001000306,0.037037037037037035,3,1.8260748027008264,1,27
23,defining,0.08530355768224034,0.037037037037037035,1,2.303196057420489,1,27
23,hitl,0.08530355768224034,0.037037037037037035,1,2.303196057420489,1,27
23,human,0.06300503948490839,0.037037037037037035,4,1.7011360660925265,1,27
23,humans,0.08530355768224034,0.037037037037037035,1,2.303196057420489,1,27
23,idea,0.08530355768224034,0.037037037037037035,1,2.303196057420489,1,27
23,interactions,0.08530355768224034,0.037037037037037035,1,2.303196057420489,1,27
23,learning,0.0746452604395418,0.14814814814814814,63,0.5038555079669071,4,27
23,loop,0.07415429858357436,0.037037037037037035,2,2.002166061756508,1,27
23,machine,0.08338272117425852,0.14814814814814814,55,0.562833367926245,4,27
23,make,0.06300503948490839,0.037037037037037035,4,1.7011360660925265,1,27
23,ml,0.05185578038624242,0.037037037037037035,8,1.4001060704285453,1,27
23,munro,0.08530355768224034,0.037037037037037035,1,2.303196057420489,1,27
23,new,0.04826652064520329,0.037037037037037035,10,1.3031960574204888,1,27
23,not,0.05400363027430489,0.037037037037037035,7,1.4580980174062321,1,27
23,only,0.0676324001000306,0.037037037037037035,3,1.8260748027008264,1,27
23,researchers,0.0676324001000306,0.037037037037037035,3,1.8260748027008264,1,27
23,state,0.0676324001000306,0.037037037037037035,3,1.8260748027008264,1,27
23,types,0.0676324001000306,0.037037037037037035,3,1.8260748027008264,1,27
24,all,0.0641690421233788,0.04,5,1.60422605308447,1,25
24,causality,0.09212784229681957,0.04,1,2.303196057420489,1,25
24,compare,0.09212784229681957,0.04,1,2.303196057420489,1,25
24,disregards,0.09212784229681957,0.04,1,2.303196057420489,1,25
24,if,0.09212784229681957,0.04,1,2.303196057420489,1,25
24,information,0.09212784229681957,0.04,1,2.303196057420489,1,25
24,learning,0.08061688127470515,0.16,63,0.5038555079669071,4,25
24,machine,0.0900533388681992,0.16,55,0.562833367926245,4,25
24,not,0.05832392069624929,0.04,7,1.4580980174062321,1,25
24,often,0.09212784229681957,0.04,1,2.303196057420489,1,25
24,recent,0.0641690421233788,0.04,5,1.60422605308447,1,25
24,shortcoming,0.09212784229681957,0.04,1,2.303196057420489,1,25
24,since,0.09212784229681957,0.04,1,2.303196057420489,1,25
24,spite,0.09212784229681957,0.04,1,2.303196057420489,1,25
24,successes,0.09212784229681957,0.04,1,2.303196057420489,1,25
24,surprising,0.09212784229681957,0.04,1,2.303196057420489,1,25
24,too,0.09212784229681957,0.04,1,2.303196057420489,1,25
24,we,0.03487329173046006,0.04,27,0.8718322932615016,1,25
24,what,0.0641690421233788,0.04,5,1.60422605308447,1,25
25,analysis,0.04955219604640217,0.041666666666666664,13,1.189252705113652,1,24
25,applications,0.037719002031185465,0.041666666666666664,25,0.9052560487484512,1,24
25,challenges,0.060754084058593005,0.041666666666666664,7,1.4580980174062321,1,24
25,data,0.03566825108659456,0.041666666666666664,28,0.8560380260782696,1,24
25,engineering,0.08342358590652116,0.041666666666666664,2,2.002166061756508,1,24
25,environmental,0.09596650239252037,0.041666666666666664,1,2.303196057420489,1,24
25,ese,0.09596650239252037,0.041666666666666664,1,2.303196057420489,1,24
25,field,0.08342358590652116,0.041666666666666664,2,2.002166061756508,1,24
25,has,0.051000617140536,0.041666666666666664,12,1.224014811372864,1,24
25,ideas,0.09596650239252037,0.041666666666666664,1,2.303196057420489,1,24
25,learning,0.0629819384958634,0.125,63,0.5038555079669071,3,24
25,machine,0.07035417099078063,0.125,55,0.562833367926245,3,24
25,modeling,0.09596650239252037,0.041666666666666664,1,2.303196057420489,1,24
25,new,0.0542998357258537,0.041666666666666664,10,1.3031960574204888,1,24
25,opportunities,0.08342358590652116,0.041666666666666664,2,2.002166061756508,1,24
25,potential,0.07608645011253443,0.041666666666666664,3,1.8260748027008264,1,24
25,revolutionize,0.09596650239252037,0.041666666666666664,1,2.303196057420489,1,24
25,science,0.09596650239252037,0.041666666666666664,1,2.303196057420489,1,24
25,shortcomings,0.09596650239252037,0.041666666666666664,1,2.303196057420489,1,24
25,tools,0.060754084058593005,0.041666666666666664,7,1.4580980174062321,1,24
26,aplikasi,0.024817491199892187,0.043478260869565216,54,0.5708022975975203,1,23
26,arima,0.10013895901828213,0.043478260869565216,1,2.303196057420489,1,23
26,implementasi,0.126791131948368,0.08695652173913043,7,1.4580980174062321,2,23
26,indonesia,0.04454097636815913,0.043478260869565216,19,1.02444245646766,1,23
26,jabar,0.10013895901828213,0.043478260869565216,1,2.303196057420489,1,23
26,kasus,0.12174835395030828,0.08695652173913043,8,1.4001060704285453,2,23
26,kemudian,0.10013895901828213,0.043478260869565216,1,2.303196057420489,1,23
26,learning,0.08762704486380994,0.17391304347826086,63,0.5038555079669071,4,23
26,machine,0.09788406398717305,0.17391304347826086,55,0.562833367926245,4,23
26,model,0.05170663935276748,0.043478260869565216,13,1.189252705113652,1,23
26,prediksi,0.11730030852010122,0.08695652173913043,9,1.348953547981164,2,23
26,sakit,0.07396243765619681,0.043478260869565216,4,1.7011360660925265,1,23
26,terap,0.03591629576960115,0.043478260869565216,30,0.8260748027008264,1,23
26,tingkat,0.045561893579007945,0.043478260869565216,18,1.0479235523171828,1,23
27,ajar,0.05865556950141713,0.038461538461538464,6,1.5250448070368452,1,26
27,banjir,0.07700638699063492,0.038461538461538464,2,2.002166061756508,1,26
27,bencana,0.07700638699063492,0.038461538461538464,2,2.002166061756508,1,26
27,data,0.03292453946454883,0.038461538461538464,28,0.8560380260782696,1,26
27,deteksi,0.06542831023432795,0.038461538461538464,4,1.7011360660925265,1,26
27,guna,0.025374745420550054,0.038461538461538464,44,0.6597433809343014,1,26
27,hasil,0.05012292528540342,0.038461538461538464,10,1.3031960574204888,1,26
27,historis,0.08858446374694189,0.038461538461538464,1,2.303196057420489,1,26
27,learning,0.0775162319949088,0.15384615384615385,63,0.5038555079669071,4,26
27,machine,0.08658974891173002,0.15384615384615385,55,0.562833367926245,4,26
27,metode,0.07545975097588997,0.07692307692307693,21,0.9809767626865696,2,26
27,pola,0.08858446374694189,0.038461538461538464,1,2.303196057420489,1,26
27,pustaka,0.08858446374694189,0.038461538461538464,1,2.303196057420489,1,26
27,sehingga,0.07700638699063492,0.038461538461538464,2,2.002166061756508,1,26
27,sistematis,0.08858446374694189,0.038461538461538464,1,2.303196057420489,1,26
27,teliti,0.037729875487944986,0.038461538461538464,21,0.9809767626865696,1,26
27,terap,0.03177210779618563,0.038461538461538464,30,0.8260748027008264,1,26
27,tinjau,0.06170100204171039,0.038461538461538464,5,1.60422605308447,1,26
27,tunjuk,0.08858446374694189,0.038461538461538464,1,2.303196057420489,1,26
28,application,0.023003879183945856,0.030303030303030304,35,0.7591280130702133,1,33
28,curang,0.069793819921833,0.030303030303030304,1,2.303196057420489,1,33
28,data,0.0518810924895921,0.06060606060606061,28,0.8560380260782696,2,33
28,deep,0.140250669302091,0.12121212121212122,14,1.1570680217422509,4,33
28,deteksi,0.05154957776037959,0.030303030303030304,4,1.7011360660925265,1,33
28,evidence,0.069793819921833,0.030303030303030304,1,2.303196057420489,1,33
28,lapor,0.0606716988411063,0.030303030303030304,2,2.002166061756508,1,33
28,learning,0.1221467898101593,0.24242424242424243,63,0.5038555079669071,8,33
28,literature,0.039490789618802695,0.030303030303030304,10,1.3031960574204888,1,33
28,machine,0.06822222641530243,0.12121212121212122,55,0.562833367926245,4,33
28,mining,0.055335600081843225,0.030303030303030304,3,1.8260748027008264,1,33
28,new,0.039490789618802695,0.030303030303030304,10,1.3031960574204888,1,33
28,provides,0.046213479001116525,0.030303030303030304,6,1.5250448070368452,1,33
28,review,0.027969236839663115,0.030303030303030304,24,0.9229848157088828,1,33
28,such,0.05154957776037959,0.030303030303030304,4,1.7011360660925265,1,33
28,systematic,0.033305335598926185,0.030303030303030304,16,1.099076074764564,1,33
28,technologies,0.055335600081843225,0.030303030303030304,3,1.8260748027008264,1,33
28,terap,0.025032569778812925,0.030303030303030304,30,0.8260748027008264,1,33
28,uang,0.05154957776037959,0.030303030303030304,4,1.7011360660925265,1,33
29,apabila,0.10013895901828213,0.043478260869565216,1,2.303196057420489,1,23
29,banjir,0.08705069833723947,0.043478260869565216,2,2.002166061756508,1,23
29,bencana,0.08705069833723947,0.043478260869565216,2,2.002166061756508,1,23
29,dua,0.10013895901828213,0.043478260869565216,1,2.303196057420489,1,23
29,garis,0.10013895901828213,0.043478260869565216,1,2.303196057420489,1,23
29,hujan,0.20027791803656425,0.08695652173913043,1,2.303196057420489,2,23
29,iklim,0.10013895901828213,0.043478260869565216,1,2.303196057420489,1,23
29,indonesia,0.08908195273631826,0.08695652173913043,19,1.02444245646766,2,23
29,katulistiwa,0.10013895901828213,0.043478260869565216,1,2.303196057420489,1,23
29,kemarau,0.10013895901828213,0.043478260869565216,1,2.303196057420489,1,23
29,learning,0.021906761215952485,0.043478260869565216,63,0.5038555079669071,1,23
29,letak,0.08705069833723947,0.043478260869565216,2,2.002166061756508,1,23
29,machine,0.02447101599679326,0.043478260869565216,55,0.562833367926245,1,23
29,milik,0.063395565974184,0.043478260869565216,7,1.4580980174062321,1,23
29,musim,0.4005558360731285,0.17391304347826086,1,2.303196057420489,4,23
29,prediksi,0.05865015426005061,0.043478260869565216,9,1.348953547981164,1,23
29,terap,0.03591629576960115,0.043478260869565216,30,0.8260748027008264,1,23
29,tropis,0.10013895901828213,0.043478260869565216,1,2.303196057420489,1,23
30,aims,0.04703541991633007,0.03225806451612903,7,1.4580980174062321,1,31
30,application,0.024488000421619784,0.03225806451612903,35,0.7591280130702133,1,31
30,card,0.14859329402712831,0.06451612903225806,1,2.303196057420489,2,31
30,could,0.07429664701356416,0.03225806451612903,1,2.303196057420489,1,31
30,credit,0.14859329402712831,0.06451612903225806,1,2.303196057420489,2,31
30,deep,0.07464954978982263,0.06451612903225806,14,1.1570680217422509,2,31
30,detection,0.07429664701356416,0.03225806451612903,1,2.303196057420489,1,31
30,deteksi,0.05487535697072666,0.03225806451612903,4,1.7011360660925265,1,31
30,enhancing,0.06458600199214541,0.03225806451612903,2,2.002166061756508,1,31
30,explore,0.06458600199214541,0.03225806451612903,2,2.002166061756508,1,31
30,fraud,0.14859329402712831,0.06451612903225806,1,2.303196057420489,2,31
30,gaps,0.06458600199214541,0.03225806451612903,2,2.002166061756508,1,31
30,identifying,0.05890563879680085,0.03225806451612903,3,1.8260748027008264,1,31
30,knowledge,0.05174922751885387,0.03225806451612903,5,1.60422605308447,1,31
30,learning,0.06501361393121383,0.12903225806451613,63,0.5038555079669071,4,31
30,literature,0.042038582497435126,0.03225806451612903,10,1.3031960574204888,1,31
30,machine,0.03631183018879,0.06451612903225806,55,0.562833367926245,2,31
30,research,0.040703334589105286,0.03225806451612903,11,1.261803372262264,1,31
30,review,0.029773703732544607,0.03225806451612903,24,0.9229848157088828,1,31
30,serve,0.07429664701356416,0.03225806451612903,1,2.303196057420489,1,31
30,systematic,0.03545406692788916,0.03225806451612903,16,1.099076074764564,1,31
30,terap,0.02664757428067182,0.03225806451612903,30,0.8260748027008264,1,31
30,tingkat,0.0338039855586188,0.03225806451612903,18,1.0479235523171828,1,31
31,analis,0.05347420176948234,0.03333333333333333,5,1.60422605308447,1,30
31,atribut,0.0767732019140163,0.03333333333333333,1,2.303196057420489,1,30
31,bagi,0.060869160090027546,0.03333333333333333,3,1.8260748027008264,1,30
31,data,0.028534600869275655,0.03333333333333333,28,0.8560380260782696,1,30
31,dataset,0.06673886872521692,0.03333333333333333,2,2.002166061756508,1,30
31,guna,0.02199144603114338,0.03333333333333333,44,0.6597433809343014,1,30
31,ketidakpastian,0.0767732019140163,0.03333333333333333,1,2.303196057420489,1,30
31,klasifikasi,0.05670453553641755,0.03333333333333333,4,1.7011360660925265,1,30
31,konsep,0.060869160090027546,0.03333333333333333,3,1.8260748027008264,1,30
31,learning,0.03359036719779381,0.06666666666666667,63,0.5038555079669071,2,30
31,machine,0.03752222452841634,0.06666666666666667,55,0.562833367926245,2,30
31,mahasiswa,0.060869160090027546,0.03333333333333333,3,1.8260748027008264,1,30
31,matakuliah,0.0767732019140163,0.03333333333333333,1,2.303196057420489,1,30
31,metode,0.032699225422885655,0.03333333333333333,21,0.9809767626865696,1,30
31,mining,0.060869160090027546,0.03333333333333333,3,1.8260748027008264,1,30
31,objek,0.06673886872521692,0.03333333333333333,2,2.002166061756508,1,30
31,paham,0.06673886872521692,0.03333333333333333,2,2.002166061756508,1,30
31,penting,0.04667020234761818,0.03333333333333333,8,1.4001060704285453,1,30
31,prediksi,0.0449651182660388,0.03333333333333333,9,1.348953547981164,1,30
31,rough,0.1535464038280326,0.06666666666666667,1,2.303196057420489,2,30
31,rs,0.0767732019140163,0.03333333333333333,1,2.303196057420489,1,30
31,rupa,0.050834826901228175,0.03333333333333333,6,1.5250448070368452,1,30
31,set,0.12173832018005509,0.06666666666666667,3,1.8260748027008264,2,30
31,tentu,0.060869160090027546,0.03333333333333333,3,1.8260748027008264,1,30
31,terap,0.027535826756694214,0.03333333333333333,30,0.8260748027008264,1,30
31,tingkat,0.03493078507723943,0.03333333333333333,18,1.0479235523171828,1,30
32,adapun,0.0676324001000306,0.037037037037037035,3,1.8260748027008264,1,27
32,badan,0.08530355768224034,0.037037037037037035,1,2.303196057420489,1,27
32,berat,0.08530355768224034,0.037037037037037035,1,2.303196057420489,1,27
32,data,0.03170511207697295,0.037037037037037035,28,0.8560380260782696,1,27
32,imbalanced,0.08530355768224034,0.037037037037037035,1,2.303196057420489,1,27
32,indonesia,0.03794231320250592,0.037037037037037035,19,1.02444245646766,1,27
32,jadi,0.07415429858357436,0.037037037037037035,2,2.002166061756508,1,27
32,kaji,0.0676324001000306,0.037037037037037035,3,1.8260748027008264,1,27
32,kasus,0.05185578038624242,0.037037037037037035,8,1.4001060704285453,1,27
32,klasifikasi,0.12601007896981678,0.07407407407407407,4,1.7011360660925265,2,27
32,lahir,0.08530355768224034,0.037037037037037035,1,2.303196057420489,1,27
32,learning,0.055983945329656344,0.1111111111111111,63,0.5038555079669071,3,27
32,machine,0.04169136058712926,0.07407407407407407,55,0.562833367926245,2,27
32,meachine,0.08530355768224034,0.037037037037037035,1,2.303196057420489,1,27
32,metode,0.1089974180762855,0.1111111111111111,21,0.9809767626865696,3,27
32,model,0.044046396485690816,0.037037037037037035,13,1.189252705113652,1,27
32,perhati,0.0676324001000306,0.037037037037037035,3,1.8260748027008264,1,27
32,rendah,0.08530355768224034,0.037037037037037035,1,2.303196057420489,1,27
32,risiko,0.0676324001000306,0.037037037037037035,3,1.8260748027008264,1,27
32,terap,0.06119072612598714,0.07407407407407407,30,0.8260748027008264,2,27
33,abilities,0.06774106051236732,0.029411764705882353,1,2.303196057420489,1,34
33,among,0.058887237110485526,0.029411764705882353,2,2.002166061756508,1,34
33,been,0.05003341370860372,0.029411764705882353,4,1.7011360660925265,1,34
33,can,0.037111863890066585,0.029411764705882353,11,1.261803372262264,1,34
33,dymens,0.06774106051236732,0.029411764705882353,1,2.303196057420489,1,34
33,extensively,0.06774106051236732,0.029411764705882353,1,2.303196057420489,1,34
33,fields,0.06774106051236732,0.029411764705882353,1,2.303196057420489,1,34
33,guna,0.019404217086302984,0.029411764705882353,44,0.6597433809343014,1,34
33,has,0.036000435628613645,0.029411764705882353,12,1.224014811372864,1,34
33,hotel,0.06774106051236732,0.029411764705882353,1,2.303196057420489,1,34
33,human,0.05003341370860372,0.029411764705882353,4,1.7011360660925265,1,34
33,improve,0.04485425903049545,0.029411764705882353,6,1.5250448070368452,1,34
33,learning,0.044457838938256514,0.08823529411764706,63,0.5038555079669071,3,34
33,machine,0.0496617677581981,0.08823529411764706,55,0.562833367926245,3,34
33,metode,0.028852257726075577,0.029411764705882353,21,0.9809767626865696,1,34
33,over,0.058887237110485526,0.029411764705882353,2,2.002166061756508,1,34
33,problems,0.05003341370860372,0.029411764705882353,4,1.7011360660925265,1,34
33,puas,0.05370808243237725,0.029411764705882353,3,1.8260748027008264,1,34
33,replace,0.06774106051236732,0.029411764705882353,1,2.303196057420489,1,34
33,researched,0.06774106051236732,0.029411764705882353,1,2.303196057420489,1,34
33,solve,0.06774106051236732,0.029411764705882353,1,2.303196057420489,1,34
33,tamu,0.06774106051236732,0.029411764705882353,1,2.303196057420489,1,34
33,tentu,0.05370808243237725,0.029411764705882353,3,1.8260748027008264,1,34
33,terap,0.024296317726494897,0.029411764705882353,30,0.8260748027008264,1,34
33,time,0.05003341370860372,0.029411764705882353,4,1.7011360660925265,1,34
33,tingkat,0.030821280950505375,0.029411764705882353,18,1.0479235523171828,1,34
33,used,0.04485425903049545,0.029411764705882353,6,1.5250448070368452,1,34
33,vader,0.06774106051236732,0.029411764705882353,1,2.303196057420489,1,34
33,various,0.1074161648647545,0.058823529411764705,3,1.8260748027008264,2,34
34,air,0.1588411074083096,0.06896551724137931,1,2.303196057420489,2,29
34,algoritma,0.04651563958555738,0.034482758620689655,9,1.348953547981164,1,29
34,cakup,0.06296809664485609,0.034482758620689655,3,1.8260748027008264,1,29
34,dekat,0.058659864348018155,0.034482758620689655,4,1.7011360660925265,1,29
34,guna,0.04549954351271044,0.06896551724137931,44,0.6597433809343014,2,29
34,klasifikasi,0.11731972869603631,0.06896551724137931,4,1.7011360660925265,2,29
34,kualitas,0.1005584839590505,0.06896551724137931,7,1.4580980174062321,2,29
34,learning,0.0521229835827835,0.10344827586206896,63,0.5038555079669071,3,29
34,logistic,0.0794205537041548,0.034482758620689655,1,2.303196057420489,1,29
34,machine,0.058224141509611554,0.10344827586206896,55,0.562833367926245,3,29
34,minum,0.1588411074083096,0.06896551724137931,1,2.303196057420489,2,29
34,model,0.041008713969436277,0.034482758620689655,13,1.189252705113652,1,29
34,random,0.06904020902608647,0.034482758620689655,2,2.002166061756508,1,29
34,regression,0.06296809664485609,0.034482758620689655,3,1.8260748027008264,1,29
34,supervised,0.058659864348018155,0.034482758620689655,4,1.7011360660925265,1,29
34,support,0.058659864348018155,0.034482758620689655,4,1.7011360660925265,1,29
34,svm,0.0794205537041548,0.034482758620689655,1,2.303196057420489,1,29
34,terap,0.056970676048332856,0.06896551724137931,30,0.8260748027008264,2,29
34,vector,0.06296809664485609,0.034482758620689655,3,1.8260748027008264,1,29
35,access,0.05941577974386926,0.037037037037037035,5,1.60422605308447,1,27
35,analisis,0.040706521287576444,0.037037037037037035,16,1.099076074764564,1,27
35,analysis,0.044046396485690816,0.037037037037037035,13,1.189252705113652,1,27
35,aplikasi,0.021140825836945196,0.037037037037037035,54,0.5708022975975203,1,27
35,application,0.056231704671867645,0.07407407407407407,35,0.7591280130702133,2,27
35,data,0.03170511207697295,0.037037037037037035,28,0.8560380260782696,1,27
35,digital,0.044046396485690816,0.037037037037037035,13,1.189252705113652,1,27
35,google,0.06300503948490839,0.037037037037037035,4,1.7011360660925265,1,27
35,learning,0.01866131510988545,0.037037037037037035,63,0.5038555079669071,1,27
35,machine,0.02084568029356463,0.037037037037037035,55,0.562833367926245,1,27
35,mengunakan,0.08530355768224034,0.037037037037037035,1,2.303196057420489,1,27
35,mytelkomsel,0.255910673046721,0.1111111111111111,1,2.303196057420489,3,27
35,platform,0.07415429858357436,0.037037037037037035,2,2.002166061756508,1,27
35,playstore,0.07415429858357436,0.037037037037037035,2,2.002166061756508,1,27
35,provides,0.05648314100136463,0.037037037037037035,6,1.5250448070368452,1,27
35,relevant,0.08530355768224034,0.037037037037037035,1,2.303196057420489,1,27
35,sentimen,0.0676324001000306,0.037037037037037035,3,1.8260748027008264,1,27
35,sentiment,0.08530355768224034,0.037037037037037035,1,2.303196057420489,1,27
35,services,0.0676324001000306,0.037037037037037035,3,1.8260748027008264,1,27
35,telecommunications,0.08530355768224034,0.037037037037037035,1,2.303196057420489,1,27
35,terap,0.03059536306299357,0.037037037037037035,30,0.8260748027008264,1,27
35,therefore,0.08530355768224034,0.037037037037037035,1,2.303196057420489,1,27
35,ulas,0.06300503948490839,0.037037037037037035,4,1.7011360660925265,1,27
35,users,0.04826652064520329,0.037037037037037035,10,1.3031960574204888,1,27
36,16,0.06458600199214541,0.03225806451612903,2,2.002166061756508,1,31
36,19,0.04703541991633007,0.03225806451612903,7,1.4580980174062321,1,31
36,aplikasi,0.018412977341855492,0.03225806451612903,54,0.5708022975975203,1,31
36,cara,0.07429664701356416,0.03225806451612903,1,2.303196057420489,1,31
36,covid,0.049194993775382105,0.03225806451612903,6,1.5250448070368452,1,31
36,data,0.055228259746985135,0.06451612903225806,28,0.8560380260782696,2,31
36,decision,0.07429664701356416,0.03225806451612903,1,2.303196057420489,1,31
36,dunia,0.05487535697072666,0.03225806451612903,4,1.7011360660925265,1,31
36,guna,0.021282044546267788,0.03225806451612903,44,0.6597433809343014,1,31
36,hasil,0.042038582497435126,0.03225806451612903,10,1.3031960574204888,1,31
36,layan,0.042038582497435126,0.03225806451612903,10,1.3031960574204888,1,31
36,learning,0.06501361393121383,0.12903225806451613,63,0.5038555079669071,4,31
36,machine,0.07262366037758,0.12903225806451613,55,0.562833367926245,4,31
36,mana,0.07429664701356416,0.03225806451612903,1,2.303196057420489,1,31
36,metode,0.03164441169956676,0.03225806451612903,21,0.9809767626865696,1,31
36,nyata,0.07429664701356416,0.03225806451612903,1,2.303196057420489,1,31
36,putus,0.06458600199214541,0.03225806451612903,2,2.002166061756508,1,31
36,sehat,0.04703541991633007,0.03225806451612903,7,1.4580980174062321,1,31
36,terap,0.05329514856134364,0.06451612903225806,30,0.8260748027008264,2,31
36,terus,0.14859329402712831,0.06451612903225806,1,2.303196057420489,2,31
36,tree,0.06458600199214541,0.03225806451612903,2,2.002166061756508,1,31
36,visualisasi,0.07429664701356416,0.03225806451612903,1,2.303196057420489,1,31
37,algoritma,0.0674476773990582,0.05,9,1.348953547981164,1,20
37,baca,0.11515980287102445,0.05,1,2.303196057420489,1,20
37,buku,0.11515980287102445,0.05,1,2.303196057420489,1,20
37,deep,0.11570680217422509,0.1,14,1.1570680217422509,2,20
37,dekat,0.08505680330462634,0.05,4,1.7011360660925265,1,20
37,ikut,0.11515980287102445,0.05,1,2.303196057420489,1,20
37,jelas,0.1001083030878254,0.05,2,2.002166061756508,1,20
37,konsep,0.09130374013504133,0.05,3,1.8260748027008264,1,20
37,learning,0.10077110159338143,0.2,63,0.5038555079669071,4,20
37,machine,0.05628333679262451,0.1,55,0.562833367926245,2,20
37,matematis,0.11515980287102445,0.05,1,2.303196057420489,1,20
37,milik,0.07290490087031161,0.05,7,1.4580980174062321,1,20
37,saran,0.1001083030878254,0.05,2,2.002166061756508,1,20
37,sederhana,0.1001083030878254,0.05,2,2.002166061756508,1,20
37,terap,0.041303740135041324,0.05,30,0.8260748027008264,1,20
38,data,0.07443808922419735,0.08695652173913043,28,0.8560380260782696,2,23
38,deep,0.05030730529314134,0.043478260869565216,14,1.1570680217422509,1,23
38,help,0.07396243765619681,0.043478260869565216,4,1.7011360660925265,1,23
38,kategori,0.07939455663916636,0.043478260869565216,3,1.8260748027008264,1,23
38,learning,0.10953380607976242,0.21739130434782608,63,0.5038555079669071,5,23
38,machine,0.09788406398717305,0.17391304347826086,55,0.562833367926245,4,23
38,olah,0.10013895901828213,0.043478260869565216,1,2.303196057420489,1,23
38,plastik,0.10013895901828213,0.043478260869565216,1,2.303196057420489,1,23
38,rumah,0.10013895901828213,0.043478260869565216,1,2.303196057420489,1,23
38,sampah,0.10013895901828213,0.043478260869565216,1,2.303196057420489,1,23
38,simpan,0.10013895901828213,0.043478260869565216,1,2.303196057420489,1,23
38,tangga,0.10013895901828213,0.043478260869565216,1,2.303196057420489,1,23
38,terap,0.0718325915392023,0.08695652173913043,30,0.8260748027008264,2,23
38,we,0.03790575188093485,0.043478260869565216,27,0.8718322932615016,1,23
39,aims,0.0486032672468744,0.03333333333333333,7,1.4580980174062321,1,30
39,bibit,0.0767732019140163,0.03333333333333333,1,2.303196057420489,1,30
39,can,0.04206011240874213,0.03333333333333333,11,1.261803372262264,1,30
39,data,0.028534600869275655,0.03333333333333333,28,0.8560380260782696,1,30
39,facilitate,0.0767732019140163,0.03333333333333333,1,2.303196057420489,1,30
39,generally,0.0767732019140163,0.03333333333333333,1,2.303196057420489,1,30
39,identifikasi,0.060869160090027546,0.03333333333333333,3,1.8260748027008264,1,30
39,klasifikasi,0.05670453553641755,0.03333333333333333,4,1.7011360660925265,1,30
39,leaning,0.0767732019140163,0.03333333333333333,1,2.303196057420489,1,30
39,learning,0.03359036719779381,0.06666666666666667,63,0.5038555079669071,2,30
39,lot,0.0767732019140163,0.03333333333333333,1,2.303196057420489,1,30
39,machine,0.09380556132104084,0.16666666666666666,55,0.562833367926245,5,30
39,object,0.0767732019140163,0.03333333333333333,1,2.303196057420489,1,30
39,process,0.060869160090027546,0.03333333333333333,3,1.8260748027008264,1,30
39,recognition,0.05670453553641755,0.03333333333333333,4,1.7011360660925265,1,30
39,requires,0.06673886872521692,0.03333333333333333,2,2.002166061756508,1,30
39,so,0.06673886872521692,0.03333333333333333,2,2.002166061756508,1,30
39,study,0.03856893405807503,0.03333333333333333,14,1.1570680217422509,1,30
39,tanam,0.06673886872521692,0.03333333333333333,2,2.002166061756508,1,30
39,teachable,0.1535464038280326,0.06666666666666667,1,2.303196057420489,2,30
39,terap,0.027535826756694214,0.03333333333333333,30,0.8260748027008264,1,30
39,training,0.06673886872521692,0.03333333333333333,2,2.002166061756508,1,30
39,use,0.04667020234761818,0.03333333333333333,8,1.4001060704285453,1,30
39,which,0.0486032672468744,0.03333333333333333,7,1.4580980174062321,1,30
40,ajar,0.06100179228147381,0.04,6,1.5250448070368452,1,25
40,algoritma,0.05395814191924656,0.04,9,1.348953547981164,1,25
40,beban,0.09212784229681957,0.04,1,2.303196057420489,1,25
40,diabetes,0.16017328494052063,0.08,2,2.002166061756508,2,25
40,ekonomi,0.08008664247026032,0.04,2,2.002166061756508,1,25
40,global,0.0641690421233788,0.04,5,1.60422605308447,1,25
40,hidup,0.09212784229681957,0.04,1,2.303196057420489,1,25
40,individu,0.09212784229681957,0.04,1,2.303196057420489,1,25
40,kualitas,0.05832392069624929,0.04,7,1.4580980174062321,1,25
40,learning,0.040308440637352574,0.08,63,0.5038555079669071,2,25
40,logistik,0.09212784229681957,0.04,1,2.303196057420489,1,25
40,machine,0.0450266694340996,0.08,55,0.562833367926245,2,25
40,masalah,0.08008664247026032,0.04,2,2.002166061756508,1,25
40,pengaruh,0.07304299210803306,0.04,3,1.8260748027008264,1,25
40,prediksi,0.05395814191924656,0.04,9,1.348953547981164,1,25
40,regresi,0.09212784229681957,0.04,1,2.303196057420489,1,25
40,rupa,0.06100179228147381,0.04,6,1.5250448070368452,1,25
40,sehat,0.05832392069624929,0.04,7,1.4580980174062321,1,25
40,signifikan,0.08008664247026032,0.04,2,2.002166061756508,1,25
40,sosial,0.09212784229681957,0.04,1,2.303196057420489,1,25
40,terap,0.03304299210803306,0.04,30,0.8260748027008264,1,25
40,timbul,0.08008664247026032,0.04,2,2.002166061756508,1,25
41,17,0.08225700205073175,0.03571428571428571,1,2.303196057420489,1,28
41,2030,0.08225700205073175,0.03571428571428571,1,2.303196057420489,1,28
41,algoritma,0.04817691242789871,0.03571428571428571,9,1.348953547981164,1,28
41,dunia,0.12150971900660903,0.07142857142857142,4,1.7011360660925265,2,28
41,forest,0.08225700205073175,0.03571428571428571,1,2.303196057420489,1,28
41,jantung,0.1645140041014635,0.07142857142857142,1,2.303196057420489,2,28
41,jiwa,0.08225700205073175,0.03571428571428571,1,2.303196057420489,1,28
41,juta,0.08225700205073175,0.03571428571428571,1,2.303196057420489,1,28
41,kira,0.08225700205073175,0.03571428571428571,1,2.303196057420489,1,28
41,learning,0.017994839570246682,0.03571428571428571,63,0.5038555079669071,1,28
41,machine,0.020101191711651607,0.03571428571428571,55,0.562833367926245,1,28
41,mati,0.07150593077701813,0.03571428571428571,2,2.002166061756508,1,28
41,organisasi,0.07150593077701813,0.03571428571428571,2,2.002166061756508,1,28
41,prediksi,0.04817691242789871,0.03571428571428571,9,1.348953547981164,1,28
41,proyeksi,0.08225700205073175,0.03571428571428571,1,2.303196057420489,1,28
41,random,0.07150593077701813,0.03571428571428571,2,2.002166061756508,1,28
41,sakit,0.12150971900660903,0.07142857142857142,4,1.7011360660925265,2,28
41,sebab,0.08225700205073175,0.03571428571428571,1,2.303196057420489,1,28
41,sehat,0.05207492919307972,0.03571428571428571,7,1.4580980174062321,1,28
41,tahun,0.07150593077701813,0.03571428571428571,2,2.002166061756508,1,28
41,terap,0.029502671525029514,0.03571428571428571,30,0.8260748027008264,1,28
41,tetap,0.08225700205073175,0.03571428571428571,1,2.303196057420489,1,28
41,turut,0.08225700205073175,0.03571428571428571,1,2.303196057420489,1,28
41,utama,0.07150593077701813,0.03571428571428571,2,2.002166061756508,1,28
41,who,0.07150593077701813,0.03571428571428571,2,2.002166061756508,1,28
42,algoritma,0.04817691242789871,0.03571428571428571,9,1.348953547981164,1,28
42,bas,0.030028502125769026,0.03571428571428571,29,0.8407980595215327,1,28
42,c4,0.08225700205073175,0.03571428571428571,1,2.303196057420489,1,28
42,data,0.030572786645652484,0.03571428571428571,28,0.8560380260782696,1,28
42,daya,0.08225700205073175,0.03571428571428571,1,2.303196057420489,1,28
42,didik,0.06521695723931523,0.03571428571428571,3,1.8260748027008264,1,28
42,galak,0.08225700205073175,0.03571428571428571,1,2.303196057420489,1,28
42,guna,0.023562263604796477,0.03571428571428571,44,0.6597433809343014,1,28
42,indonesia,0.03658723058813071,0.03571428571428571,19,1.02444245646766,1,28
42,kualitas,0.05207492919307972,0.03571428571428571,7,1.4580980174062321,1,28
42,learning,0.017994839570246682,0.03571428571428571,63,0.5038555079669071,1,28
42,machine,0.020101191711651607,0.03571428571428571,55,0.562833367926245,1,28
42,manusia,0.08225700205073175,0.03571428571428571,1,2.303196057420489,1,28
42,menganalisa,0.08225700205073175,0.03571428571428571,1,2.303196057420489,1,28
42,pegang,0.08225700205073175,0.03571428571428571,1,2.303196057420489,1,28
42,penting,0.0500037882295909,0.03571428571428571,8,1.4001060704285453,1,28
42,peran,0.07150593077701813,0.03571428571428571,2,2.002166061756508,1,28
42,perintah,0.06521695723931523,0.03571428571428571,3,1.8260748027008264,1,28
42,program,0.06521695723931523,0.03571428571428571,3,1.8260748027008264,1,28
42,pso,0.08225700205073175,0.03571428571428571,1,2.303196057420489,1,28
42,putus,0.07150593077701813,0.03571428571428571,2,2.002166061756508,1,28
42,sangat,0.057293787610159644,0.03571428571428571,5,1.60422605308447,1,28
42,sekolah,0.07150593077701813,0.03571428571428571,2,2.002166061756508,1,28
42,siswa,0.06521695723931523,0.03571428571428571,3,1.8260748027008264,1,28
42,sumber,0.07150593077701813,0.03571428571428571,2,2.002166061756508,1,28
42,terap,0.029502671525029514,0.03571428571428571,30,0.8260748027008264,1,28
42,tingkat,0.0374258411541851,0.03571428571428571,18,1.0479235523171828,1,28
42,wajib,0.08225700205073175,0.03571428571428571,1,2.303196057420489,1,28
43,algoritma,0.049961242517820886,0.037037037037037035,9,1.348953547981164,1,27
43,bagi,0.0676324001000306,0.037037037037037035,3,1.8260748027008264,1,27
43,data,0.0634102241539459,0.07407407407407407,28,0.8560380260782696,2,27
43,guna,0.048869880069207505,0.07407407407407407,44,0.6597433809343014,2,27
43,identifikasi,0.0676324001000306,0.037037037037037035,3,1.8260748027008264,1,27
43,learning,0.0373226302197709,0.07407407407407407,63,0.5038555079669071,2,27
43,lembap,0.08530355768224034,0.037037037037037035,1,2.303196057420489,1,27
43,machine,0.08338272117425852,0.14814814814814814,55,0.562833367926245,4,27
43,mining,0.0676324001000306,0.037037037037037035,3,1.8260748027008264,1,27
43,prediksi,0.09992248503564177,0.07407407407407407,9,1.348953547981164,2,27
43,rata,0.17060711536448067,0.07407407407407407,1,2.303196057420489,2,27
43,rupa,0.05648314100136463,0.037037037037037035,6,1.5250448070368452,1,27
43,support,0.12601007896981678,0.07407407407407407,4,1.7011360660925265,2,27
43,teknik,0.08530355768224034,0.037037037037037035,1,2.303196057420489,1,27
43,terap,0.03059536306299357,0.037037037037037035,30,0.8260748027008264,1,27
43,udara,0.08530355768224034,0.037037037037037035,1,2.303196057420489,1,27
43,vector,0.1352648002000612,0.07407407407407407,3,1.8260748027008264,2,27
44,algoritma,0.04651563958555738,0.034482758620689655,9,1.348953547981164,1,29
44,bank,0.06296809664485609,0.034482758620689655,3,1.8260748027008264,1,29
44,biasa,0.06904020902608647,0.034482758620689655,2,2.002166061756508,1,29
44,buat,0.03699128055317982,0.034482758620689655,17,1.072747136042215,1,29
44,harga,0.06904020902608647,0.034482758620689655,2,2.002166061756508,1,29
44,laku,0.1005584839590505,0.06896551724137931,7,1.4580980174062321,2,29
44,learning,0.0521229835827835,0.10344827586206896,63,0.5038555079669071,3,29
44,linear,0.06904020902608647,0.034482758620689655,2,2.002166061756508,1,29
44,luar,0.0794205537041548,0.034482758620689655,1,2.303196057420489,1,29
44,machine,0.058224141509611554,0.10344827586206896,55,0.562833367926245,3,29
44,mandiri,0.0794205537041548,0.034482758620689655,1,2.303196057420489,1,29
44,model,0.041008713969436277,0.034482758620689655,13,1.189252705113652,1,29
44,persero,0.0794205537041548,0.034482758620689655,1,2.303196057420489,1,29
44,prediksi,0.09303127917111476,0.06896551724137931,9,1.348953547981164,2,29
44,pt,0.0794205537041548,0.034482758620689655,1,2.303196057420489,1,29
44,regression,0.06296809664485609,0.034482758620689655,3,1.8260748027008264,1,29
44,representasi,0.0794205537041548,0.034482758620689655,1,2.303196057420489,1,29
44,saham,0.0794205537041548,0.034482758620689655,1,2.303196057420489,1,29
44,tbk,0.0794205537041548,0.034482758620689655,1,2.303196057420489,1,29
44,teliti,0.03382678492022654,0.034482758620689655,21,0.9809767626865696,1,29
44,terap,0.028485338024166428,0.034482758620689655,30,0.8260748027008264,1,29
44,tuju,0.043510461112491856,0.034482758620689655,11,1.261803372262264,1,29
44,unggul,0.0794205537041548,0.034482758620689655,1,2.303196057420489,1,29
45,akademik,0.08225700205073175,0.03571428571428571,1,2.303196057420489,1,28
45,algoritma,0.04817691242789871,0.03571428571428571,9,1.348953547981164,1,28
45,assist,0.07150593077701813,0.03571428571428571,2,2.002166061756508,1,28
45,can,0.04506440615222371,0.03571428571428571,11,1.261803372262264,1,28
45,educators,0.08225700205073175,0.03571428571428571,1,2.303196057420489,1,28
45,enabling,0.08225700205073175,0.03571428571428571,1,2.303196057420489,1,28
45,enhance,0.08225700205073175,0.03571428571428571,1,2.303196057420489,1,28
45,factors,0.057293787610159644,0.03571428571428571,5,1.60422605308447,1,28
45,identifying,0.06521695723931523,0.03571428571428571,3,1.8260748027008264,1,28
45,influencing,0.07150593077701813,0.03571428571428571,2,2.002166061756508,1,28
45,interventions,0.06521695723931523,0.03571428571428571,3,1.8260748027008264,1,28
45,key,0.06075485950330452,0.03571428571428571,4,1.7011360660925265,1,28
45,learning,0.07197935828098673,0.14285714285714285,63,0.5038555079669071,4,28
45,machine,0.04020238342330321,0.07142857142857142,55,0.562833367926245,2,28
45,mahasiswa,0.06521695723931523,0.03571428571428571,3,1.8260748027008264,1,28
45,models,0.057293787610159644,0.03571428571428571,5,1.60422605308447,1,28
45,patterns,0.08225700205073175,0.03571428571428571,1,2.303196057420489,1,28
45,performance,0.057293787610159644,0.03571428571428571,5,1.60422605308447,1,28
45,prediksi,0.04817691242789871,0.03571428571428571,9,1.348953547981164,1,28
45,prestasi,0.08225700205073175,0.03571428571428571,1,2.303196057420489,1,28
45,student,0.07150593077701813,0.03571428571428571,2,2.002166061756508,1,28
45,students,0.07150593077701813,0.03571428571428571,2,2.002166061756508,1,28
45,targeted,0.08225700205073175,0.03571428571428571,1,2.303196057420489,1,28
45,terap,0.029502671525029514,0.03571428571428571,30,0.8260748027008264,1,28
46,2019,0.0794205537041548,0.034482758620689655,1,2.303196057420489,1,29
46,bagi,0.06296809664485609,0.034482758620689655,3,1.8260748027008264,1,29
46,bakteri,0.0794205537041548,0.034482758620689655,1,2.303196057420489,1,29
46,catat,0.1588411074083096,0.06896551724137931,1,2.303196057420489,2,29
46,clustering,0.0794205537041548,0.034482758620689655,1,2.303196057420489,1,29
46,learning,0.01737432786092783,0.034482758620689655,63,0.5038555079669071,1,29
46,linear,0.06904020902608647,0.034482758620689655,2,2.002166061756508,1,29
46,machine,0.019408047169870518,0.034482758620689655,55,0.562833367926245,1,29
46,means,0.0794205537041548,0.034482758620689655,1,2.303196057420489,1,29
46,mycobacterium,0.0794205537041548,0.034482758620689655,1,2.303196057420489,1,29
46,paling,0.06904020902608647,0.034482758620689655,2,2.002166061756508,1,29
46,paru,0.23826166111246438,0.10344827586206896,1,2.303196057420489,3,29
46,regression,0.06296809664485609,0.034482758620689655,3,1.8260748027008264,1,29
46,resiko,0.0794205537041548,0.034482758620689655,1,2.303196057420489,1,29
46,sakit,0.11731972869603631,0.06896551724137931,4,1.7011360660925265,2,29
46,sebar,0.0794205537041548,0.034482758620689655,1,2.303196057420489,1,29
46,sekitar,0.0794205537041548,0.034482758620689655,1,2.303196057420489,1,29
46,tahun,0.06904020902608647,0.034482758620689655,2,2.002166061756508,1,29
46,tentu,0.06296809664485609,0.034482758620689655,3,1.8260748027008264,1,29
46,terap,0.028485338024166428,0.034482758620689655,30,0.8260748027008264,1,29
46,tingkat,0.03613529490748906,0.034482758620689655,18,1.0479235523171828,1,29
46,tipe,0.0794205537041548,0.034482758620689655,1,2.303196057420489,1,29
46,tuberkulosis,0.1588411074083096,0.06896551724137931,1,2.303196057420489,2,29
46,tular,0.0794205537041548,0.034482758620689655,1,2.303196057420489,1,29
47,aims,0.05207492919307972,0.03571428571428571,7,1.4580980174062321,1,28
47,algorithms,0.05446588596560161,0.03571428571428571,6,1.5250448070368452,1,28
47,analyzed,0.07150593077701813,0.03571428571428571,2,2.002166061756508,1,28
47,application,0.05422342950501523,0.07142857142857142,35,0.7591280130702133,2,28
47,deteksi,0.06075485950330452,0.03571428571428571,4,1.7011360660925265,1,28
47,dini,0.08225700205073175,0.03571428571428571,1,2.303196057420489,1,28
47,explore,0.07150593077701813,0.03571428571428571,2,2.002166061756508,1,28
47,learning,0.07197935828098673,0.14285714285714285,63,0.5038555079669071,4,28
47,machine,0.08040476684660643,0.14285714285714285,55,0.562833367926245,4,28
47,pangan,0.08225700205073175,0.03571428571428571,1,2.303196057420489,1,28
47,results,0.057293787610159644,0.03571428571428571,5,1.60422605308447,1,28
47,sakit,0.06075485950330452,0.03571428571428571,4,1.7011360660925265,1,28
47,several,0.07150593077701813,0.03571428571428571,2,2.002166061756508,1,28
47,show,0.06075485950330452,0.03571428571428571,4,1.7011360660925265,1,28
47,study,0.0413238579193661,0.03571428571428571,14,1.1570680217422509,1,28
47,such,0.06075485950330452,0.03571428571428571,4,1.7011360660925265,1,28
47,tanam,0.07150593077701813,0.03571428571428571,2,2.002166061756508,1,28
47,teknologi,0.04817691242789871,0.03571428571428571,9,1.348953547981164,1,28
47,terap,0.029502671525029514,0.03571428571428571,30,0.8260748027008264,1,28
47,then,0.07150593077701813,0.03571428571428571,2,2.002166061756508,1,28
47,using,0.03925271695587729,0.03571428571428571,16,1.099076074764564,1,28
48,bagai,0.09100754826165945,0.045454545454545456,2,2.002166061756508,1,22
48,bidang,0.20938145976549902,0.09090909090909091,1,2.303196057420489,2,22
48,dekat,0.0773243666405694,0.045454545454545456,4,1.7011360660925265,1,22
48,learning,0.09161009235761948,0.18181818181818182,63,0.5038555079669071,4,22
48,machine,0.10233333962295364,0.18181818181818182,55,0.562833367926245,4,22
48,manfaat,0.0773243666405694,0.045454545454545456,4,1.7011360660925265,1,22
48,masuk,0.09100754826165945,0.045454545454545456,2,2.002166061756508,1,22
48,penting,0.06364118501947934,0.045454545454545456,8,1.4001060704285453,1,22
48,pesat,0.0773243666405694,0.045454545454545456,4,1.7011360660925265,1,22
48,salah,0.0729193660492941,0.045454545454545456,5,1.60422605308447,1,22
48,satu,0.06932021850167479,0.045454545454545456,6,1.5250448070368452,1,22
48,sehat,0.1325543652187484,0.09090909090909091,7,1.4580980174062321,2,22
48,terap,0.03754885466821938,0.045454545454545456,30,0.8260748027008264,1,22
48,ulas,0.0773243666405694,0.045454545454545456,4,1.7011360660925265,1,22
49,algorithms,0.06100179228147381,0.04,6,1.5250448070368452,1,25
49,applying,0.07304299210803306,0.04,3,1.8260748027008264,1,25
49,approach,0.07304299210803306,0.04,3,1.8260748027008264,1,25
49,berita,0.09212784229681957,0.04,1,2.303196057420489,1,25
49,data,0.03424152104313079,0.04,28,0.8560380260782696,1,25
49,hoaks,0.09212784229681957,0.04,1,2.303196057420489,1,25
49,identifikasi,0.07304299210803306,0.04,3,1.8260748027008264,1,25
49,including,0.06804544264370106,0.04,4,1.7011360660925265,1,25
49,learning,0.08061688127470515,0.16,63,0.5038555079669071,4,25
49,machine,0.0900533388681992,0.16,55,0.562833367926245,4,25
49,method,0.08008664247026032,0.04,2,2.002166061756508,1,25
49,metode,0.03923907050746279,0.04,21,0.9809767626865696,1,25
49,news,0.09212784229681957,0.04,1,2.303196057420489,1,25
49,research,0.05047213489049056,0.04,11,1.261803372262264,1,25
49,results,0.0641690421233788,0.04,5,1.60422605308447,1,25
49,show,0.06804544264370106,0.04,4,1.7011360660925265,1,25
49,sources,0.09212784229681957,0.04,1,2.303196057420489,1,25
49,terap,0.03304299210803306,0.04,30,0.8260748027008264,1,25
49,using,0.04396304299058256,0.04,16,1.099076074764564,1,25
50,algoritma,0.09303127917111476,0.06896551724137931,9,1.348953547981164,2,29
50,bas,0.028993036535225267,0.034482758620689655,29,0.8407980595215327,1,29
50,dekat,0.058659864348018155,0.034482758620689655,4,1.7011360660925265,1,29
50,ganggu,0.0794205537041548,0.034482758620689655,1,2.303196057420489,1,29
50,guna,0.02274977175635522,0.034482758620689655,44,0.6597433809343014,1,29
50,hasil,0.04493779508346513,0.034482758620689655,10,1.3031960574204888,1,29
50,kena,0.058659864348018155,0.034482758620689655,4,1.7011360660925265,1,29
50,learning,0.06949731144371132,0.13793103448275862,63,0.5038555079669071,4,29
50,literature,0.04493779508346513,0.034482758620689655,10,1.3031960574204888,1,29
50,machine,0.07763218867948207,0.13793103448275862,55,0.562833367926245,4,29
50,mental,0.1588411074083096,0.06896551724137931,1,2.303196057420489,2,29
50,ml,0.04827951966994984,0.034482758620689655,8,1.4001060704285453,1,29
50,prediksi,0.04651563958555738,0.034482758620689655,9,1.348953547981164,1,29
50,review,0.03182706261065113,0.034482758620689655,24,0.9229848157088828,1,29
50,sehat,0.1005584839590505,0.06896551724137931,7,1.4580980174062321,2,29
50,seperti,0.05258775196678776,0.034482758620689655,6,1.5250448070368452,1,29
50,systematic,0.037899174991881515,0.034482758620689655,16,1.099076074764564,1,29
50,teknologi,0.04651563958555738,0.034482758620689655,9,1.348953547981164,1,29
50,terap,0.056970676048332856,0.06896551724137931,30,0.8260748027008264,2,29
51,able,0.07304299210803306,0.04,3,1.8260748027008264,1,25
51,application,0.03036512052280853,0.04,35,0.7591280130702133,1,25
51,applications,0.10863072584981415,0.12,25,0.9052560487484512,3,25
51,basic,0.09212784229681957,0.04,1,2.303196057420489,1,25
51,cases,0.08008664247026032,0.04,2,2.002166061756508,1,25
51,complex,0.09212784229681957,0.04,1,2.303196057420489,1,25
51,crafting,0.09212784229681957,0.04,1,2.303196057420489,1,25
51,development,0.052127842296819556,0.04,10,1.3031960574204888,1,25
51,distributed,0.09212784229681957,0.04,1,2.303196057420489,1,25
51,interface,0.06804544264370106,0.04,4,1.7011360660925265,1,25
51,most,0.08008664247026032,0.04,2,2.002166061756508,1,25
51,own,0.09212784229681957,0.04,1,2.303196057420489,1,25
51,robust,0.08008664247026032,0.04,2,2.002166061756508,1,25
51,server,0.06804544264370106,0.04,4,1.7011360660925265,1,25
51,should,0.09212784229681957,0.04,1,2.303196057420489,1,25
51,side,0.09212784229681957,0.04,1,2.303196057420489,1,25
51,streamlit,0.09212784229681957,0.04,1,2.303196057420489,1,25
51,their,0.10094426978098112,0.08,11,1.261803372262264,2,25
51,use,0.056004242817141815,0.04,8,1.4001060704285453,1,25
51,web,0.07355999728703702,0.12,49,0.6129999773919752,3,25
52,application,0.05839446254386256,0.07692307692307693,35,0.7591280130702133,2,26
52,applications,0.06963508067295779,0.07692307692307693,25,0.9052560487484512,2,26
52,because,0.08858446374694189,0.038461538461538464,1,2.303196057420489,1,26
52,become,0.07700638699063492,0.038461538461538464,2,2.002166061756508,1,26
52,due,0.07700638699063492,0.038461538461538464,2,2.002166061756508,1,26
52,every,0.08858446374694189,0.038461538461538464,1,2.303196057420489,1,26
52,internet,0.0702336462577241,0.038461538461538464,3,1.8260748027008264,1,26
52,more,0.0702336462577241,0.038461538461538464,3,1.8260748027008264,1,26
52,nature,0.08858446374694189,0.038461538461538464,1,2.303196057420489,1,26
52,needs,0.08858446374694189,0.038461538461538464,1,2.303196057420489,1,26
52,penetration,0.08858446374694189,0.038461538461538464,1,2.303196057420489,1,26
52,prone,0.08858446374694189,0.038461538461538464,1,2.303196057420489,1,26
52,risks,0.08858446374694189,0.038461538461538464,1,2.303196057420489,1,26
52,security,0.03233838690467434,0.038461538461538464,29,0.8407980595215327,1,26
52,services,0.0702336462577241,0.038461538461538464,3,1.8260748027008264,1,26
52,survey,0.05012292528540342,0.038461538461538464,10,1.3031960574204888,1,26
52,testing,0.0702336462577241,0.038461538461538464,3,1.8260748027008264,1,26
52,their,0.048530898933164,0.038461538461538464,11,1.261803372262264,1,26
52,they,0.06542831023432795,0.038461538461538464,4,1.7011360660925265,1,26
52,web,0.09430768882953465,0.15384615384615385,49,0.6129999773919752,4,26
52,widespread,0.07700638699063492,0.038461538461538464,2,2.002166061756508,1,26
53,also,0.05487535697072666,0.03225806451612903,4,1.7011360660925265,1,31
53,application,0.024488000421619784,0.03225806451612903,35,0.7591280130702133,1,31
53,applications,0.08760542407243076,0.0967741935483871,25,0.9052560487484512,3,31
53,businesses,0.06458600199214541,0.03225806451612903,2,2.002166061756508,1,31
53,comparative,0.07429664701356416,0.03225806451612903,1,2.303196057420489,1,31
53,current,0.06458600199214541,0.03225806451612903,2,2.002166061756508,1,31
53,directions,0.06458600199214541,0.03225806451612903,2,2.002166061756508,1,31
53,future,0.04703541991633007,0.03225806451612903,7,1.4580980174062321,1,31
53,has,0.03948434875396335,0.03225806451612903,12,1.224014811372864,1,31
53,industries,0.06458600199214541,0.03225806451612903,2,2.002166061756508,1,31
53,issues,0.05174922751885387,0.03225806451612903,5,1.60422605308447,1,31
53,make,0.05487535697072666,0.03225806451612903,4,1.7011360660925265,1,31
53,mammoth,0.07429664701356416,0.03225806451612903,1,2.303196057420489,1,31
53,many,0.07429664701356416,0.03225806451612903,1,2.303196057420489,1,31
53,parameters,0.07429664701356416,0.03225806451612903,1,2.303196057420489,1,31
53,resulted,0.07429664701356416,0.03225806451612903,1,2.303196057420489,1,31
53,rise,0.07429664701356416,0.03225806451612903,1,2.303196057420489,1,31
53,security,0.054245036098163404,0.06451612903225806,29,0.8407980595215327,2,31
53,study,0.03732477489491132,0.03225806451612903,14,1.1570680217422509,1,31
53,their,0.040703334589105286,0.03225806451612903,11,1.261803372262264,1,31
53,these,0.04351463058003755,0.03225806451612903,9,1.348953547981164,1,31
53,trends,0.05487535697072666,0.03225806451612903,4,1.7011360660925265,1,31
53,usage,0.06458600199214541,0.03225806451612903,2,2.002166061756508,1,31
53,use,0.04516471194930791,0.03225806451612903,8,1.4001060704285453,1,31
53,web,0.0790967712763839,0.12903225806451613,49,0.6129999773919752,4,31
54,applications,0.0282892515233891,0.03125,25,0.9052560487484512,1,32
54,apps,0.0939530682896726,0.09375,20,1.0021660617565078,3,32
54,awareness,0.07197487679439028,0.03125,1,2.303196057420489,1,32
54,categories,0.06256768942989087,0.03125,2,2.002166061756508,1,32
54,deep,0.10847512703833602,0.09375,14,1.1570680217422509,3,32
54,deployment,0.06256768942989087,0.03125,2,2.002166061756508,1,32
54,development,0.040724876794390276,0.03125,10,1.3031960574204888,1,32
54,divided,0.07197487679439028,0.03125,1,2.303196057420489,1,32
54,end,0.14394975358878057,0.0625,1,2.303196057420489,2,32
54,front,0.14394975358878057,0.0625,1,2.303196057420489,2,32
54,include,0.07197487679439028,0.03125,1,2.303196057420489,1,32
54,into,0.06256768942989087,0.03125,2,2.002166061756508,1,32
54,learning,0.047236453871897545,0.09375,63,0.5038555079669071,3,32
54,potential,0.05706483758440083,0.03125,3,1.8260748027008264,1,32
54,raise,0.07197487679439028,0.03125,1,2.303196057420489,1,32
54,review,0.028843275490902587,0.03125,24,0.9229848157088828,1,32
54,seven,0.07197487679439028,0.03125,1,2.303196057420489,1,32
54,show,0.053160502065391455,0.03125,4,1.7011360660925265,1,32
54,these,0.08430959674882275,0.0625,9,1.348953547981164,2,32
54,web,0.0766249971739969,0.125,49,0.6129999773919752,4,32
55,access,0.05174922751885387,0.03225806451612903,5,1.60422605308447,1,31
55,allow,0.06458600199214541,0.03225806451612903,2,2.002166061756508,1,31
55,although,0.07429664701356416,0.03225806451612903,1,2.303196057420489,1,31
55,application,0.04897600084323957,0.06451612903225806,35,0.7591280130702133,2,31
55,applications,0.029201808024143586,0.03225806451612903,25,0.9052560487484512,1,31
55,based,0.03545406692788916,0.03225806451612903,16,1.099076074764564,1,31
55,best,0.12917200398429082,0.06451612903225806,2,2.002166061756508,2,31
55,biomarker,0.14859329402712831,0.06451612903225806,1,2.303196057420489,2,31
55,broadly,0.07429664701356416,0.03225806451612903,1,2.303196057420489,1,31
55,comprehensive,0.10975071394145332,0.06451612903225806,4,1.7011360660925265,2,31
55,currently,0.07429664701356416,0.03225806451612903,1,2.303196057420489,1,31
55,data,0.027614129873492568,0.03225806451612903,28,0.8560380260782696,1,31
55,exploration,0.06458600199214541,0.03225806451612903,2,2.002166061756508,1,31
55,large,0.06458600199214541,0.03225806451612903,2,2.002166061756508,1,31
55,open,0.04703541991633007,0.03225806451612903,7,1.4580980174062321,1,31
55,scale,0.05890563879680085,0.03225806451612903,3,1.8260748027008264,1,31
55,servers,0.06458600199214541,0.03225806451612903,2,2.002166061756508,1,31
55,several,0.06458600199214541,0.03225806451612903,2,2.002166061756508,1,31
55,solid,0.07429664701356416,0.03225806451612903,1,2.303196057420489,1,31
55,these,0.04351463058003755,0.03225806451612903,9,1.348953547981164,1,31
55,tumors,0.07429664701356416,0.03225806451612903,1,2.303196057420489,1,31
55,users,0.042038582497435126,0.03225806451612903,10,1.3031960574204888,1,31
55,valuable,0.07429664701356416,0.03225806451612903,1,2.303196057420489,1,31
55,web,0.0790967712763839,0.12903225806451613,49,0.6129999773919752,4,31
56,aims,0.0486032672468744,0.03333333333333333,7,1.4580980174062321,1,30
56,application,0.10121706840936177,0.13333333333333333,35,0.7591280130702133,4,30
56,based,0.0366358691588188,0.03333333333333333,16,1.099076074764564,1,30
56,crop,0.1535464038280326,0.06666666666666667,1,2.303196057420489,2,30
56,deep,0.03856893405807503,0.03333333333333333,14,1.1570680217422509,1,30
56,deepcrop,0.0767732019140163,0.03333333333333333,1,2.303196057420489,1,30
56,disease,0.1134090710728351,0.06666666666666667,4,1.7011360660925265,2,30
56,heart,0.0767732019140163,0.03333333333333333,1,2.303196057420489,1,30
56,its,0.050834826901228175,0.03333333333333333,6,1.5250448070368452,1,30
56,learning,0.03359036719779381,0.06666666666666667,63,0.5038555079669071,2,30
56,life,0.060869160090027546,0.03333333333333333,3,1.8260748027008264,1,30
56,model,0.03964175683712173,0.03333333333333333,13,1.189252705113652,1,30
56,prediction,0.1134090710728351,0.06666666666666667,4,1.7011360660925265,2,30
56,proposed,0.13347773745043384,0.06666666666666667,2,2.002166061756508,2,30
56,real,0.060869160090027546,0.03333333333333333,3,1.8260748027008264,1,30
56,resnet50,0.0767732019140163,0.03333333333333333,1,2.303196057420489,1,30
56,smart,0.0486032672468744,0.03333333333333333,7,1.4580980174062321,1,30
56,transfer,0.0767732019140163,0.03333333333333333,1,2.303196057420489,1,30
56,uses,0.0767732019140163,0.03333333333333333,1,2.303196057420489,1,30
56,web,0.061299997739197525,0.1,49,0.6129999773919752,3,30
57,application,0.05422342950501523,0.07142857142857142,35,0.7591280130702133,2,28
57,assistants,0.08225700205073175,0.03571428571428571,1,2.303196057420489,1,28
57,bochum,0.08225700205073175,0.03571428571428571,1,2.303196057420489,1,28
57,climate,0.07150593077701813,0.03571428571428571,2,2.002166061756508,1,28
57,compiled,0.07150593077701813,0.03571428571428571,2,2.002166061756508,1,28
57,create,0.07150593077701813,0.03571428571428571,2,2.002166061756508,1,28
57,demonstrated,0.08225700205073175,0.03571428571428571,1,2.303196057420489,1,28
57,generator,0.1645140041014635,0.07142857142857142,1,2.303196057420489,2,28
57,lcz,0.1645140041014635,0.07142857142857142,1,2.303196057420489,2,28
57,local,0.07150593077701813,0.03571428571428571,2,2.002166061756508,1,28
57,maps,0.07150593077701813,0.03571428571428571,2,2.002166061756508,1,28
57,new,0.04654271633644603,0.03571428571428571,10,1.3031960574204888,1,28
57,paper,0.06075485950330452,0.03571428571428571,4,1.7011360660925265,1,28
57,performance,0.057293787610159644,0.03571428571428571,5,1.60422605308447,1,28
57,ruhr,0.08225700205073175,0.03571428571428571,1,2.303196057420489,1,28
57,samples,0.08225700205073175,0.03571428571428571,1,2.303196057420489,1,28
57,student,0.07150593077701813,0.03571428571428571,2,2.002166061756508,1,28
57,ta,0.08225700205073175,0.03571428571428571,1,2.303196057420489,1,28
57,three,0.1645140041014635,0.07142857142857142,1,2.303196057420489,2,28
57,university,0.08225700205073175,0.03571428571428571,1,2.303196057420489,1,28
57,via,0.05446588596560161,0.03571428571428571,6,1.5250448070368452,1,28
57,web,0.04378571267085537,0.07142857142857142,49,0.6129999773919752,2,28
57,zone,0.08225700205073175,0.03571428571428571,1,2.303196057420489,1,28
58,annotating,0.1535464038280326,0.06666666666666667,1,2.303196057420489,2,30
58,application,0.05060853420468089,0.06666666666666667,35,0.7591280130702133,2,30
58,data,0.028534600869275655,0.03333333333333333,28,0.8560380260782696,1,30
58,efficient,0.1535464038280326,0.06666666666666667,1,2.303196057420489,2,30
58,friendly,0.06673886872521692,0.03333333333333333,2,2.002166061756508,1,30
58,highly,0.06673886872521692,0.03333333333333333,2,2.002166061756508,1,30
58,modifying,0.1535464038280326,0.06666666666666667,1,2.303196057420489,2,30
58,one,0.05670453553641755,0.03333333333333333,4,1.7011360660925265,1,30
58,phylogenetic,0.1535464038280326,0.06666666666666667,1,2.303196057420489,2,30
58,preparation,0.06673886872521692,0.03333333333333333,2,2.002166061756508,1,30
58,redundant,0.0767732019140163,0.03333333333333333,1,2.303196057420489,1,30
58,requiring,0.0767732019140163,0.03333333333333333,1,2.303196057420489,1,30
58,table,0.0767732019140163,0.03333333333333333,1,2.303196057420489,1,30
58,tree,0.06673886872521692,0.03333333333333333,2,2.002166061756508,1,30
58,trees,0.1535464038280326,0.06666666666666667,1,2.303196057420489,2,30
58,tvbot,0.1535464038280326,0.06666666666666667,1,2.303196057420489,2,30
58,user,0.04206011240874213,0.03333333333333333,11,1.261803372262264,1,30
58,visualization,0.06673886872521692,0.03333333333333333,2,2.002166061756508,1,30
58,visualizing,0.1535464038280326,0.06666666666666667,1,2.303196057420489,2,30
58,web,0.040866665159465014,0.06666666666666667,49,0.6129999773919752,2,30
58,without,0.0767732019140163,0.03333333333333333,1,2.303196057420489,1,30
59,access,0.06170100204171039,0.038461538461538464,5,1.60422605308447,1,26
59,analysis,0.04574048865821739,0.038461538461538464,13,1.189252705113652,1,26
59,application,0.05839446254386256,0.07692307692307693,35,0.7591280130702133,2,26
59,biologists,0.07700638699063492,0.038461538461538464,2,2.002166061756508,1,26
59,data,0.06584907892909767,0.07692307692307693,28,0.8560380260782696,2,26
59,democratizes,0.08858446374694189,0.038461538461538464,1,2.303196057420489,1,26
59,demonstrate,0.08858446374694189,0.038461538461538464,1,2.303196057420489,1,26
59,example,0.07700638699063492,0.038461538461538464,2,2.002166061756508,1,26
59,help,0.06542831023432795,0.038461538461538464,4,1.7011360660925265,1,26
59,high,0.0702336462577241,0.038461538461538464,3,1.8260748027008264,1,26
59,how,0.053850233478020974,0.038461538461538464,8,1.4001060704285453,1,26
59,idep,0.08858446374694189,0.038461538461538464,1,2.303196057420489,1,26
59,large,0.07700638699063492,0.038461538461538464,2,2.002166061756508,1,26
59,molecular,0.07700638699063492,0.038461538461538464,2,2.002166061756508,1,26
59,pathways,0.08858446374694189,0.038461538461538464,1,2.303196057420489,1,26
59,pinpoint,0.08858446374694189,0.038461538461538464,1,2.303196057420489,1,26
59,rna,0.08858446374694189,0.038461538461538464,1,2.303196057420489,1,26
59,seq,0.08858446374694189,0.038461538461538464,1,2.303196057420489,1,26
59,technologies,0.0702336462577241,0.038461538461538464,3,1.8260748027008264,1,26
59,through,0.06542831023432795,0.038461538461538464,4,1.7011360660925265,1,26
59,throughput,0.08858446374694189,0.038461538461538464,1,2.303196057420489,1,26
59,we,0.03353201127928852,0.038461538461538464,27,0.8718322932615016,1,26
59,web,0.047153844414767325,0.07692307692307693,49,0.6129999773919752,2,26
60,access,0.057293787610159644,0.03571428571428571,5,1.60422605308447,1,28
60,analysis,0.042473310896916146,0.03571428571428571,13,1.189252705113652,1,28
60,application,0.05422342950501523,0.07142857142857142,35,0.7591280130702133,2,28
60,based,0.03925271695587729,0.03571428571428571,16,1.099076074764564,1,28
60,data,0.06114557329130497,0.07142857142857142,28,0.8560380260782696,2,28
60,easy,0.06521695723931523,0.03571428571428571,3,1.8260748027008264,1,28
60,exploration,0.14301186155403625,0.07142857142857142,2,2.002166061756508,2,28
60,facilitates,0.08225700205073175,0.03571428571428571,1,2.303196057420489,1,28
60,here,0.07150593077701813,0.03571428571428571,2,2.002166061756508,1,28
60,integration,0.1645140041014635,0.07142857142857142,1,2.303196057420489,2,28
60,interactive,0.07150593077701813,0.03571428571428571,2,2.002166061756508,1,28
60,mibiomics,0.1645140041014635,0.07142857142857142,1,2.303196057420489,2,28
60,multi,0.1645140041014635,0.07142857142857142,1,2.303196057420489,2,28
60,omics,0.1645140041014635,0.07142857142857142,1,2.303196057420489,2,28
60,present,0.057293787610159644,0.03571428571428571,5,1.60422605308447,1,28
60,providing,0.07150593077701813,0.03571428571428571,2,2.002166061756508,1,28
60,standalone,0.08225700205073175,0.03571428571428571,1,2.303196057420489,1,28
60,visualization,0.07150593077701813,0.03571428571428571,2,2.002166061756508,1,28
60,we,0.031136867616482197,0.03571428571428571,27,0.8718322932615016,1,28
60,web,0.04378571267085537,0.07142857142857142,49,0.6129999773919752,2,28
61,annotate,0.0794205537041548,0.034482758620689655,1,2.303196057420489,1,29
61,annotation,0.0794205537041548,0.034482758620689655,1,2.303196057420489,1,29
61,application,0.05235365607380781,0.06896551724137931,35,0.7591280130702133,2,29
61,coronapp,0.1588411074083096,0.06896551724137931,1,2.303196057420489,2,29
61,cov,0.1588411074083096,0.06896551724137931,1,2.303196057420489,2,29
61,developed,0.058659864348018155,0.034482758620689655,4,1.7011360660925265,1,29
61,have,0.05531813976153345,0.034482758620689655,5,1.60422605308447,1,29
61,limitations,0.0794205537041548,0.034482758620689655,1,2.303196057420489,1,29
61,monitor,0.0794205537041548,0.034482758620689655,1,2.303196057420489,1,29
61,mutational,0.0794205537041548,0.034482758620689655,1,2.303196057420489,1,29
61,mutations,0.0794205537041548,0.034482758620689655,1,2.303196057420489,1,29
61,overcome,0.0794205537041548,0.034482758620689655,1,2.303196057420489,1,29
61,provided,0.0794205537041548,0.034482758620689655,1,2.303196057420489,1,29
61,purposes,0.0794205537041548,0.034482758620689655,1,2.303196057420489,1,29
61,real,0.06296809664485609,0.034482758620689655,3,1.8260748027008264,1,29
61,sars,0.1588411074083096,0.06896551724137931,1,2.303196057420489,2,29
61,status,0.0794205537041548,0.034482758620689655,1,2.303196057420489,1,29
61,these,0.04651563958555738,0.034482758620689655,9,1.348953547981164,1,29
61,time,0.058659864348018155,0.034482758620689655,4,1.7011360660925265,1,29
61,tracking,0.0794205537041548,0.034482758620689655,1,2.303196057420489,1,29
61,two,0.06904020902608647,0.034482758620689655,2,2.002166061756508,1,29
61,user,0.043510461112491856,0.034482758620689655,11,1.261803372262264,1,29
61,we,0.030063182526258676,0.034482758620689655,27,0.8718322932615016,1,29
61,web,0.042275860509791395,0.06896551724137931,49,0.6129999773919752,2,29
62,applications,0.09699171950876262,0.10714285714285714,25,0.9052560487484512,3,28
62,biological,0.2145177923310544,0.10714285714285714,2,2.002166061756508,3,28
62,build,0.14301186155403625,0.07142857142857142,2,2.002166061756508,2,28
62,development,0.04654271633644603,0.03571428571428571,10,1.3031960574204888,1,28
62,full,0.08225700205073175,0.03571428571428571,1,2.303196057420489,1,28
62,get,0.07150593077701813,0.03571428571428571,2,2.002166061756508,1,28
62,interactive,0.07150593077701813,0.03571428571428571,2,2.002166061756508,1,28
62,issues,0.057293787610159644,0.03571428571428571,5,1.60422605308447,1,28
62,picture,0.08225700205073175,0.03571428571428571,1,2.303196057420489,1,28
62,recent,0.057293787610159644,0.03571428571428571,5,1.60422605308447,1,28
62,servers,0.07150593077701813,0.03571428571428571,2,2.002166061756508,1,28
62,shiny,0.08225700205073175,0.03571428571428571,1,2.303196057420489,1,28
62,studies,0.05446588596560161,0.03571428571428571,6,1.5250448070368452,1,28
62,techniques,0.14301186155403625,0.07142857142857142,2,2.002166061756508,2,28
62,used,0.05446588596560161,0.03571428571428571,6,1.5250448070368452,1,28
62,utilized,0.08225700205073175,0.03571428571428571,1,2.303196057420489,1,28
62,web,0.1313571380125661,0.21428571428571427,49,0.6129999773919752,6,28
63,application,0.056231704671867645,0.07407407407407407,35,0.7591280130702133,2,27
63,appropriate,0.07415429858357436,0.037037037037037035,2,2.002166061756508,1,27
63,based,0.040706521287576444,0.037037037037037035,16,1.099076074764564,1,27
63,clinical,0.08530355768224034,0.037037037037037035,1,2.303196057420489,1,27
63,development,0.09653304129040657,0.07407407407407407,10,1.3031960574204888,2,27
63,diabetes,0.07415429858357436,0.037037037037037035,2,2.002166061756508,1,27
63,flask,0.08530355768224034,0.037037037037037035,1,2.303196057420489,1,27
63,framework,0.05941577974386926,0.037037037037037035,5,1.60422605308447,1,27
63,integrate,0.08530355768224034,0.037037037037037035,1,2.303196057420489,1,27
63,learning,0.01866131510988545,0.037037037037037035,63,0.5038555079669071,1,27
63,machine,0.02084568029356463,0.037037037037037035,55,0.562833367926245,1,27
63,model,0.044046396485690816,0.037037037037037035,13,1.189252705113652,1,27
63,pipeline,0.08530355768224034,0.037037037037037035,1,2.303196057420489,1,27
63,prediction,0.06300503948490839,0.037037037037037035,4,1.7011360660925265,1,27
63,preprocessing,0.08530355768224034,0.037037037037037035,1,2.303196057420489,1,27
63,python,0.07415429858357436,0.037037037037037035,2,2.002166061756508,1,27
63,results,0.05941577974386926,0.037037037037037035,5,1.60422605308447,1,27
63,smart,0.05400363027430489,0.037037037037037035,7,1.4580980174062321,1,27
63,study,0.04285437117563892,0.037037037037037035,14,1.1570680217422509,1,27
63,suggest,0.08530355768224034,0.037037037037037035,1,2.303196057420489,1,27
63,using,0.040706521287576444,0.037037037037037035,16,1.099076074764564,1,27
63,we,0.03229008493561117,0.037037037037037035,27,0.8718322932615016,1,27
63,web,0.06811110859910835,0.1111111111111111,49,0.6129999773919752,3,27
64,analysts,0.08530355768224034,0.037037037037037035,1,2.303196057420489,1,27
64,application,0.028115852335933823,0.037037037037037035,35,0.7591280130702133,1,27
64,applications,0.10058400541649458,0.1111111111111111,25,0.9052560487484512,3,27
64,automatically,0.08530355768224034,0.037037037037037035,1,2.303196057420489,1,27
64,capability,0.08530355768224034,0.037037037037037035,1,2.303196057420489,1,27
64,characteristics,0.08530355768224034,0.037037037037037035,1,2.303196057420489,1,27
64,discover,0.08530355768224034,0.037037037037037035,1,2.303196057420489,1,27
64,effectiveness,0.07415429858357436,0.037037037037037035,2,2.002166061756508,1,27
64,evaluating,0.0676324001000306,0.037037037037037035,3,1.8260748027008264,1,27
64,have,0.05941577974386926,0.037037037037037035,5,1.60422605308447,1,27
64,however,0.07415429858357436,0.037037037037037035,2,2.002166061756508,1,27
64,literature,0.04826652064520329,0.037037037037037035,10,1.3031960574204888,1,27
64,review,0.03418462280403269,0.037037037037037035,24,0.9229848157088828,1,27
64,scanners,0.17060711536448067,0.07407407407407407,1,2.303196057420489,2,27
64,security,0.031140668871167877,0.037037037037037035,29,0.8407980595215327,1,27
64,systematic,0.040706521287576444,0.037037037037037035,16,1.099076074764564,1,27
64,these,0.049961242517820886,0.037037037037037035,9,1.348953547981164,1,27
64,theses,0.08530355768224034,0.037037037037037035,1,2.303196057420489,1,27
64,vulnerabilities,0.08530355768224034,0.037037037037037035,1,2.303196057420489,1,27
64,vulnerability,0.08530355768224034,0.037037037037037035,1,2.303196057420489,1,27
64,web,0.0908148114654778,0.14814814814814814,49,0.6129999773919752,4,27
65,all,0.05013206415888969,0.03125,5,1.60422605308447,1,32
65,any,0.06256768942989087,0.03125,2,2.002166061756508,1,32
65,anywhere,0.07197487679439028,0.03125,1,2.303196057420489,1,32
65,applications,0.0565785030467782,0.0625,25,0.9052560487484512,2,32
65,apps,0.06263537885978174,0.0625,20,1.0021660617565078,2,32
65,aton,0.07197487679439028,0.03125,1,2.303196057420489,1,32
65,available,0.04375331470089204,0.03125,8,1.4001060704285453,1,32
65,browsers,0.07197487679439028,0.03125,1,2.303196057420489,1,32
65,collaborative,0.07197487679439028,0.03125,1,2.303196057420489,1,32
65,computing,0.05706483758440083,0.03125,3,1.8260748027008264,1,32
65,connection,0.07197487679439028,0.03125,1,2.303196057420489,1,32
65,creating,0.07197487679439028,0.03125,1,2.303196057420489,1,32
65,cultural,0.07197487679439028,0.03125,1,2.303196057420489,1,32
65,device,0.06256768942989087,0.03125,2,2.002166061756508,1,32
65,framework,0.05013206415888969,0.03125,5,1.60422605308447,1,32
65,heritage,0.07197487679439028,0.03125,1,2.303196057420489,1,32
65,immersive,0.07197487679439028,0.03125,1,2.303196057420489,1,32
65,internet,0.05706483758440083,0.03125,3,1.8260748027008264,1,32
65,liquid,0.07197487679439028,0.03125,1,2.303196057420489,1,32
65,local,0.06256768942989087,0.03125,2,2.002166061756508,1,32
65,long,0.07197487679439028,0.03125,1,2.303196057420489,1,32
65,network,0.05706483758440083,0.03125,3,1.8260748027008264,1,32
65,open,0.045565563043944754,0.03125,7,1.4580980174062321,1,32
65,present,0.05013206415888969,0.03125,5,1.60422605308447,1,32
65,source,0.053160502065391455,0.03125,4,1.7011360660925265,1,32
65,virtually,0.07197487679439028,0.03125,1,2.303196057420489,1,32
65,web,0.0766249971739969,0.125,49,0.6129999773919752,4,32
66,application,0.027111714752507614,0.03571428571428571,35,0.7591280130702133,1,28
66,applications,0.03233057316958754,0.03571428571428571,25,0.9052560487484512,1,28
66,contribution,0.07150593077701813,0.03571428571428571,2,2.002166061756508,1,28
66,cover,0.08225700205073175,0.03571428571428571,1,2.303196057420489,1,28
66,different,0.07150593077701813,0.03571428571428571,2,2.002166061756508,1,28
66,focused,0.07150593077701813,0.03571428571428571,2,2.002166061756508,1,28
66,headings,0.1645140041014635,0.07142857142857142,1,2.303196057420489,2,28
66,literature,0.04654271633644603,0.03571428571428571,10,1.3031960574204888,1,28
66,mapping,0.07150593077701813,0.03571428571428571,2,2.002166061756508,1,28
66,overview,0.05446588596560161,0.03571428571428571,6,1.5250448070368452,1,28
66,paper,0.06075485950330452,0.03571428571428571,4,1.7011360660925265,1,28
66,provides,0.05446588596560161,0.03571428571428571,6,1.5250448070368452,1,28
66,review,0.03296374341817438,0.03571428571428571,24,0.9229848157088828,1,28
66,security,0.09008550637730707,0.10714285714285714,29,0.8407980595215327,3,28
66,systematic,0.03925271695587729,0.03571428571428571,16,1.099076074764564,1,28
66,testing,0.19565087171794568,0.10714285714285714,3,1.8260748027008264,3,28
66,their,0.04506440615222371,0.03571428571428571,11,1.261803372262264,1,28
66,these,0.04817691242789871,0.03571428571428571,9,1.348953547981164,1,28
66,tools,0.05207492919307972,0.03571428571428571,7,1.4580980174062321,1,28
66,types,0.06521695723931523,0.03571428571428571,3,1.8260748027008264,1,28
66,web,0.06567856900628305,0.10714285714285714,49,0.6129999773919752,3,28
67,application,0.025304267102340443,0.03333333333333333,35,0.7591280130702133,1,30
67,applications,0.030175201624948373,0.03333333333333333,25,0.9052560487484512,1,30
67,attacks,0.04667020234761818,0.03333333333333333,8,1.4001060704285453,1,30
67,based,0.0732717383176376,0.06666666666666667,16,1.099076074764564,2,30
67,cgi,0.0767732019140163,0.03333333333333333,1,2.303196057420489,1,30
67,common,0.060869160090027546,0.03333333333333333,3,1.8260748027008264,1,30
67,concentrated,0.0767732019140163,0.03333333333333333,1,2.303196057420489,1,30
67,firewalls,0.0767732019140163,0.03333333333333333,1,2.303196057420489,1,30
67,gateway,0.0767732019140163,0.03333333333333333,1,2.303196057420489,1,30
67,interface,0.05670453553641755,0.03333333333333333,4,1.7011360660925265,1,30
67,learning,0.016795183598896906,0.03333333333333333,63,0.5038555079669071,1,30
67,machine,0.01876111226420817,0.03333333333333333,55,0.562833367926245,1,30
67,perl,0.0767732019140163,0.03333333333333333,1,2.303196057420489,1,30
67,programs,0.0767732019140163,0.03333333333333333,1,2.303196057420489,1,30
67,protocol,0.06673886872521692,0.03333333333333333,2,2.002166061756508,1,30
67,relied,0.0767732019140163,0.03333333333333333,1,2.303196057420489,1,30
67,server,0.05670453553641755,0.03333333333333333,4,1.7011360660925265,1,30
67,short,0.06673886872521692,0.03333333333333333,2,2.002166061756508,1,30
67,signature,0.0767732019140163,0.03333333333333333,1,2.303196057420489,1,30
67,simple,0.06673886872521692,0.03333333333333333,2,2.002166061756508,1,30
67,spawned,0.0767732019140163,0.03333333333333333,1,2.303196057420489,1,30
67,survey,0.04343986858068296,0.03333333333333333,10,1.3031960574204888,1,30
67,typically,0.06673886872521692,0.03333333333333333,2,2.002166061756508,1,30
67,underlying,0.06673886872521692,0.03333333333333333,2,2.002166061756508,1,30
67,web,0.08173333031893003,0.13333333333333333,49,0.6129999773919752,4,30
67,which,0.0486032672468744,0.03333333333333333,7,1.4580980174062321,1,30
68,allows,0.058887237110485526,0.029411764705882353,2,2.002166061756508,1,34
68,anvil,0.06774106051236732,0.029411764705882353,1,2.303196057420489,1,34
68,application,0.04465458900413019,0.058823529411764705,35,0.7591280130702133,2,34
68,applications,0.05325035580873243,0.058823529411764705,25,0.9052560487484512,2,34
68,atomistica,0.13548212102473464,0.058823529411764705,1,2.303196057420489,2,34
68,available,0.04117959030672192,0.029411764705882353,8,1.4001060704285453,1,34
68,development,0.03832929580648497,0.029411764705882353,10,1.3031960574204888,1,34
68,files,0.058887237110485526,0.029411764705882353,2,2.002166061756508,1,34
68,generating,0.06774106051236732,0.029411764705882353,1,2.303196057420489,1,34
68,input,0.06774106051236732,0.029411764705882353,1,2.303196057420489,1,34
68,made,0.06774106051236732,0.029411764705882353,1,2.303196057420489,1,34
68,modelling,0.058887237110485526,0.029411764705882353,2,2.002166061756508,1,34
68,molecular,0.058887237110485526,0.029411764705882353,2,2.002166061756508,1,34
68,not,0.04288523580606565,0.029411764705882353,7,1.4580980174062321,1,34
68,online,0.13456277709148634,0.08823529411764706,6,1.5250448070368452,3,34
68,only,0.05370808243237725,0.029411764705882353,3,1.8260748027008264,1,34
68,orca,0.06774106051236732,0.029411764705882353,1,2.303196057420489,1,34
68,package,0.058887237110485526,0.029411764705882353,2,2.002166061756508,1,34
68,platform,0.058887237110485526,0.029411764705882353,2,2.002166061756508,1,34
68,present,0.047183119208366764,0.029411764705882353,5,1.60422605308447,1,34
68,python,0.058887237110485526,0.029411764705882353,2,2.002166061756508,1,34
68,they,0.05003341370860372,0.029411764705882353,4,1.7011360660925265,1,34
68,using,0.03232576690484012,0.029411764705882353,16,1.099076074764564,1,34
68,we,0.05128425254479421,0.058823529411764705,27,0.8718322932615016,2,34
68,web,0.05408823329929193,0.08823529411764706,49,0.6129999773919752,3,34
68,work,0.05370808243237725,0.029411764705882353,3,1.8260748027008264,1,34
69,against,0.05217356579145218,0.02857142857142857,3,1.8260748027008264,1,35
69,all,0.04583503008812771,0.02857142857142857,5,1.60422605308447,1,35
69,application,0.043378743604012185,0.05714285714285714,35,0.7591280130702133,2,35
69,applications,0.051728917071340065,0.05714285714285714,25,0.9052560487484512,2,35
69,approach,0.05217356579145218,0.02857142857142857,3,1.8260748027008264,1,35
69,attacks,0.12000909175101816,0.08571428571428572,8,1.4001060704285453,3,35
69,both,0.057204744621614505,0.02857142857142857,2,2.002166061756508,1,35
69,common,0.05217356579145218,0.02857142857142857,3,1.8260748027008264,1,35
69,cross,0.0658056016405854,0.02857142857142857,1,2.303196057420489,1,35
69,damage,0.0658056016405854,0.02857142857142857,1,2.303196057420489,1,35
69,data,0.024458229316521987,0.02857142857142857,28,0.8560380260782696,1,35
69,deep,0.03305908633549288,0.02857142857142857,14,1.1570680217422509,1,35
69,injection,0.0658056016405854,0.02857142857142857,1,2.303196057420489,1,35
69,lead,0.0658056016405854,0.02857142857142857,1,2.303196057420489,1,35
69,learning,0.014395871656197346,0.02857142857142857,63,0.5038555079669071,1,35
69,may,0.0658056016405854,0.02857142857142857,1,2.303196057420489,1,35
69,novel,0.057204744621614505,0.02857142857142857,2,2.002166061756508,1,35
69,securing,0.1316112032811708,0.05714285714285714,1,2.303196057420489,2,35
69,severe,0.0658056016405854,0.02857142857142857,1,2.303196057420489,1,35
69,sql,0.0658056016405854,0.02857142857142857,1,2.303196057420489,1,35
69,sqli,0.0658056016405854,0.02857142857142857,1,2.303196057420489,1,35
69,using,0.031402173564701825,0.02857142857142857,16,1.099076074764564,1,35
69,web,0.08757142534171074,0.14285714285714285,49,0.6129999773919752,5,35
69,which,0.041659943354463776,0.02857142857142857,7,1.4580980174062321,1,35
69,xss,0.1316112032811708,0.05714285714285714,1,2.303196057420489,2,35
70,accept,0.0658056016405854,0.02857142857142857,1,2.303196057420489,1,35
70,application,0.06506811540601828,0.08571428571428572,35,0.7591280130702133,3,35
70,area,0.10434713158290436,0.05714285714285714,3,1.8260748027008264,2,35
70,available,0.04000303058367272,0.02857142857142857,8,1.4001060704285453,1,35
70,can,0.03605152492177897,0.02857142857142857,11,1.261803372262264,1,35
70,create,0.057204744621614505,0.02857142857142857,2,2.002166061756508,1,35
70,creation,0.0658056016405854,0.02857142857142857,1,2.303196057420489,1,35
70,deep,0.03305908633549288,0.02857142857142857,14,1.1570680217422509,1,35
70,deepvenn,0.1316112032811708,0.05714285714285714,1,2.303196057420489,2,35
70,diagrams,0.1316112032811708,0.05714285714285714,1,2.303196057420489,2,35
70,framework,0.04583503008812771,0.02857142857142857,5,1.60422605308447,1,35
70,js,0.0658056016405854,0.02857142857142857,1,2.303196057420489,1,35
70,learning,0.014395871656197346,0.02857142857142857,63,0.5038555079669071,1,35
70,lists,0.0658056016405854,0.02857142857142857,1,2.303196057420489,1,35
70,not,0.08331988670892755,0.05714285714285714,7,1.4580980174062321,2,35
70,numbers,0.0658056016405854,0.02857142857142857,1,2.303196057420489,1,35
70,only,0.05217356579145218,0.02857142857142857,3,1.8260748027008264,1,35
70,others,0.057204744621614505,0.02857142857142857,2,2.002166061756508,1,35
70,proportional,0.1316112032811708,0.05714285714285714,1,2.303196057420489,2,35
70,results,0.04583503008812771,0.02857142857142857,5,1.60422605308447,1,35
70,tensorflow,0.0658056016405854,0.02857142857142857,1,2.303196057420489,1,35
70,up,0.057204744621614505,0.02857142857142857,2,2.002166061756508,1,35
70,using,0.031402173564701825,0.02857142857142857,16,1.099076074764564,1,35
70,venn,0.1316112032811708,0.05714285714285714,1,2.303196057420489,2,35
70,web,0.05254285520502645,0.08571428571428572,49,0.6129999773919752,3,35
71,additionally,0.06458600199214541,0.03225806451612903,2,2.002166061756508,1,31
71,application,0.07346400126485934,0.0967741935483871,35,0.7591280130702133,3,31
71,based,0.10636220078366748,0.0967741935483871,16,1.099076074764564,3,31
71,chronic,0.07429664701356416,0.03225806451612903,1,2.303196057420489,1,31
71,ckd,0.14859329402712831,0.06451612903225806,1,2.303196057420489,2,31
71,ckdp,0.07429664701356416,0.03225806451612903,1,2.303196057420489,1,31
71,classification,0.06458600199214541,0.03225806451612903,2,2.002166061756508,1,31
71,develop,0.05890563879680085,0.03225806451612903,3,1.8260748027008264,1,31
71,disease,0.05487535697072666,0.03225806451612903,4,1.7011360660925265,1,31
71,kidney,0.07429664701356416,0.03225806451612903,1,2.303196057420489,1,31
71,learning,0.016253403482803457,0.03225806451612903,63,0.5038555079669071,1,31
71,machine,0.018155915094395,0.03225806451612903,55,0.562833367926245,1,31
71,ml,0.04516471194930791,0.03225806451612903,8,1.4001060704285453,1,31
71,model,0.03836299048753716,0.03225806451612903,13,1.189252705113652,1,31
71,operationalize,0.07429664701356416,0.03225806451612903,1,2.303196057420489,1,31
71,prediction,0.10975071394145332,0.06451612903225806,4,1.7011360660925265,2,31
71,present,0.05174922751885387,0.03225806451612903,5,1.60422605308447,1,31
71,proposed,0.06458600199214541,0.03225806451612903,2,2.002166061756508,1,31
71,real,0.05890563879680085,0.03225806451612903,3,1.8260748027008264,1,31
71,smart,0.04703541991633007,0.03225806451612903,7,1.4580980174062321,1,31
71,time,0.05487535697072666,0.03225806451612903,4,1.7011360660925265,1,31
71,we,0.028123622363274245,0.03225806451612903,27,0.8718322932615016,1,31
71,web,0.059322578457287924,0.0967741935483871,49,0.6129999773919752,3,31
72,agricultural,0.0794205537041548,0.034482758620689655,1,2.303196057420489,1,29
72,agriculture,0.1588411074083096,0.06896551724137931,1,2.303196057420489,2,29
72,application,0.026176828036903906,0.034482758620689655,35,0.7591280130702133,1,29
72,bangladesh,0.0794205537041548,0.034482758620689655,1,2.303196057420489,1,29
72,cotton,0.1588411074083096,0.06896551724137931,1,2.303196057420489,2,29
72,country,0.0794205537041548,0.034482758620689655,1,2.303196057420489,1,29
72,deep,0.039898897301456925,0.034482758620689655,14,1.1570680217422509,1,29
72,dependent,0.0794205537041548,0.034482758620689655,1,2.303196057420489,1,29
72,disease,0.058659864348018155,0.034482758620689655,4,1.7011360660925265,1,29
72,economic,0.0794205537041548,0.034482758620689655,1,2.303196057420489,1,29
72,economy,0.0794205537041548,0.034482758620689655,1,2.303196057420489,1,29
72,fine,0.0794205537041548,0.034482758620689655,1,2.303196057420489,1,29
72,gold,0.0794205537041548,0.034482758620689655,1,2.303196057420489,1,29
72,heavily,0.0794205537041548,0.034482758620689655,1,2.303196057420489,1,29
72,income,0.0794205537041548,0.034482758620689655,1,2.303196057420489,1,29
72,industry,0.06296809664485609,0.034482758620689655,3,1.8260748027008264,1,29
72,known,0.06296809664485609,0.034482758620689655,3,1.8260748027008264,1,29
72,learning,0.01737432786092783,0.034482758620689655,63,0.5038555079669071,1,29
72,model,0.041008713969436277,0.034482758620689655,13,1.189252705113652,1,29
72,prediction,0.058659864348018155,0.034482758620689655,4,1.7011360660925265,1,29
72,primary,0.0794205537041548,0.034482758620689655,1,2.303196057420489,1,29
72,smart,0.05027924197952525,0.034482758620689655,7,1.4580980174062321,1,29
72,source,0.058659864348018155,0.034482758620689655,4,1.7011360660925265,1,29
72,tuning,0.0794205537041548,0.034482758620689655,1,2.303196057420489,1,29
72,using,0.037899174991881515,0.034482758620689655,16,1.099076074764564,1,29
72,web,0.021137930254895698,0.034482758620689655,49,0.6129999773919752,1,29
72,white,0.0794205537041548,0.034482758620689655,1,2.303196057420489,1,29
73,accessible,0.08530355768224034,0.037037037037037035,1,2.303196057420489,1,27
73,app,0.03881198341915492,0.037037037037037035,18,1.0479235523171828,1,27
73,application,0.11246340934373529,0.14814814814814814,35,0.7591280130702133,4,27
73,bar,0.08530355768224034,0.037037037037037035,1,2.303196057420489,1,27
73,computer,0.07415429858357436,0.037037037037037035,2,2.002166061756508,1,27
73,desktop,0.08530355768224034,0.037037037037037035,1,2.303196057420489,1,27
73,displayed,0.08530355768224034,0.037037037037037035,1,2.303196057420489,1,27
73,experiments,0.08530355768224034,0.037037037037037035,1,2.303196057420489,1,27
73,install,0.08530355768224034,0.037037037037037035,1,2.303196057420489,1,27
73,lab,0.08530355768224034,0.037037037037037035,1,2.303196057420489,1,27
73,link,0.08530355768224034,0.037037037037037035,1,2.303196057420489,1,27
73,makes,0.08530355768224034,0.037037037037037035,1,2.303196057420489,1,27
73,navigation,0.08530355768224034,0.037037037037037035,1,2.303196057420489,1,27
73,online,0.05648314100136463,0.037037037037037035,6,1.5250448070368452,1,27
73,open,0.05400363027430489,0.037037037037037035,7,1.4580980174062321,1,27
73,progressive,0.08530355768224034,0.037037037037037035,1,2.303196057420489,1,27
73,running,0.08530355768224034,0.037037037037037035,1,2.303196057420489,1,27
73,sharing,0.08530355768224034,0.037037037037037035,1,2.303196057420489,1,27
73,technology,0.05400363027430489,0.037037037037037035,7,1.4580980174062321,1,27
73,top,0.0676324001000306,0.037037037037037035,3,1.8260748027008264,1,27
73,via,0.05648314100136463,0.037037037037037035,6,1.5250448070368452,1,27
73,web,0.06811110859910835,0.1111111111111111,49,0.6129999773919752,3,27
74,access,0.04456183480790194,0.027777777777777776,5,1.60422605308447,1,36
74,analysis,0.03303479736426811,0.027777777777777776,13,1.189252705113652,1,36
74,application,0.042173778503900736,0.05555555555555555,35,0.7591280130702133,2,36
74,available,0.03889183528968181,0.027777777777777776,8,1.4001060704285453,1,36
74,been,0.04725377961368129,0.027777777777777776,4,1.7011360660925265,1,36
74,building,0.1279553365233605,0.05555555555555555,1,2.303196057420489,2,36
74,cbe,0.1279553365233605,0.05555555555555555,1,2.303196057420489,2,36
74,clima,0.19193300478504075,0.08333333333333333,1,2.303196057420489,3,36
74,climate,0.05561572393768077,0.027777777777777776,2,2.002166061756508,1,36
74,created,0.06397766826168025,0.027777777777777776,1,2.303196057420489,1,36
74,design,0.037470931888365665,0.027777777777777776,9,1.348953547981164,1,36
74,easy,0.05072430007502295,0.027777777777777776,3,1.8260748027008264,1,36
74,energy,0.06397766826168025,0.027777777777777776,1,2.303196057420489,1,36
74,files,0.05561572393768077,0.027777777777777776,2,2.002166061756508,1,36
74,free,0.11123144787536154,0.05555555555555555,2,2.002166061756508,2,36
74,has,0.034000411427023994,0.027777777777777776,12,1.224014811372864,1,36
74,offers,0.05561572393768077,0.027777777777777776,2,2.002166061756508,1,36
74,open,0.08100544541145734,0.05555555555555555,7,1.4580980174062321,2,36
74,publicly,0.05561572393768077,0.027777777777777776,2,2.002166061756508,1,36
74,simulation,0.06397766826168025,0.027777777777777776,1,2.303196057420489,1,36
74,source,0.09450755922736258,0.05555555555555555,4,1.7011360660925265,2,36
74,sustainable,0.06397766826168025,0.027777777777777776,1,2.303196057420489,1,36
74,tailored,0.06397766826168025,0.027777777777777776,1,2.303196057420489,1,36
74,tool,0.1279553365233605,0.05555555555555555,1,2.303196057420489,2,36
74,weather,0.06397766826168025,0.027777777777777776,1,2.303196057420489,1,36
74,web,0.034055554299554175,0.05555555555555555,49,0.6129999773919752,2,36
75,app,0.07227058981497812,0.06896551724137931,18,1.0479235523171828,2,29
75,application,0.05235365607380781,0.06896551724137931,35,0.7591280130702133,2,29
75,aware,0.0794205537041548,0.034482758620689655,1,2.303196057420489,1,29
75,brief,0.0794205537041548,0.034482758620689655,1,2.303196057420489,1,29
75,button,0.0794205537041548,0.034482758620689655,1,2.303196057420489,1,29
75,cementitious,0.0794205537041548,0.034482758620689655,1,2.303196057420489,1,29
75,cemgems,0.23826166111246438,0.10344827586206896,1,2.303196057420489,3,29
75,description,0.06904020902608647,0.034482758620689655,2,2.002166061756508,1,29
75,developed,0.058659864348018155,0.034482758620689655,4,1.7011360660925265,1,29
75,easy,0.06296809664485609,0.034482758620689655,3,1.8260748027008264,1,29
75,emphasizing,0.06904020902608647,0.034482758620689655,2,2.002166061756508,1,29
75,has,0.042207407288719447,0.034482758620689655,12,1.224014811372864,1,29
75,here,0.06904020902608647,0.034482758620689655,2,2.002166061756508,1,29
75,its,0.05258775196678776,0.034482758620689655,6,1.5250448070368452,1,29
75,materials,0.0794205537041548,0.034482758620689655,1,2.303196057420489,1,29
75,modelling,0.06904020902608647,0.034482758620689655,2,2.002166061756508,1,29
75,newly,0.0794205537041548,0.034482758620689655,1,2.303196057420489,1,29
75,presented,0.06296809664485609,0.034482758620689655,3,1.8260748027008264,1,29
75,push,0.0794205537041548,0.034482758620689655,1,2.303196057420489,1,29
75,thermodynamic,0.0794205537041548,0.034482758620689655,1,2.303196057420489,1,29
75,use,0.04827951966994984,0.034482758620689655,8,1.4001060704285453,1,29
75,user,0.043510461112491856,0.034482758620689655,11,1.261803372262264,1,29
75,web,0.06341379076468709,0.10344827586206896,49,0.6129999773919752,3,29
76,ajar,0.05865556950141713,0.038461538461538464,6,1.5250448070368452,1,26
76,aplikasi,0.043907869045963104,0.07692307692307693,54,0.5708022975975203,2,26
76,arsitektur,0.07700638699063492,0.038461538461538464,2,2.002166061756508,1,26
76,bagaimana,0.0702336462577241,0.038461538461538464,3,1.8260748027008264,1,26
76,bahasa,0.08858446374694189,0.038461538461538464,1,2.303196057420489,1,26
76,buat,0.08251901046478577,0.07692307692307693,17,1.072747136042215,2,26
76,dasar,0.06170100204171039,0.038461538461538464,5,1.60422605308447,1,26
76,erti,0.08858446374694189,0.038461538461538464,1,2.303196057420489,1,26
76,jenis,0.0702336462577241,0.038461538461538464,3,1.8260748027008264,1,26
76,jurnal,0.07700638699063492,0.038461538461538464,2,2.002166061756508,1,26
76,kenal,0.07700638699063492,0.038461538461538464,2,2.002166061756508,1,26
76,masuk,0.07700638699063492,0.038461538461538464,2,2.002166061756508,1,26
76,mysql,0.07700638699063492,0.038461538461538464,2,2.002166061756508,1,26
76,pemrograman,0.2657533912408257,0.11538461538461539,1,2.303196057420489,3,26
76,php,0.0702336462577241,0.038461538461538464,3,1.8260748027008264,1,26
76,sederhana,0.07700638699063492,0.038461538461538464,2,2.002166061756508,1,26
76,web,0.11788461103691832,0.19230769230769232,49,0.6129999773919752,5,26
76,website,0.05012292528540342,0.038461538461538464,10,1.3031960574204888,1,26
77,aplikasi,0.023783429066563347,0.041666666666666664,54,0.5708022975975203,1,24
77,applications,0.037719002031185465,0.041666666666666664,25,0.9052560487484512,1,24
77,assessment,0.09596650239252037,0.041666666666666664,1,2.303196057420489,1,24
77,bas,0.035033252480063864,0.041666666666666664,29,0.8407980595215327,1,24
77,based,0.0457948364485235,0.041666666666666664,16,1.099076074764564,1,24
77,built,0.09596650239252037,0.041666666666666664,1,2.303196057420489,1,24
77,developed,0.07088066942052193,0.041666666666666664,4,1.7011360660925265,1,24
77,dosen,0.09596650239252037,0.041666666666666664,1,2.303196057420489,1,24
77,extreme,0.09596650239252037,0.041666666666666664,1,2.303196057420489,1,24
77,learning,0.02099397949862113,0.041666666666666664,63,0.5038555079669071,1,24
77,method,0.08342358590652116,0.041666666666666664,2,2.002166061756508,1,24
77,php,0.07608645011253443,0.041666666666666664,3,1.8260748027008264,1,24
77,programming,0.19193300478504075,0.08333333333333333,1,2.303196057420489,2,24
77,quality,0.058337752934522716,0.041666666666666664,8,1.4001060704285453,1,24
77,research,0.10515028102185532,0.08333333333333333,11,1.261803372262264,2,24
77,results,0.06684275221185292,0.041666666666666664,5,1.60422605308447,1,24
77,supervisi,0.09596650239252037,0.041666666666666664,1,2.303196057420489,1,24
77,universitas,0.09596650239252037,0.041666666666666664,1,2.303196057420489,1,24
77,using,0.0457948364485235,0.041666666666666664,16,1.099076074764564,1,24
77,web,0.02554166572466563,0.041666666666666664,49,0.6129999773919752,1,24
77,website,0.0542998357258537,0.041666666666666664,10,1.3031960574204888,1,24
77,xyz,0.09596650239252037,0.041666666666666664,1,2.303196057420489,1,24
78,ajar,0.12708706725307042,0.08333333333333333,6,1.5250448070368452,2,24
78,aplikasi,0.047566858133126694,0.08333333333333333,54,0.5708022975975203,2,24
78,bas,0.07006650496012773,0.08333333333333333,29,0.8407980595215327,2,24
78,didik,0.07608645011253443,0.041666666666666664,3,1.8260748027008264,1,24
78,guna,0.05497861507785845,0.08333333333333333,44,0.6597433809343014,2,24
78,hasil,0.1628995071775611,0.125,10,1.3031960574204888,3,24
78,ketutasan,0.09596650239252037,0.041666666666666664,1,2.303196057420489,1,24
78,klasikal,0.09596650239252037,0.041666666666666664,1,2.303196057420489,1,24
78,liveworksheet,0.19193300478504075,0.08333333333333333,1,2.303196057420489,2,24
78,prasiklus,0.09596650239252037,0.041666666666666664,1,2.303196057420489,1,24
78,serta,0.15217290022506885,0.08333333333333333,3,1.8260748027008264,2,24
78,teliti,0.040874031778607066,0.041666666666666664,21,0.9809767626865696,1,24
78,tingkat,0.08732696269309856,0.08333333333333333,18,1.0479235523171828,2,24
78,web,0.05108333144933126,0.08333333333333333,49,0.6129999773919752,2,24
79,ancang,0.04817691242789871,0.03571428571428571,9,1.348953547981164,1,28
79,aplikasi,0.061157389028305746,0.10714285714285714,54,0.5708022975975203,3,28
79,atau,0.08225700205073175,0.03571428571428571,1,2.303196057420489,1,28
79,bantu,0.08225700205073175,0.03571428571428571,1,2.303196057420489,1,28
79,bas,0.06005700425153805,0.07142857142857142,29,0.8407980595215327,2,28
79,buat,0.03831239771579339,0.03571428571428571,17,1.072747136042215,1,28
79,cepat,0.08225700205073175,0.03571428571428571,1,2.303196057420489,1,28
79,guna,0.047124527209592953,0.07142857142857142,44,0.6597433809343014,2,28
79,jual,0.10893177193120322,0.07142857142857142,6,1.5250448070368452,2,28
79,monja,0.08225700205073175,0.03571428571428571,1,2.303196057420489,1,28
79,mudah,0.05446588596560161,0.03571428571428571,6,1.5250448070368452,1,28
79,mysql,0.07150593077701813,0.03571428571428571,2,2.002166061756508,1,28
79,php,0.06521695723931523,0.03571428571428571,3,1.8260748027008264,1,28
79,server,0.06075485950330452,0.03571428571428571,4,1.7011360660925265,1,28
79,software,0.06075485950330452,0.03571428571428571,4,1.7011360660925265,1,28
79,store,0.08225700205073175,0.03571428571428571,1,2.303196057420489,1,28
79,tampil,0.07150593077701813,0.03571428571428571,2,2.002166061756508,1,28
79,tools,0.05207492919307972,0.03571428571428571,7,1.4580980174062321,1,28
79,web,0.04378571267085537,0.07142857142857142,49,0.6129999773919752,2,28
79,website,0.1396281490093381,0.10714285714285714,10,1.3031960574204888,3,28
80,analisis,0.049958003398389274,0.045454545454545456,16,1.099076074764564,1,22
80,aplikasi,0.10378223592682188,0.18181818181818182,54,0.5708022975975203,4,22
80,browser,0.10469072988274951,0.045454545454545456,1,2.303196057420489,1,22
80,cegat,0.10469072988274951,0.045454545454545456,1,2.303196057420489,1,22
80,fleksibel,0.10469072988274951,0.045454545454545456,1,2.303196057420489,1,22
80,keretan,0.10469072988274951,0.045454545454545456,1,2.303196057420489,1,22
80,khusus,0.08300340012276484,0.045454545454545456,3,1.8260748027008264,1,22
80,kirim,0.10469072988274951,0.045454545454545456,1,2.303196057420489,1,22
80,owasp,0.10469072988274951,0.045454545454545456,1,2.303196057420489,1,22
80,periksa,0.10469072988274951,0.045454545454545456,1,2.303196057420489,1,22
80,pesan,0.10469072988274951,0.045454545454545456,1,2.303196057420489,1,22
80,rancang,0.0662771826093742,0.045454545454545456,7,1.4580980174062321,1,22
80,sehingga,0.09100754826165945,0.045454545454545456,2,2.002166061756508,1,22
80,uji,0.09100754826165945,0.045454545454545456,2,2.002166061756508,1,22
80,web,0.08359090600799661,0.13636363636363635,49,0.6129999773919752,3,22
80,website,0.05923618442820404,0.045454545454545456,10,1.3031960574204888,1,22
80,zap,0.10469072988274951,0.045454545454545456,1,2.303196057420489,1,22
81,able,0.08300340012276484,0.045454545454545456,3,1.8260748027008264,1,22
81,analyze,0.08300340012276484,0.045454545454545456,3,1.8260748027008264,1,22
81,aplikasi,0.02594555898170547,0.045454545454545456,54,0.5708022975975203,1,22
81,application,0.03450581877591879,0.045454545454545456,35,0.7591280130702133,1,22
81,assist,0.09100754826165945,0.045454545454545456,2,2.002166061756508,1,22
81,bas,0.038218093614615124,0.045454545454545456,29,0.8407980595215327,1,22
81,based,0.049958003398389274,0.045454545454545456,16,1.099076074764564,1,22
81,design,0.06131607036278019,0.045454545454545456,9,1.348953547981164,1,22
81,learning,0.04580504617880974,0.09090909090909091,63,0.5038555079669071,2,22
81,process,0.08300340012276484,0.045454545454545456,3,1.8260748027008264,1,22
81,purpose,0.10469072988274951,0.045454545454545456,1,2.303196057420489,1,22
81,siswa,0.08300340012276484,0.045454545454545456,3,1.8260748027008264,1,22
81,smk,0.09100754826165945,0.045454545454545456,2,2.002166061756508,1,22
81,students,0.09100754826165945,0.045454545454545456,2,2.002166061756508,1,22
81,system,0.06932021850167479,0.045454545454545456,6,1.5250448070368452,1,22
81,teaching,0.08300340012276484,0.045454545454545456,3,1.8260748027008264,1,22
81,thesis,0.10469072988274951,0.045454545454545456,1,2.303196057420489,1,22
81,vocational,0.10469072988274951,0.045454545454545456,1,2.303196057420489,1,22
81,web,0.055727270671997745,0.09090909090909091,49,0.6129999773919752,2,22
81,writing,0.10469072988274951,0.045454545454545456,1,2.303196057420489,1,22
82,aplikasi,0.09926996479956875,0.17391304347826086,54,0.5708022975975203,4,23
82,bangun,0.10341327870553496,0.08695652173913043,13,1.189252705113652,2,23
82,bas,0.07311287474100285,0.08695652173913043,29,0.8407980595215327,2,23
82,guna,0.028684494823230496,0.043478260869565216,44,0.6597433809343014,1,23
82,hasil,0.0566606981487169,0.043478260869565216,10,1.3031960574204888,1,23
82,jual,0.1326125919162474,0.08695652173913043,6,1.5250448070368452,2,23
82,metode,0.042651163595068244,0.043478260869565216,21,0.9809767626865696,1,23
82,online,0.1326125919162474,0.08695652173913043,6,1.5250448070368452,2,23
82,rancang,0.126791131948368,0.08695652173913043,7,1.4580980174062321,2,23
82,scrum,0.10013895901828213,0.043478260869565216,1,2.303196057420489,1,23
82,teliti,0.08530232719013649,0.08695652173913043,21,0.9809767626865696,2,23
82,tuju,0.054861016185315824,0.043478260869565216,11,1.261803372262264,1,23
82,web,0.053304345860171756,0.08695652173913043,49,0.6129999773919752,2,23
83,android,0.0767732019140163,0.03333333333333333,1,2.303196057420489,1,30
83,aplikasi,0.0761069730130027,0.13333333333333333,54,0.5708022975975203,4,30
83,baik,0.060869160090027546,0.03333333333333333,3,1.8260748027008264,1,30
83,bas,0.08407980595215328,0.1,29,0.8407980595215327,3,30
83,buat,0.03575823786807383,0.03333333333333333,17,1.072747136042215,1,30
83,cakup,0.060869160090027546,0.03333333333333333,3,1.8260748027008264,1,30
83,dukung,0.05347420176948234,0.03333333333333333,5,1.60422605308447,1,30
83,giat,0.06673886872521692,0.03333333333333333,2,2.002166061756508,1,30
83,guna,0.02199144603114338,0.03333333333333333,44,0.6597433809343014,1,30
83,indonesia,0.06829616376451067,0.06666666666666667,19,1.02444245646766,2,30
83,jurnal,0.06673886872521692,0.03333333333333333,2,2.002166061756508,1,30
83,kembang,0.034148081882255335,0.03333333333333333,19,1.02444245646766,1,30
83,kerja,0.06673886872521692,0.03333333333333333,2,2.002166061756508,1,30
83,literature,0.04343986858068296,0.03333333333333333,10,1.3031960574204888,1,30
83,makalah,0.0767732019140163,0.03333333333333333,1,2.303196057420489,1,30
83,maupun,0.0767732019140163,0.03333333333333333,1,2.303196057420489,1,30
83,perintah,0.060869160090027546,0.03333333333333333,3,1.8260748027008264,1,30
83,review,0.030766160523629425,0.03333333333333333,24,0.9229848157088828,1,30
83,swasta,0.0767732019140163,0.03333333333333333,1,2.303196057420489,1,30
83,systematic,0.0366358691588188,0.03333333333333333,16,1.099076074764564,1,30
83,tunjang,0.0767732019140163,0.03333333333333333,1,2.303196057420489,1,30
83,web,0.061299997739197525,0.1,49,0.6129999773919752,3,30
84,ancang,0.05865015426005061,0.043478260869565216,9,1.348953547981164,1,23
84,aplikasi,0.07445247359967656,0.13043478260869565,54,0.5708022975975203,3,23
84,bas,0.07311287474100285,0.08695652173913043,29,0.8407980595215327,2,23
84,buat,0.04664117982792239,0.043478260869565216,17,1.072747136042215,1,23
84,daftar,0.08705069833723947,0.043478260869565216,2,2.002166061756508,1,23
84,gambar,0.08705069833723947,0.043478260869565216,2,2.002166061756508,1,23
84,harga,0.08705069833723947,0.043478260869565216,2,2.002166061756508,1,23
84,jenis,0.07939455663916636,0.043478260869565216,3,1.8260748027008264,1,23
84,lengkap,0.08705069833723947,0.043478260869565216,2,2.002166061756508,1,23
84,makan,0.3004168770548464,0.13043478260869565,1,2.303196057420489,3,23
84,menu,0.10013895901828213,0.043478260869565216,1,2.303196057420489,1,23
84,mesan,0.08705069833723947,0.043478260869565216,2,2.002166061756508,1,23
84,rancang,0.063395565974184,0.043478260869565216,7,1.4580980174062321,1,23
84,sedia,0.07939455663916636,0.043478260869565216,3,1.8260748027008264,1,23
84,sesuai,0.08705069833723947,0.043478260869565216,2,2.002166061756508,1,23
84,tampil,0.08705069833723947,0.043478260869565216,2,2.002166061756508,1,23
84,web,0.053304345860171756,0.08695652173913043,49,0.6129999773919752,2,23
85,adil,0.08225700205073175,0.03571428571428571,1,2.303196057420489,1,28
85,antarmuka,0.08225700205073175,0.03571428571428571,1,2.303196057420489,1,28
85,aplikasi,0.061157389028305746,0.10714285714285714,54,0.5708022975975203,3,28
85,bangun,0.042473310896916146,0.03571428571428571,13,1.189252705113652,1,28
85,bas,0.06005700425153805,0.07142857142857142,29,0.8407980595215327,2,28
85,bentuk,0.06521695723931523,0.03571428571428571,3,1.8260748027008264,1,28
85,cuti,0.08225700205073175,0.03571428571428571,1,2.303196057420489,1,28
85,dukung,0.057293787610159644,0.03571428571428571,5,1.60422605308447,1,28
85,guna,0.023562263604796477,0.03571428571428571,44,0.6597433809343014,1,28
85,informasi,0.05446588596560161,0.03571428571428571,6,1.5250448070368452,1,28
85,interaksi,0.08225700205073175,0.03571428571428571,1,2.303196057420489,1,28
85,kasus,0.0500037882295909,0.03571428571428571,8,1.4001060704285453,1,28
85,lalu,0.05446588596560161,0.03571428571428571,6,1.5250448070368452,1,28
85,negara,0.07150593077701813,0.03571428571428571,2,2.002166061756508,1,28
85,pegawai,0.08225700205073175,0.03571428571428571,1,2.303196057420489,1,28
85,rancang,0.05207492919307972,0.03571428571428571,7,1.4580980174062321,1,28
85,rencana,0.08225700205073175,0.03571428571428571,1,2.303196057420489,1,28
85,sistem,0.03925271695587729,0.03571428571428571,16,1.099076074764564,1,28
85,studi,0.0500037882295909,0.03571428571428571,8,1.4001060704285453,1,28
85,tata,0.08225700205073175,0.03571428571428571,1,2.303196057420489,1,28
85,usaha,0.06521695723931523,0.03571428571428571,3,1.8260748027008264,1,28
85,web,0.04378571267085537,0.07142857142857142,49,0.6129999773919752,2,28
85,website,0.09308543267289206,0.07142857142857142,10,1.3031960574204888,2,28
86,api,0.14830859716714873,0.07407407407407407,2,2.002166061756508,2,27
86,aplikasi,0.06342247751083559,0.1111111111111111,54,0.5708022975975203,3,27
86,bangun,0.044046396485690816,0.037037037037037035,13,1.189252705113652,1,27
86,buat,0.03973137540897092,0.037037037037037035,17,1.072747136042215,1,27
86,guna,0.024434940034603753,0.037037037037037035,44,0.6597433809343014,1,27
86,hubung,0.0676324001000306,0.037037037037037035,3,1.8260748027008264,1,27
86,kumkm,0.08530355768224034,0.037037037037037035,1,2.303196057420489,1,27
86,laku,0.05400363027430489,0.037037037037037035,7,1.4580980174062321,1,27
86,lampung,0.08530355768224034,0.037037037037037035,1,2.303196057420489,1,27
86,metode,0.03633247269209517,0.037037037037037035,21,0.9809767626865696,1,27
86,plut,0.08530355768224034,0.037037037037037035,1,2.303196057420489,1,27
86,produk,0.07415429858357436,0.037037037037037035,2,2.002166061756508,1,27
86,provinsi,0.08530355768224034,0.037037037037037035,1,2.303196057420489,1,27
86,rancang,0.05400363027430489,0.037037037037037035,7,1.4580980174062321,1,27
86,sentralisasi,0.08530355768224034,0.037037037037037035,1,2.303196057420489,1,27
86,service,0.11883155948773852,0.07407407407407407,5,1.60422605308447,2,27
86,sistem,0.040706521287576444,0.037037037037037035,16,1.099076074764564,1,27
86,teliti,0.03633247269209517,0.037037037037037035,21,0.9809767626865696,1,27
86,umkm,0.08530355768224034,0.037037037037037035,1,2.303196057420489,1,27
86,uptd,0.08530355768224034,0.037037037037037035,1,2.303196057420489,1,27
86,web,0.0454074057327389,0.07407407407407407,49,0.6129999773919752,2,27
86,website,0.04826652064520329,0.037037037037037035,10,1.3031960574204888,1,27
87,ada,0.06521695723931523,0.03571428571428571,3,1.8260748027008264,1,28
87,aplikasi,0.08154318537107433,0.14285714285714285,54,0.5708022975975203,4,28
87,bangun,0.08494662179383229,0.07142857142857142,13,1.189252705113652,2,28
87,bas,0.1201140085030761,0.14285714285714285,29,0.8407980595215327,4,28
87,butuh,0.18226457850991354,0.10714285714285714,4,1.7011360660925265,3,28
87,jual,0.21786354386240644,0.14285714285714285,6,1.5250448070368452,4,28
87,khansaa,0.08225700205073175,0.03571428571428571,1,2.303196057420489,1,28
87,pokok,0.1645140041014635,0.07142857142857142,1,2.303196057420489,2,28
87,rancang,0.05207492919307972,0.03571428571428571,7,1.4580980174062321,1,28
87,toko,0.12150971900660903,0.07142857142857142,4,1.7011360660925265,2,28
87,web,0.08757142534171074,0.14285714285714285,49,0.6129999773919752,4,28
88,akses,0.0641690421233788,0.04,5,1.60422605308447,1,25
88,api,0.08008664247026032,0.04,2,2.002166061756508,1,25
88,aplikasi,0.06849627571170244,0.12,54,0.5708022975975203,3,25
88,bangun,0.04757010820454609,0.04,13,1.189252705113652,1,25
88,bas,0.06726384476172262,0.08,29,0.8407980595215327,2,25
88,damping,0.09212784229681957,0.04,1,2.303196057420489,1,25
88,guna,0.026389735237372057,0.04,44,0.6597433809343014,1,25
88,letak,0.08008664247026032,0.04,2,2.002166061756508,1,25
88,maps,0.08008664247026032,0.04,2,2.002166061756508,1,25
88,marketplace,0.09212784229681957,0.04,1,2.303196057420489,1,25
88,mobile,0.02315680751278799,0.04,53,0.5789201878196998,1,25
88,salah,0.0641690421233788,0.04,5,1.60422605308447,1,25
88,satu,0.06100179228147381,0.04,6,1.5250448070368452,1,25
88,server,0.06804544264370106,0.04,4,1.7011360660925265,1,25
88,tempat,0.09212784229681957,0.04,1,2.303196057420489,1,25
88,untung,0.08008664247026032,0.04,2,2.002166061756508,1,25
88,web,0.049039998191358014,0.08,49,0.6129999773919752,2,25
88,website,0.15638352689045865,0.12,10,1.3031960574204888,3,25
88,wisata,0.09212784229681957,0.04,1,2.303196057420489,1,25
89,aplikasi,0.08456330334778078,0.14814814814814814,54,0.5708022975975203,4,27
89,baik,0.0676324001000306,0.037037037037037035,3,1.8260748027008264,1,27
89,bas,0.062281337742335754,0.07407407407407407,29,0.8407980595215327,2,27
89,black,0.07415429858357436,0.037037037037037035,2,2.002166061756508,1,27
89,box,0.07415429858357436,0.037037037037037035,2,2.002166061756508,1,27
89,buat,0.03973137540897092,0.037037037037037035,17,1.072747136042215,1,27
89,futsal,0.08530355768224034,0.037037037037037035,1,2.303196057420489,1,27
89,hasil,0.04826652064520329,0.037037037037037035,10,1.3031960574204888,1,27
89,jadwal,0.0676324001000306,0.037037037037037035,3,1.8260748027008264,1,27
89,jalan,0.05648314100136463,0.037037037037037035,6,1.5250448070368452,1,27
89,kata,0.0676324001000306,0.037037037037037035,3,1.8260748027008264,1,27
89,kunci,0.07415429858357436,0.037037037037037035,2,2.002166061756508,1,27
89,lapang,0.08530355768224034,0.037037037037037035,1,2.303196057420489,1,27
89,metode,0.03633247269209517,0.037037037037037035,21,0.9809767626865696,1,27
89,reservasi,0.07415429858357436,0.037037037037037035,2,2.002166061756508,1,27
89,teliti,0.03633247269209517,0.037037037037037035,21,0.9809767626865696,1,27
89,terap,0.03059536306299357,0.037037037037037035,30,0.8260748027008264,1,27
89,upa,0.08530355768224034,0.037037037037037035,1,2.303196057420489,1,27
89,waterfall,0.17060711536448067,0.07407407407407407,1,2.303196057420489,2,27
89,web,0.06811110859910835,0.1111111111111111,49,0.6129999773919752,3,27
90,aplikasi,0.03567514359984502,0.0625,54,0.5708022975975203,2,32
90,bangun,0.03716414703480163,0.03125,13,1.189252705113652,1,32
90,beri,0.10026412831777938,0.0625,5,1.60422605308447,2,32
90,hasil,0.040724876794390276,0.03125,10,1.3031960574204888,1,32
90,ikan,0.07197487679439028,0.03125,1,2.303196057420489,1,32
90,implementasi,0.045565563043944754,0.03125,7,1.4580980174062321,1,32
90,informasi,0.09531530043980282,0.0625,6,1.5250448070368452,2,32
90,jadwal,0.05706483758440083,0.03125,3,1.8260748027008264,1,32
90,karya,0.07197487679439028,0.03125,1,2.303196057420489,1,32
90,kasus,0.04375331470089204,0.03125,8,1.4001060704285453,1,32
90,kelola,0.06256768942989087,0.03125,2,2.002166061756508,1,32
90,kembang,0.032013826764614374,0.03125,19,1.02444245646766,1,32
90,layan,0.040724876794390276,0.03125,10,1.3031960574204888,1,32
90,mampu,0.06256768942989087,0.03125,2,2.002166061756508,1,32
90,pakan,0.07197487679439028,0.03125,1,2.303196057420489,1,32
90,pokdakan,0.07197487679439028,0.03125,1,2.303196057420489,1,32
90,sama,0.07197487679439028,0.03125,1,2.303196057420489,1,32
90,sedia,0.05706483758440083,0.03125,3,1.8260748027008264,1,32
90,service,0.15039619247666908,0.09375,5,1.60422605308447,3,32
90,sistem,0.034346127336392626,0.03125,16,1.099076074764564,1,32
90,solusi,0.05706483758440083,0.03125,3,1.8260748027008264,1,32
90,studi,0.04375331470089204,0.03125,8,1.4001060704285453,1,32
90,teliti,0.0306555238339553,0.03125,21,0.9809767626865696,1,32
90,web,0.0766249971739969,0.125,49,0.6129999773919752,4,32
91,aplikasi,0.09513371626625339,0.16666666666666666,54,0.5708022975975203,4,24
91,bas,0.035033252480063864,0.041666666666666664,29,0.8407980595215327,1,24
91,buka,0.09596650239252037,0.041666666666666664,1,2.303196057420489,1,24
91,dukung,0.06684275221185292,0.041666666666666664,5,1.60422605308447,1,24
91,fruits,0.09596650239252037,0.041666666666666664,1,2.303196057420489,1,24
91,ghafya,0.09596650239252037,0.041666666666666664,1,2.303196057420489,1,24
91,halaman,0.09596650239252037,0.041666666666666664,1,2.303196057420489,1,24
91,iklan,0.09596650239252037,0.041666666666666664,1,2.303196057420489,1,24
91,implementasi,0.060754084058593005,0.041666666666666664,7,1.4580980174062321,1,24
91,informasi,0.06354353362653521,0.041666666666666664,6,1.5250448070368452,1,24
91,isi,0.09596650239252037,0.041666666666666664,1,2.303196057420489,1,24
91,kasir,0.08342358590652116,0.041666666666666664,2,2.002166061756508,1,24
91,kumpul,0.09596650239252037,0.041666666666666664,1,2.303196057420489,1,24
91,layan,0.0542998357258537,0.041666666666666664,10,1.3031960574204888,1,24
91,program,0.07608645011253443,0.041666666666666664,3,1.8260748027008264,1,24
91,shop,0.08342358590652116,0.041666666666666664,2,2.002166061756508,1,24
91,software,0.07088066942052193,0.041666666666666664,4,1.7011360660925265,1,24
91,toko,0.07088066942052193,0.041666666666666664,4,1.7011360660925265,1,24
91,web,0.0766249971739969,0.125,49,0.6129999773919752,3,24
92,admin,0.0794205537041548,0.034482758620689655,1,2.303196057420489,1,29
92,akses,0.05531813976153345,0.034482758620689655,5,1.60422605308447,1,29
92,ancang,0.04651563958555738,0.034482758620689655,9,1.348953547981164,1,29
92,anggota,0.0794205537041548,0.034482758620689655,1,2.303196057420489,1,29
92,aplikasi,0.059048513544571066,0.10344827586206896,54,0.5708022975975203,3,29
92,bas,0.028993036535225267,0.034482758620689655,29,0.8407980595215327,1,29
92,data,0.029518552623388608,0.034482758620689655,28,0.8560380260782696,1,29
92,development,0.04493779508346513,0.034482758620689655,10,1.3031960574204888,1,29
92,guna,0.04549954351271044,0.06896551724137931,44,0.6597433809343014,2,29
92,gym,0.1588411074083096,0.06896551724137931,1,2.303196057420489,2,29
92,kelola,0.06904020902608647,0.034482758620689655,2,2.002166061756508,1,29
92,kembang,0.03532560194716069,0.034482758620689655,19,1.02444245646766,1,29
92,komputer,0.06904020902608647,0.034482758620689655,2,2.002166061756508,1,29
92,lalu,0.05258775196678776,0.034482758620689655,6,1.5250448070368452,1,29
92,membership,0.0794205537041548,0.034482758620689655,1,2.303196057420489,1,29
92,metode,0.03382678492022654,0.034482758620689655,21,0.9809767626865696,1,29
92,mobile,0.019962765097231026,0.034482758620689655,53,0.5789201878196998,1,29
92,perangkat,0.06296809664485609,0.034482758620689655,3,1.8260748027008264,1,29
92,process,0.06296809664485609,0.034482758620689655,3,1.8260748027008264,1,29
92,sistem,0.037899174991881515,0.034482758620689655,16,1.099076074764564,1,29
92,software,0.058659864348018155,0.034482758620689655,4,1.7011360660925265,1,29
92,unified,0.0794205537041548,0.034482758620689655,1,2.303196057420489,1,29
92,usdp,0.0794205537041548,0.034482758620689655,1,2.303196057420489,1,29
92,web,0.042275860509791395,0.06896551724137931,49,0.6129999773919752,2,29
93,administrasi,0.06673886872521692,0.03333333333333333,2,2.002166061756508,1,30
93,administration,0.0767732019140163,0.03333333333333333,1,2.303196057420489,1,30
93,agency,0.0767732019140163,0.03333333333333333,1,2.303196057420489,1,30
93,aplikasi,0.019026743253250676,0.03333333333333333,54,0.5708022975975203,1,30
93,application,0.025304267102340443,0.03333333333333333,35,0.7591280130702133,1,30
93,bas,0.028026601984051092,0.03333333333333333,29,0.8407980595215327,1,30
93,based,0.0366358691588188,0.03333333333333333,16,1.099076074764564,1,30
93,bayar,0.060869160090027546,0.03333333333333333,3,1.8260748027008264,1,30
93,before,0.0767732019140163,0.03333333333333333,1,2.303196057420489,1,30
93,better,0.060869160090027546,0.03333333333333333,3,1.8260748027008264,1,30
93,effective,0.05670453553641755,0.03333333333333333,4,1.7011360660925265,1,30
93,nurush,0.1535464038280326,0.06666666666666667,1,2.303196057420489,2,30
93,payment,0.1535464038280326,0.06666666666666667,1,2.303196057420489,2,30
93,performance,0.05347420176948234,0.03333333333333333,5,1.60422605308447,1,30
93,school,0.1535464038280326,0.06666666666666667,1,2.303196057420489,2,30
93,sekolah,0.06673886872521692,0.03333333333333333,2,2.002166061756508,1,30
93,shodiqin,0.0767732019140163,0.03333333333333333,1,2.303196057420489,1,30
93,sistem,0.0366358691588188,0.03333333333333333,16,1.099076074764564,1,30
93,smpi,0.1535464038280326,0.06666666666666667,1,2.303196057420489,2,30
93,system,0.10166965380245635,0.06666666666666667,6,1.5250448070368452,2,30
93,than,0.0767732019140163,0.03333333333333333,1,2.303196057420489,1,30
93,trigger,0.0767732019140163,0.03333333333333333,1,2.303196057420489,1,30
93,web,0.040866665159465014,0.06666666666666667,49,0.6129999773919752,2,30
93,will,0.05670453553641755,0.03333333333333333,4,1.7011360660925265,1,30
94,abdi,0.10013895901828213,0.043478260869565216,1,2.303196057420489,1,23
94,administrasi,0.08705069833723947,0.043478260869565216,2,2.002166061756508,1,23
94,aplikasi,0.07445247359967656,0.13043478260869565,54,0.5708022975975203,3,23
94,desa,0.17410139667447894,0.08695652173913043,2,2.002166061756508,2,23
94,fitur,0.07939455663916636,0.043478260869565216,3,1.8260748027008264,1,23
94,guna,0.05736898964646099,0.08695652173913043,44,0.6597433809343014,2,23
94,hasil,0.0566606981487169,0.043478260869565216,10,1.3031960574204888,1,23
94,kembang,0.13362292910447737,0.13043478260869565,19,1.02444245646766,3,23
94,laku,0.063395565974184,0.043478260869565216,7,1.4580980174062321,1,23
94,layan,0.0566606981487169,0.043478260869565216,10,1.3031960574204888,1,23
94,lontar,0.20027791803656425,0.08695652173913043,1,2.303196057420489,2,23
94,tuju,0.054861016185315824,0.043478260869565216,11,1.261803372262264,1,23
94,webiste,0.10013895901828213,0.043478260869565216,1,2.303196057420489,1,23
94,website,0.1699820944461507,0.13043478260869565,10,1.3031960574204888,3,23
95,ancang,0.049961242517820886,0.037037037037037035,9,1.348953547981164,1,27
95,aplikasi,0.08456330334778078,0.14814814814814814,54,0.5708022975975203,4,27
95,arti,0.08530355768224034,0.037037037037037035,1,2.303196057420489,1,27
95,bangun,0.044046396485690816,0.037037037037037035,13,1.189252705113652,1,27
95,bas,0.062281337742335754,0.07407407407407407,29,0.8407980595215327,2,27
95,buat,0.03973137540897092,0.037037037037037035,17,1.072747136042215,1,27
95,jasa,0.17060711536448067,0.07407407407407407,1,2.303196057420489,2,27
95,jual,0.05648314100136463,0.037037037037037035,6,1.5250448070368452,1,27
95,laundry,0.17060711536448067,0.07407407407407407,1,2.303196057420489,2,27
95,layan,0.09653304129040657,0.07407407407407407,10,1.3031960574204888,2,27
95,pecah,0.08530355768224034,0.037037037037037035,1,2.303196057420489,1,27
95,punya,0.08530355768224034,0.037037037037037035,1,2.303196057420489,1,27
95,sebut,0.05400363027430489,0.037037037037037035,7,1.4580980174062321,1,27
95,sepatu,0.08530355768224034,0.037037037037037035,1,2.303196057420489,1,27
95,sesuai,0.07415429858357436,0.037037037037037035,2,2.002166061756508,1,27
95,shoeslab,0.08530355768224034,0.037037037037037035,1,2.303196057420489,1,27
95,sistem,0.040706521287576444,0.037037037037037035,16,1.099076074764564,1,27
95,tuju,0.0467334582319357,0.037037037037037035,11,1.261803372262264,1,27
95,web,0.02270370286636945,0.037037037037037035,49,0.6129999773919752,1,27
95,website,0.04826652064520329,0.037037037037037035,10,1.3031960574204888,1,27
96,akses,0.057293787610159644,0.03571428571428571,5,1.60422605308447,1,28
96,aplikasi,0.061157389028305746,0.10714285714285714,54,0.5708022975975203,3,28
96,bas,0.06005700425153805,0.07142857142857142,29,0.8407980595215327,2,28
96,buat,0.03831239771579339,0.03571428571428571,17,1.072747136042215,1,28
96,ciri,0.08225700205073175,0.03571428571428571,1,2.303196057420489,1,28
96,desa,0.14301186155403625,0.07142857142857142,2,2.002166061756508,2,28
96,digitalisasi,0.08225700205073175,0.03571428571428571,1,2.303196057420489,1,28
96,jalan,0.05446588596560161,0.03571428571428571,6,1.5250448070368452,1,28
96,jaring,0.07150593077701813,0.03571428571428571,2,2.002166061756508,1,28
96,jual,0.05446588596560161,0.03571428571428571,6,1.5250448070368452,1,28
96,kecil,0.07150593077701813,0.03571428571428571,2,2.002166061756508,1,28
96,kede,0.08225700205073175,0.03571428571428571,1,2.303196057420489,1,28
96,lalu,0.10893177193120322,0.07142857142857142,6,1.5250448070368452,2,28
96,mati,0.07150593077701813,0.03571428571428571,2,2.002166061756508,1,28
96,mikro,0.08225700205073175,0.03571428571428571,1,2.303196057420489,1,28
96,sistem,0.03925271695587729,0.03571428571428571,16,1.099076074764564,1,28
96,tengah,0.08225700205073175,0.03571428571428571,1,2.303196057420489,1,28
96,usaha,0.06521695723931523,0.03571428571428571,3,1.8260748027008264,1,28
96,utama,0.07150593077701813,0.03571428571428571,2,2.002166061756508,1,28
96,web,0.08757142534171074,0.14285714285714285,49,0.6129999773919752,4,28
97,aplikasi,0.06342247751083559,0.1111111111111111,54,0.5708022975975203,3,27
97,bas,0.031140668871167877,0.037037037037037035,29,0.8407980595215327,1,27
97,black,0.14830859716714873,0.07407407407407407,2,2.002166061756508,2,27
97,box,0.14830859716714873,0.07407407407407407,2,2.002166061756508,2,27
97,data,0.0634102241539459,0.07407407407407407,28,0.8560380260782696,2,27
97,fokus,0.0676324001000306,0.037037037037037035,3,1.8260748027008264,1,27
97,fungsional,0.08530355768224034,0.037037037037037035,1,2.303196057420489,1,27
97,guna,0.024434940034603753,0.037037037037037035,44,0.6597433809343014,1,27
97,implementasi,0.05400363027430489,0.037037037037037035,7,1.4580980174062321,1,27
97,internal,0.08530355768224034,0.037037037037037035,1,2.303196057420489,1,27
97,laku,0.05400363027430489,0.037037037037037035,7,1.4580980174062321,1,27
97,metode,0.07266494538419034,0.07407407407407407,21,0.9809767626865696,2,27
97,perhati,0.0676324001000306,0.037037037037037035,3,1.8260748027008264,1,27
97,ska,0.17060711536448067,0.07407407407407407,1,2.303196057420489,2,27
97,testing,0.0676324001000306,0.037037037037037035,3,1.8260748027008264,1,27
97,uji,0.2224628957507231,0.1111111111111111,2,2.002166061756508,3,27
97,web,0.02270370286636945,0.037037037037037035,49,0.6129999773919752,1,27
97,website,0.04826652064520329,0.037037037037037035,10,1.3031960574204888,1,27
98,aju,0.08008664247026032,0.04,2,2.002166061756508,1,25
98,aplikasi,0.04566418380780163,0.08,54,0.5708022975975203,2,25
98,bas,0.10089576714258393,0.12,29,0.8407980595215327,3,25
98,jadwal,0.07304299210803306,0.04,3,1.8260748027008264,1,25
98,kembang,0.08195539651741279,0.08,19,1.02444245646766,2,25
98,keshoo,0.18425568459363914,0.08,1,2.303196057420489,2,25
98,mampu,0.08008664247026032,0.04,2,2.002166061756508,1,25
98,mesan,0.08008664247026032,0.04,2,2.002166061756508,1,25
98,reservasi,0.24025992741078092,0.12,2,2.002166061756508,3,25
98,salon,0.2763835268904587,0.12,1,2.303196057420489,3,25
98,sistem,0.04396304299058256,0.04,16,1.099076074764564,1,25
98,solusi,0.07304299210803306,0.04,3,1.8260748027008264,1,25
98,teliti,0.03923907050746279,0.04,21,0.9809767626865696,1,25
98,web,0.07355999728703702,0.12,49,0.6129999773919752,3,25
99,andal,0.09596650239252037,0.041666666666666664,1,2.303196057420489,1,24
99,aplikasi,0.09513371626625339,0.16666666666666666,54,0.5708022975975203,4,24
99,bas,0.035033252480063864,0.041666666666666664,29,0.8407980595215327,1,24
99,bisnis,0.08342358590652116,0.041666666666666664,2,2.002166061756508,1,24
99,codeigniter,0.09596650239252037,0.041666666666666664,1,2.303196057420489,1,24
99,dukung,0.06684275221185292,0.041666666666666664,5,1.60422605308447,1,24
99,jual,0.12708706725307042,0.08333333333333333,6,1.5250448070368452,2,24
99,kelontong,0.09596650239252037,0.041666666666666664,1,2.303196057420489,1,24
99,kembang,0.042685102352819165,0.041666666666666664,19,1.02444245646766,1,24
99,khusus,0.07608645011253443,0.041666666666666664,3,1.8260748027008264,1,24
99,optimalisasi,0.09596650239252037,0.041666666666666664,1,2.303196057420489,1,24
99,proses,0.09596650239252037,0.041666666666666664,1,2.303196057420489,1,24
99,sebut,0.060754084058593005,0.041666666666666664,7,1.4580980174062321,1,24
99,teliti,0.040874031778607066,0.041666666666666664,21,0.9809767626865696,1,24
99,toko,0.14176133884104386,0.08333333333333333,4,1.7011360660925265,2,24
99,tuju,0.05257514051092766,0.041666666666666664,11,1.261803372262264,1,24
99,web,0.0766249971739969,0.125,49,0.6129999773919752,3,24
100,ada,0.0676324001000306,0.037037037037037035,3,1.8260748027008264,1,27
100,aplikasi,0.021140825836945196,0.037037037037037035,54,0.5708022975975203,1,27
100,bangun,0.044046396485690816,0.037037037037037035,13,1.189252705113652,1,27
100,bas,0.09342200661350364,0.1111111111111111,29,0.8407980595215327,3,27
100,bayar,0.2028972003000918,0.1111111111111111,3,1.8260748027008264,3,27
100,informasi,0.05648314100136463,0.037037037037037035,6,1.5250448070368452,1,27
100,kembang,0.03794231320250592,0.037037037037037035,19,1.02444245646766,1,27
100,nusantara,0.08530355768224034,0.037037037037037035,1,2.303196057420489,1,27
100,patria,0.08530355768224034,0.037037037037037035,1,2.303196057420489,1,27
100,rancang,0.05400363027430489,0.037037037037037035,7,1.4580980174062321,1,27
100,sistem,0.12211956386272933,0.1111111111111111,16,1.099076074764564,3,27
100,smk,0.07415429858357436,0.037037037037037035,2,2.002166061756508,1,27
100,spp,0.255910673046721,0.1111111111111111,1,2.303196057420489,3,27
100,tahap,0.08530355768224034,0.037037037037037035,1,2.303196057420489,1,27
100,tri,0.08530355768224034,0.037037037037037035,1,2.303196057420489,1,27
100,web,0.0908148114654778,0.14814814814814814,49,0.6129999773919752,4,27
101,advantage,0.08530355768224034,0.037037037037037035,1,2.303196057420489,1,27
101,apps,0.1855863077326866,0.18518518518518517,20,1.0021660617565078,5,27
101,around,0.08530355768224034,0.037037037037037035,1,2.303196057420489,1,27
101,attached,0.08530355768224034,0.037037037037037035,1,2.303196057420489,1,27
101,brand,0.07415429858357436,0.037037037037037035,2,2.002166061756508,1,27
101,clarifying,0.08530355768224034,0.037037037037037035,1,2.303196057420489,1,27
101,competitive,0.08530355768224034,0.037037037037037035,1,2.303196057420489,1,27
101,existing,0.08530355768224034,0.037037037037037035,1,2.303196057420489,1,27
101,expanding,0.08530355768224034,0.037037037037037035,1,2.303196057420489,1,27
101,future,0.05400363027430489,0.037037037037037035,7,1.4580980174062321,1,27
101,how,0.05185578038624242,0.037037037037037035,8,1.4001060704285453,1,27
101,instances,0.08530355768224034,0.037037037037037035,1,2.303196057420489,1,27
101,known,0.0676324001000306,0.037037037037037035,3,1.8260748027008264,1,27
101,marketing,0.08530355768224034,0.037037037037037035,1,2.303196057420489,1,27
101,mobile,0.042882976875533316,0.07407407407407407,53,0.5789201878196998,2,27
101,past,0.0676324001000306,0.037037037037037035,3,1.8260748027008264,1,27
101,present,0.05941577974386926,0.037037037037037035,5,1.60422605308447,1,27
101,research,0.0934669164638714,0.07407407407407407,11,1.261803372262264,2,27
101,shape,0.07415429858357436,0.037037037037037035,2,2.002166061756508,1,27
101,via,0.05648314100136463,0.037037037037037035,6,1.5250448070368452,1,27
101,what,0.05941577974386926,0.037037037037037035,5,1.60422605308447,1,27
102,affect,0.09596650239252037,0.041666666666666664,1,2.303196057420489,1,24
102,applications,0.07543800406237093,0.08333333333333333,25,0.9052560487484512,2,24
102,can,0.05257514051092766,0.041666666666666664,11,1.261803372262264,1,24
102,consist,0.09596650239252037,0.041666666666666664,1,2.303196057420489,1,24
102,devices,0.15217290022506885,0.08333333333333333,3,1.8260748027008264,2,24
102,embedded,0.09596650239252037,0.041666666666666664,1,2.303196057420489,1,24
102,explain,0.09596650239252037,0.041666666666666664,1,2.303196057420489,1,24
102,finally,0.08342358590652116,0.041666666666666664,2,2.002166061756508,1,24
102,function,0.09596650239252037,0.041666666666666664,1,2.303196057420489,1,24
102,hardware,0.09596650239252037,0.041666666666666664,1,2.303196057420489,1,24
102,how,0.058337752934522716,0.041666666666666664,8,1.4001060704285453,1,24
102,mobile,0.09648669796994996,0.16666666666666666,53,0.5789201878196998,4,24
102,optimization,0.08342358590652116,0.041666666666666664,2,2.002166061756508,1,24
102,performance,0.13368550442370583,0.08333333333333333,5,1.60422605308447,2,24
102,survey,0.0542998357258537,0.041666666666666664,10,1.3031960574204888,1,24
102,systems,0.06684275221185292,0.041666666666666664,5,1.60422605308447,1,24
102,users,0.0542998357258537,0.041666666666666664,10,1.3031960574204888,1,24
102,we,0.03632634555256256,0.041666666666666664,27,0.8718322932615016,1,24
103,abandoned,0.07429664701356416,0.03225806451612903,1,2.303196057420489,1,31
103,also,0.05487535697072666,0.03225806451612903,4,1.7011360660925265,1,31
103,any,0.06458600199214541,0.03225806451612903,2,2.002166061756508,1,31
103,applications,0.08760542407243076,0.0967741935483871,25,0.9052560487484512,3,31
103,apps,0.06465587495203276,0.06451612903225806,20,1.0021660617565078,2,31
103,choose,0.07429664701356416,0.03225806451612903,1,2.303196057420489,1,31
103,completed,0.07429664701356416,0.03225806451612903,1,2.303196057420489,1,31
103,ecology,0.07429664701356416,0.03225806451612903,1,2.303196057420489,1,31
103,evaluation,0.049194993775382105,0.03225806451612903,6,1.5250448070368452,1,31
103,experience,0.05174922751885387,0.03225806451612903,5,1.60422605308447,1,31
103,favourite,0.07429664701356416,0.03225806451612903,1,2.303196057420489,1,31
103,four,0.14859329402712831,0.06451612903225806,1,2.303196057420489,2,31
103,mobile,0.037349689536754827,0.06451612903225806,53,0.5789201878196998,2,31
103,nine,0.07429664701356416,0.03225806451612903,1,2.303196057420489,1,31
103,people,0.07429664701356416,0.03225806451612903,1,2.303196057420489,1,31
103,questionnaire,0.07429664701356416,0.03225806451612903,1,2.303196057420489,1,31
103,recording,0.07429664701356416,0.03225806451612903,1,2.303196057420489,1,31
103,reported,0.07429664701356416,0.03225806451612903,1,2.303196057420489,1,31
103,respondents,0.07429664701356416,0.03225806451612903,1,2.303196057420489,1,31
103,seventy,0.07429664701356416,0.03225806451612903,1,2.303196057420489,1,31
103,their,0.040703334589105286,0.03225806451612903,11,1.261803372262264,1,31
103,they,0.05487535697072666,0.03225806451612903,4,1.7011360660925265,1,31
103,top,0.05890563879680085,0.03225806451612903,3,1.8260748027008264,1,31
103,up,0.06458600199214541,0.03225806451612903,2,2.002166061756508,1,31
103,user,0.040703334589105286,0.03225806451612903,11,1.261803372262264,1,31
103,why,0.06458600199214541,0.03225806451612903,2,2.002166061756508,1,31
104,academia,0.0767732019140163,0.03333333333333333,1,2.303196057420489,1,30
104,app,0.10479235523171829,0.1,18,1.0479235523171828,3,30
104,apps,0.033405535391883595,0.03333333333333333,20,1.0021660617565078,1,30
104,been,0.05670453553641755,0.03333333333333333,4,1.7011360660925265,1,30
104,conducted,0.060869160090027546,0.03333333333333333,3,1.8260748027008264,1,30
104,development,0.04343986858068296,0.03333333333333333,10,1.3031960574204888,1,30
104,discusses,0.0767732019140163,0.03333333333333333,1,2.303196057420489,1,30
104,education,0.05670453553641755,0.03333333333333333,4,1.7011360660925265,1,30
104,have,0.05347420176948234,0.03333333333333333,5,1.60422605308447,1,30
104,higher,0.0767732019140163,0.03333333333333333,1,2.303196057420489,1,30
104,identify,0.05670453553641755,0.03333333333333333,4,1.7011360660925265,1,30
104,library,0.0767732019140163,0.03333333333333333,1,2.303196057420489,1,30
104,mobile,0.09648669796994996,0.16666666666666666,53,0.5789201878196998,5,30
104,opposed,0.0767732019140163,0.03333333333333333,1,2.303196057420489,1,30
104,research,0.04206011240874213,0.03333333333333333,11,1.261803372262264,1,30
104,selection,0.0767732019140163,0.03333333333333333,1,2.303196057420489,1,30
104,studies,0.050834826901228175,0.03333333333333333,6,1.5250448070368452,1,30
104,study,0.03856893405807503,0.03333333333333333,14,1.1570680217422509,1,30
104,teaching,0.060869160090027546,0.03333333333333333,3,1.8260748027008264,1,30
104,use,0.1866808093904727,0.13333333333333333,8,1.4001060704285453,4,30
104,we,0.02906107644205005,0.03333333333333333,27,0.8718322932615016,1,30
105,ai,0.20712062707825943,0.10344827586206896,2,2.002166061756508,3,29
105,apps,0.06911490081079363,0.06896551724137931,20,1.0021660617565078,2,29
105,attention,0.0794205537041548,0.034482758620689655,1,2.303196057420489,1,29
105,driven,0.23826166111246438,0.10344827586206896,1,2.303196057420489,3,29
105,education,0.17597959304405447,0.10344827586206896,4,1.7011360660925265,3,29
105,ethical,0.0794205537041548,0.034482758620689655,1,2.303196057420489,1,29
105,issues,0.1106362795230669,0.06896551724137931,5,1.60422605308447,2,29
105,list,0.0794205537041548,0.034482758620689655,1,2.303196057420489,1,29
105,mobile,0.05988829529169308,0.10344827586206896,53,0.5789201878196998,3,29
105,related,0.058659864348018155,0.034482758620689655,4,1.7011360660925265,1,29
105,some,0.06904020902608647,0.034482758620689655,2,2.002166061756508,1,29
105,special,0.0794205537041548,0.034482758620689655,1,2.303196057420489,1,29
105,stakeholders,0.0794205537041548,0.034482758620689655,1,2.303196057420489,1,29
105,technologies,0.06296809664485609,0.034482758620689655,3,1.8260748027008264,1,29
105,use,0.09655903933989968,0.06896551724137931,8,1.4001060704285453,2,29
105,using,0.037899174991881515,0.034482758620689655,16,1.099076074764564,1,29
105,well,0.06296809664485609,0.034482758620689655,3,1.8260748027008264,1,29
105,when,0.0794205537041548,0.034482758620689655,1,2.303196057420489,1,29
106,adults,0.060869160090027546,0.03333333333333333,3,1.8260748027008264,1,30
106,analysis,0.03964175683712173,0.03333333333333333,13,1.189252705113652,1,30
106,app,0.03493078507723943,0.03333333333333333,18,1.0479235523171828,1,30
106,apps,0.13362214156753438,0.13333333333333333,20,1.0021660617565078,4,30
106,better,0.060869160090027546,0.03333333333333333,3,1.8260748027008264,1,30
106,compiled,0.06673886872521692,0.03333333333333333,2,2.002166061756508,1,30
106,conclusions,0.0767732019140163,0.03333333333333333,1,2.303196057420489,1,30
106,design,0.1348953547981164,0.1,9,1.348953547981164,3,30
106,guidelines,0.1535464038280326,0.06666666666666667,1,2.303196057420489,2,30
106,how,0.04667020234761818,0.03333333333333333,8,1.4001060704285453,1,30
106,mind,0.0767732019140163,0.03333333333333333,1,2.303196057420489,1,30
106,mobile,0.07718935837595997,0.13333333333333333,53,0.5789201878196998,4,30
106,older,0.06673886872521692,0.03333333333333333,2,2.002166061756508,1,30
106,review,0.030766160523629425,0.03333333333333333,24,0.9229848157088828,1,30
106,specific,0.0767732019140163,0.03333333333333333,1,2.303196057420489,1,30
106,such,0.05670453553641755,0.03333333333333333,4,1.7011360660925265,1,30
106,support,0.05670453553641755,0.03333333333333333,4,1.7011360660925265,1,30
106,systematic,0.0366358691588188,0.03333333333333333,16,1.099076074764564,1,30
106,thematic,0.0767732019140163,0.03333333333333333,1,2.303196057420489,1,30
106,these,0.0449651182660388,0.03333333333333333,9,1.348953547981164,1,30
106,users,0.04343986858068296,0.03333333333333333,10,1.3031960574204888,1,30
107,acceptance,0.1404672925154482,0.07692307692307693,3,1.8260748027008264,2,26
107,app,0.12091425603659803,0.11538461538461539,18,1.0479235523171828,3,26
107,application,0.05839446254386256,0.07692307692307693,35,0.7591280130702133,2,26
107,associated,0.08858446374694189,0.038461538461538464,1,2.303196057420489,1,26
107,customer,0.17716892749388377,0.07692307692307693,1,2.303196057420489,2,26
107,examining,0.08858446374694189,0.038461538461538464,1,2.303196057420489,1,26
107,features,0.07700638699063492,0.038461538461538464,2,2.002166061756508,1,26
107,focused,0.07700638699063492,0.038461538461538464,2,2.002166061756508,1,26
107,mobile,0.08906464427995382,0.15384615384615385,53,0.5789201878196998,4,26
107,multiple,0.08858446374694189,0.038461538461538464,1,2.303196057420489,1,26
107,role,0.18510300612513117,0.11538461538461539,5,1.60422605308447,3,26
107,service,0.12340200408342078,0.07692307692307693,5,1.60422605308447,2,26
107,shaping,0.17716892749388377,0.07692307692307693,1,2.303196057420489,2,26
107,study,0.04450261622085581,0.038461538461538464,14,1.1570680217422509,1,26
108,adoption,0.06904020902608647,0.034482758620689655,2,2.002166061756508,1,29
108,adults,0.06296809664485609,0.034482758620689655,3,1.8260748027008264,1,29
108,among,0.06904020902608647,0.034482758620689655,2,2.002166061756508,1,29
108,analysis,0.041008713969436277,0.034482758620689655,13,1.189252705113652,1,29
108,analyze,0.06296809664485609,0.034482758620689655,3,1.8260748027008264,1,29
108,applications,0.06243145163782422,0.06896551724137931,25,0.9052560487484512,2,29
108,apps,0.10367235121619046,0.10344827586206896,20,1.0021660617565078,3,29
108,context,0.06904020902608647,0.034482758620689655,2,2.002166061756508,1,29
108,daily,0.0794205537041548,0.034482758620689655,1,2.303196057420489,1,29
108,determinants,0.0794205537041548,0.034482758620689655,1,2.303196057420489,1,29
108,determining,0.0794205537041548,0.034482758620689655,1,2.303196057420489,1,29
108,essential,0.0794205537041548,0.034482758620689655,1,2.303196057420489,1,29
108,extension,0.0794205537041548,0.034482758620689655,1,2.303196057420489,1,29
108,factors,0.05531813976153345,0.034482758620689655,5,1.60422605308447,1,29
108,life,0.06296809664485609,0.034482758620689655,3,1.8260748027008264,1,29
108,mobile,0.0798510603889241,0.13793103448275862,53,0.5789201878196998,4,29
108,most,0.06904020902608647,0.034482758620689655,2,2.002166061756508,1,29
108,now,0.06904020902608647,0.034482758620689655,2,2.002166061756508,1,29
108,part,0.0794205537041548,0.034482758620689655,1,2.303196057420489,1,29
108,theoretical,0.0794205537041548,0.034482758620689655,1,2.303196057420489,1,29
108,usage,0.06904020902608647,0.034482758620689655,2,2.002166061756508,1,29
108,use,0.04827951966994984,0.034482758620689655,8,1.4001060704285453,1,29
108,young,0.0794205537041548,0.034482758620689655,1,2.303196057420489,1,29
109,aims,0.04288523580606565,0.029411764705882353,7,1.4580980174062321,1,34
109,app,0.09246384285151614,0.08823529411764706,18,1.0479235523171828,3,34
109,application,0.022327294502065095,0.029411764705882353,35,0.7591280130702133,1,34
109,delivery,0.06774106051236732,0.029411764705882353,1,2.303196057420489,1,34
109,effects,0.06774106051236732,0.029411764705882353,1,2.303196057420489,1,34
109,examination,0.06774106051236732,0.029411764705882353,1,2.303196057420489,1,34
109,examine,0.058887237110485526,0.029411764705882353,2,2.002166061756508,1,34
109,food,0.20322318153710198,0.08823529411764706,1,2.303196057420489,3,34
109,influences,0.06774106051236732,0.029411764705882353,1,2.303196057420489,1,34
109,intentions,0.06774106051236732,0.029411764705882353,1,2.303196057420489,1,34
109,mechanism,0.06774106051236732,0.029411764705882353,1,2.303196057420489,1,34
109,mobile,0.06810825739055291,0.11764705882352941,53,0.5789201878196998,4,34
109,online,0.04485425903049545,0.029411764705882353,6,1.5250448070368452,1,34
109,ordering,0.06774106051236732,0.029411764705882353,1,2.303196057420489,1,34
109,quality,0.08235918061344384,0.058823529411764705,8,1.4001060704285453,2,34
109,repurchase,0.06774106051236732,0.029411764705882353,1,2.303196057420489,1,34
109,satisfaction,0.20322318153710198,0.08823529411764706,1,2.303196057420489,3,34
109,service,0.09436623841673353,0.058823529411764705,5,1.60422605308447,2,34
109,spillover,0.06774106051236732,0.029411764705882353,1,2.303196057420489,1,34
109,study,0.03403141240418385,0.029411764705882353,14,1.1570680217422509,1,34
109,through,0.05003341370860372,0.029411764705882353,4,1.7011360660925265,1,34
109,users,0.03832929580648497,0.029411764705882353,10,1.3031960574204888,1,34
109,which,0.04288523580606565,0.029411764705882353,7,1.4580980174062321,1,34
110,287m,0.07197487679439028,0.03125,1,2.303196057420489,1,32
110,29,0.07197487679439028,0.03125,1,2.303196057420489,1,32
110,2m,0.07197487679439028,0.03125,1,2.303196057420489,1,32
110,about,0.06256768942989087,0.03125,2,2.002166061756508,1,32
110,across,0.07197487679439028,0.03125,1,2.303196057420489,1,32
110,analyzing,0.07197487679439028,0.03125,1,2.303196057420489,1,32
110,app,0.06549522201982393,0.0625,18,1.0479235523171828,2,32
110,apply,0.07197487679439028,0.03125,1,2.303196057420489,1,32
110,apps,0.06263537885978174,0.0625,20,1.0021660617565078,2,32
110,categories,0.06256768942989087,0.03125,2,2.002166061756508,1,32
110,google,0.053160502065391455,0.03125,4,1.7011360660925265,1,32
110,identify,0.053160502065391455,0.03125,4,1.7011360660925265,1,32
110,methods,0.053160502065391455,0.03125,4,1.7011360660925265,1,32
110,millions,0.07197487679439028,0.03125,1,2.303196057420489,1,32
110,mobile,0.05427376760809685,0.09375,53,0.5789201878196998,3,32
110,our,0.05706483758440083,0.03125,3,1.8260748027008264,1,32
110,pain,0.07197487679439028,0.03125,1,2.303196057420489,1,32
110,perspectives,0.06256768942989087,0.03125,2,2.002166061756508,1,32
110,play,0.06256768942989087,0.03125,2,2.002166061756508,1,32
110,points,0.06256768942989087,0.03125,2,2.002166061756508,1,32
110,privacy,0.14394975358878057,0.0625,1,2.303196057420489,2,32
110,reviews,0.12513537885978174,0.0625,2,2.002166061756508,2,32
110,scale,0.05706483758440083,0.03125,3,1.8260748027008264,1,32
110,top,0.05706483758440083,0.03125,3,1.8260748027008264,1,32
110,user,0.03943135538319575,0.03125,11,1.261803372262264,1,32
110,we,0.027244759164421924,0.03125,27,0.8718322932615016,1,32
111,able,0.1352648002000612,0.07407407407407407,3,1.8260748027008264,2,27
111,accurate,0.08530355768224034,0.037037037037037035,1,2.303196057420489,1,27
111,application,0.11246340934373529,0.14814814814814814,35,0.7591280130702133,4,27
111,build,0.07415429858357436,0.037037037037037035,2,2.002166061756508,1,27
111,cancer,0.08530355768224034,0.037037037037037035,1,2.303196057420489,1,27
111,classify,0.08530355768224034,0.037037037037037035,1,2.303196057420489,1,27
111,common,0.0676324001000306,0.037037037037037035,3,1.8260748027008264,1,27
111,deep,0.04285437117563892,0.037037037037037035,14,1.1570680217422509,1,27
111,effective,0.06300503948490839,0.037037037037037035,4,1.7011360660925265,1,27
111,learning,0.01866131510988545,0.037037037037037035,63,0.5038555079669071,1,27
111,lesions,0.08530355768224034,0.037037037037037035,1,2.303196057420489,1,27
111,methods,0.06300503948490839,0.037037037037037035,4,1.7011360660925265,1,27
111,mobile,0.08576595375106663,0.14814814814814814,53,0.5789201878196998,4,27
111,our,0.0676324001000306,0.037037037037037035,3,1.8260748027008264,1,27
111,recognition,0.06300503948490839,0.037037037037037035,4,1.7011360660925265,1,27
111,skin,0.17060711536448067,0.07407407407407407,1,2.303196057420489,2,27
111,smartphone,0.0676324001000306,0.037037037037037035,3,1.8260748027008264,1,27
111,used,0.05648314100136463,0.037037037037037035,6,1.5250448070368452,1,27
111,using,0.040706521287576444,0.037037037037037035,16,1.099076074764564,1,27
112,19,0.08836957681249892,0.06060606060606061,7,1.4580980174062321,2,33
112,aid,0.069793819921833,0.030303030303030304,1,2.303196057420489,1,33
112,analysis,0.03603796076101976,0.030303030303030304,13,1.189252705113652,1,33
112,app,0.03175525916112675,0.030303030303030304,18,1.0479235523171828,1,33
112,apple,0.069793819921833,0.030303030303030304,1,2.303196057420489,1,33
112,applications,0.10972800590890318,0.12121212121212122,25,0.9052560487484512,4,33
112,available,0.04242745667965289,0.030303030303030304,8,1.4001060704285453,1,33
112,choosing,0.069793819921833,0.030303030303030304,1,2.303196057420489,1,33
112,content,0.069793819921833,0.030303030303030304,1,2.303196057420489,1,33
112,covid,0.09242695800223305,0.06060606060606061,6,1.5250448070368452,2,33
112,current,0.0606716988411063,0.030303030303030304,2,2.002166061756508,1,33
112,endemic,0.069793819921833,0.030303030303030304,1,2.303196057420489,1,33
112,features,0.1213433976822126,0.06060606060606061,2,2.002166061756508,2,33
112,functionalities,0.069793819921833,0.030303030303030304,1,2.303196057420489,1,33
112,future,0.04418478840624946,0.030303030303030304,7,1.4580980174062321,1,33
112,improve,0.046213479001116525,0.030303030303030304,6,1.5250448070368452,1,33
112,medical,0.069793819921833,0.030303030303030304,1,2.303196057420489,1,33
112,mobile,0.07017214397814543,0.12121212121212122,53,0.5789201878196998,4,33
112,phase,0.069793819921833,0.030303030303030304,1,2.303196057420489,1,33
112,quality,0.04242745667965289,0.030303030303030304,8,1.4001060704285453,1,33
112,review,0.027969236839663115,0.030303030303030304,24,0.9229848157088828,1,33
112,suitable,0.0606716988411063,0.030303030303030304,2,2.002166061756508,1,33
112,their,0.03823646582612921,0.030303030303030304,11,1.261803372262264,1,33
112,users,0.039490789618802695,0.030303030303030304,10,1.3031960574204888,1,33
113,276,0.0794205537041548,0.034482758620689655,1,2.303196057420489,1,29
113,analyzed,0.06904020902608647,0.034482758620689655,2,2.002166061756508,1,29
113,app,0.03613529490748906,0.034482758620689655,18,1.0479235523171828,1,29
113,apps,0.10367235121619046,0.10344827586206896,20,1.0021660617565078,3,29
113,data,0.029518552623388608,0.034482758620689655,28,0.8560380260782696,1,29
113,design,0.04651563958555738,0.034482758620689655,9,1.348953547981164,1,29
113,developers,0.0794205537041548,0.034482758620689655,1,2.303196057420489,1,29
113,effective,0.058659864348018155,0.034482758620689655,4,1.7011360660925265,1,29
113,engagement,0.11731972869603631,0.06896551724137931,4,1.7011360660925265,2,29
113,enhancing,0.06904020902608647,0.034482758620689655,2,2.002166061756508,1,29
113,gamification,0.06904020902608647,0.034482758620689655,2,2.002166061756508,1,29
113,gamified,0.1588411074083096,0.06896551724137931,1,2.303196057420489,2,29
113,help,0.058659864348018155,0.034482758620689655,4,1.7011360660925265,1,29
113,however,0.06904020902608647,0.034482758620689655,2,2.002166061756508,1,29
113,mobile,0.0798510603889241,0.13793103448275862,53,0.5789201878196998,4,29
113,more,0.12593619328971217,0.06896551724137931,3,1.8260748027008264,2,29
113,role,0.05531813976153345,0.034482758620689655,5,1.60422605308447,1,29
113,their,0.043510461112491856,0.034482758620689655,11,1.261803372262264,1,29
113,user,0.043510461112491856,0.034482758620689655,11,1.261803372262264,1,29
113,users,0.08987559016693027,0.06896551724137931,10,1.3031960574204888,2,29
114,19,0.04703541991633007,0.03225806451612903,7,1.4580980174062321,1,31
114,actions,0.07429664701356416,0.03225806451612903,1,2.303196057420489,1,31
114,aim,0.05890563879680085,0.03225806451612903,3,1.8260748027008264,1,31
114,app,0.0676079711172376,0.06451612903225806,18,1.0479235523171828,2,31
114,apps,0.06465587495203276,0.06451612903225806,20,1.0021660617565078,2,31
114,business,0.14859329402712831,0.06451612903225806,1,2.303196057420489,2,31
114,covid,0.049194993775382105,0.03225806451612903,6,1.5250448070368452,1,31
114,during,0.1178112775936017,0.06451612903225806,3,1.8260748027008264,2,31
114,effective,0.05487535697072666,0.03225806451612903,4,1.7011360660925265,1,31
114,efficiency,0.06458600199214541,0.03225806451612903,2,2.002166061756508,1,31
114,have,0.05174922751885387,0.03225806451612903,5,1.60422605308447,1,31
114,improve,0.049194993775382105,0.03225806451612903,6,1.5250448070368452,1,31
114,measures,0.07429664701356416,0.03225806451612903,1,2.303196057420489,1,31
114,mobile,0.07469937907350965,0.12903225806451613,53,0.5789201878196998,4,31
114,onwards,0.07429664701356416,0.03225806451612903,1,2.303196057420489,1,31
114,pandemic,0.06458600199214541,0.03225806451612903,2,2.002166061756508,1,31
114,recognize,0.07429664701356416,0.03225806451612903,1,2.303196057420489,1,31
114,sme,0.07429664701356416,0.03225806451612903,1,2.303196057420489,1,31
114,smes,0.07429664701356416,0.03225806451612903,1,2.303196057420489,1,31
114,sustainability,0.07429664701356416,0.03225806451612903,1,2.303196057420489,1,31
114,taken,0.06458600199214541,0.03225806451612903,2,2.002166061756508,1,31
114,their,0.040703334589105286,0.03225806451612903,11,1.261803372262264,1,31
114,turned,0.07429664701356416,0.03225806451612903,1,2.303196057420489,1,31
114,we,0.028123622363274245,0.03225806451612903,27,0.8718322932615016,1,31
115,adapting,0.0658056016405854,0.02857142857142857,1,2.303196057420489,1,35
115,app,0.05988134584669616,0.05714285714285714,18,1.0479235523171828,2,35
115,applications,0.025864458535670033,0.02857142857142857,25,0.9052560487484512,1,35
115,appropriate,0.057204744621614505,0.02857142857142857,2,2.002166061756508,1,35
115,apps,0.057266632100371875,0.05714285714285714,20,1.0021660617565078,2,35
115,assurance,0.0658056016405854,0.02857142857142857,1,2.303196057420489,1,35
115,both,0.057204744621614505,0.02857142857142857,2,2.002166061756508,1,35
115,determine,0.0658056016405854,0.02857142857142857,1,2.303196057420489,1,35
115,developing,0.0658056016405854,0.02857142857142857,1,2.303196057420489,1,35
115,evaluating,0.05217356579145218,0.02857142857142857,3,1.8260748027008264,1,35
115,evaluation,0.04357270877248129,0.02857142857142857,6,1.5250448070368452,1,35
115,health,0.057204744621614505,0.02857142857142857,2,2.002166061756508,1,35
115,identifying,0.05217356579145218,0.02857142857142857,3,1.8260748027008264,1,35
115,mars,0.0658056016405854,0.02857142857142857,1,2.303196057420489,1,35
115,mobile,0.0496217303845457,0.08571428571428572,53,0.5789201878196998,3,35
115,new,0.03723417306915682,0.02857142857142857,10,1.3031960574204888,1,35
115,order,0.057204744621614505,0.02857142857142857,2,2.002166061756508,1,35
115,phone,0.057204744621614505,0.02857142857142857,2,2.002166061756508,1,35
115,protocol,0.11440948924322901,0.05714285714285714,2,2.002166061756508,2,35
115,quality,0.08000606116734545,0.05714285714285714,8,1.4001060704285453,2,35
115,rating,0.1974168049217562,0.08571428571428572,1,2.303196057420489,3,35
115,related,0.048603887602643614,0.02857142857142857,4,1.7011360660925265,1,35
115,safety,0.0658056016405854,0.02857142857142857,1,2.303196057420489,1,35
115,scale,0.10434713158290436,0.05714285714285714,3,1.8260748027008264,2,35
115,tools,0.08331988670892755,0.05714285714285714,7,1.4580980174062321,2,35
116,adoption,0.07700638699063492,0.038461538461538464,2,2.002166061756508,1,26
116,affecting,0.08858446374694189,0.038461538461538464,1,2.303196057420489,1,26
116,application,0.02919723127193128,0.038461538461538464,35,0.7591280130702133,1,26
116,applications,0.06963508067295779,0.07692307692307693,25,0.9052560487484512,2,26
116,augmented,0.15401277398126983,0.07692307692307693,2,2.002166061756508,2,26
116,become,0.07700638699063492,0.038461538461538464,2,2.002166061756508,1,26
116,case,0.07700638699063492,0.038461538461538464,2,2.002166061756508,1,26
116,devices,0.0702336462577241,0.038461538461538464,3,1.8260748027008264,1,26
116,factors,0.06170100204171039,0.038461538461538464,5,1.60422605308447,1,26
116,has,0.04707749274511015,0.038461538461538464,12,1.224014811372864,1,26
116,mar,0.08858446374694189,0.038461538461538464,1,2.303196057420489,1,26
116,mobile,0.08906464427995382,0.15384615384615385,53,0.5789201878196998,4,26
116,reality,0.15401277398126983,0.07692307692307693,2,2.002166061756508,2,26
116,study,0.04450261622085581,0.038461538461538464,14,1.1570680217422509,1,26
116,technology,0.11216138595432555,0.07692307692307693,7,1.4580980174062321,2,26
116,turkey,0.07700638699063492,0.038461538461538464,2,2.002166061756508,1,26
116,use,0.053850233478020974,0.038461538461538464,8,1.4001060704285453,1,26
116,user,0.048530898933164,0.038461538461538464,11,1.261803372262264,1,26
116,widespread,0.07700638699063492,0.038461538461538464,2,2.002166061756508,1,26
117,aim,0.05890563879680085,0.03225806451612903,3,1.8260748027008264,1,31
117,anything,0.07429664701356416,0.03225806451612903,1,2.303196057420489,1,31
117,applications,0.05840361604828717,0.06451612903225806,25,0.9052560487484512,2,31
117,can,0.040703334589105286,0.03225806451612903,11,1.261803372262264,1,31
117,devices,0.05890563879680085,0.03225806451612903,3,1.8260748027008264,1,31
117,edge,0.07429664701356416,0.03225806451612903,1,2.303196057420489,1,31
117,faster,0.07429664701356416,0.03225806451612903,1,2.303196057420489,1,31
117,friendly,0.06458600199214541,0.03225806451612903,2,2.002166061756508,1,31
117,lightweight,0.07429664701356416,0.03225806451612903,1,2.303196057420489,1,31
117,like,0.06458600199214541,0.03225806451612903,2,2.002166061756508,1,31
117,make,0.05487535697072666,0.03225806451612903,4,1.7011360660925265,1,31
117,making,0.07429664701356416,0.03225806451612903,1,2.303196057420489,1,31
117,mobile,0.07469937907350965,0.12903225806451613,53,0.5789201878196998,4,31
117,mobilesam,0.07429664701356416,0.03225806451612903,1,2.303196057420489,1,31
117,more,0.05890563879680085,0.03225806451612903,3,1.8260748027008264,1,31
117,moreover,0.06458600199214541,0.03225806451612903,2,2.002166061756508,1,31
117,phones,0.07429664701356416,0.03225806451612903,1,2.303196057420489,1,31
117,sam,0.14859329402712831,0.06451612903225806,1,2.303196057420489,2,31
117,segment,0.07429664701356416,0.03225806451612903,1,2.303196057420489,1,31
117,show,0.05487535697072666,0.03225806451612903,4,1.7011360660925265,1,31
117,smaller,0.07429664701356416,0.03225806451612903,1,2.303196057420489,1,31
117,suitable,0.06458600199214541,0.03225806451612903,2,2.002166061756508,1,31
117,towards,0.07429664701356416,0.03225806451612903,1,2.303196057420489,1,31
117,we,0.05624724472654849,0.06451612903225806,27,0.8718322932615016,2,31
117,work,0.05890563879680085,0.03225806451612903,3,1.8260748027008264,1,31
118,advertising,0.279175279687332,0.12121212121212122,1,2.303196057420489,4,33
118,aim,0.055335600081843225,0.030303030303030304,3,1.8260748027008264,1,33
118,app,0.127021036644507,0.12121212121212122,18,1.0479235523171828,4,33
118,ar,0.20938145976549902,0.09090909090909091,1,2.303196057420489,3,33
118,augmented,0.1213433976822126,0.06060606060606061,2,2.002166061756508,2,33
118,brand,0.1213433976822126,0.06060606060606061,2,2.002166061756508,2,33
118,can,0.03823646582612921,0.030303030303030304,11,1.261803372262264,1,33
118,engagement,0.05154957776037959,0.030303030303030304,4,1.7011360660925265,1,33
118,how,0.04242745667965289,0.030303030303030304,8,1.4001060704285453,1,33
118,light,0.069793819921833,0.030303030303030304,1,2.303196057420489,1,33
118,mobile,0.07017214397814543,0.12121212121212122,53,0.5789201878196998,4,33
118,new,0.039490789618802695,0.030303030303030304,10,1.3031960574204888,1,33
118,offers,0.0606716988411063,0.030303030303030304,2,2.002166061756508,1,33
118,prior,0.069793819921833,0.030303030303030304,1,2.303196057420489,1,33
118,reality,0.1213433976822126,0.06060606060606061,2,2.002166061756508,2,33
118,shed,0.069793819921833,0.030303030303030304,1,2.303196057420489,1,33
118,via,0.09242695800223305,0.06060606060606061,6,1.5250448070368452,2,33
118,we,0.026419160401863685,0.030303030303030304,27,0.8718322932615016,1,33
119,adult,0.07429664701356416,0.03225806451612903,1,2.303196057420489,1,31
119,after,0.07429664701356416,0.03225806451612903,1,2.303196057420489,1,31
119,app,0.0676079711172376,0.06451612903225806,18,1.0479235523171828,2,31
119,applying,0.05890563879680085,0.03225806451612903,3,1.8260748027008264,1,31
119,apps,0.03232793747601638,0.03225806451612903,20,1.0021660617565078,1,31
119,articles,0.07429664701356416,0.03225806451612903,1,2.303196057420489,1,31
119,benefits,0.07429664701356416,0.03225806451612903,1,2.303196057420489,1,31
119,best,0.06458600199214541,0.03225806451612903,2,2.002166061756508,1,31
119,engage,0.07429664701356416,0.03225806451612903,1,2.303196057420489,1,31
119,engagement,0.05487535697072666,0.03225806451612903,4,1.7011360660925265,1,31
119,featured,0.07429664701356416,0.03225806451612903,1,2.303196057420489,1,31
119,health,0.12917200398429082,0.06451612903225806,2,2.002166061756508,2,31
119,interventions,0.1178112775936017,0.06451612903225806,3,1.8260748027008264,2,31
119,mobile,0.09337422384188705,0.16129032258064516,53,0.5789201878196998,5,31
119,participants,0.07429664701356416,0.03225806451612903,1,2.303196057420489,1,31
119,review,0.059547407465089214,0.06451612903225806,24,0.9229848157088828,2,31
119,scoping,0.07429664701356416,0.03225806451612903,1,2.303196057420489,1,31
119,shift,0.07429664701356416,0.03225806451612903,1,2.303196057420489,1,31
119,terms,0.07429664701356416,0.03225806451612903,1,2.303196057420489,1,31
119,toward,0.07429664701356416,0.03225806451612903,1,2.303196057420489,1,31
119,using,0.03545406692788916,0.03225806451612903,16,1.099076074764564,1,31
119,what,0.05174922751885387,0.03225806451612903,5,1.60422605308447,1,31
119,works,0.07429664701356416,0.03225806451612903,1,2.303196057420489,1,31
120,against,0.06296809664485609,0.034482758620689655,3,1.8260748027008264,1,29
120,applications,0.03121572581891211,0.034482758620689655,25,0.9052560487484512,1,29
120,apps,0.10367235121619046,0.10344827586206896,20,1.0021660617565078,3,29
120,aspects,0.06904020902608647,0.034482758620689655,2,2.002166061756508,1,29
120,combating,0.0794205537041548,0.034482758620689655,1,2.303196057420489,1,29
120,easier,0.0794205537041548,0.034482758620689655,1,2.303196057420489,1,29
120,exponential,0.0794205537041548,0.034482758620689655,1,2.303196057420489,1,29
120,few,0.0794205537041548,0.034482758620689655,1,2.303196057420489,1,29
120,harmful,0.1588411074083096,0.06896551724137931,1,2.303196057420489,2,29
120,has,0.042207407288719447,0.034482758620689655,12,1.224014811372864,1,29
120,increase,0.06904020902608647,0.034482758620689655,2,2.002166061756508,1,29
120,life,0.06296809664485609,0.034482758620689655,3,1.8260748027008264,1,29
120,make,0.058659864348018155,0.034482758620689655,4,1.7011360660925265,1,29
120,mobile,0.05988829529169308,0.10344827586206896,53,0.5789201878196998,3,29
120,much,0.06904020902608647,0.034482758620689655,2,2.002166061756508,1,29
120,number,0.12593619328971217,0.06896551724137931,3,1.8260748027008264,2,29
120,other,0.0794205537041548,0.034482758620689655,1,2.303196057420489,1,29
120,our,0.06296809664485609,0.034482758620689655,3,1.8260748027008264,1,29
120,over,0.06904020902608647,0.034482758620689655,2,2.002166061756508,1,29
120,past,0.06296809664485609,0.034482758620689655,3,1.8260748027008264,1,29
120,potentially,0.1588411074083096,0.06896551724137931,1,2.303196057420489,2,29
120,simple,0.06904020902608647,0.034482758620689655,2,2.002166061756508,1,29
121,28,0.07197487679439028,0.03125,1,2.303196057420489,1,32
121,adults,0.05706483758440083,0.03125,3,1.8260748027008264,1,32
121,app,0.09824283302973588,0.09375,18,1.0479235523171828,3,32
121,apps,0.0939530682896726,0.09375,20,1.0021660617565078,3,32
121,available,0.08750662940178408,0.0625,8,1.4001060704285453,2,32
121,but,0.05706483758440083,0.03125,3,1.8260748027008264,1,32
121,comments,0.07197487679439028,0.03125,1,2.303196057420489,1,32
121,description,0.06256768942989087,0.03125,2,2.002166061756508,1,32
121,evaluation,0.04765765021990141,0.03125,6,1.5250448070368452,1,32
121,first,0.05706483758440083,0.03125,3,1.8260748027008264,1,32
121,given,0.07197487679439028,0.03125,1,2.303196057420489,1,32
121,images,0.07197487679439028,0.03125,1,2.303196057420489,1,32
121,mobile,0.07236502347746247,0.125,53,0.5789201878196998,4,32
121,older,0.06256768942989087,0.03125,2,2.002166061756508,1,32
121,online,0.04765765021990141,0.03125,6,1.5250448070368452,1,32
121,publicly,0.06256768942989087,0.03125,2,2.002166061756508,1,32
121,quality,0.04375331470089204,0.03125,8,1.4001060704285453,1,32
121,search,0.05706483758440083,0.03125,3,1.8260748027008264,1,32
121,stores,0.1877030682896726,0.09375,2,2.002166061756508,3,32
121,systematic,0.034346127336392626,0.03125,16,1.099076074764564,1,32
121,users,0.040724876794390276,0.03125,10,1.3031960574204888,1,32
121,within,0.06256768942989087,0.03125,2,2.002166061756508,1,32
122,16,0.06673886872521692,0.03333333333333333,2,2.002166061756508,1,30
122,19,0.0486032672468744,0.03333333333333333,7,1.4580980174062321,1,30
122,34,0.0767732019140163,0.03333333333333333,1,2.303196057420489,1,30
122,adherence,0.1535464038280326,0.06666666666666667,1,2.303196057420489,2,30
122,analysis,0.03964175683712173,0.03333333333333333,13,1.189252705113652,1,30
122,app,0.03493078507723943,0.03333333333333333,18,1.0479235523171828,1,30
122,apps,0.033405535391883595,0.03333333333333333,20,1.0021660617565078,1,30
122,assessed,0.0767732019140163,0.03333333333333333,1,2.303196057420489,1,30
122,based,0.0366358691588188,0.03333333333333333,16,1.099076074764564,1,30
122,cardiovascular,0.0767732019140163,0.03333333333333333,1,2.303196057420489,1,30
122,disease,0.05670453553641755,0.03333333333333333,4,1.7011360660925265,1,30
122,effectiveness,0.06673886872521692,0.03333333333333333,2,2.002166061756508,1,30
122,improve,0.050834826901228175,0.03333333333333333,6,1.5250448070368452,1,30
122,included,0.0767732019140163,0.03333333333333333,1,2.303196057420489,1,30
122,interventions,0.060869160090027546,0.03333333333333333,3,1.8260748027008264,1,30
122,medication,0.1535464038280326,0.06666666666666667,1,2.303196057420489,2,30
122,meta,0.0767732019140163,0.03333333333333333,1,2.303196057420489,1,30
122,mobile,0.038594679187979986,0.06666666666666667,53,0.5789201878196998,2,30
122,rcts,0.0767732019140163,0.03333333333333333,1,2.303196057420489,1,30
122,review,0.030766160523629425,0.03333333333333333,24,0.9229848157088828,1,30
122,showed,0.0767732019140163,0.03333333333333333,1,2.303196057420489,1,30
122,significant,0.0767732019140163,0.03333333333333333,1,2.303196057420489,1,30
122,statistically,0.0767732019140163,0.03333333333333333,1,2.303196057420489,1,30
122,study,0.03856893405807503,0.03333333333333333,14,1.1570680217422509,1,30
122,systematic,0.0366358691588188,0.03333333333333333,16,1.099076074764564,1,30
122,total,0.0767732019140163,0.03333333333333333,1,2.303196057420489,1,30
122,trials,0.0767732019140163,0.03333333333333333,1,2.303196057420489,1,30
123,app,0.11643595025746475,0.1111111111111111,18,1.0479235523171828,3,27
123,apps,0.03711726154653732,0.037037037037037035,20,1.0021660617565078,1,27
123,buy,0.17060711536448067,0.07407407407407407,1,2.303196057420489,2,27
123,consumers,0.08530355768224034,0.037037037037037035,1,2.303196057420489,1,27
123,driving,0.08530355768224034,0.037037037037037035,1,2.303196057420489,1,27
123,engagement,0.06300503948490839,0.037037037037037035,4,1.7011360660925265,1,27
123,engaging,0.08530355768224034,0.037037037037037035,1,2.303196057420489,1,27
123,gamification,0.14830859716714873,0.07407407407407407,2,2.002166061756508,2,27
123,intention,0.14830859716714873,0.07407407407407407,2,2.002166061756508,2,27
123,mobile,0.08576595375106663,0.14814814814814814,53,0.5789201878196998,4,27
123,moderator,0.08530355768224034,0.037037037037037035,1,2.303196057420489,1,27
123,namely,0.08530355768224034,0.037037037037037035,1,2.303196057420489,1,27
123,role,0.05941577974386926,0.037037037037037035,5,1.60422605308447,1,27
123,shoppers,0.08530355768224034,0.037037037037037035,1,2.303196057420489,1,27
123,shopping,0.17060711536448067,0.07407407407407407,1,2.303196057420489,2,27
123,through,0.06300503948490839,0.037037037037037035,4,1.7011360660925265,1,27
123,using,0.08141304257515289,0.07407407407407407,16,1.099076074764564,2,27
124,19,0.08836957681249892,0.06060606060606061,7,1.4580980174062321,2,33
124,adopted,0.069793819921833,0.030303030303030304,1,2.303196057420489,1,33
124,app,0.0635105183222535,0.06060606060606061,18,1.0479235523171828,2,33
124,applications,0.05486400295445159,0.06060606060606061,25,0.9052560487484512,2,33
124,available,0.08485491335930578,0.06060606060606061,8,1.4001060704285453,2,33
124,covid,0.09242695800223305,0.06060606060606061,6,1.5250448070368452,2,33
124,during,0.055335600081843225,0.030303030303030304,3,1.8260748027008264,1,33
124,free,0.0606716988411063,0.030303030303030304,2,2.002166061756508,1,33
124,google,0.10309915552075918,0.06060606060606061,4,1.7011360660925265,2,33
124,identify,0.05154957776037959,0.030303030303030304,4,1.7011360660925265,1,33
124,keywords,0.069793819921833,0.030303030303030304,1,2.303196057420489,1,33
124,mobile,0.035086071989072716,0.06060606060606061,53,0.5789201878196998,2,33
124,outbreak,0.139587639843666,0.06060606060606061,1,2.303196057420489,2,33
124,play,0.1213433976822126,0.06060606060606061,2,2.002166061756508,2,33
124,related,0.05154957776037959,0.030303030303030304,4,1.7011360660925265,1,33
124,review,0.027969236839663115,0.030303030303030304,24,0.9229848157088828,1,33
124,search,0.055335600081843225,0.030303030303030304,3,1.8260748027008264,1,33
124,stores,0.1213433976822126,0.06060606060606061,2,2.002166061756508,2,33
124,strategy,0.069793819921833,0.030303030303030304,1,2.303196057420489,1,33
124,study,0.03506266732552275,0.030303030303030304,14,1.1570680217422509,1,33
124,such,0.05154957776037959,0.030303030303030304,4,1.7011360660925265,1,33
124,systematic,0.033305335598926185,0.030303030303030304,16,1.099076074764564,1,33
124,used,0.046213479001116525,0.030303030303030304,6,1.5250448070368452,1,33
125,acceptance,0.049353373045968284,0.02702702702702703,3,1.8260748027008264,1,37
125,app,0.028322258170734672,0.02702702702702703,18,1.0479235523171828,1,37
125,apps,0.05417113847332475,0.05405405405405406,20,1.0021660617565078,2,37
125,close,0.06224854209244565,0.02702702702702703,1,2.303196057420489,1,37
125,do,0.06224854209244565,0.02702702702702703,1,2.303196057420489,1,37
125,expected,0.0541125962636894,0.02702702702702703,2,2.002166061756508,1,37
125,experience,0.04335746089417487,0.02702702702702703,5,1.60422605308447,1,37
125,experiences,0.06224854209244565,0.02702702702702703,1,2.303196057420489,1,37
125,factors,0.04335746089417487,0.02702702702702703,5,1.60422605308447,1,37
125,first,0.049353373045968284,0.02702702702702703,3,1.8260748027008264,1,37
125,highly,0.0541125962636894,0.02702702702702703,2,2.002166061756508,1,37
125,intention,0.0541125962636894,0.02702702702702703,2,2.002166061756508,1,37
125,interruptive,0.06224854209244565,0.02702702702702703,1,2.303196057420489,1,37
125,like,0.0541125962636894,0.02702702702702703,2,2.002166061756508,1,37
125,mobile,0.06258596625077836,0.10810810810810811,53,0.5789201878196998,4,37
125,model,0.03214196500307168,0.02702702702702703,13,1.189252705113652,1,37
125,not,0.03940805452449276,0.02702702702702703,7,1.4580980174062321,1,37
125,offer,0.06224854209244565,0.02702702702702703,1,2.303196057420489,1,37
125,purchase,0.06224854209244565,0.02702702702702703,1,2.303196057420489,1,37
125,second,0.0541125962636894,0.02702702702702703,2,2.002166061756508,1,37
125,shop,0.0541125962636894,0.02702702702702703,2,2.002166061756508,1,37
125,social,0.06224854209244565,0.02702702702702703,1,2.303196057420489,1,37
125,targetable,0.06224854209244565,0.02702702702702703,1,2.303196057420489,1,37
125,technology,0.07881610904898552,0.05405405405405406,7,1.4580980174062321,2,37
125,their,0.03410279384492605,0.02702702702702703,11,1.261803372262264,1,37
125,typically,0.0541125962636894,0.02702702702702703,2,2.002166061756508,1,37
125,users,0.07044303013083723,0.05405405405405406,10,1.3031960574204888,2,37
125,via,0.041217427217212034,0.02702702702702703,6,1.5250448070368452,1,37
125,view,0.06224854209244565,0.02702702702702703,1,2.303196057420489,1,37
125,would,0.06224854209244565,0.02702702702702703,1,2.303196057420489,1,37
125,you,0.06224854209244565,0.02702702702702703,1,2.303196057420489,1,37
126,agile,0.1645140041014635,0.07142857142857142,1,2.303196057420489,2,28
126,analisis,0.03925271695587729,0.03571428571428571,16,1.099076074764564,1,28
126,aplikasi,0.10192898171384292,0.17857142857142858,54,0.5708022975975203,5,28
126,bas,0.06005700425153805,0.07142857142857142,29,0.8407980595215327,2,28
126,guna,0.023562263604796477,0.03571428571428571,44,0.6597433809343014,1,28
126,jenis,0.13043391447863045,0.07142857142857142,3,1.8260748027008264,2,28
126,kembang,0.07317446117626142,0.07142857142857142,19,1.02444245646766,2,28
126,khusus,0.06521695723931523,0.03571428571428571,3,1.8260748027008264,1,28
126,literature,0.04654271633644603,0.03571428571428571,10,1.3031960574204888,1,28
126,metode,0.07006976876332639,0.07142857142857142,21,0.9809767626865696,2,28
126,mobile,0.10337860496780353,0.17857142857142858,53,0.5789201878196998,5,28
126,model,0.042473310896916146,0.03571428571428571,13,1.189252705113652,1,28
126,review,0.03296374341817438,0.03571428571428571,24,0.9229848157088828,1,28
126,systematic,0.03925271695587729,0.03571428571428571,16,1.099076074764564,1,28
126,tren,0.07150593077701813,0.03571428571428571,2,2.002166061756508,1,28
127,aplikasi,0.10378223592682188,0.18181818181818182,54,0.5708022975975203,4,22
127,guna,0.029988335497013702,0.045454545454545456,44,0.6597433809343014,1,22
127,indonesia,0.046565566203075455,0.045454545454545456,19,1.02444245646766,1,22
127,kembang,0.18626226481230182,0.18181818181818182,19,1.02444245646766,4,22
127,literatur,0.0773243666405694,0.045454545454545456,4,1.7011360660925265,1,22
127,mobile,0.10525821596721814,0.18181818181818182,53,0.5789201878196998,4,22
127,teknologi,0.06131607036278019,0.045454545454545456,9,1.348953547981164,1,22
127,tentang,0.06932021850167479,0.045454545454545456,6,1.5250448070368452,1,22
127,tinjau,0.0729193660492941,0.045454545454545456,5,1.60422605308447,1,22
127,tren,0.27302264478497834,0.13636363636363635,2,2.002166061756508,3,22
127,tuju,0.05735469873919381,0.045454545454545456,11,1.261803372262264,1,22
128,ancang,0.04817691242789871,0.03571428571428571,9,1.348953547981164,1,28
128,aplikasi,0.08154318537107433,0.14285714285714285,54,0.5708022975975203,4,28
128,bas,0.030028502125769026,0.03571428571428571,29,0.8407980595215327,1,28
128,design,0.04817691242789871,0.03571428571428571,9,1.348953547981164,1,28
128,fokus,0.06521695723931523,0.03571428571428571,3,1.8260748027008264,1,28
128,guna,0.023562263604796477,0.03571428571428571,44,0.6597433809343014,1,28
128,hampir,0.08225700205073175,0.03571428571428571,1,2.303196057420489,1,28
128,kembang,0.03658723058813071,0.03571428571428571,19,1.02444245646766,1,28
128,ketika,0.08225700205073175,0.03571428571428571,1,2.303196057420489,1,28
128,metode,0.035034884381663196,0.03571428571428571,21,0.9809767626865696,1,28
128,milik,0.05207492919307972,0.03571428571428571,7,1.4580980174062321,1,28
128,mobile,0.062027162980682116,0.10714285714285714,53,0.5789201878196998,3,28
128,penting,0.0500037882295909,0.03571428571428571,8,1.4001060704285453,1,28
128,sangat,0.057293787610159644,0.03571428571428571,5,1.60422605308447,1,28
128,sebut,0.05207492919307972,0.03571428571428571,7,1.4580980174062321,1,28
128,sipropmawa,0.08225700205073175,0.03571428571428571,1,2.303196057420489,1,28
128,sistem,0.03925271695587729,0.03571428571428571,16,1.099076074764564,1,28
128,system,0.05446588596560161,0.03571428571428571,6,1.5250448070368452,1,28
128,terap,0.029502671525029514,0.03571428571428571,30,0.8260748027008264,1,28
128,thinking,0.057293787610159644,0.03571428571428571,5,1.60422605308447,1,28
128,ui,0.12150971900660903,0.07142857142857142,4,1.7011360660925265,2,28
128,ux,0.06075485950330452,0.03571428571428571,4,1.7011360660925265,1,28
129,19,0.056080692977162776,0.038461538461538464,7,1.4580980174062321,1,26
129,adapun,0.0702336462577241,0.038461538461538464,3,1.8260748027008264,1,26
129,akurat,0.08858446374694189,0.038461538461538464,1,2.303196057420489,1,26
129,aplikasi,0.08781573809192621,0.15384615384615385,54,0.5708022975975203,4,26
129,covid,0.05865556950141713,0.038461538461538464,6,1.5250448070368452,1,26
129,dalam,0.17716892749388377,0.07692307692307693,1,2.303196057420489,2,26
129,dapat,0.07700638699063492,0.038461538461538464,2,2.002166061756508,1,26
129,fasilitas,0.08858446374694189,0.038461538461538464,1,2.303196057420489,1,26
129,implemetasi,0.08858446374694189,0.038461538461538464,1,2.303196057420489,1,26
129,kampus,0.08858446374694189,0.038461538461538464,1,2.303196057420489,1,26
129,kategori,0.0702336462577241,0.038461538461538464,3,1.8260748027008264,1,26
129,kenal,0.07700638699063492,0.038461538461538464,2,2.002166061756508,1,26
129,lembaga,0.08858446374694189,0.038461538461538464,1,2.303196057420489,1,26
129,masa,0.07700638699063492,0.038461538461538464,2,2.002166061756508,1,26
129,menjukkan,0.08858446374694189,0.038461538461538464,1,2.303196057420489,1,26
129,mobile,0.022266161069988456,0.038461538461538464,53,0.5789201878196998,1,26
129,pandemi,0.08858446374694189,0.038461538461538464,1,2.303196057420489,1,26
129,ruang,0.0702336462577241,0.038461538461538464,3,1.8260748027008264,1,26
129,tingkat,0.04030475201219934,0.038461538461538464,18,1.0479235523171828,1,26
129,ukur,0.0702336462577241,0.038461538461538464,3,1.8260748027008264,1,26
129,umum,0.08858446374694189,0.038461538461538464,1,2.303196057420489,1,26
129,unit,0.08858446374694189,0.038461538461538464,1,2.303196057420489,1,26
130,aplikasi,0.08781573809192621,0.15384615384615385,54,0.5708022975975203,4,26
130,apps,0.038544848529096454,0.038461538461538464,20,1.0021660617565078,1,26
130,banyak,0.07700638699063492,0.038461538461538464,2,2.002166061756508,1,26
130,buat,0.08251901046478577,0.07692307692307693,17,1.072747136042215,2,26
130,developer,0.08858446374694189,0.038461538461538464,1,2.303196057420489,1,26
130,digital,0.04574048865821739,0.038461538461538464,13,1.189252705113652,1,26
130,era,0.053850233478020974,0.038461538461538464,8,1.4001060704285453,1,26
130,giat,0.07700638699063492,0.038461538461538464,2,2.002166061756508,1,26
130,kembang,0.07880326588212769,0.07692307692307693,19,1.02444245646766,2,26
130,literature,0.05012292528540342,0.038461538461538464,10,1.3031960574204888,1,26
130,mobile,0.08906464427995382,0.15384615384615385,53,0.5789201878196998,4,26
130,peluang,0.07700638699063492,0.038461538461538464,2,2.002166061756508,1,26
130,review,0.035499415988803185,0.038461538461538464,24,0.9229848157088828,1,26
130,systematic,0.042272156721714006,0.038461538461538464,16,1.099076074764564,1,26
130,tarik,0.08858446374694189,0.038461538461538464,1,2.303196057420489,1,26
130,teliti,0.037729875487944986,0.038461538461538464,21,0.9809767626865696,1,26
130,ui,0.06542831023432795,0.038461538461538464,4,1.7011360660925265,1,26
130,ux,0.06542831023432795,0.038461538461538464,4,1.7011360660925265,1,26
131,aktivitas,0.20938145976549902,0.09090909090909091,1,2.303196057420489,2,22
131,aplikasi,0.02594555898170547,0.045454545454545456,54,0.5708022975975203,1,22
131,barang,0.31407218964824846,0.13636363636363635,1,2.303196057420489,3,22
131,bas,0.038218093614615124,0.045454545454545456,29,0.8407980595215327,1,22
131,bayar,0.08300340012276484,0.045454545454545456,3,1.8260748027008264,1,22
131,bukan,0.10469072988274951,0.045454545454545456,1,2.303196057420489,1,22
131,jumlah,0.09100754826165945,0.045454545454545456,2,2.002166061756508,1,22
131,kepada,0.10469072988274951,0.045454545454545456,1,2.303196057420489,1,22
131,milik,0.0662771826093742,0.045454545454545456,7,1.4580980174062321,1,22
131,mobile,0.026314553991804535,0.045454545454545456,53,0.5789201878196998,1,22
131,pakai,0.10469072988274951,0.045454545454545456,1,2.303196057420489,1,22
131,pihak,0.10469072988274951,0.045454545454545456,1,2.303196057420489,1,22
131,rupa,0.06932021850167479,0.045454545454545456,6,1.5250448070368452,1,22
131,sendiri,0.10469072988274951,0.045454545454545456,1,2.303196057420489,1,22
131,sewa,0.41876291953099803,0.18181818181818182,1,2.303196057420489,4,22
131,uang,0.0773243666405694,0.045454545454545456,4,1.7011360660925265,1,22
132,aplikasi,0.06849627571170244,0.12,54,0.5708022975975203,3,25
132,bangun,0.09514021640909218,0.08,13,1.189252705113652,2,25
132,buat,0.0429098854416886,0.04,17,1.072747136042215,1,25
132,dasar,0.0641690421233788,0.04,5,1.60422605308447,1,25
132,etik,0.09212784229681957,0.04,1,2.303196057420489,1,25
132,guna,0.052779470474744114,0.08,44,0.6597433809343014,2,25
132,kodular,0.18425568459363914,0.08,1,2.303196057420489,2,25
132,latih,0.18425568459363914,0.08,1,2.303196057420489,2,25
132,manfaat,0.06804544264370106,0.04,4,1.7011360660925265,1,25
132,microsoft,0.09212784229681957,0.04,1,2.303196057420489,1,25
132,mobile,0.04631361502557598,0.08,53,0.5789201878196998,2,25
132,perlu,0.08008664247026032,0.04,2,2.002166061756508,1,25
132,presentasi,0.09212784229681957,0.04,1,2.303196057420489,1,25
132,selorejo,0.09212784229681957,0.04,1,2.303196057420489,1,25
132,seperti,0.06100179228147381,0.04,6,1.5250448070368452,1,25
132,siswa,0.07304299210803306,0.04,3,1.8260748027008264,1,25
132,smpn,0.09212784229681957,0.04,1,2.303196057420489,1,25
132,word,0.09212784229681957,0.04,1,2.303196057420489,1,25
133,anugerah,0.07197487679439028,0.03125,1,2.303196057420489,1,32
133,aplikasi,0.10702543079953505,0.1875,54,0.5708022975975203,6,32
133,edukasi,0.06256768942989087,0.03125,2,2.002166061756508,1,32
133,guna,0.06185094196259076,0.09375,44,0.6597433809343014,3,32
133,jalan,0.04765765021990141,0.03125,6,1.5250448070368452,1,32
133,jkn,0.18226225217577902,0.125,7,1.4580980174062321,4,32
133,kena,0.053160502065391455,0.03125,4,1.7011360660925265,1,32
133,kurang,0.05706483758440083,0.03125,3,1.8260748027008264,1,32
133,masyarakat,0.053160502065391455,0.03125,4,1.7011360660925265,1,32
133,mobile,0.07236502347746247,0.125,53,0.5789201878196998,4,32
133,pasien,0.07197487679439028,0.03125,1,2.303196057420489,1,32
133,rawat,0.07197487679439028,0.03125,1,2.303196057420489,1,32
133,rsud,0.07197487679439028,0.03125,1,2.303196057420489,1,32
133,rupa,0.04765765021990141,0.03125,6,1.5250448070368452,1,32
133,selain,0.06256768942989087,0.03125,2,2.002166061756508,1,32
133,smartphone,0.05706483758440083,0.03125,3,1.8260748027008264,1,32
133,tahu,0.05706483758440083,0.03125,3,1.8260748027008264,1,32
133,tentang,0.04765765021990141,0.03125,6,1.5250448070368452,1,32
133,tomohon,0.07197487679439028,0.03125,1,2.303196057420489,1,32
134,analogi,0.09212784229681957,0.04,1,2.303196057420489,1,25
134,aplikasi,0.11416045951950407,0.2,54,0.5708022975975203,5,25
134,daftar,0.08008664247026032,0.04,2,2.002166061756508,1,25
134,fitur,0.1460859842160661,0.08,3,1.8260748027008264,2,25
134,guna,0.026389735237372057,0.04,44,0.6597433809343014,1,25
134,hal,0.08008664247026032,0.04,2,2.002166061756508,1,25
134,jkn,0.11664784139249858,0.08,7,1.4580980174062321,2,25
134,lengkap,0.16017328494052063,0.08,2,2.002166061756508,2,25
134,masyarakat,0.06804544264370106,0.04,4,1.7011360660925265,1,25
134,milik,0.05832392069624929,0.04,7,1.4580980174062321,1,25
134,mobile,0.04631361502557598,0.08,53,0.5789201878196998,2,25
134,mudah,0.06100179228147381,0.04,6,1.5250448070368452,1,25
134,online,0.06100179228147381,0.04,6,1.5250448070368452,1,25
134,pengaruh,0.07304299210803306,0.04,3,1.8260748027008264,1,25
134,puas,0.1460859842160661,0.08,3,1.8260748027008264,2,25
134,tingkat,0.041916942092687315,0.04,18,1.0479235523171828,1,25
135,alam,0.09212784229681957,0.04,1,2.303196057420489,1,25
135,ancang,0.10791628383849312,0.08,9,1.348953547981164,2,25
135,aplikasi,0.09132836761560326,0.16,54,0.5708022975975203,4,25
135,beri,0.0641690421233788,0.04,5,1.60422605308447,1,25
135,bisnis,0.08008664247026032,0.04,2,2.002166061756508,1,25
135,design,0.05395814191924656,0.04,9,1.348953547981164,1,25
135,experience,0.1283380842467576,0.08,5,1.60422605308447,2,25
135,guna,0.026389735237372057,0.04,44,0.6597433809343014,1,25
135,laku,0.05832392069624929,0.04,7,1.4580980174062321,1,25
135,lalu,0.06100179228147381,0.04,6,1.5250448070368452,1,25
135,majuli,0.09212784229681957,0.04,1,2.303196057420489,1,25
135,metode,0.03923907050746279,0.04,21,0.9809767626865696,1,25
135,mobile,0.04631361502557598,0.08,53,0.5789201878196998,2,25
135,teliti,0.03923907050746279,0.04,21,0.9809767626865696,1,25
135,thinking,0.0641690421233788,0.04,5,1.60422605308447,1,25
135,tingkat,0.041916942092687315,0.04,18,1.0479235523171828,1,25
135,untung,0.08008664247026032,0.04,2,2.002166061756508,1,25
135,user,0.10094426978098112,0.08,11,1.261803372262264,2,25
136,acceptance,0.06521695723931523,0.03571428571428571,3,1.8260748027008264,1,28
136,analisis,0.03925271695587729,0.03571428571428571,16,1.099076074764564,1,28
136,aplikasi,0.020385796342768582,0.03571428571428571,54,0.5708022975975203,1,28
136,application,0.027111714752507614,0.03571428571428571,35,0.7591280130702133,1,28
136,banking,0.2608678289572609,0.14285714285714285,3,1.8260748027008264,4,28
136,city,0.07150593077701813,0.03571428571428571,2,2.002166061756508,1,28
136,conducted,0.06521695723931523,0.03571428571428571,3,1.8260748027008264,1,28
136,guna,0.023562263604796477,0.03571428571428571,44,0.6597433809343014,1,28
136,improve,0.05446588596560161,0.03571428571428571,6,1.5250448070368452,1,28
136,increase,0.07150593077701813,0.03571428571428571,2,2.002166061756508,1,28
136,mobile,0.08270288397424282,0.14285714285714285,53,0.5789201878196998,4,28
136,model,0.042473310896916146,0.03571428571428571,13,1.189252705113652,1,28
136,number,0.06521695723931523,0.03571428571428571,3,1.8260748027008264,1,28
136,order,0.07150593077701813,0.03571428571428571,2,2.002166061756508,1,28
136,purposive,0.08225700205073175,0.03571428571428571,1,2.303196057420489,1,28
136,research,0.04506440615222371,0.03571428571428571,11,1.261803372262264,1,28
136,services,0.06521695723931523,0.03571428571428571,3,1.8260748027008264,1,28
136,tam,0.08225700205073175,0.03571428571428571,1,2.303196057420489,1,28
136,technology,0.05207492919307972,0.03571428571428571,7,1.4580980174062321,1,28
136,tegal,0.08225700205073175,0.03571428571428571,1,2.303196057420489,1,28
136,users,0.04654271633644603,0.03571428571428571,10,1.3031960574204888,1,28
136,using,0.03925271695587729,0.03571428571428571,16,1.099076074764564,1,28
137,aplikasi,0.08154318537107433,0.14285714285714285,54,0.5708022975975203,3,21
137,bangun,0.056631081195888194,0.047619047619047616,13,1.189252705113652,1,21
137,buat,0.05108319695439118,0.047619047619047616,17,1.072747136042215,1,21
137,efisien,0.109676002734309,0.047619047619047616,1,2.303196057420489,1,21
137,flutter,0.219352005468618,0.09523809523809523,1,2.303196057420489,2,21
137,google,0.08100647933773936,0.047619047619047616,4,1.7011360660925265,1,21
137,guna,0.03141635147306197,0.047619047619047616,44,0.6597433809343014,1,21
137,kasir,0.09534124103602418,0.047619047619047616,2,2.002166061756508,1,21
137,kembang,0.09756594823501523,0.09523809523809523,19,1.02444245646766,2,21
137,kerja,0.09534124103602418,0.047619047619047616,2,2.002166061756508,1,21
137,milik,0.06943323892410629,0.047619047619047616,7,1.4580980174062321,1,21
137,mobile,0.08270288397424282,0.14285714285714285,53,0.5789201878196998,3,21
137,perlu,0.09534124103602418,0.047619047619047616,2,2.002166061756508,1,21
137,sdk,0.109676002734309,0.047619047619047616,1,2.303196057420489,1,21
137,tinggi,0.08695594298575364,0.047619047619047616,3,1.8260748027008264,1,21
138,ancang,0.04215479837441138,0.03125,9,1.348953547981164,1,32
138,aplikasi,0.08918785899961255,0.15625,54,0.5708022975975203,5,32
138,celcius,0.07197487679439028,0.03125,1,2.303196057420489,1,32
138,design,0.04215479837441138,0.03125,9,1.348953547981164,1,32
138,fashion,0.07197487679439028,0.03125,1,2.303196057420489,1,32
138,guna,0.02061698065419692,0.03125,44,0.6597433809343014,1,32
138,kata,0.05706483758440083,0.03125,3,1.8260748027008264,1,32
138,kota,0.07197487679439028,0.03125,1,2.303196057420489,1,32
138,lain,0.05706483758440083,0.03125,3,1.8260748027008264,1,32
138,lunak,0.07197487679439028,0.03125,1,2.303196057420489,1,32
138,manado,0.07197487679439028,0.03125,1,2.303196057420489,1,32
138,mobile,0.07236502347746247,0.125,53,0.5789201878196998,4,32
138,perangkat,0.11412967516880165,0.0625,3,1.8260748027008264,2,32
138,pria,0.07197487679439028,0.03125,1,2.303196057420489,1,32
138,produk,0.06256768942989087,0.03125,2,2.002166061756508,1,32
138,rupa,0.04765765021990141,0.03125,6,1.5250448070368452,1,32
138,sebut,0.045565563043944754,0.03125,7,1.4580980174062321,1,32
138,seperti,0.04765765021990141,0.03125,6,1.5250448070368452,1,32
138,smartphone,0.05706483758440083,0.03125,3,1.8260748027008264,1,32
138,tablet,0.07197487679439028,0.03125,1,2.303196057420489,1,32
138,thinking,0.05013206415888969,0.03125,5,1.60422605308447,1,32
138,toko,0.053160502065391455,0.03125,4,1.7011360660925265,1,32
138,ui,0.053160502065391455,0.03125,4,1.7011360660925265,1,32
138,ux,0.053160502065391455,0.03125,4,1.7011360660925265,1,32
139,aplikasi,0.061157389028305746,0.10714285714285714,54,0.5708022975975203,3,28
139,design,0.04817691242789871,0.03571428571428571,9,1.348953547981164,1,28
139,experience,0.057293787610159644,0.03571428571428571,5,1.60422605308447,1,28
139,guna,0.047124527209592953,0.07142857142857142,44,0.6597433809343014,2,28
139,hasil,0.04654271633644603,0.03571428571428571,10,1.3031960574204888,1,28
139,interface,0.12150971900660903,0.07142857142857142,4,1.7011360660925265,2,28
139,metode,0.035034884381663196,0.03571428571428571,21,0.9809767626865696,1,28
139,mobile,0.062027162980682116,0.10714285714285714,53,0.5789201878196998,3,28
139,mudah,0.05446588596560161,0.03571428571428571,6,1.5250448070368452,1,28
139,prototype,0.08225700205073175,0.03571428571428571,1,2.303196057420489,1,28
139,redesign,0.1645140041014635,0.07142857142857142,1,2.303196057420489,2,28
139,sebut,0.05207492919307972,0.03571428571428571,7,1.4580980174062321,1,28
139,teliti,0.035034884381663196,0.03571428571428571,21,0.9809767626865696,1,28
139,thinking,0.057293787610159644,0.03571428571428571,5,1.60422605308447,1,28
139,tuju,0.04506440615222371,0.03571428571428571,11,1.261803372262264,1,28
139,user,0.13519321845667112,0.10714285714285714,11,1.261803372262264,3,28
139,wastu,0.24677100615219524,0.10714285714285714,1,2.303196057420489,3,28
140,akses,0.05531813976153345,0.034482758620689655,5,1.60422605308447,1,29
140,aplikasi,0.09841418924095179,0.1724137931034483,54,0.5708022975975203,5,29
140,atas,0.0794205537041548,0.034482758620689655,1,2.303196057420489,1,29
140,bpjs,0.06296809664485609,0.034482758620689655,3,1.8260748027008264,1,29
140,diri,0.0794205537041548,0.034482758620689655,1,2.303196057420489,1,29
140,fitur,0.25187238657942435,0.13793103448275862,3,1.8260748027008264,4,29
140,guna,0.02274977175635522,0.034482758620689655,44,0.6597433809343014,1,29
140,jkn,0.15083772593857572,0.10344827586206896,7,1.4580980174062321,3,29
140,lalu,0.05258775196678776,0.034482758620689655,6,1.5250448070368452,1,29
140,layan,0.08987559016693027,0.06896551724137931,10,1.3031960574204888,2,29
140,mobile,0.05988829529169308,0.10344827586206896,53,0.5789201878196998,3,29
140,mudah,0.05258775196678776,0.034482758620689655,6,1.5250448070368452,1,29
140,phone,0.06904020902608647,0.034482758620689655,2,2.002166061756508,1,29
140,sebut,0.05027924197952525,0.034482758620689655,7,1.4580980174062321,1,29
140,sedia,0.06296809664485609,0.034482758620689655,3,1.8260748027008264,1,29
140,serta,0.06296809664485609,0.034482758620689655,3,1.8260748027008264,1,29
140,smart,0.05027924197952525,0.034482758620689655,7,1.4580980174062321,1,29
141,analisis,0.033305335598926185,0.030303030303030304,16,1.099076074764564,1,33
141,aplikasi,0.06918815728454793,0.12121212121212122,54,0.5708022975975203,4,33
141,aspek,0.0606716988411063,0.030303030303030304,2,2.002166061756508,1,33
141,bas,0.025478729076410085,0.030303030303030304,29,0.8407980595215327,1,33
141,bayes,0.069793819921833,0.030303030303030304,1,2.303196057420489,1,33
141,dasar,0.048612910699529395,0.030303030303030304,5,1.60422605308447,1,33
141,guna,0.0799688946587032,0.12121212121212122,44,0.6597433809343014,4,33
141,jconnect,0.20938145976549902,0.09090909090909091,1,2.303196057420489,3,33
141,kasus,0.04242745667965289,0.030303030303030304,8,1.4001060704285453,1,33
141,laku,0.04418478840624946,0.030303030303030304,7,1.4580980174062321,1,33
141,manfaat,0.05154957776037959,0.030303030303030304,4,1.7011360660925265,1,33
141,mobile,0.07017214397814543,0.12121212121212122,53,0.5789201878196998,4,33
141,na,0.069793819921833,0.030303030303030304,1,2.303196057420489,1,33
141,playstore,0.1213433976822126,0.06060606060606061,2,2.002166061756508,2,33
141,sentimen,0.055335600081843225,0.030303030303030304,3,1.8260748027008264,1,33
141,studi,0.04242745667965289,0.030303030303030304,8,1.4001060704285453,1,33
141,sumber,0.0606716988411063,0.030303030303030304,2,2.002166061756508,1,33
141,tingkat,0.03175525916112675,0.030303030303030304,18,1.0479235523171828,1,33
141,ulas,0.10309915552075918,0.06060606060606061,4,1.7011360660925265,2,33
141,ve,0.069793819921833,0.030303030303030304,1,2.303196057420489,1,33
142,adopsi,0.07700638699063492,0.038461538461538464,2,2.002166061756508,1,26
142,aplikasi,0.08781573809192621,0.15384615384615385,54,0.5708022975975203,4,26
142,banking,0.2809345850308964,0.15384615384615385,3,1.8260748027008264,4,26
142,dasar,0.06170100204171039,0.038461538461538464,5,1.60422605308447,1,26
142,guna,0.07612423626165017,0.11538461538461539,44,0.6597433809343014,3,26
142,kaji,0.0702336462577241,0.038461538461538464,3,1.8260748027008264,1,26
142,manfaat,0.06542831023432795,0.038461538461538464,4,1.7011360660925265,1,26
142,mobile,0.08906464427995382,0.15384615384615385,53,0.5789201878196998,4,26
142,mudah,0.05865556950141713,0.038461538461538464,6,1.5250448070368452,1,26
142,niat,0.2657533912408257,0.11538461538461539,1,2.303196057420489,3,26
142,pengaruh,0.0702336462577241,0.038461538461538464,3,1.8260748027008264,1,26
142,perilaku,0.08858446374694189,0.038461538461538464,1,2.303196057420489,1,26
142,persepsi,0.07700638699063492,0.038461538461538464,2,2.002166061756508,1,26
143,akses,0.0641690421233788,0.04,5,1.60422605308447,1,25
143,analisis,0.04396304299058256,0.04,16,1.099076074764564,1,25
143,aplikasi,0.09132836761560326,0.16,54,0.5708022975975203,4,25
143,buat,0.0429098854416886,0.04,17,1.072747136042215,1,25
143,guna,0.026389735237372057,0.04,44,0.6597433809343014,1,25
143,jalan,0.06100179228147381,0.04,6,1.5250448070368452,1,25
143,jkn,0.17497176208874785,0.12,7,1.4580980174062321,3,25
143,konsumen,0.08008664247026032,0.04,2,2.002166061756508,1,25
143,masih,0.09212784229681957,0.04,1,2.303196057420489,1,25
143,masyarakat,0.06804544264370106,0.04,4,1.7011360660925265,1,25
143,minim,0.09212784229681957,0.04,1,2.303196057420489,1,25
143,mobile,0.09262723005115196,0.16,53,0.5789201878196998,4,25
143,nya,0.09212784229681957,0.04,1,2.303196057420489,1,25
143,persepsi,0.08008664247026032,0.04,2,2.002166061756508,1,25
143,sangat,0.0641690421233788,0.04,5,1.60422605308447,1,25
143,sekali,0.09212784229681957,0.04,1,2.303196057420489,1,25
143,tuju,0.05047213489049056,0.04,11,1.261803372262264,1,25
144,adapun,0.05890563879680085,0.03225806451612903,3,1.8260748027008264,1,31
144,analisis,0.03545406692788916,0.03225806451612903,16,1.099076074764564,1,31
144,aplikasi,0.055238932025566484,0.0967741935483871,54,0.5708022975975203,3,31
144,banyak,0.06458600199214541,0.03225806451612903,2,2.002166061756508,1,31
144,bpjs,0.1178112775936017,0.06451612903225806,3,1.8260748027008264,2,31
144,guna,0.06384613363880336,0.0967741935483871,44,0.6597433809343014,3,31
144,indonesia,0.03304653085379548,0.03225806451612903,19,1.02444245646766,1,31
144,jkn,0.14110625974899021,0.0967741935483871,7,1.4580980174062321,3,31
144,jumlah,0.06458600199214541,0.03225806451612903,2,2.002166061756508,1,31
144,kualitas,0.04703541991633007,0.03225806451612903,7,1.4580980174062321,1,31
144,layan,0.042038582497435126,0.03225806451612903,10,1.3031960574204888,1,31
144,metode,0.03164441169956676,0.03225806451612903,21,0.9809767626865696,1,31
144,mobile,0.05602453430513223,0.0967741935483871,53,0.5789201878196998,3,31
144,populasi,0.07429664701356416,0.03225806451612903,1,2.303196057420489,1,31
144,quality,0.04516471194930791,0.03225806451612903,8,1.4001060704285453,1,31
144,sehat,0.09407083983266014,0.06451612903225806,7,1.4580980174062321,2,31
144,seluruh,0.07429664701356416,0.03225806451612903,1,2.303196057420489,1,31
144,serta,0.05890563879680085,0.03225806451612903,3,1.8260748027008264,1,31
144,service,0.05174922751885387,0.03225806451612903,5,1.60422605308447,1,31
144,servqual,0.07429664701356416,0.03225806451612903,1,2.303196057420489,1,31
144,teliti,0.03164441169956676,0.03225806451612903,21,0.9809767626865696,1,31
145,analisis,0.03545406692788916,0.03225806451612903,16,1.099076074764564,1,31
145,aplikasi,0.09206488670927747,0.16129032258064516,54,0.5708022975975203,5,31
145,banking,0.1178112775936017,0.06451612903225806,3,1.8260748027008264,2,31
145,bca,0.14859329402712831,0.06451612903225806,1,2.303196057420489,2,31
145,dapat,0.12917200398429082,0.06451612903225806,2,2.002166061756508,2,31
145,evaluasi,0.06458600199214541,0.03225806451612903,2,2.002166061756508,1,31
145,evaluation,0.049194993775382105,0.03225806451612903,6,1.5250448070368452,1,31
145,experience,0.05174922751885387,0.03225806451612903,5,1.60422605308447,1,31
145,guna,0.042564089092535576,0.06451612903225806,44,0.6597433809343014,2,31
145,heuristic,0.07429664701356416,0.03225806451612903,1,2.303196057420489,1,31
145,interface,0.05487535697072666,0.03225806451612903,4,1.7011360660925265,1,31
145,kategori,0.05890563879680085,0.03225806451612903,3,1.8260748027008264,1,31
145,kritik,0.07429664701356416,0.03225806451612903,1,2.303196057420489,1,31
145,lain,0.05890563879680085,0.03225806451612903,3,1.8260748027008264,1,31
145,metode,0.03164441169956676,0.03225806451612903,21,0.9809767626865696,1,31
145,mobile,0.07469937907350965,0.12903225806451613,53,0.5789201878196998,4,31
145,peringkat,0.07429664701356416,0.03225806451612903,1,2.303196057420489,1,31
145,tinggi,0.05890563879680085,0.03225806451612903,3,1.8260748027008264,1,31
145,user,0.08140666917821057,0.06451612903225806,11,1.261803372262264,2,31
146,analisis,0.03232576690484012,0.029411764705882353,16,1.099076074764564,1,34
146,aplikasi,0.06715321148206121,0.11764705882352941,54,0.5708022975975203,4,34
146,bpjs,0.05370808243237725,0.029411764705882353,3,1.8260748027008264,1,34
146,demak,0.06774106051236732,0.029411764705882353,1,2.303196057420489,1,34
146,guna,0.058212651258908954,0.08823529411764706,44,0.6597433809343014,3,34
146,hubung,0.05370808243237725,0.029411764705882353,3,1.8260748027008264,1,34
146,jkn,0.21442617903032826,0.14705882352941177,7,1.4580980174062321,5,34
146,kabupaten,0.06774106051236732,0.029411764705882353,1,2.303196057420489,1,34
146,kualitas,0.0857704716121313,0.058823529411764705,7,1.4580980174062321,2,34
146,layan,0.07665859161296994,0.058823529411764705,10,1.3031960574204888,2,34
146,mobile,0.1191894504334676,0.20588235294117646,53,0.5789201878196998,7,34
146,puas,0.214832329729509,0.11764705882352941,3,1.8260748027008264,4,34
146,sehat,0.04288523580606565,0.029411764705882353,7,1.4580980174062321,1,34
146,tingkat,0.030821280950505375,0.029411764705882353,18,1.0479235523171828,1,34
147,ada,0.07608645011253443,0.041666666666666664,3,1.8260748027008264,1,24
147,analisis,0.0457948364485235,0.041666666666666664,16,1.099076074764564,1,24
147,aplikasi,0.09513371626625339,0.16666666666666666,54,0.5708022975975203,4,24
147,eucs,0.09596650239252037,0.041666666666666664,1,2.303196057420489,1,24
147,guna,0.08246792261678768,0.125,44,0.6597433809343014,3,24
147,jkn,0.18226225217577902,0.125,7,1.4580980174062321,3,24
147,kualitas,0.12150816811718601,0.08333333333333333,7,1.4580980174062321,2,24
147,layan,0.1085996714517074,0.08333333333333333,10,1.3031960574204888,2,24
147,level,0.08342358590652116,0.041666666666666664,2,2.002166061756508,1,24
147,metode,0.040874031778607066,0.041666666666666664,21,0.9809767626865696,1,24
147,mobile,0.07236502347746247,0.125,53,0.5789201878196998,3,24
147,tinggi,0.07608645011253443,0.041666666666666664,3,1.8260748027008264,1,24
147,ukur,0.07608645011253443,0.041666666666666664,3,1.8260748027008264,1,24
148,ajar,0.13864043700334958,0.09090909090909091,6,1.5250448070368452,2,22
148,aktif,0.10469072988274951,0.045454545454545456,1,2.303196057420489,1,22
148,ancang,0.06131607036278019,0.045454545454545456,9,1.348953547981164,1,22
148,aplikasi,0.0778366769451164,0.13636363636363635,54,0.5708022975975203,3,22
148,bas,0.07643618722923025,0.09090909090909091,29,0.8407980595215327,2,22
148,guna,0.059976670994027405,0.09090909090909091,44,0.6597433809343014,2,22
148,harap,0.10469072988274951,0.045454545454545456,1,2.303196057420489,1,22
148,ilmu,0.20938145976549902,0.09090909090909091,1,2.303196057420489,2,22
148,jalan,0.06932021850167479,0.045454545454545456,6,1.5250448070368452,1,22
148,mobile,0.0789436619754136,0.13636363636363635,53,0.5789201878196998,3,22
148,peran,0.09100754826165945,0.045454545454545456,2,2.002166061756508,1,22
148,tajwid,0.20938145976549902,0.09090909090909091,1,2.303196057420489,2,22
148,tulis,0.10469072988274951,0.045454545454545456,1,2.303196057420489,1,22
149,ancang,0.04651563958555738,0.034482758620689655,9,1.348953547981164,1,29
149,aplikasi,0.07873135139276143,0.13793103448275862,54,0.5708022975975203,4,29
149,apps,0.06911490081079363,0.06896551724137931,20,1.0021660617565078,2,29
149,bas,0.028993036535225267,0.034482758620689655,29,0.8407980595215327,1,29
149,biasa,0.06904020902608647,0.034482758620689655,2,2.002166061756508,1,29
149,design,0.04651563958555738,0.034482758620689655,9,1.348953547981164,1,29
149,guna,0.04549954351271044,0.06896551724137931,44,0.6597433809343014,2,29
149,internet,0.06296809664485609,0.034482758620689655,3,1.8260748027008264,1,29
149,istilah,0.0794205537041548,0.034482758620689655,1,2.303196057420489,1,29
149,jalan,0.05258775196678776,0.034482758620689655,6,1.5250448070368452,1,29
149,mahasiswa,0.06296809664485609,0.034482758620689655,3,1.8260748027008264,1,29
149,medeskripsikan,0.0794205537041548,0.034482758620689655,1,2.303196057420489,1,29
149,metode,0.03382678492022654,0.034482758620689655,21,0.9809767626865696,1,29
149,mobile,0.09981382548615514,0.1724137931034483,53,0.5789201878196998,5,29
149,sebut,0.05027924197952525,0.034482758620689655,7,1.4580980174062321,1,29
149,siakadu,0.0794205537041548,0.034482758620689655,1,2.303196057420489,1,29
149,thinking,0.05531813976153345,0.034482758620689655,5,1.60422605308447,1,29
149,ui,0.058659864348018155,0.034482758620689655,4,1.7011360660925265,1,29
149,ulang,0.0794205537041548,0.034482758620689655,1,2.303196057420489,1,29
149,ux,0.058659864348018155,0.034482758620689655,4,1.7011360660925265,1,29
150,analis,0.05941577974386926,0.037037037037037035,5,1.60422605308447,1,27
150,analisis,0.040706521287576444,0.037037037037037035,16,1.099076074764564,1,27
150,aplikasi,0.08456330334778078,0.14814814814814814,54,0.5708022975975203,4,27
150,beri,0.05941577974386926,0.037037037037037035,5,1.60422605308447,1,27
150,guna,0.024434940034603753,0.037037037037037035,44,0.6597433809343014,1,27
150,indonesia,0.03794231320250592,0.037037037037037035,19,1.02444245646766,1,27
150,jamsostek,0.08530355768224034,0.037037037037037035,1,2.303196057420489,1,27
150,jmo,0.08530355768224034,0.037037037037037035,1,2.303196057420489,1,27
150,kualitas,0.05400363027430489,0.037037037037037035,7,1.4580980174062321,1,27
150,machine,0.02084568029356463,0.037037037037037035,55,0.562833367926245,1,27
150,masyarakat,0.06300503948490839,0.037037037037037035,4,1.7011360660925265,1,27
150,metode,0.03633247269209517,0.037037037037037035,21,0.9809767626865696,1,27
150,mobile,0.042882976875533316,0.07407407407407407,53,0.5789201878196998,2,27
150,mudah,0.05648314100136463,0.037037037037037035,6,1.5250448070368452,1,27
150,salah,0.05941577974386926,0.037037037037037035,5,1.60422605308447,1,27
150,satu,0.05648314100136463,0.037037037037037035,6,1.5250448070368452,1,27
150,sentimen,0.0676324001000306,0.037037037037037035,3,1.8260748027008264,1,27
150,support,0.06300503948490839,0.037037037037037035,4,1.7011360660925265,1,27
150,teliti,0.03633247269209517,0.037037037037037035,21,0.9809767626865696,1,27
150,tuju,0.0467334582319357,0.037037037037037035,11,1.261803372262264,1,27
150,ulas,0.12601007896981678,0.07407407407407407,4,1.7011360660925265,2,27
150,vector,0.0676324001000306,0.037037037037037035,3,1.8260748027008264,1,27
151,address,0.07700638699063492,0.038461538461538464,2,2.002166061756508,1,26
151,art,0.15401277398126983,0.07692307692307693,2,2.002166061756508,2,26
151,article,0.06542831023432795,0.038461538461538464,4,1.7011360660925265,1,26
151,challenges,0.056080692977162776,0.038461538461538464,7,1.4580980174062321,1,26
151,cyber,0.12935354761869736,0.15384615384615385,29,0.8407980595215327,4,26
151,direction,0.08858446374694189,0.038461538461538464,1,2.303196057420489,1,26
151,directions,0.07700638699063492,0.038461538461538464,2,2.002166061756508,1,26
151,future,0.11216138595432555,0.07692307692307693,7,1.4580980174062321,2,26
151,moreover,0.07700638699063492,0.038461538461538464,2,2.002166061756508,1,26
151,overview,0.05865556950141713,0.038461538461538464,6,1.5250448070368452,1,26
151,possible,0.08858446374694189,0.038461538461538464,1,2.303196057420489,1,26
151,presenting,0.08858446374694189,0.038461538461538464,1,2.303196057420489,1,26
151,provides,0.05865556950141713,0.038461538461538464,6,1.5250448070368452,1,26
151,security,0.09701516071402301,0.11538461538461539,29,0.8407980595215327,3,26
151,shifting,0.08858446374694189,0.038461538461538464,1,2.303196057420489,1,26
151,state,0.1404672925154482,0.07692307692307693,3,1.8260748027008264,2,26
151,threats,0.05865556950141713,0.038461538461538464,6,1.5250448070368452,1,26
151,we,0.03353201127928852,0.038461538461538464,27,0.8718322932615016,1,26
152,achieve,0.08225700205073175,0.03571428571428571,1,2.303196057420489,1,28
152,all,0.057293787610159644,0.03571428571428571,5,1.60422605308447,1,28
152,businesses,0.07150593077701813,0.03571428571428571,2,2.002166061756508,1,28
152,but,0.06521695723931523,0.03571428571428571,3,1.8260748027008264,1,28
152,cyber,0.1201140085030761,0.14285714285714285,29,0.8407980595215327,4,28
152,cybersecurity,0.04654271633644603,0.03571428571428571,10,1.3031960574204888,1,28
152,entire,0.08225700205073175,0.03571428571428571,1,2.303196057420489,1,28
152,future,0.05207492919307972,0.03571428571428571,7,1.4580980174062321,1,28
152,high,0.06521695723931523,0.03571428571428571,3,1.8260748027008264,1,28
152,implications,0.08225700205073175,0.03571428571428571,1,2.303196057420489,1,28
152,industries,0.07150593077701813,0.03571428571428571,2,2.002166061756508,1,28
152,just,0.08225700205073175,0.03571428571428571,1,2.303196057420489,1,28
152,not,0.05207492919307972,0.03571428571428571,7,1.4580980174062321,1,28
152,perspectives,0.07150593077701813,0.03571428571428571,2,2.002166061756508,1,28
152,proactive,0.08225700205073175,0.03571428571428571,1,2.303196057420489,1,28
152,prospects,0.08225700205073175,0.03571428571428571,1,2.303196057420489,1,28
152,requires,0.07150593077701813,0.03571428571428571,2,2.002166061756508,1,28
152,review,0.03296374341817438,0.03571428571428571,24,0.9229848157088828,1,28
152,security,0.09008550637730707,0.10714285714285714,29,0.8407980595215327,3,28
152,society,0.08225700205073175,0.03571428571428571,1,2.303196057420489,1,28
152,study,0.0413238579193661,0.03571428571428571,14,1.1570680217422509,1,28
152,threats,0.05446588596560161,0.03571428571428571,6,1.5250448070368452,1,28
152,viewpoints,0.08225700205073175,0.03571428571428571,1,2.303196057420489,1,28
153,addition,0.0767732019140163,0.03333333333333333,1,2.303196057420489,1,30
153,attacks,0.04667020234761818,0.03333333333333333,8,1.4001060704285453,1,30
153,comprehensive,0.05670453553641755,0.03333333333333333,4,1.7011360660925265,1,30
153,cyber,0.14013300992025546,0.16666666666666666,29,0.8407980595215327,5,30
153,developments,0.13347773745043384,0.06666666666666667,2,2.002166061756508,2,30
153,emerging,0.13347773745043384,0.06666666666666667,2,2.002166061756508,2,30
153,methods,0.05670453553641755,0.03333333333333333,4,1.7011360660925265,1,30
153,presented,0.060869160090027546,0.03333333333333333,3,1.8260748027008264,1,30
153,recent,0.10694840353896468,0.06666666666666667,5,1.60422605308447,2,30
153,researchers,0.060869160090027546,0.03333333333333333,3,1.8260748027008264,1,30
153,review,0.06153232104725885,0.06666666666666667,24,0.9229848157088828,2,30
153,security,0.14013300992025546,0.16666666666666666,29,0.8407980595215327,5,30
153,study,0.07713786811615006,0.06666666666666667,14,1.1570680217422509,2,30
153,trends,0.1134090710728351,0.06666666666666667,4,1.7011360660925265,2,30
153,useful,0.0767732019140163,0.03333333333333333,1,2.303196057420489,1,30
153,will,0.05670453553641755,0.03333333333333333,4,1.7011360660925265,1,30
154,acquainted,0.09596650239252037,0.041666666666666664,1,2.303196057420489,1,24
154,advanced,0.09596650239252037,0.041666666666666664,1,2.303196057420489,1,24
154,advancements,0.08342358590652116,0.041666666666666664,2,2.002166061756508,1,24
154,along,0.09596650239252037,0.041666666666666664,1,2.303196057420489,1,24
154,challenges,0.060754084058593005,0.041666666666666664,7,1.4580980174062321,1,24
154,cyber,0.14013300992025546,0.16666666666666666,29,0.8407980595215327,4,24
154,domain,0.16684717181304232,0.08333333333333333,2,2.002166061756508,2,24
154,faced,0.09596650239252037,0.041666666666666664,1,2.303196057420489,1,24
154,get,0.08342358590652116,0.041666666666666664,2,2.002166061756508,1,24
154,new,0.0542998357258537,0.041666666666666664,10,1.3031960574204888,1,24
154,recent,0.13368550442370583,0.08333333333333333,5,1.60422605308447,2,24
154,researchers,0.07608645011253443,0.041666666666666664,3,1.8260748027008264,1,24
154,review,0.03845770065453678,0.041666666666666664,24,0.9229848157088828,1,24
154,security,0.14013300992025546,0.16666666666666666,29,0.8407980595215327,4,24
154,standards,0.08342358590652116,0.041666666666666664,2,2.002166061756508,1,24
154,trends,0.07088066942052193,0.041666666666666664,4,1.7011360660925265,1,24
155,computing,0.0702336462577241,0.038461538461538464,3,1.8260748027008264,1,26
155,cyber,0.22636870833272035,0.2692307692307692,29,0.8407980595215327,7,26
155,data,0.03292453946454883,0.038461538461538464,28,0.8560380260782696,1,26
155,framework,0.06170100204171039,0.038461538461538464,5,1.60422605308447,1,26
155,important,0.07700638699063492,0.038461538461538464,2,2.002166061756508,1,26
155,integrity,0.08858446374694189,0.038461538461538464,1,2.303196057420489,1,26
155,kinds,0.07700638699063492,0.038461538461538464,2,2.002166061756508,1,26
155,literature,0.05012292528540342,0.038461538461538464,10,1.3031960574204888,1,26
155,review,0.035499415988803185,0.038461538461538464,24,0.9229848157088828,1,26
155,safeguards,0.08858446374694189,0.038461538461538464,1,2.303196057420489,1,26
155,security,0.22636870833272035,0.2692307692307692,29,0.8407980595215327,7,26
155,systematic,0.042272156721714006,0.038461538461538464,16,1.099076074764564,1,26
155,tools,0.056080692977162776,0.038461538461538464,7,1.4580980174062321,1,26
155,why,0.07700638699063492,0.038461538461538464,2,2.002166061756508,1,26
156,age,0.08705069833723947,0.043478260869565216,2,2.002166061756508,1,23
156,becoming,0.10013895901828213,0.043478260869565216,1,2.303196057420489,1,23
156,challenge,0.10013895901828213,0.043478260869565216,1,2.303196057420489,1,23
156,challenges,0.063395565974184,0.043478260869565216,7,1.4580980174062321,1,23
156,cyber,0.07311287474100285,0.08695652173913043,29,0.8407980595215327,2,23
156,cybersecurity,0.0566606981487169,0.043478260869565216,10,1.3031960574204888,1,23
156,day,0.10013895901828213,0.043478260869565216,1,2.303196057420489,1,23
156,emerged,0.10013895901828213,0.043478260869565216,1,2.303196057420489,1,23
156,expose,0.10013895901828213,0.043478260869565216,1,2.303196057420489,1,23
156,global,0.06974895882975957,0.043478260869565216,5,1.60422605308447,1,23
156,has,0.05321803527708104,0.043478260869565216,12,1.224014811372864,1,23
156,modern,0.08705069833723947,0.043478260869565216,2,2.002166061756508,1,23
156,nation,0.10013895901828213,0.043478260869565216,1,2.303196057420489,1,23
156,new,0.0566606981487169,0.043478260869565216,10,1.3031960574204888,1,23
156,one,0.07396243765619681,0.043478260869565216,4,1.7011360660925265,1,23
156,security,0.07311287474100285,0.08695652173913043,29,0.8407980595215327,2,23
156,states,0.20027791803656425,0.08695652173913043,1,2.303196057420489,2,23
156,threat,0.10013895901828213,0.043478260869565216,1,2.303196057420489,1,23
156,tier,0.10013895901828213,0.043478260869565216,1,2.303196057420489,1,23
156,will,0.07396243765619681,0.043478260869565216,4,1.7011360660925265,1,23
157,aims,0.06943323892410629,0.047619047619047616,7,1.4580980174062321,1,21
157,approach,0.08695594298575364,0.047619047619047616,3,1.8260748027008264,1,21
157,chapter,0.109676002734309,0.047619047619047616,1,2.303196057420489,1,21
157,cyber,0.0800760056687174,0.09523809523809523,29,0.8407980595215327,2,21
157,cybersecurity,0.06205695511526137,0.047619047619047616,10,1.3031960574204888,1,21
157,discussed,0.109676002734309,0.047619047619047616,1,2.303196057420489,1,21
157,foster,0.109676002734309,0.047619047619047616,1,2.303196057420489,1,21
157,metaverse,0.219352005468618,0.09523809523809523,1,2.303196057420489,2,21
157,overview,0.07262118128746882,0.047619047619047616,6,1.5250448070368452,1,21
157,provide,0.08695594298575364,0.047619047619047616,3,1.8260748027008264,1,21
157,realm,0.109676002734309,0.047619047619047616,1,2.303196057420489,1,21
157,safeguard,0.109676002734309,0.047619047619047616,1,2.303196057420489,1,21
157,security,0.0800760056687174,0.09523809523809523,29,0.8407980595215327,2,21
157,stacks,0.109676002734309,0.047619047619047616,1,2.303196057420489,1,21
157,trust,0.109676002734309,0.047619047619047616,1,2.303196057420489,1,21
157,various,0.08695594298575364,0.047619047619047616,3,1.8260748027008264,1,21
157,virtual,0.109676002734309,0.047619047619047616,1,2.303196057420489,1,21
157,vital,0.08695594298575364,0.047619047619047616,3,1.8260748027008264,1,21
158,aims,0.0662771826093742,0.045454545454545456,7,1.4580980174062321,1,22
158,article,0.0773243666405694,0.045454545454545456,4,1.7011360660925265,1,22
158,complexities,0.10469072988274951,0.045454545454545456,1,2.303196057420489,1,22
158,comprehensive,0.0773243666405694,0.045454545454545456,4,1.7011360660925265,1,22
158,counterattacking,0.10469072988274951,0.045454545454545456,1,2.303196057420489,1,22
158,cyber,0.11465428084384537,0.13636363636363635,29,0.8407980595215327,3,22
158,cybersecurity,0.05923618442820404,0.045454545454545456,10,1.3031960574204888,1,22
158,framework,0.21875809814788227,0.13636363636363635,5,1.60422605308447,3,22
158,future,0.1325543652187484,0.09090909090909091,7,1.4580980174062321,2,22
158,modern,0.09100754826165945,0.045454545454545456,2,2.002166061756508,1,22
158,organizational,0.10469072988274951,0.045454545454545456,1,2.303196057420489,1,22
158,presents,0.09100754826165945,0.045454545454545456,2,2.002166061756508,1,22
158,responds,0.10469072988274951,0.045454545454545456,1,2.303196057420489,1,22
158,security,0.07643618722923025,0.09090909090909091,29,0.8407980595215327,2,22
158,shape,0.09100754826165945,0.045454545454545456,2,2.002166061756508,1,22
158,threats,0.06932021850167479,0.045454545454545456,6,1.5250448070368452,1,22
159,against,0.12173832018005509,0.06666666666666667,3,1.8260748027008264,2,30
159,also,0.05670453553641755,0.03333333333333333,4,1.7011360660925265,1,30
159,countries,0.0767732019140163,0.03333333333333333,1,2.303196057420489,1,30
159,cyber,0.11210640793620437,0.13333333333333333,29,0.8407980595215327,4,30
159,cybersecurity,0.08687973716136592,0.06666666666666667,10,1.3031960574204888,2,30
159,developed,0.05670453553641755,0.03333333333333333,4,1.7011360660925265,1,30
159,ensuring,0.0767732019140163,0.03333333333333333,1,2.303196057420489,1,30
159,european,0.0767732019140163,0.03333333333333333,1,2.303196057420489,1,30
159,governance,0.1535464038280326,0.06666666666666667,1,2.303196057420489,2,30
159,has,0.0408004937124288,0.03333333333333333,12,1.224014811372864,1,30
159,incidents,0.13347773745043384,0.06666666666666667,2,2.002166061756508,2,30
159,overview,0.050834826901228175,0.03333333333333333,6,1.5250448070368452,1,30
159,policies,0.06673886872521692,0.03333333333333333,2,2.002166061756508,1,30
159,publishing,0.0767732019140163,0.03333333333333333,1,2.303196057420489,1,30
159,security,0.028026601984051092,0.03333333333333333,29,0.8407980595215327,1,30
159,stated,0.0767732019140163,0.03333333333333333,1,2.303196057420489,1,30
159,steps,0.13347773745043384,0.06666666666666667,2,2.002166061756508,2,30
159,studies,0.050834826901228175,0.03333333333333333,6,1.5250448070368452,1,30
159,taken,0.13347773745043384,0.06666666666666667,2,2.002166061756508,2,30
159,they,0.05670453553641755,0.03333333333333333,4,1.7011360660925265,1,30
159,turkey,0.06673886872521692,0.03333333333333333,2,2.002166061756508,1,30
160,advancements,0.08008664247026032,0.04,2,2.002166061756508,1,25
160,al,0.08008664247026032,0.04,2,2.002166061756508,1,25
160,analyses,0.09212784229681957,0.04,1,2.303196057420489,1,25
160,article,0.06804544264370106,0.04,4,1.7011360660925265,1,25
160,assess,0.09212784229681957,0.04,1,2.303196057420489,1,25
160,cyber,0.03363192238086131,0.04,29,0.8407980595215327,1,25
160,et,0.08008664247026032,0.04,2,2.002166061756508,1,25
160,incidents,0.08008664247026032,0.04,2,2.002166061756508,1,25
160,industry,0.07304299210803306,0.04,3,1.8260748027008264,1,25
160,issues,0.0641690421233788,0.04,5,1.60422605308447,1,25
160,key,0.06804544264370106,0.04,4,1.7011360660925265,1,25
160,manulis,0.09212784229681957,0.04,1,2.303196057420489,1,25
160,motivations,0.09212784229681957,0.04,1,2.303196057420489,1,25
160,new,0.052127842296819556,0.04,10,1.3031960574204888,1,25
160,open,0.05832392069624929,0.04,7,1.4580980174062321,1,25
160,past,0.07304299210803306,0.04,3,1.8260748027008264,1,25
160,related,0.06804544264370106,0.04,4,1.7011360660925265,1,25
160,satellite,0.18425568459363914,0.08,1,2.303196057420489,2,25
160,security,0.10089576714258393,0.12,29,0.8407980595215327,3,25
160,space,0.09212784229681957,0.04,1,2.303196057420489,1,25
160,technology,0.05832392069624929,0.04,7,1.4580980174062321,1,25
160,threats,0.06100179228147381,0.04,6,1.5250448070368452,1,25
161,19,0.045565563043944754,0.03125,7,1.4580980174062321,1,32
161,age,0.06256768942989087,0.03125,2,2.002166061756508,1,32
161,analysis,0.07432829406960326,0.0625,13,1.189252705113652,2,32
161,attack,0.06256768942989087,0.03125,2,2.002166061756508,1,32
161,attacks,0.08750662940178408,0.0625,8,1.4001060704285453,2,32
161,campaigns,0.07197487679439028,0.03125,1,2.303196057420489,1,32
161,covid,0.04765765021990141,0.03125,6,1.5250448070368452,1,32
161,crime,0.14394975358878057,0.0625,1,2.303196057420489,2,32
161,cyber,0.18392457552033528,0.21875,29,0.8407980595215327,7,32
161,during,0.11412967516880165,0.0625,3,1.8260748027008264,2,32
161,experienced,0.07197487679439028,0.03125,1,2.303196057420489,1,32
161,globally,0.07197487679439028,0.03125,1,2.303196057420489,1,32
161,highlights,0.07197487679439028,0.03125,1,2.303196057420489,1,32
161,modus,0.07197487679439028,0.03125,1,2.303196057420489,1,32
161,operandi,0.07197487679439028,0.03125,1,2.303196057420489,1,32
161,pandemic,0.12513537885978174,0.0625,2,2.002166061756508,2,32
161,perspective,0.06256768942989087,0.03125,2,2.002166061756508,1,32
161,range,0.07197487679439028,0.03125,1,2.303196057420489,1,32
161,reveal,0.07197487679439028,0.03125,1,2.303196057420489,1,32
161,security,0.0262749393600479,0.03125,29,0.8407980595215327,1,32
161,timeline,0.07197487679439028,0.03125,1,2.303196057420489,1,32
162,analysis,0.03836299048753716,0.03225806451612903,13,1.189252705113652,1,31
162,based,0.03545406692788916,0.03225806451612903,16,1.099076074764564,1,31
162,between,0.05890563879680085,0.03225806451612903,3,1.8260748027008264,1,31
162,body,0.07429664701356416,0.03225806451612903,1,2.303196057420489,1,31
162,cyber,0.1627351082944902,0.1935483870967742,29,0.8407980595215327,6,31
162,designed,0.07429664701356416,0.03225806451612903,1,2.303196057420489,1,31
162,education,0.05487535697072666,0.03225806451612903,4,1.7011360660925265,1,31
162,gap,0.07429664701356416,0.03225806451612903,1,2.303196057420489,1,31
162,gaps,0.06458600199214541,0.03225806451612903,2,2.002166061756508,1,31
162,graduates,0.07429664701356416,0.03225806451612903,1,2.303196057420489,1,31
162,join,0.07429664701356416,0.03225806451612903,1,2.303196057420489,1,31
162,knowledge,0.10349845503770774,0.06451612903225806,5,1.60422605308447,2,31
162,opinion,0.07429664701356416,0.03225806451612903,1,2.303196057420489,1,31
162,performed,0.07429664701356416,0.03225806451612903,1,2.303196057420489,1,31
162,security,0.1627351082944902,0.1935483870967742,29,0.8407980595215327,6,31
162,survey,0.042038582497435126,0.03225806451612903,10,1.3031960574204888,1,31
162,using,0.03545406692788916,0.03225806451612903,16,1.099076074764564,1,31
162,we,0.028123622363274245,0.03225806451612903,27,0.8718322932615016,1,31
162,who,0.06458600199214541,0.03225806451612903,2,2.002166061756508,1,31
162,workforce,0.07429664701356416,0.03225806451612903,1,2.303196057420489,1,31
163,advances,0.08225700205073175,0.03571428571428571,1,2.303196057420489,1,28
163,artificial,0.057293787610159644,0.03571428571428571,5,1.60422605308447,1,28
163,challenges,0.05207492919307972,0.03571428571428571,7,1.4580980174062321,1,28
163,cyber,0.09008550637730707,0.10714285714285714,29,0.8407980595215327,3,28
163,footnote,0.08225700205073175,0.03571428571428571,1,2.303196057420489,1,28
163,goal,0.07150593077701813,0.03571428571428571,2,2.002166061756508,1,28
163,includes,0.08225700205073175,0.03571428571428571,1,2.303196057420489,1,28
163,intelligence,0.057293787610159644,0.03571428571428571,5,1.60422605308447,1,28
163,known,0.06521695723931523,0.03571428571428571,3,1.8260748027008264,1,28
163,mentioned,0.08225700205073175,0.03571428571428571,1,2.303196057420489,1,28
163,much,0.07150593077701813,0.03571428571428571,2,2.002166061756508,1,28
163,network,0.06521695723931523,0.03571428571428571,3,1.8260748027008264,1,28
163,opportunities,0.07150593077701813,0.03571428571428571,2,2.002166061756508,1,28
163,outside,0.08225700205073175,0.03571428571428571,1,2.303196057420489,1,28
163,paper,0.06075485950330452,0.03571428571428571,4,1.7011360660925265,1,28
163,protect,0.08225700205073175,0.03571428571428571,1,2.303196057420489,1,28
163,research,0.04506440615222371,0.03571428571428571,11,1.261803372262264,1,28
163,security,0.1201140085030761,0.14285714285714285,29,0.8407980595215327,4,28
163,so,0.07150593077701813,0.03571428571428571,2,2.002166061756508,1,28
163,systems,0.057293787610159644,0.03571428571428571,5,1.60422605308447,1,28
163,threats,0.10893177193120322,0.07142857142857142,6,1.5250448070368452,2,28
163,within,0.07150593077701813,0.03571428571428571,2,2.002166061756508,1,28
164,allows,0.08705069833723947,0.043478260869565216,2,2.002166061756508,1,23
164,being,0.08705069833723947,0.043478260869565216,2,2.002166061756508,1,23
164,companies,0.10013895901828213,0.043478260869565216,1,2.303196057420489,1,23
164,councils,0.10013895901828213,0.043478260869565216,1,2.303196057420489,1,23
164,cyber,0.07311287474100285,0.08695652173913043,29,0.8407980595215327,2,23
164,cybersecurity,0.1133213962974338,0.08695652173913043,10,1.3031960574204888,2,23
164,development,0.0566606981487169,0.043478260869565216,10,1.3031960574204888,1,23
164,establishments,0.10013895901828213,0.043478260869565216,1,2.303196057420489,1,23
164,funded,0.10013895901828213,0.043478260869565216,1,2.303196057420489,1,23
164,industrial,0.08705069833723947,0.043478260869565216,2,2.002166061756508,1,23
164,physical,0.08705069833723947,0.043478260869565216,2,2.002166061756508,1,23
164,rapid,0.10013895901828213,0.043478260869565216,1,2.303196057420489,1,23
164,research,0.10972203237063165,0.08695652173913043,11,1.261803372262264,2,23
164,review,0.04012977459603838,0.043478260869565216,24,0.9229848157088828,1,23
164,security,0.10966931211150427,0.13043478260869565,29,0.8407980595215327,3,23
164,state,0.07939455663916636,0.043478260869565216,3,1.8260748027008264,1,23
164,studies,0.0663062959581237,0.043478260869565216,6,1.5250448070368452,1,23
164,systems,0.06974895882975957,0.043478260869565216,5,1.60422605308447,1,23
165,article,0.06542831023432795,0.038461538461538464,4,1.7011360660925265,1,26
165,aspects,0.07700638699063492,0.038461538461538464,2,2.002166061756508,1,26
165,based,0.042272156721714006,0.038461538461538464,16,1.099076074764564,1,26
165,cyber,0.12935354761869736,0.15384615384615385,29,0.8407980595215327,4,26
165,deep,0.04450261622085581,0.038461538461538464,14,1.1570680217422509,1,26
165,defense,0.08858446374694189,0.038461538461538464,1,2.303196057420489,1,26
165,different,0.07700638699063492,0.038461538461538464,2,2.002166061756508,1,26
165,dimensional,0.08858446374694189,0.038461538461538464,1,2.303196057420489,1,26
165,drl,0.08858446374694189,0.038461538461538464,1,2.303196057420489,1,26
165,especially,0.07700638699063492,0.038461538461538464,2,2.002166061756508,1,26
165,high,0.0702336462577241,0.038461538461538464,3,1.8260748027008264,1,26
165,including,0.06542831023432795,0.038461538461538464,4,1.7011360660925265,1,26
165,learning,0.0193790579987272,0.038461538461538464,63,0.5038555079669071,1,26
165,methods,0.06542831023432795,0.038461538461538464,4,1.7011360660925265,1,26
165,presents,0.07700638699063492,0.038461538461538464,2,2.002166061756508,1,26
165,problems,0.06542831023432795,0.038461538461538464,4,1.7011360660925265,1,26
165,reinforcement,0.08858446374694189,0.038461538461538464,1,2.303196057420489,1,26
165,security,0.09701516071402301,0.11538461538461539,29,0.8407980595215327,3,26
165,touch,0.08858446374694189,0.038461538461538464,1,2.303196057420489,1,26
165,vital,0.0702336462577241,0.038461538461538464,3,1.8260748027008264,1,26
165,we,0.03353201127928852,0.038461538461538464,27,0.8718322932615016,1,26
166,behaviour,0.08225700205073175,0.03571428571428571,1,2.303196057420489,1,28
166,behaviours,0.08225700205073175,0.03571428571428571,1,2.303196057420489,1,28
166,complying,0.08225700205073175,0.03571428571428571,1,2.303196057420489,1,28
166,computer,0.07150593077701813,0.03571428571428571,2,2.002166061756508,1,28
166,cyber,0.09008550637730707,0.10714285714285714,29,0.8407980595215327,3,28
166,differences,0.08225700205073175,0.03571428571428571,1,2.303196057420489,1,28
166,discuss,0.13043391447863045,0.07142857142857142,3,1.8260748027008264,2,28
166,done,0.08225700205073175,0.03571428571428571,1,2.303196057420489,1,28
166,errors,0.08225700205073175,0.03571428571428571,1,2.303196057420489,1,28
166,improving,0.08225700205073175,0.03571428571428571,1,2.303196057420489,1,28
166,individual,0.08225700205073175,0.03571428571428571,1,2.303196057420489,1,28
166,kinds,0.07150593077701813,0.03571428571428571,2,2.002166061756508,1,28
166,management,0.07150593077701813,0.03571428571428571,2,2.002166061756508,1,28
166,policies,0.07150593077701813,0.03571428571428571,2,2.002166061756508,1,28
166,role,0.057293787610159644,0.03571428571428571,5,1.60422605308447,1,28
166,second,0.07150593077701813,0.03571428571428571,2,2.002166061756508,1,28
166,security,0.1201140085030761,0.14285714285714285,29,0.8407980595215327,4,28
166,third,0.08225700205073175,0.03571428571428571,1,2.303196057420489,1,28
166,underlying,0.07150593077701813,0.03571428571428571,2,2.002166061756508,1,28
166,user,0.04506440615222371,0.03571428571428571,11,1.261803372262264,1,28
166,we,0.062273735232964395,0.07142857142857142,27,0.8718322932615016,2,28
167,analyze,0.06521695723931523,0.03571428571428571,3,1.8260748027008264,1,28
167,artificial,0.057293787610159644,0.03571428571428571,5,1.60422605308447,1,28
167,attack,0.07150593077701813,0.03571428571428571,2,2.002166061756508,1,28
167,attacks,0.0500037882295909,0.03571428571428571,8,1.4001060704285453,1,28
167,based,0.07850543391175457,0.07142857142857142,16,1.099076074764564,2,28
167,context,0.07150593077701813,0.03571428571428571,2,2.002166061756508,1,28
167,criminals,0.07150593077701813,0.03571428571428571,2,2.002166061756508,1,28
167,cyber,0.18017101275461414,0.21428571428571427,29,0.8407980595215327,6,28
167,deriving,0.08225700205073175,0.03571428571428571,1,2.303196057420489,1,28
167,develop,0.06521695723931523,0.03571428571428571,3,1.8260748027008264,1,28
167,has,0.043714814691887996,0.03571428571428571,12,1.224014811372864,1,28
167,increased,0.08225700205073175,0.03571428571428571,1,2.303196057420489,1,28
167,industry,0.06521695723931523,0.03571428571428571,3,1.8260748027008264,1,28
167,intelligence,0.057293787610159644,0.03571428571428571,5,1.60422605308447,1,28
167,knowledge,0.057293787610159644,0.03571428571428571,5,1.60422605308447,1,28
167,security,0.09008550637730707,0.10714285714285714,29,0.8407980595215327,3,28
167,surface,0.08225700205073175,0.03571428571428571,1,2.303196057420489,1,28
167,survey,0.04654271633644603,0.03571428571428571,10,1.3031960574204888,1,28
167,technology,0.05207492919307972,0.03571428571428571,7,1.4580980174062321,1,28
167,them,0.08225700205073175,0.03571428571428571,1,2.303196057420489,1,28
168,attacks,0.09334040469523636,0.06666666666666667,8,1.4001060704285453,2,30
168,comprehensive,0.05670453553641755,0.03333333333333333,4,1.7011360660925265,1,30
168,concerns,0.0767732019140163,0.03333333333333333,1,2.303196057420489,1,30
168,criminals,0.06673886872521692,0.03333333333333333,2,2.002166061756508,1,30
168,cyber,0.11210640793620437,0.13333333333333333,29,0.8407980595215327,4,30
168,cybersecurity,0.04343986858068296,0.03333333333333333,10,1.3031960574204888,1,30
168,cyberspace,0.0767732019140163,0.03333333333333333,1,2.303196057420489,1,30
168,defenses,0.0767732019140163,0.03333333333333333,1,2.303196057420489,1,30
168,developments,0.06673886872521692,0.03333333333333333,2,2.002166061756508,1,30
168,emerging,0.06673886872521692,0.03333333333333333,2,2.002166061756508,1,30
168,emphasizing,0.06673886872521692,0.03333333333333333,2,2.002166061756508,1,30
168,has,0.0408004937124288,0.03333333333333333,12,1.224014811372864,1,30
168,heightened,0.0767732019140163,0.03333333333333333,1,2.303196057420489,1,30
168,landscape,0.1535464038280326,0.06666666666666667,1,2.303196057420489,2,30
168,navigating,0.0767732019140163,0.03333333333333333,1,2.303196057420489,1,30
168,need,0.0767732019140163,0.03333333333333333,1,2.303196057420489,1,30
168,offering,0.06673886872521692,0.03333333333333333,2,2.002166061756508,1,30
168,recent,0.05347420176948234,0.03333333333333333,5,1.60422605308447,1,30
168,review,0.030766160523629425,0.03333333333333333,24,0.9229848157088828,1,30
168,robust,0.06673886872521692,0.03333333333333333,2,2.002166061756508,1,30
168,security,0.056053203968102185,0.06666666666666667,29,0.8407980595215327,2,30
168,these,0.0449651182660388,0.03333333333333333,9,1.348953547981164,1,30
168,trend,0.0767732019140163,0.03333333333333333,1,2.303196057420489,1,30
168,trends,0.05670453553641755,0.03333333333333333,4,1.7011360660925265,1,30
169,attacks,0.0500037882295909,0.03571428571428571,8,1.4001060704285453,1,28
169,but,0.06521695723931523,0.03571428571428571,3,1.8260748027008264,1,28
169,combat,0.08225700205073175,0.03571428571428571,1,2.303196057420489,1,28
169,cyber,0.15014251062884515,0.17857142857142858,29,0.8407980595215327,5,28
169,evaluating,0.06521695723931523,0.03571428571428571,3,1.8260748027008264,1,28
169,factors,0.11458757522031929,0.07142857142857142,5,1.60422605308447,2,28
169,impacting,0.08225700205073175,0.03571428571428571,1,2.303196057420489,1,28
169,influence,0.08225700205073175,0.03571428571428571,1,2.303196057420489,1,28
169,influencing,0.07150593077701813,0.03571428571428571,2,2.002166061756508,1,28
169,its,0.05446588596560161,0.03571428571428571,6,1.5250448070368452,1,28
169,organizations,0.1645140041014635,0.07142857142857142,1,2.303196057420489,2,28
169,performance,0.057293787610159644,0.03571428571428571,5,1.60422605308447,1,28
169,prevent,0.08225700205073175,0.03571428571428571,1,2.303196057420489,1,28
169,readiness,0.1645140041014635,0.07142857142857142,1,2.303196057420489,2,28
169,security,0.1201140085030761,0.14285714285714285,29,0.8407980595215327,4,28
169,set,0.06521695723931523,0.03571428571428571,3,1.8260748027008264,1,28
169,studies,0.05446588596560161,0.03571428571428571,6,1.5250448070368452,1,28
169,their,0.04506440615222371,0.03571428571428571,11,1.261803372262264,1,28
170,analysis,0.05946263525568261,0.05,13,1.189252705113652,1,20
170,based,0.0549538037382282,0.05,16,1.099076074764564,1,20
170,comparison,0.11515980287102445,0.05,1,2.303196057420489,1,20
170,cybersecurity,0.1954794086130733,0.15,10,1.3031960574204888,3,20
170,disclosures,0.11515980287102445,0.05,1,2.303196057420489,1,20
170,firm,0.11515980287102445,0.05,1,2.303196057420489,1,20
170,firms,0.11515980287102445,0.05,1,2.303196057420489,1,20
170,hacked,0.11515980287102445,0.05,1,2.303196057420489,1,20
170,level,0.1001083030878254,0.05,2,2.002166061756508,1,20
170,measure,0.11515980287102445,0.05,1,2.303196057420489,1,20
170,not,0.07290490087031161,0.05,7,1.4580980174062321,1,20
170,novel,0.1001083030878254,0.05,2,2.002166061756508,1,20
170,others,0.1001083030878254,0.05,2,2.002166061756508,1,20
170,propose,0.11515980287102445,0.05,1,2.303196057420489,1,20
170,risk,0.2002166061756508,0.1,2,2.002166061756508,2,20
170,textual,0.11515980287102445,0.05,1,2.303196057420489,1,20
170,we,0.04359161466307508,0.05,27,0.8718322932615016,1,20
171,artificial,0.07639171681354619,0.047619047619047616,5,1.60422605308447,1,21
171,collection,0.109676002734309,0.047619047619047616,1,2.303196057420489,1,21
171,cyber,0.0800760056687174,0.09523809523809523,29,0.8407980595215327,2,21
171,device,0.09534124103602418,0.047619047619047616,2,2.002166061756508,1,21
171,enables,0.109676002734309,0.047619047619047616,1,2.303196057420489,1,21
171,initiatives,0.109676002734309,0.047619047619047616,1,2.303196057420489,1,21
171,instance,0.109676002734309,0.047619047619047616,1,2.303196057420489,1,21
171,instruction,0.109676002734309,0.047619047619047616,1,2.303196057420489,1,21
171,intelligence,0.07639171681354619,0.047619047619047616,5,1.60422605308447,1,21
171,one,0.08100647933773936,0.047619047619047616,4,1.7011360660925265,1,21
171,optimize,0.109676002734309,0.047619047619047616,1,2.303196057420489,1,21
171,preparation,0.09534124103602418,0.047619047619047616,2,2.002166061756508,1,21
171,security,0.1601520113374348,0.19047619047619047,29,0.8407980595215327,4,21
171,skilled,0.109676002734309,0.047619047619047616,1,2.303196057420489,1,21
171,specialist,0.109676002734309,0.047619047619047616,1,2.303196057420489,1,21
171,substantially,0.109676002734309,0.047619047619047616,1,2.303196057420489,1,21
171,system,0.07262118128746882,0.047619047619047616,6,1.5250448070368452,1,21
172,according,0.08530355768224034,0.037037037037037035,1,2.303196057420489,1,27
172,accurately,0.08530355768224034,0.037037037037037035,1,2.303196057420489,1,27
172,cloud,0.17060711536448067,0.07407407407407407,1,2.303196057420489,2,27
172,computing,0.1352648002000612,0.07407407407407407,3,1.8260748027008264,2,27
172,cyber,0.15570334435583938,0.18518518518518517,29,0.8407980595215327,5,27
172,identify,0.06300503948490839,0.037037037037037035,4,1.7011360660925265,1,27
172,intelligent,0.08530355768224034,0.037037037037037035,1,2.303196057420489,1,27
172,issues,0.05941577974386926,0.037037037037037035,5,1.60422605308447,1,27
172,its,0.05648314100136463,0.037037037037037035,6,1.5250448070368452,1,27
172,necessary,0.08530355768224034,0.037037037037037035,1,2.303196057420489,1,27
172,new,0.04826652064520329,0.037037037037037035,10,1.3031960574204888,1,27
172,paper,0.06300503948490839,0.037037037037037035,4,1.7011360660925265,1,27
172,provide,0.0676324001000306,0.037037037037037035,3,1.8260748027008264,1,27
172,resilience,0.08530355768224034,0.037037037037037035,1,2.303196057420489,1,27
172,security,0.12456267548467151,0.14814814814814814,29,0.8407980595215327,4,27
172,systems,0.05941577974386926,0.037037037037037035,5,1.60422605308447,1,27
172,technology,0.05400363027430489,0.037037037037037035,7,1.4580980174062321,1,27
172,threats,0.05648314100136463,0.037037037037037035,6,1.5250448070368452,1,27
173,ai,0.2002166061756508,0.1,2,2.002166061756508,3,30
173,applications,0.060350403249896746,0.06666666666666667,25,0.9052560487484512,2,30
173,artificial,0.05347420176948234,0.03333333333333333,5,1.60422605308447,1,30
173,better,0.060869160090027546,0.03333333333333333,3,1.8260748027008264,1,30
173,cyber,0.11210640793620437,0.13333333333333333,29,0.8407980595215327,4,30
173,detail,0.0767732019140163,0.03333333333333333,1,2.303196057420489,1,30
173,development,0.04343986858068296,0.03333333333333333,10,1.3031960574204888,1,30
173,discuss,0.060869160090027546,0.03333333333333333,3,1.8260748027008264,1,30
173,evolved,0.0767732019140163,0.03333333333333333,1,2.303196057420489,1,30
173,has,0.0408004937124288,0.03333333333333333,12,1.224014811372864,1,30
173,how,0.04667020234761818,0.03333333333333333,8,1.4001060704285453,1,30
173,impact,0.1535464038280326,0.06666666666666667,1,2.303196057420489,2,30
173,intelligence,0.05347420176948234,0.03333333333333333,5,1.60422605308447,1,30
173,its,0.10166965380245635,0.06666666666666667,6,1.5250448070368452,2,30
173,providing,0.06673886872521692,0.03333333333333333,2,2.002166061756508,1,30
173,role,0.05347420176948234,0.03333333333333333,5,1.60422605308447,1,30
173,security,0.11210640793620437,0.13333333333333333,29,0.8407980595215327,4,30
173,various,0.060869160090027546,0.03333333333333333,3,1.8260748027008264,1,30
173,well,0.060869160090027546,0.03333333333333333,3,1.8260748027008264,1,30
174,attacks,0.04242745667965289,0.030303030303030304,8,1.4001060704285453,1,33
174,challenges,0.04418478840624946,0.030303030303030304,7,1.4580980174062321,1,33
174,constraints,0.069793819921833,0.030303030303030304,1,2.303196057420489,1,33
174,cyber,0.17835110353487058,0.21212121212121213,29,0.8407980595215327,7,33
174,discuss,0.055335600081843225,0.030303030303030304,3,1.8260748027008264,1,33
174,finally,0.0606716988411063,0.030303030303030304,2,2.002166061756508,1,33
174,grid,0.069793819921833,0.030303030303030304,1,2.303196057420489,1,33
174,physical,0.1213433976822126,0.06060606060606061,2,2.002166061756508,2,33
174,principles,0.069793819921833,0.030303030303030304,1,2.303196057420489,1,33
174,protocols,0.139587639843666,0.06060606060606061,1,2.303196057420489,2,33
174,recommendations,0.069793819921833,0.030303030303030304,1,2.303196057420489,1,33
174,review,0.027969236839663115,0.030303030303030304,24,0.9229848157088828,1,33
174,security,0.10191491630564034,0.12121212121212122,29,0.8407980595215327,4,33
174,sg,0.069793819921833,0.030303030303030304,1,2.303196057420489,1,33
174,smart,0.04418478840624946,0.030303030303030304,7,1.4580980174062321,1,33
174,some,0.0606716988411063,0.030303030303030304,2,2.002166061756508,1,33
174,standards,0.1213433976822126,0.06060606060606061,2,2.002166061756508,2,33
174,system,0.046213479001116525,0.030303030303030304,6,1.5250448070368452,1,33
174,systems,0.09722582139905879,0.06060606060606061,5,1.60422605308447,2,33
174,we,0.026419160401863685,0.030303030303030304,27,0.8718322932615016,1,33
175,5219,0.08858446374694189,0.038461538461538464,1,2.303196057420489,1,26
175,availability,0.17716892749388377,0.07692307692307693,1,2.303196057420489,2,26
175,available,0.053850233478020974,0.038461538461538464,8,1.4001060704285453,1,26
175,cyber,0.12935354761869736,0.15384615384615385,29,0.8407980595215327,4,26
175,cybersecurity,0.10024585057080684,0.07692307692307693,10,1.3031960574204888,2,26
175,data,0.0987736183936465,0.11538461538461539,28,0.8560380260782696,3,26
175,focus,0.07700638699063492,0.038461538461538464,2,2.002166061756508,1,26
175,lack,0.08858446374694189,0.038461538461538464,1,2.303196057420489,1,26
175,management,0.07700638699063492,0.038461538461538464,2,2.002166061756508,1,26
175,particular,0.08858446374694189,0.038461538461538464,1,2.303196057420489,1,26
175,posit,0.08858446374694189,0.038461538461538464,1,2.303196057420489,1,26
175,preliminary,0.08858446374694189,0.038461538461538464,1,2.303196057420489,1,26
175,resulting,0.08858446374694189,0.038461538461538464,1,2.303196057420489,1,26
175,review,0.035499415988803185,0.038461538461538464,24,0.9229848157088828,1,26
175,risk,0.15401277398126983,0.07692307692307693,2,2.002166061756508,2,26
175,search,0.0702336462577241,0.038461538461538464,3,1.8260748027008264,1,26
175,systematic,0.042272156721714006,0.038461538461538464,16,1.099076074764564,1,26
175,we,0.03353201127928852,0.038461538461538464,27,0.8718322932615016,1,26
176,aman,0.17242972357113356,0.19047619047619047,25,0.9052560487484512,4,21
176,cyber,0.0400380028343587,0.047619047619047616,29,0.8407980595215327,1,21
176,dampak,0.09534124103602418,0.047619047619047616,2,2.002166061756508,1,21
176,guna,0.03141635147306197,0.047619047619047616,44,0.6597433809343014,1,21
176,jaring,0.09534124103602418,0.047619047619047616,2,2.002166061756508,1,21
176,kalang,0.109676002734309,0.047619047619047616,1,2.303196057420489,1,21
176,komputer,0.09534124103602418,0.047619047619047616,2,2.002166061756508,1,21
176,minimal,0.109676002734309,0.047619047619047616,1,2.303196057420489,1,21
176,organisasi,0.09534124103602418,0.047619047619047616,2,2.002166061756508,1,21
176,overall,0.109676002734309,0.047619047619047616,1,2.303196057420489,1,21
176,security,0.0400380028343587,0.047619047619047616,29,0.8407980595215327,1,21
176,serang,0.07262118128746882,0.047619047619047616,6,1.5250448070368452,1,21
176,siber,0.12932229267835016,0.14285714285714285,25,0.9052560487484512,3,21
176,staf,0.109676002734309,0.047619047619047616,1,2.303196057420489,1,21
176,teknologi,0.06423588323719828,0.047619047619047616,9,1.348953547981164,1,21
176,tingkat,0.04990112153891346,0.047619047619047616,18,1.0479235523171828,1,21
177,adopsi,0.07150593077701813,0.03571428571428571,2,2.002166061756508,1,28
177,aman,0.12932229267835016,0.14285714285714285,25,0.9052560487484512,4,28
177,analisis,0.03925271695587729,0.03571428571428571,16,1.099076074764564,1,28
177,fokus,0.06521695723931523,0.03571428571428571,3,1.8260748027008264,1,28
177,hukum,0.13043391447863045,0.07142857142857142,3,1.8260748027008264,2,28
177,indonesia,0.03658723058813071,0.03571428571428571,19,1.02444245646766,1,28
177,insiden,0.08225700205073175,0.03571428571428571,1,2.303196057420489,1,28
177,jadi,0.07150593077701813,0.03571428571428571,2,2.002166061756508,1,28
177,kait,0.07150593077701813,0.03571428571428571,2,2.002166061756508,1,28
177,kasus,0.0500037882295909,0.03571428571428571,8,1.4001060704285453,1,28
177,masalah,0.07150593077701813,0.03571428571428571,2,2.002166061756508,1,28
177,rangkai,0.08225700205073175,0.03571428571428571,1,2.303196057420489,1,28
177,regulasi,0.06521695723931523,0.03571428571428571,3,1.8260748027008264,1,28
177,seperti,0.05446588596560161,0.03571428571428571,6,1.5250448070368452,1,28
177,siber,0.16165286584793773,0.17857142857142858,25,0.9052560487484512,5,28
177,studi,0.0500037882295909,0.03571428571428571,8,1.4001060704285453,1,28
177,tangan,0.08225700205073175,0.03571428571428571,1,2.303196057420489,1,28
177,tantang,0.057293787610159644,0.03571428571428571,5,1.60422605308447,1,28
177,tega,0.08225700205073175,0.03571428571428571,1,2.303196057420489,1,28
177,undang,0.08225700205073175,0.03571428571428571,1,2.303196057420489,1,28
178,aman,0.15743583456494803,0.17391304347826086,25,0.9052560487484512,4,23
178,baik,0.07939455663916636,0.043478260869565216,3,1.8260748027008264,1,23
178,butuh,0.07396243765619681,0.043478260869565216,4,1.7011360660925265,1,23
178,city,0.08705069833723947,0.043478260869565216,2,2.002166061756508,1,23
178,data,0.07443808922419735,0.08695652173913043,28,0.8560380260782696,2,23
178,dukung,0.06974895882975957,0.043478260869565216,5,1.60422605308447,1,23
178,guna,0.028684494823230496,0.043478260869565216,44,0.6597433809343014,1,23
178,hal,0.08705069833723947,0.043478260869565216,2,2.002166061756508,1,23
178,literatur,0.07396243765619681,0.043478260869565216,4,1.7011360660925265,1,23
178,mitigasi,0.10013895901828213,0.043478260869565216,1,2.303196057420489,1,23
178,privasi,0.20027791803656425,0.08695652173913043,1,2.303196057420489,2,23
178,saran,0.08705069833723947,0.043478260869565216,2,2.002166061756508,1,23
178,siber,0.11807687592371102,0.13043478260869565,25,0.9052560487484512,3,23
178,smart,0.063395565974184,0.043478260869565216,7,1.4580980174062321,1,23
178,teliti,0.042651163595068244,0.043478260869565216,21,0.9809767626865696,1,23
178,tinjau,0.06974895882975957,0.043478260869565216,5,1.60422605308447,1,23
179,aman,0.1448409677997522,0.16,25,0.9052560487484512,4,25
179,analisis,0.04396304299058256,0.04,16,1.099076074764564,1,25
179,bentuk,0.07304299210803306,0.04,3,1.8260748027008264,1,25
179,beri,0.0641690421233788,0.04,5,1.60422605308447,1,25
179,bijak,0.06804544264370106,0.04,4,1.7011360660925265,1,25
179,buat,0.0429098854416886,0.04,17,1.072747136042215,1,25
179,digital,0.04757010820454609,0.04,13,1.189252705113652,1,25
179,indonesia,0.040977698258706396,0.04,19,1.02444245646766,1,25
179,kuat,0.07304299210803306,0.04,3,1.8260748027008264,1,25
179,layan,0.052127842296819556,0.04,10,1.3031960574204888,1,25
179,lindung,0.07304299210803306,0.04,3,1.8260748027008264,1,25
179,publik,0.09212784229681957,0.04,1,2.303196057420489,1,25
179,refleksi,0.09212784229681957,0.04,1,2.303196057420489,1,25
179,regulasi,0.07304299210803306,0.04,3,1.8260748027008264,1,25
179,rekomendasi,0.08008664247026032,0.04,2,2.002166061756508,1,25
179,risiko,0.07304299210803306,0.04,3,1.8260748027008264,1,25
179,siber,0.1448409677997522,0.16,25,0.9052560487484512,4,25
179,transformasi,0.08008664247026032,0.04,2,2.002166061756508,1,25
179,upaya,0.06804544264370106,0.04,4,1.7011360660925265,1,25
180,abstrak,0.109676002734309,0.047619047619047616,1,2.303196057420489,1,21
180,aman,0.08621486178556678,0.09523809523809523,25,0.9052560487484512,2,21
180,aspek,0.09534124103602418,0.047619047619047616,2,2.002166061756508,1,21
180,cyber,0.0400380028343587,0.047619047619047616,29,0.8407980595215327,1,21
180,digital,0.11326216239177639,0.09523809523809523,13,1.189252705113652,2,21
180,era,0.13334343527890907,0.09523809523809523,8,1.4001060704285453,2,21
180,informasi,0.07262118128746882,0.047619047619047616,6,1.5250448070368452,1,21
180,kembang,0.09756594823501523,0.09523809523809523,19,1.02444245646766,2,21
180,manajemen,0.09534124103602418,0.047619047619047616,2,2.002166061756508,1,21
180,penting,0.06667171763945454,0.047619047619047616,8,1.4001060704285453,1,21
180,perhati,0.08695594298575364,0.047619047619047616,3,1.8260748027008264,1,21
180,pesat,0.08100647933773936,0.047619047619047616,4,1.7011360660925265,1,21
180,salah,0.07639171681354619,0.047619047619047616,5,1.60422605308447,1,21
180,sangat,0.07639171681354619,0.047619047619047616,5,1.60422605308447,1,21
180,satu,0.07262118128746882,0.047619047619047616,6,1.5250448070368452,1,21
180,siber,0.04310743089278339,0.047619047619047616,25,0.9052560487484512,1,21
180,teknologi,0.06423588323719828,0.047619047619047616,9,1.348953547981164,1,21
181,aman,0.12344400664751606,0.13636363636363635,25,0.9052560487484512,3,22
181,analis,0.0729193660492941,0.045454545454545456,5,1.60422605308447,1,22
181,analisis,0.049958003398389274,0.045454545454545456,16,1.099076074764564,1,22
181,bagaimana,0.08300340012276484,0.045454545454545456,3,1.8260748027008264,1,22
181,hambat,0.10469072988274951,0.045454545454545456,1,2.303196057420489,1,22
181,indonesia,0.09313113240615091,0.09090909090909091,19,1.02444245646766,2,22
181,jahat,0.08300340012276484,0.045454545454545456,3,1.8260748027008264,1,22
181,kembang,0.046565566203075455,0.045454545454545456,19,1.02444245646766,1,22
181,siber,0.16459200886335476,0.18181818181818182,25,0.9052560487484512,4,22
181,sistem,0.1498740101951678,0.13636363636363635,16,1.099076074764564,3,22
181,tahu,0.08300340012276484,0.045454545454545456,3,1.8260748027008264,1,22
181,teliti,0.04458985284938953,0.045454545454545456,21,0.9809767626865696,1,22
181,terap,0.03754885466821938,0.045454545454545456,30,0.8260748027008264,1,22
181,upaya,0.0773243666405694,0.045454545454545456,4,1.7011360660925265,1,22
182,aman,0.20574001107919346,0.22727272727272727,25,0.9052560487484512,5,22
182,dasar,0.0729193660492941,0.045454545454545456,5,1.60422605308447,1,22
182,digital,0.05405694114152964,0.045454545454545456,13,1.189252705113652,1,22
182,edukasi,0.09100754826165945,0.045454545454545456,2,2.002166061756508,1,22
182,efektif,0.08300340012276484,0.045454545454545456,3,1.8260748027008264,1,22
182,kecil,0.09100754826165945,0.045454545454545456,2,2.002166061756508,1,22
182,konsep,0.08300340012276484,0.045454545454545456,3,1.8260748027008264,1,22
182,kurang,0.08300340012276484,0.045454545454545456,3,1.8260748027008264,1,22
182,lanjut,0.10469072988274951,0.045454545454545456,1,2.303196057420489,1,22
182,paham,0.09100754826165945,0.045454545454545456,2,2.002166061756508,1,22
182,seperti,0.06932021850167479,0.045454545454545456,6,1.5250448070368452,1,22
182,siber,0.16459200886335476,0.18181818181818182,25,0.9052560487484512,4,22
182,terampil,0.10469072988274951,0.045454545454545456,1,2.303196057420489,1,22
182,tingkat,0.04763288874169013,0.045454545454545456,18,1.0479235523171828,1,22
182,usaha,0.08300340012276484,0.045454545454545456,3,1.8260748027008264,1,22
183,aman,0.13927016134591558,0.15384615384615385,25,0.9052560487484512,4,26
183,ambil,0.08858446374694189,0.038461538461538464,1,2.303196057420489,1,26
183,ancam,0.06170100204171039,0.038461538461538464,5,1.60422605308447,1,26
183,bijak,0.06542831023432795,0.038461538461538464,4,1.7011360660925265,1,26
183,cegah,0.08858446374694189,0.038461538461538464,1,2.303196057420489,1,26
183,cybercrime,0.07700638699063492,0.038461538461538464,2,2.002166061756508,1,26
183,evaluasi,0.07700638699063492,0.038461538461538464,2,2.002166061756508,1,26
183,hadap,0.0702336462577241,0.038461538461538464,3,1.8260748027008264,1,26
183,implementasi,0.056080692977162776,0.038461538461538464,7,1.4580980174062321,1,26
183,industri,0.08858446374694189,0.038461538461538464,1,2.303196057420489,1,26
183,kendala,0.08858446374694189,0.038461538461538464,1,2.303196057420489,1,26
183,langkahlangkah,0.08858446374694189,0.038461538461538464,1,2.303196057420489,1,26
183,literatur,0.06542831023432795,0.038461538461538464,4,1.7011360660925265,1,26
183,meski,0.08858446374694189,0.038461538461538464,1,2.303196057420489,1,26
183,perban,0.08858446374694189,0.038461538461538464,1,2.303196057420489,1,26
183,siber,0.13927016134591558,0.15384615384615385,25,0.9052560487484512,4,26
183,tentang,0.05865556950141713,0.038461538461538464,6,1.5250448070368452,1,26
183,tingkat,0.08060950402439868,0.07692307692307693,18,1.0479235523171828,2,26
183,tinjau,0.06170100204171039,0.038461538461538464,5,1.60422605308447,1,26
184,aman,0.15743583456494803,0.17391304347826086,25,0.9052560487484512,4,23
184,artikel,0.07939455663916636,0.043478260869565216,3,1.8260748027008264,1,23
184,atur,0.10013895901828213,0.043478260869565216,1,2.303196057420489,1,23
184,bangun,0.05170663935276748,0.043478260869565216,13,1.189252705113652,1,23
184,beri,0.06974895882975957,0.043478260869565216,5,1.60422605308447,1,23
184,bijak,0.07396243765619681,0.043478260869565216,4,1.7011360660925265,1,23
184,buat,0.04664117982792239,0.043478260869565216,17,1.072747136042215,1,23
184,digital,0.05170663935276748,0.043478260869565216,13,1.189252705113652,1,23
184,ekosistem,0.10013895901828213,0.043478260869565216,1,2.303196057420489,1,23
184,era,0.06087417697515414,0.043478260869565216,8,1.4001060704285453,1,23
184,hukum,0.07939455663916636,0.043478260869565216,3,1.8260748027008264,1,23
184,praktisi,0.10013895901828213,0.043478260869565216,1,2.303196057420489,1,23
184,regulasi,0.07939455663916636,0.043478260869565216,3,1.8260748027008264,1,23
184,rekomendasi,0.08705069833723947,0.043478260869565216,2,2.002166061756508,1,23
184,siber,0.15743583456494803,0.17391304347826086,25,0.9052560487484512,4,23
184,strategis,0.08705069833723947,0.043478260869565216,2,2.002166061756508,1,23
184,tegak,0.10013895901828213,0.043478260869565216,1,2.303196057420489,1,23
185,aman,0.10445262100943668,0.11538461538461539,25,0.9052560487484512,3,26
185,ancam,0.06170100204171039,0.038461538461538464,5,1.60422605308447,1,26
185,bank,0.0702336462577241,0.038461538461538464,3,1.8260748027008264,1,26
185,digital,0.04574048865821739,0.038461538461538464,13,1.189252705113652,1,26
185,eksplorasi,0.08858446374694189,0.038461538461538464,1,2.303196057420489,1,26
185,era,0.053850233478020974,0.038461538461538464,8,1.4001060704285453,1,26
185,jaga,0.08858446374694189,0.038461538461538464,1,2.303196057420489,1,26
185,likuiditas,0.08858446374694189,0.038461538461538464,1,2.303196057420489,1,26
185,manajemen,0.07700638699063492,0.038461538461538464,2,2.002166061756508,1,26
185,rentan,0.0702336462577241,0.038461538461538464,3,1.8260748027008264,1,26
185,risiko,0.0702336462577241,0.038461538461538464,3,1.8260748027008264,1,26
185,serang,0.05865556950141713,0.038461538461538464,6,1.5250448070368452,1,26
185,siber,0.13927016134591558,0.15384615384615385,25,0.9052560487484512,4,26
185,signifikan,0.07700638699063492,0.038461538461538464,2,2.002166061756508,1,26
185,stabilitas,0.08858446374694189,0.038461538461538464,1,2.303196057420489,1,26
185,syariah,0.08858446374694189,0.038461538461538464,1,2.303196057420489,1,26
185,tantang,0.12340200408342078,0.07692307692307693,5,1.60422605308447,2,26
185,teliti,0.037729875487944986,0.038461538461538464,21,0.9809767626865696,1,26
185,timbul,0.07700638699063492,0.038461538461538464,2,2.002166061756508,1,26
185,uang,0.06542831023432795,0.038461538461538464,4,1.7011360660925265,1,26
186,aman,0.1131570060935564,0.125,25,0.9052560487484512,4,32
186,bangun,0.07432829406960326,0.0625,13,1.189252705113652,2,32
186,cyber,0.0262749393600479,0.03125,29,0.8407980595215327,1,32
186,data,0.1070047532597837,0.125,28,0.8560380260782696,4,32
186,daulat,0.14394975358878057,0.0625,1,2.303196057420489,2,32
186,ekonomi,0.06256768942989087,0.03125,2,2.002166061756508,1,32
186,guna,0.02061698065419692,0.03125,44,0.6597433809343014,1,32
186,indonesia,0.032013826764614374,0.03125,19,1.02444245646766,1,32
186,jamin,0.07197487679439028,0.03125,1,2.303196057420489,1,32
186,kasus,0.04375331470089204,0.03125,8,1.4001060704285453,1,32
186,lindung,0.11412967516880165,0.0625,3,1.8260748027008264,2,32
186,perspektif,0.06256768942989087,0.03125,2,2.002166061756508,1,32
186,politik,0.06256768942989087,0.03125,2,2.002166061756508,1,32
186,pribadi,0.07197487679439028,0.03125,1,2.303196057420489,1,32
186,security,0.0262749393600479,0.03125,29,0.8407980595215327,1,32
186,siber,0.14144625761694551,0.15625,25,0.9052560487484512,5,32
186,sistem,0.034346127336392626,0.03125,16,1.099076074764564,1,32
186,studi,0.04375331470089204,0.03125,8,1.4001060704285453,1,32
186,system,0.04765765021990141,0.03125,6,1.5250448070368452,1,32
187,aman,0.16459200886335476,0.18181818181818182,25,0.9052560487484512,4,22
187,bangun,0.05405694114152964,0.045454545454545456,13,1.189252705113652,1,22
187,commerce,0.10469072988274951,0.045454545454545456,1,2.303196057420489,1,22
187,dunia,0.0773243666405694,0.045454545454545456,4,1.7011360660925265,1,22
187,indonesia,0.046565566203075455,0.045454545454545456,19,1.02444245646766,1,22
187,konsumen,0.09100754826165945,0.045454545454545456,2,2.002166061756508,1,22
187,kuat,0.08300340012276484,0.045454545454545456,3,1.8260748027008264,1,22
187,perangkat,0.08300340012276484,0.045454545454545456,3,1.8260748027008264,1,22
187,program,0.08300340012276484,0.045454545454545456,3,1.8260748027008264,1,22
187,sadar,0.20938145976549902,0.09090909090909091,1,2.303196057420489,2,22
187,siber,0.16459200886335476,0.18181818181818182,25,0.9052560487484512,4,22
187,tahu,0.08300340012276484,0.045454545454545456,3,1.8260748027008264,1,22
187,teliti,0.04458985284938953,0.045454545454545456,21,0.9809767626865696,1,22
187,tuju,0.05735469873919381,0.045454545454545456,11,1.261803372262264,1,22
187,upaya,0.0773243666405694,0.045454545454545456,4,1.7011360660925265,1,22
188,aman,0.10445262100943668,0.11538461538461539,25,0.9052560487484512,3,26
188,ancam,0.06170100204171039,0.038461538461538464,5,1.60422605308447,1,26
188,artikel,0.0702336462577241,0.038461538461538464,3,1.8260748027008264,1,26
188,bagaimana,0.0702336462577241,0.038461538461538464,3,1.8260748027008264,1,26
188,gambar,0.07700638699063492,0.038461538461538464,2,2.002166061756508,1,26
188,hadap,0.0702336462577241,0.038461538461538464,3,1.8260748027008264,1,26
188,indonesia,0.07880326588212769,0.07692307692307693,19,1.02444245646766,2,26
188,informasi,0.05865556950141713,0.038461538461538464,6,1.5250448070368452,1,26
188,kata,0.0702336462577241,0.038461538461538464,3,1.8260748027008264,1,26
188,kembang,0.07880326588212769,0.07692307692307693,19,1.02444245646766,2,26
188,kunci,0.07700638699063492,0.038461538461538464,2,2.002166061756508,1,26
188,milik,0.056080692977162776,0.038461538461538464,7,1.4580980174062321,1,26
188,serang,0.05865556950141713,0.038461538461538464,6,1.5250448070368452,1,26
188,siber,0.13927016134591558,0.15384615384615385,25,0.9052560487484512,4,26
188,sistem,0.042272156721714006,0.038461538461538464,16,1.099076074764564,1,26
188,tahan,0.17716892749388377,0.07692307692307693,1,2.303196057420489,2,26
188,tantang,0.06170100204171039,0.038461538461538464,5,1.60422605308447,1,26
188,teknologi,0.05188282876850631,0.038461538461538464,9,1.348953547981164,1,26
189,akibat,0.109676002734309,0.047619047619047616,1,2.303196057420489,1,21
189,aman,0.08621486178556678,0.09523809523809523,25,0.9052560487484512,2,21
189,bagai,0.09534124103602418,0.047619047619047616,2,2.002166061756508,1,21
189,butuh,0.08100647933773936,0.047619047619047616,4,1.7011360660925265,1,21
189,digital,0.11326216239177639,0.09523809523809523,13,1.189252705113652,2,21
189,efektif,0.08695594298575364,0.047619047619047616,3,1.8260748027008264,1,21
189,era,0.13334343527890907,0.09523809523809523,8,1.4001060704285453,2,21
189,implementasi,0.06943323892410629,0.047619047619047616,7,1.4580980174062321,1,21
189,kembang,0.048782974117507615,0.047619047619047616,19,1.02444245646766,1,21
189,maju,0.109676002734309,0.047619047619047616,1,2.303196057420489,1,21
189,mungkin,0.109676002734309,0.047619047619047616,1,2.303196057420489,1,21
189,pesat,0.08100647933773936,0.047619047619047616,4,1.7011360660925265,1,21
189,serang,0.07262118128746882,0.047619047619047616,6,1.5250448070368452,1,21
189,siber,0.12932229267835016,0.14285714285714285,25,0.9052560487484512,3,21
189,strategi,0.08100647933773936,0.047619047619047616,4,1.7011360660925265,1,21
189,teknologi,0.06423588323719828,0.047619047619047616,9,1.348953547981164,1,21
190,aman,0.15087600812474186,0.16666666666666666,25,0.9052560487484512,4,24
190,analis,0.06684275221185292,0.041666666666666664,5,1.60422605308447,1,24
190,besar,0.09596650239252037,0.041666666666666664,1,2.303196057420489,1,24
190,dampak,0.08342358590652116,0.041666666666666664,2,2.002166061756508,1,24
190,data,0.03566825108659456,0.041666666666666664,28,0.8560380260782696,1,24
190,digital,0.04955219604640217,0.041666666666666664,13,1.189252705113652,1,24
190,era,0.058337752934522716,0.041666666666666664,8,1.4001060704285453,1,24
190,global,0.06684275221185292,0.041666666666666664,5,1.60422605308447,1,24
190,indonesia,0.042685102352819165,0.041666666666666664,19,1.02444245646766,1,24
190,kondisi,0.08342358590652116,0.041666666666666664,2,2.002166061756508,1,24
190,negara,0.08342358590652116,0.041666666666666664,2,2.002166061756508,1,24
190,penting,0.11667550586904543,0.08333333333333333,8,1.4001060704285453,2,24
190,siber,0.1131570060935564,0.125,25,0.9052560487484512,3,24
190,sistem,0.0457948364485235,0.041666666666666664,16,1.099076074764564,1,24
190,strategis,0.08342358590652116,0.041666666666666664,2,2.002166061756508,1,24
190,teliti,0.040874031778607066,0.041666666666666664,21,0.9809767626865696,1,24
190,tinjau,0.06684275221185292,0.041666666666666664,5,1.60422605308447,1,24
190,tuju,0.05257514051092766,0.041666666666666664,11,1.261803372262264,1,24
191,aman,0.10445262100943668,0.11538461538461539,25,0.9052560487484512,3,26
191,cakup,0.0702336462577241,0.038461538461538464,3,1.8260748027008264,1,26
191,didik,0.0702336462577241,0.038461538461538464,3,1.8260748027008264,1,26
191,digital,0.04574048865821739,0.038461538461538464,13,1.189252705113652,1,26
191,era,0.053850233478020974,0.038461538461538464,8,1.4001060704285453,1,26
191,implementasi,0.056080692977162776,0.038461538461538464,7,1.4580980174062321,1,26
191,indonesia,0.039401632941063844,0.038461538461538464,19,1.02444245646766,1,26
191,jahat,0.1404672925154482,0.07692307692307693,3,1.8260748027008264,2,26
191,siber,0.13927016134591558,0.15384615384615385,25,0.9052560487484512,4,26
191,strategi,0.06542831023432795,0.038461538461538464,4,1.7011360660925265,1,26
191,tanggulang,0.17716892749388377,0.07692307692307693,1,2.303196057420489,2,26
191,teknologi,0.10376565753701263,0.07692307692307693,9,1.348953547981164,2,26
191,tentang,0.05865556950141713,0.038461538461538464,6,1.5250448070368452,1,26
191,terap,0.06354421559237126,0.07692307692307693,30,0.8260748027008264,2,26
191,tingkat,0.04030475201219934,0.038461538461538464,18,1.0479235523171828,1,26
191,transformasi,0.07700638699063492,0.038461538461538464,2,2.002166061756508,1,26
191,upaya,0.06542831023432795,0.038461538461538464,4,1.7011360660925265,1,26
192,aman,0.12486290327564845,0.13793103448275862,25,0.9052560487484512,4,29
192,aplikasi,0.03936567569638071,0.06896551724137931,54,0.5708022975975203,2,29
192,baru,0.0794205537041548,0.034482758620689655,1,2.303196057420489,1,29
192,cybercrime,0.06904020902608647,0.034482758620689655,2,2.002166061756508,1,29
192,fondasi,0.0794205537041548,0.034482758620689655,1,2.303196057420489,1,29
192,kaji,0.06296809664485609,0.034482758620689655,3,1.8260748027008264,1,29
192,kembang,0.03532560194716069,0.034482758620689655,19,1.02444245646766,1,29
192,kena,0.058659864348018155,0.034482758620689655,4,1.7011360660925265,1,29
192,kurang,0.06296809664485609,0.034482758620689655,3,1.8260748027008264,1,29
192,lemah,0.0794205537041548,0.034482758620689655,1,2.303196057420489,1,29
192,literatur,0.058659864348018155,0.034482758620689655,4,1.7011360660925265,1,29
192,mitigasinya,0.0794205537041548,0.034482758620689655,1,2.303196057420489,1,29
192,mobile,0.019962765097231026,0.034482758620689655,53,0.5789201878196998,1,29
192,penting,0.09655903933989968,0.06896551724137931,8,1.4001060704285453,2,29
192,seperti,0.05258775196678776,0.034482758620689655,6,1.5250448070368452,1,29
192,siber,0.09364717745673633,0.10344827586206896,25,0.9052560487484512,3,29
192,sistem,0.07579834998376303,0.06896551724137931,16,1.099076074764564,2,29
192,studi,0.04827951966994984,0.034482758620689655,8,1.4001060704285453,1,29
192,teliti,0.03382678492022654,0.034482758620689655,21,0.9809767626865696,1,29
192,tentang,0.05258775196678776,0.034482758620689655,6,1.5250448070368452,1,29
192,uang,0.058659864348018155,0.034482758620689655,4,1.7011360660925265,1,29
193,aju,0.07415429858357436,0.037037037037037035,2,2.002166061756508,1,27
193,alison,0.08530355768224034,0.037037037037037035,1,2.303196057420489,1,27
193,aman,0.13411200722199276,0.14814814814814814,25,0.9052560487484512,4,27
193,analis,0.05941577974386926,0.037037037037037035,5,1.60422605308447,1,27
193,analisis,0.040706521287576444,0.037037037037037035,16,1.099076074764564,1,27
193,apakah,0.08530355768224034,0.037037037037037035,1,2.303196057420489,1,27
193,artikel,0.0676324001000306,0.037037037037037035,3,1.8260748027008264,1,27
193,bebas,0.08530355768224034,0.037037037037037035,1,2.303196057420489,1,27
193,coba,0.08530355768224034,0.037037037037037035,1,2.303196057420489,1,27
193,filsafat,0.08530355768224034,0.037037037037037035,1,2.303196057420489,1,27
193,gender,0.08530355768224034,0.037037037037037035,1,2.303196057420489,1,27
193,hukum,0.1352648002000612,0.07407407407407407,3,1.8260748027008264,2,27
193,jaggar,0.08530355768224034,0.037037037037037035,1,2.303196057420489,1,27
193,juang,0.08530355768224034,0.037037037037037035,1,2.303196057420489,1,27
193,perspektif,0.07415429858357436,0.037037037037037035,2,2.002166061756508,1,27
193,politik,0.07415429858357436,0.037037037037037035,2,2.002166061756508,1,27
193,rumus,0.08530355768224034,0.037037037037037035,1,2.303196057420489,1,27
193,saya,0.08530355768224034,0.037037037037037035,1,2.303196057420489,1,27
193,siber,0.13411200722199276,0.14814814814814814,25,0.9052560487484512,4,27
193,tanya,0.08530355768224034,0.037037037037037035,1,2.303196057420489,1,27
194,aman,0.12486290327564845,0.13793103448275862,25,0.9052560487484512,4,29
194,buat,0.03699128055317982,0.034482758620689655,17,1.072747136042215,1,29
194,cybersecurity,0.04493779508346513,0.034482758620689655,10,1.3031960574204888,1,29
194,domain,0.06904020902608647,0.034482758620689655,2,2.002166061756508,1,29
194,eksistensi,0.0794205537041548,0.034482758620689655,1,2.303196057420489,1,29
194,gci,0.0794205537041548,0.034482758620689655,1,2.303196057420489,1,29
194,global,0.05531813976153345,0.034482758620689655,5,1.60422605308447,1,29
194,hubung,0.06296809664485609,0.034482758620689655,3,1.8260748027008264,1,29
194,index,0.0794205537041548,0.034482758620689655,1,2.303196057420489,1,29
194,indikator,0.0794205537041548,0.034482758620689655,1,2.303196057420489,1,29
194,indonesia,0.03532560194716069,0.034482758620689655,19,1.02444245646766,1,29
194,kerjasama,0.0794205537041548,0.034482758620689655,1,2.303196057420489,1,29
194,lain,0.06296809664485609,0.034482758620689655,3,1.8260748027008264,1,29
194,lalu,0.05258775196678776,0.034482758620689655,6,1.5250448070368452,1,29
194,pilar,0.0794205537041548,0.034482758620689655,1,2.303196057420489,1,29
194,ruang,0.12593619328971217,0.06896551724137931,3,1.8260748027008264,2,29
194,satu,0.05258775196678776,0.034482758620689655,6,1.5250448070368452,1,29
194,siber,0.2185100807323848,0.2413793103448276,25,0.9052560487484512,7,29
194,ukur,0.06296809664485609,0.034482758620689655,3,1.8260748027008264,1,29
195,aman,0.14600904012071794,0.16129032258064516,25,0.9052560487484512,5,31
195,analisis,0.03545406692788916,0.03225806451612903,16,1.099076074764564,1,31
195,ancam,0.10349845503770774,0.06451612903225806,5,1.60422605308447,2,31
195,cyber,0.027122518049081702,0.03225806451612903,29,0.8407980595215327,1,31
195,digital,0.07672598097507433,0.06451612903225806,13,1.189252705113652,2,31
195,dunia,0.05487535697072666,0.03225806451612903,4,1.7011360660925265,1,31
195,file,0.14859329402712831,0.06451612903225806,1,2.303196057420489,2,31
195,jahat,0.05890563879680085,0.03225806451612903,3,1.8260748027008264,1,31
195,kasus,0.04516471194930791,0.03225806451612903,8,1.4001060704285453,1,31
195,kembang,0.03304653085379548,0.03225806451612903,19,1.02444245646766,1,31
195,lingkung,0.07429664701356416,0.03225806451612903,1,2.303196057420489,1,31
195,maya,0.07429664701356416,0.03225806451612903,1,2.303196057420489,1,31
195,objek,0.12917200398429082,0.06451612903225806,2,2.002166061756508,2,31
195,pesat,0.05487535697072666,0.03225806451612903,4,1.7011360660925265,1,31
195,rentan,0.05890563879680085,0.03225806451612903,3,1.8260748027008264,1,31
195,siber,0.029201808024143586,0.03225806451612903,25,0.9052560487484512,1,31
195,sistem,0.03545406692788916,0.03225806451612903,16,1.099076074764564,1,31
195,solusi,0.05890563879680085,0.03225806451612903,3,1.8260748027008264,1,31
195,studi,0.04516471194930791,0.03225806451612903,8,1.4001060704285453,1,31
195,tingkat,0.0676079711172376,0.06451612903225806,18,1.0479235523171828,2,31
195,vital,0.1178112775936017,0.06451612903225806,3,1.8260748027008264,2,31
196,aman,0.15087600812474186,0.16666666666666666,25,0.9052560487484512,4,24
196,bank,0.2282593503376033,0.125,3,1.8260748027008264,3,24
196,cyber,0.1050997574401916,0.125,29,0.8407980595215327,3,24
196,demikian,0.09596650239252037,0.041666666666666664,1,2.303196057420489,1,24
196,efektif,0.15217290022506885,0.08333333333333333,3,1.8260748027008264,2,24
196,indonesia,0.042685102352819165,0.041666666666666664,19,1.02444245646766,1,24
196,jelas,0.08342358590652116,0.041666666666666664,2,2.002166061756508,1,24
196,kesiap,0.09596650239252037,0.041666666666666664,1,2.303196057420489,1,24
196,kondisi,0.08342358590652116,0.041666666666666664,2,2.002166061756508,1,24
196,serang,0.06354353362653521,0.041666666666666664,6,1.5250448070368452,1,24
196,siber,0.07543800406237093,0.08333333333333333,25,0.9052560487484512,2,24
196,strategi,0.14176133884104386,0.08333333333333333,4,1.7011360660925265,2,24
196,studi,0.058337752934522716,0.041666666666666664,8,1.4001060704285453,1,24
196,terap,0.03441978344586777,0.041666666666666664,30,0.8260748027008264,1,24
197,ajar,0.06354353362653521,0.041666666666666664,6,1.5250448070368452,1,24
197,aman,0.1131570060935564,0.125,25,0.9052560487484512,3,24
197,ancam,0.06684275221185292,0.041666666666666664,5,1.60422605308447,1,24
197,digital,0.04955219604640217,0.041666666666666664,13,1.189252705113652,1,24
197,era,0.058337752934522716,0.041666666666666664,8,1.4001060704285453,1,24
197,hadap,0.07608645011253443,0.041666666666666664,3,1.8260748027008264,1,24
197,kelompok,0.09596650239252037,0.041666666666666664,1,2.303196057420489,1,24
197,kena,0.07088066942052193,0.041666666666666664,4,1.7011360660925265,1,24
197,laku,0.060754084058593005,0.041666666666666664,7,1.4580980174062321,1,24
197,metode,0.040874031778607066,0.041666666666666664,21,0.9809767626865696,1,24
197,paling,0.08342358590652116,0.041666666666666664,2,2.002166061756508,1,24
197,penting,0.058337752934522716,0.041666666666666664,8,1.4001060704285453,1,24
197,rentan,0.07608645011253443,0.041666666666666664,3,1.8260748027008264,1,24
197,salah,0.06684275221185292,0.041666666666666664,5,1.60422605308447,1,24
197,sangat,0.06684275221185292,0.041666666666666664,5,1.60422605308447,1,24
197,satu,0.06354353362653521,0.041666666666666664,6,1.5250448070368452,1,24
197,siber,0.1131570060935564,0.125,25,0.9052560487484512,3,24
197,sosialisasi,0.28789950717756113,0.125,1,2.303196057420489,3,24
198,aman,0.16459200886335476,0.18181818181818182,25,0.9052560487484512,4,22
198,buat,0.04876123345646432,0.045454545454545456,17,1.072747136042215,1,22
198,guna,0.029988335497013702,0.045454545454545456,44,0.6597433809343014,1,22
198,kembang,0.046565566203075455,0.045454545454545456,19,1.02444245646766,1,22
198,lindung,0.08300340012276484,0.045454545454545456,3,1.8260748027008264,1,22
198,malaysia,0.31407218964824846,0.13636363636363635,1,2.303196057420489,3,22
198,perintah,0.08300340012276484,0.045454545454545456,3,1.8260748027008264,1,22
198,ruang,0.2490102003682945,0.13636363636363635,3,1.8260748027008264,3,22
198,siber,0.20574001107919346,0.22727272727272727,25,0.9052560487484512,5,22
198,strategi,0.1546487332811388,0.09090909090909091,4,1.7011360660925265,2,22
199,adaptif,0.09212784229681957,0.04,1,2.303196057420489,1,25
199,aman,0.1448409677997522,0.16,25,0.9052560487484512,4,25
199,bas,0.03363192238086131,0.04,29,0.8407980595215327,1,25
199,bijak,0.06804544264370106,0.04,4,1.7011360660925265,1,25
199,blockchain,0.09212784229681957,0.04,1,2.303196057420489,1,25
199,butuh,0.06804544264370106,0.04,4,1.7011360660925265,1,25
199,data,0.03424152104313079,0.04,28,0.8560380260782696,1,25
199,depan,0.09212784229681957,0.04,1,2.303196057420489,1,25
199,hasil,0.052127842296819556,0.04,10,1.3031960574204888,1,25
199,kait,0.08008664247026032,0.04,2,2.002166061756508,1,25
199,kini,0.09212784229681957,0.04,1,2.303196057420489,1,25
199,kuat,0.07304299210803306,0.04,3,1.8260748027008264,1,25
199,lapor,0.08008664247026032,0.04,2,2.002166061756508,1,25
199,masa,0.08008664247026032,0.04,2,2.002166061756508,1,25
199,mutakhir,0.09212784229681957,0.04,1,2.303196057420489,1,25
199,selain,0.08008664247026032,0.04,2,2.002166061756508,1,25
199,siber,0.10863072584981415,0.12,25,0.9052560487484512,3,25
199,tantang,0.0641690421233788,0.04,5,1.60422605308447,1,25
199,teknologi,0.05395814191924656,0.04,9,1.348953547981164,1,25
199,teliti,0.03923907050746279,0.04,21,0.9809767626865696,1,25
200,aman,0.17408770168239449,0.19230769230769232,25,0.9052560487484512,5,26
200,arsitektur,0.07700638699063492,0.038461538461538464,2,2.002166061756508,1,26
200,bentuk,0.1404672925154482,0.07692307692307693,3,1.8260748027008264,2,26
200,digital,0.04574048865821739,0.038461538461538464,13,1.189252705113652,1,26
200,diplomasi,0.08858446374694189,0.038461538461538464,1,2.303196057420489,1,26
200,dorong,0.08858446374694189,0.038461538461538464,1,2.303196057420489,1,26
200,global,0.06170100204171039,0.038461538461538464,5,1.60422605308447,1,26
200,indonesia,0.039401632941063844,0.038461538461538464,19,1.02444245646766,1,26
200,norma,0.08858446374694189,0.038461538461538464,1,2.303196057420489,1,26
200,peluang,0.07700638699063492,0.038461538461538464,2,2.002166061756508,1,26
200,praktik,0.08858446374694189,0.038461538461538464,1,2.303196057420489,1,26
200,proaktif,0.08858446374694189,0.038461538461538464,1,2.303196057420489,1,26
200,serang,0.05865556950141713,0.038461538461538464,6,1.5250448070368452,1,26
200,siber,0.17408770168239449,0.19230769230769232,25,0.9052560487484512,5,26
200,tantang,0.06170100204171039,0.038461538461538464,5,1.60422605308447,1,26
200,tentang,0.05865556950141713,0.038461538461538464,6,1.5250448070368452,1,26
200,tingkat,0.04030475201219934,0.038461538461538464,18,1.0479235523171828,1,26
201,about,0.10537716114507935,0.05263157894736842,2,2.002166061756508,1,19
201,algorithms,0.08026551615983395,0.05263157894736842,6,1.5250448070368452,1,19
201,exploring,0.12122084512739416,0.05263157894736842,1,2.303196057420489,1,19
201,foundations,0.12122084512739416,0.05263157894736842,1,2.303196057420489,1,19
201,knowledge,0.08443295016234052,0.05263157894736842,5,1.60422605308447,1,19
201,learning,0.13259355472813344,0.2631578947368421,63,0.5038555079669071,5,19
201,machine,0.08886842651467027,0.15789473684210525,55,0.562833367926245,3,19
201,reinforced,0.10537716114507935,0.05263157894736842,2,2.002166061756508,1,19
201,semi,0.12122084512739416,0.05263157894736842,1,2.303196057420489,1,19
201,supervised,0.1790669543255291,0.10526315789473684,4,1.7011360660925265,2,19
201,theories,0.12122084512739416,0.05263157894736842,1,2.303196057420489,1,19
201,unsupervised,0.09610920014214876,0.05263157894736842,3,1.8260748027008264,1,19
