id,title,abstract,authors,year,source,category,pdf_url,url,scrape_status,cleaned_text,updated_at
1,Penerapan machine learning dalam prediksi tingkat kasus penyakit di Indonesia,"… menjabarkan implementasi machine learning untuk memprediksi … kasus, pengaplikasian
machine learning dengan pemodelan ARIMA … Kemudian, implementasi machine learning untuk …","RG Wardhana, G Wang…",2023,Journal of Information …,machine learning,https://jurnal.amikom.ac.id/index.php/joism/article/download/1136/401,https://jurnal.amikom.ac.id/index.php/joism/article/view/1136,pdf_downloaded,terap machine learning prediksi tingkat kasus sakit indonesia jabar implementasi machine learning prediksi kasus aplikasi machine learning model arima kemudian implementasi machine learning rg wardhana wang journal information 2023 76 2026 06 28t07 01 10 539972 00 00 pdf downloaded machine learning 10 24076 joism 2023v5i1 1136 open access,2026-06-28T10:40:47.030684+00:00
2,Tinjauan Pustaka Sistematis: Penerapan Metode Machine Learning untuk Deteksi Bencana Banjir,"… Machine Learning dapat mempelajari pola data historis yang ada, sehingga dengan
menggunakan metode machine learning … Hasil penelitian menunjukan bahwa Machine Learning …","IM Faiza, W Andriani",2022,Jurnal Minfo Polgan,machine learning,https://jurnal.polgan.ac.id/index.php/jmp/article/download/11657/1031,https://jurnal.polgan.ac.id/index.php/jmp/article/view/11657,pdf_downloaded,tinjau pustaka sistematis terap metode machine learning deteksi bencana banjir machine learning ajar pola data historis sehingga guna metode machine learning hasil teliti tunjuk machine learning im faiza andriani jurnal minfo polgan 2022 52 2026 06 28t07 01 17 240487 00 00 pdf downloaded machine learning 10 33395 jmp v11i2 11657 10 33299 jpkop 22 1752 open access,2026-06-28T10:40:47.030684+00:00
3,"Penerapan Machine Learning, Deep Learning, Dan Data Mining Dalam Deteksi Kecurangan Laporan Keuangan-a Systematic Literature Review","… the application of machine learning, deep learning, and data … provides evidence that machine
learning, deep learning, and … New technologies such as machine learning, deep learning, …","S Prasetyo, T Dewayanto",2024,Diponegoro Journal of Accounting,machine learning,https://ejournal3.undip.ac.id/index.php/accounting/article/download/46146/31772,https://ejournal3.undip.ac.id/index.php/accounting/article/view/46146,pdf_downloaded,terap machine learning deep learning data mining deteksi curang lapor uang systematic literature review application machine learning deep learning data provides evidence machine learning deep learning new technologies such machine learning deep learning prasetyo dewayanto diponegoro journal accounting 2024 30 2026 06 28t07 01 22 395722 00 00 pdf downloaded machine learning 10 54373 imeij v6i6 4112 open access,2026-06-28T10:40:47.030684+00:00
4,Penerapan machine learning untuk prediksi bencana banjir,"Indonesia beriklim tropis karena terletak pada garis katulistiwa, oleh karena itu Indonesia juga
hanya memiliki dua musim, yaitu musim kemarau dan musim hujan. Apabila musim hujan …","E Pitaloka, TBA Hartanto, S Sandiwarno",2024,J. Sist. Inf. Bisnis,machine learning,https://scholar.archive.org/work/qzvxkp6mgrfnnbgrgatsnzlc5y/access/wayback/https://ejournal.undip.ac.id/index.php/jsinbis/article/download/56815/pdf,https://scholar.archive.org/work/qzvxkp6mgrfnnbgrgatsnzlc5y/access/wayback/https://ejournal.undip.ac.id/index.php/jsinbis/article/download/56815/pdf,pdf_failed,terap machine learning prediksi bencana banjir indonesia iklim tropis letak garis katulistiwa indonesia milik dua musim musim kemarau musim hujan apabila musim hujan pitaloka tba hartanto sandiwarno sist inf bisnis 2024 32 2026 06 28t07 01 28 193592 00 00 pdf failed machine learning 10 35718 specta v8i2 1211 closed access,2026-06-28T10:40:47.030684+00:00
5,Penerapan Machine Learning dan Deep Learning pada Peningkatan Deteksi Credit Card Fraud-A Systematic Literature Review,"… This research aims to explore the application of machine learning and deep learning in
enhancing credit card fraud detection and identifying gaps in knowledge that could serve as …","BV Tarissa, T Dewayanto",2024,Diponegoro Journal of Accounting,machine learning,https://ejournal3.undip.ac.id/index.php/accounting/article/download/46092/31745,https://ejournal3.undip.ac.id/index.php/accounting/article/view/46092,pdf_downloaded,terap machine learning deep learning tingkat deteksi credit card fraud systematic literature review research aims explore application machine learning deep learning enhancing credit card fraud detection identifying gaps knowledge could serve bv tarissa dewayanto diponegoro journal accounting 2024 2026 06 28t07 01 33 492104 00 00 pdf downloaded machine learning 10 17265 1548 6583 2025 03 003 open access,2026-06-28T10:40:47.030684+00:00
6,Penerapan Machine Learning dengan Konsep Data Mining Rough Set (Prediksi Tingkat Pemahaman Mahasiswa terhadap Matakuliah),"Metode Rough Set (RS) merupakan bagian dari machine learning yang menganalisis
ketidakpastian dataset yang digunakan untuk menentukan atribut objek penting (klasifikasi). …","MR Raharjo, AP Windarto",2021,Jurnal Media Informatika Budidarma,machine learning,https://www.academia.edu/download/79621564/1891.pdf,https://www.academia.edu/download/79621564/1891.pdf,pdf_failed,terap machine learning konsep data mining rough set prediksi tingkat paham mahasiswa matakuliah metode rough set rs rupa bagi machine learning analis ketidakpastian dataset guna tentu atribut objek penting klasifikasi mr raharjo ap windarto jurnal media informatika budidarma 2021 35 2026 06 28t07 01 37 381067 00 00 pdf failed machine learning 10 30865 mib v5i1 2745 closed access,2026-06-28T10:40:47.030684+00:00
7,Penerapan Metode Machine Learning dalam Klasifikasi Risiko Kejadian Berat Badan Lahir Rendah di Indonesia,"… akan mengkaji penerapan beberapa metode machine learning dengan memperhatikan
kasus imbalanced data dalam pemodelan klasifikasi. Adapun metode meachine learning yang …","PR Sihombing, IF Yuliati",2021,MATRIK: Jurnal …,machine learning,https://journal.universitasbumigora.ac.id/index.php/matrik/article/download/1174/703,https://journal.universitasbumigora.ac.id/matrik/article/view/1174,pdf_downloaded,terap metode machine learning klasifikasi risiko jadi berat badan lahir rendah indonesia kaji terap metode machine learning perhati kasus imbalanced data model klasifikasi adapun metode meachine learning pr sihombing if yuliati matrik jurnal 2021 92 2026 06 28t07 01 41 487419 00 00 pdf downloaded machine learning 10 30812 matrik v20i2 1174 10 30812 matrik v20i2 1174 open access,2026-06-28T10:40:47.030684+00:00
8,Penerapan Machine Learning Untuk Menentukan Tingkat Kepuasan Tamu Hotel Dymens Menggunakan Metode Vader,"… Over time, machine learning can replace and improve human abilities in various fields,
Machine Learning has been extensively researched and used to solve various problems. Among …","A Ramadhanu, MR Zaky, M Isra…",2023,Jurnal Teknologi Dan …,machine learning,http://103.241.192.17/~jurnalunidha/index.php/jteksis/article/download/866/572,http://103.241.192.17/~jurnalunidha/index.php/jteksis/article/view/866,pdf_downloaded,terap machine learning tentu tingkat puas tamu hotel dymens guna metode vader over time machine learning can replace improve human abilities various fields machine learning has been extensively researched used solve various problems among ramadhanu mr zaky isra jurnal teknologi 2023 11 2026 06 28t07 01 48 324165 00 00 pdf downloaded machine learning 10 47233 jteksis v5i3 866 10 47233 open access,2026-06-28T10:40:47.030684+00:00
9,Klasifikasi kualitas air minum menggunakan penerapan algoritma machine learning dengan pendekatan supervised learning,"… klasifikasi kualitas air minum dengan menggunakan penerapan Machine Learning, yang
mencakup pemodelan dengan Logistic Regression, Support Vector Machine (SVM), Random …","L Savitri, R Nursalim",2023,Diophantine J. Math. Its Appl,machine learning,https://pdfs.semanticscholar.org/a488/e722ce6bd3929d6edba737130d2e90b97a26.pdf,https://pdfs.semanticscholar.org/a488/e722ce6bd3929d6edba737130d2e90b97a26.pdf,pdf_downloaded,klasifikasi kualitas air minum guna terap algoritma machine learning dekat supervised learning klasifikasi kualitas air minum guna terap machine learning cakup model logistic regression support vector machine svm random savitri nursalim diophantine math its appl 2023 21 2026 06 28t07 01 53 033838 00 00 pdf downloaded machine learning 10 33369 diophantine v2i01 28260 open access,2026-06-28T10:40:47.030684+00:00
10,Visualisasi Data dan Penerapan Machine Learning Menggunakan Decision Tree Untuk Keputusan Layanan Kesehatan COVID-19,"… untuk penerapan Machine Learning di beberapa aplikasi dunia nyata di mana data dihasilkan
secara terus menerus [16]. Banyak metode Machine Learning … Machine Learning, kami …","A Fahri, Y Ramdhani",2023,Jurnal Tekno Kompak,machine learning,https://pdfs.semanticscholar.org/ab1e/497164a28ec535b43c4d98a7c518f5a52531.pdf,https://pdfs.semanticscholar.org/ab1e/497164a28ec535b43c4d98a7c518f5a52531.pdf,pdf_downloaded,visualisasi data terap machine learning guna decision tree putus layan sehat covid 19 terap machine learning aplikasi dunia nyata mana data hasil cara terus terus 16 metode machine learning machine learning fahri ramdhani jurnal tekno kompak 2023 15 2026 06 28t07 02 49 168547 00 00 pdf downloaded machine learning 10 33365 jtk v17i2 2438 open access,2026-06-28T10:40:47.030684+00:00
11,Penerapan Konsep Machine Learning & Deep Learning,"… Dalam buku ini, algoritma machine Learning dan deep learning dijelaskan dengan
pendekatan matematis yang sederhana, tetapi dapat diikuti. Pembaca disarankan memiliki …","A Muzakir, A Komari, M Ilham",2024,Asosiasi Dosen Sistem Informasi …,machine learning,https://adsii.or.id/wp-content/uploads/2024/10/Penerapan-Konsep-Machine-Learning-Deep-Learning-Ari-Muzakir-et-al.pdf,https://adsii.or.id/wp-content/uploads/2024/10/Penerapan-Konsep-Machine-Learning-Deep-Learning-Ari-Muzakir-et-al.pdf,pdf_downloaded,terap konsep machine learning deep learning buku algoritma machine learning deep learning jelas dekat matematis sederhana ikut baca saran milik muzakir komari ilham asosiasi dosen sistem informasi 2024 2026 06 28t07 02 54 363465 00 00 pdf downloaded machine learning 10 37824 rrwd4c57 open access,2026-06-28T10:40:47.030684+00:00
12,Penerapan Machine Learning Pada Analisis Sentimen Aplikasi Mytelkomsel Mengunakan Data Ulasan Google Playstore,"The MyTelkomsel application is a digital access platform that provides telecommunications
services. Therefore, sentiment analysis of MyTelkomsel application users is relevant for …","FJ Fauzan, M Afdal, R Novita",2024,The Indonesian Journal of Computer …,machine learning,http://ijcs.net/ijcs/index.php/ijcs/article/download/4024/634,http://ijcs.net/ijcs/index.php/ijcs/article/view/4024,pdf_downloaded,terap machine learning analisis sentimen aplikasi mytelkomsel mengunakan data ulas google playstore mytelkomsel application digital access platform provides telecommunications services therefore sentiment analysis mytelkomsel application users relevant fj fauzan afdal novita indonesian journal computer 2024 11 2026 06 28t07 03 03 957055 00 00 pdf downloaded machine learning 10 33022 ijcs v13i3 4024 open access,2026-06-28T10:40:47.030684+00:00
13,Penerapan Machine Learning Untuk Mengategorikan Sampah Plastik Rumah Tangga,"… With the help of Machine Learning and Deep Learning, we … Machine learning dapat
diterapkan untuk mengolah data … Data yang tersimpan dalam Machine learning juga dapat …","H Hendri, L Hoki, V Agusman, D Aryanto",2021,Jurnal TIMES,machine learning,https://ejournal.stmik-time.ac.id/index.php/jurnalTIMES/article/download/645/219,https://ejournal.stmik-time.ac.id/index.php/jurnalTIMES/article/view/645,pdf_downloaded,terap machine learning kategori sampah plastik rumah tangga help machine learning deep learning we machine learning terap olah data data simpan machine learning hendri hoki agusman aryanto jurnal times 2021 12 2026 06 28t07 03 10 053756 00 00 pdf downloaded machine learning 10 51351 jtm 10 2021645 open access,2026-06-28T10:40:47.030684+00:00
14,Penerapan Machine Learning dengan Algoritma Logistik Regresi untuk Memprediksi Diabetes,"Diabetes merupakan masalah kesehatan global yang signifikan, mempengaruhi kualitas
hidup individu dan menimbulkan beban ekonomi dan sosial. Machine Learning (Pembelajaran …","A Pratama, AC Nurcahyo…",2023,Prosiding CORISINDO …,machine learning,https://ojs.stmikpontianak.ac.id/corisindo/article/download/30/22,https://ojs.stmikpontianak.ac.id/corisindo/article/view/30,pdf_downloaded,terap machine learning algoritma logistik regresi prediksi diabetes diabetes rupa masalah sehat global signifikan pengaruh kualitas hidup individu timbul beban ekonomi sosial machine learning ajar pratama ac nurcahyo prosiding corisindo 2023 15 2026 06 28t07 03 40 534283 00 00 pdf downloaded machine learning 10 30871 jaic v7i1 4998 open access,2026-06-28T10:40:47.030684+00:00
15,Penerapan Machine Learning Algoritma Random Forest Untuk Prediksi Penyakit Jantung,"Menurut perkiraan Organisasi Kesehatan Dunia (WHO), penyakit jantung diproyeksikan
tetap menjadi penyebab kematian utama di dunia pada tahun 2030.. Lebih dari 17 juta jiwa …","SA Putri, N Selayanti, M Kristanaya…",2024,… Nasional Sains Data,machine learning,https://www.researchgate.net/profile/Mirechelin-Kristanaya/publication/386392728_Penerapan_Machine_Learning_Algoritma_Random_Forest_Untuk_Prediksi_Penyakit_Jantung/links/68c9aa7e11d348252ba5dabe/Penerapan-Machine-Learning-Algoritma-Random-Forest-Untuk-Prediksi-Penyakit-Jantung.pdf,https://www.researchgate.net/profile/Mirechelin-Kristanaya/publication/386392728_Penerapan_Machine_Learning_Algoritma_Random_Forest_Untuk_Prediksi_Penyakit_Jantung/links/68c9aa7e11d348252ba5dabe/Penerapan-Machine-Learning-Algoritma-Random-Forest-Untuk-Prediksi-Penyakit-Jantung.pdf,pdf_failed,terap machine learning algoritma random forest prediksi sakit jantung turut kira organisasi sehat dunia who sakit jantung proyeksi tetap sebab mati utama dunia tahun 2030 17 juta jiwa sa putri selayanti kristanaya nasional sains data 2024 14 2026 06 28t07 03 46 417775 00 00 pdf failed machine learning 10 33005 nada v4i1 376 closed access,2026-06-28T10:40:47.030684+00:00
16,Penerapan Machine Learning menggunakan algoritma C4. 5 berbasis PSO dalam Menganalisa Data Siswa Putus Sekolah,"Pendidikan sangat memegang peranan penting dalam meningkatkan kualitas Sumber
daya manusia yang ada di Indonesia. Untuk itu Pemerintah menggalakkan program wajib …","A Surip, MA Pratama, I Ali…",2021,… For Educators And …,machine learning,https://ejournal-binainsani.ac.id/index.php/ITBI/article/download/1530/1293,https://ejournal-binainsani.ac.id/index.php/ITBI/article/view/1530,pdf_failed,terap machine learning guna algoritma c4 bas pso menganalisa data siswa putus sekolah didik sangat pegang peran penting tingkat kualitas sumber daya manusia indonesia perintah galak program wajib surip ma pratama ali educators 2021 15 2026 06 28t07 04 50 484504 00 00 pdf failed machine learning 10 51211 itbi v5i2 1530 closed access,2026-06-28T10:40:47.030684+00:00
17,Penerapan machine learning dengan algoritma support vector machine untuk prediksi kelembapan udara rata-rata,"… Machine learning dapat digunakan untuk memprediksi suatu data. Support Vector Machine
merupakan bagian dari teknik data mining yang dipergunakan untuk mengidentifikasi dan …","ID Sulistyowati, S Sunarno…",2024,Jurnal Sistem Informasi …,machine learning,https://jurnal.umj.ac.id/index.php/just-it/article/view/23251,https://jurnal.umj.ac.id/index.php/just-it/article/view/23251,pdf_failed,terap machine learning algoritma support vector machine prediksi lembap udara rata rata machine learning guna prediksi data support vector machine rupa bagi teknik data mining guna identifikasi id sulistyowati sunarno jurnal sistem informasi 2024 2026 06 28t07 04 54 383766 00 00 pdf failed machine learning 10 26798 jiko v6i1 500 closed access,2026-06-28T10:40:47.030684+00:00
18,penerapan machine learning dalam melakukan prediksi harga saham pt. Bank mandiri (persero) tbk dengan algoritma linear regression,"… Machine Learning telah merepresentasikan keunggulan yang luar biasa dalam melakukan
… Penelitian ini bertujuan untuk membuat model machine learning yang dapat memprediksi …","P Triya, N Suarna, ND Nuris",2024,JATI (Jurnal Mahasiswa Teknik …,machine learning,https://www.ejournal.itn.ac.id/jati/article/download/8958/5183,https://www.ejournal.itn.ac.id/jati/article/view/8958,pdf_failed,terap machine learning laku prediksi harga saham pt bank mandiri persero tbk algoritma linear regression machine learning representasi unggul luar biasa laku teliti tuju buat model machine learning prediksi triya suarna nd nur jati jurnal mahasiswa teknik 2024 17 2026 06 28t07 05 18 116881 00 00 pdf failed machine learning 10 36040 jati v8i1 8958 closed access,2026-06-28T10:40:47.030684+00:00
19,Penerapan Algoritma Machine Learning dalam Prediksi Prestasi Akademik Mahasiswa,"… students' learning patterns … machine learning models can assist educators in identifying key
factors influencing student performance, enabling targeted interventions to enhance learning …","R Rismaya, D Yuniarto, D Setiadi",2025,Router: Jurnal Teknik …,machine learning,https://journal.aptii.or.id/index.php/Router/article/download/389/558,https://journal.aptii.or.id/index.php/Router/article/view/389,pdf_downloaded,terap algoritma machine learning prediksi prestasi akademik mahasiswa students learning patterns machine learning models can assist educators identifying key factors influencing student performance enabling targeted interventions enhance learning rismaya yuniarto setiadi router jurnal teknik 2025 12 2026 06 28t07 05 26 657343 00 00 pdf downloaded machine learning 10 62951 router v3i1 389 10 62951 router open access,2026-06-28T10:40:47.030684+00:00
20,Penerapan Machine Learning Clustering K-Means dan Linear Regression Dalam Penentuan Tingkat Resiko Tuberkulosis Paru,"Penyakit tuberkulosis paru yang paling banyak disebarkan oleh bakteri Mycobacterium dan
tipe penyakit ini menular pada bagian paru. tercatat pada tahun 2019 tercatat ada sekitar …","M Ula, A Zulfikri, AF Ulva, RA Rizal",2023,The Indonesian Journal of Computer …,machine learning,http://ijcs.net/ijcs/index.php/ijcs/article/download/3162/110,http://ijcs.net/ijcs/index.php/ijcs/article/view/3162,pdf_downloaded,terap machine learning clustering means linear regression tentu tingkat resiko tuberkulosis paru sakit tuberkulosis paru paling sebar bakteri mycobacterium tipe sakit tular bagi paru catat tahun 2019 catat sekitar ula zulfikri af ulva ra rizal indonesian journal computer 2023 14 2026 06 28t07 05 35 483127 00 00 pdf downloaded machine learning 10 33022 ijcs v12i1 3162 open access,2026-06-28T10:40:47.030684+00:00
21,Penerapan Teknologi Machine Learning dalam Deteksi Dini Penyakit Pada Tanaman Pangan,"… This study aims to explore the application of machine learning … then analyzed using several
machine learning algorithms, such … The results show that the application of machine learning …",F Putra,2024,Jurnal Kolaborasi Sains dan Ilmu Terapan,machine learning,https://utilityprojectsolution.org/ejournal/index.php/JuKSIT/article/download/50/40,https://utilityprojectsolution.org/ejournal/index.php/JuKSIT/article/view/50,pdf_downloaded,terap teknologi machine learning deteksi dini sakit tanam pangan study aims explore application machine learning then analyzed using several machine learning algorithms such results show application machine learning putra jurnal kolaborasi sains ilmu terap 2024 2026 06 28t07 05 42 293321 00 00 pdf downloaded machine learning 10 54082 jupin 643 10 69688 juksit v3i1 50 open access,2026-06-28T10:40:47.030684+00:00
22,Pemanfaatan machine learning di bidang kesehatan,"… pesat, machine learning menjadi salah satu pendekatan penting dalam berbagai bidang,
termasuk kesehatan. Machine learning … untuk mengulas penerapan machine learning dalam …","I Akbar, F Supriadi, DI Junaedi",2025,JATI (Jurnal Mahasiswa Teknik …,machine learning,https://ejournal.itn.ac.id/jati/article/download/12663/7109,https://ejournal.itn.ac.id/index.php/jati/article/view/12663,pdf_failed,manfaat machine learning bidang sehat pesat machine learning salah satu dekat penting bagai bidang masuk sehat machine learning ulas terap machine learning akbar supriadi junaedi jati jurnal mahasiswa teknik 2025 14 2026 06 28t07 07 16 911239 00 00 pdf failed machine learning 10 36040 jati v9i1 12663 closed access,2026-06-28T10:40:47.030684+00:00
23,Penerapan Metode Machine Learning dalam Mengidentifikasi Berita Hoaks,"… method using a machine learning approach on news data. … sources and applying machine
learning algorithms, including … The results of this research show that the machine learning …","VA Saputra, SA Arnomo",2024,Computer Based Information …,machine learning,https://ejournal.upbatam.ac.id/index.php/cbis/article/download/8442/3718,https://ejournal.upbatam.ac.id/index.php/cbis/article/view/8442,pdf_downloaded,terap metode machine learning identifikasi berita hoaks method using machine learning approach news data sources applying machine learning algorithms including results research show machine learning va saputra sa arnomo computer based information 2024 2026 06 28t07 07 22 319498 00 00 pdf downloaded machine learning 10 33884 cbis v12i1 8442 open access,2026-06-28T10:40:47.030684+00:00
24,"Penerapan artificial intelligence, machine learning dan deep learning pada Kurikulum Akuntansi-A systematic literature review","… implementing artificial intelligence, machine learning and deep learning in accounting
curriculum … New technologies such as artificial intelligence, machine learning and deep learning …","KA Purba, T Dewayanto",2023,Diponegoro Journal of Accounting,machine learning,https://ejournal3.undip.ac.id/index.php/accounting/article/download/40194/29448,https://ejournal3.undip.ac.id/index.php/accounting/article/view/40194,pdf_downloaded,terap artificial intelligence machine learning deep learning kurikulum akuntansi systematic literature review implementing artificial intelligence machine learning deep learning accounting curriculum new technologies such artificial intelligence machine learning deep learning ka purba dewayanto diponegoro journal accounting 2023 12 2026 06 28t07 07 26 738213 00 00 pdf downloaded machine learning 10 36984 jam v3i2 438 open access,2026-06-28T10:40:47.030684+00:00
25,Penerapan Machine Learning untuk Prediksi Kenaikan Harga Beras Premium Menggunakan Algoritma Regresi Linier: Application of Machine Learning for Premium …,"… This research applies a Machine Learning algorithm, namely Linear Regression, to predict
… the model and exploring other Machine Learning algorithms for commodity price prediction. …","AT Widiyatmoko, S Butsianto…",2025,… of Machine Learning and …,machine learning,https://journal.irpi.or.id/index.php/malcom/article/download/2123/1046,https://journal.irpi.or.id/index.php/malcom/article/view/2123,pdf_failed,terap machine learning prediksi naik harga beras premium guna algoritma regresi linier application machine learning premium research applies machine learning algorithm namely linear regression predict model exploring other machine learning algorithms commodity price prediction widiyatmoko butsianto machine learning 2025 2026 06 28t07 07 59 103167 00 00 pdf failed machine learning 10 57152 malcom v5i3 2123 closed access,2026-06-28T10:40:47.030684+00:00
26,What is machine learning?,"… that one can employ in machine learning (ML). The required … of two learning types: supervised
or unsupervised learning. … skills through either automated learning or learning via human …",J Bell,2022,Machine learning and the city: applications in …,machine learning,,https://onlinelibrary.wiley.com/doi/abs/10.1002/9781119815075.ch18,metadata_only,what machine learning one can employ machine learning ml required two learning types supervised unsupervised learning skills through either automated learning learning via human bell machine learning city applications 2022 179 2026 06 28t07 10 50 141748 00 00 metadata only machine learning 10 1002 9781119815075 ch18 closed access,2026-06-28T10:40:47.030684+00:00
27,Machine learning for microbiologists,"… how to evaluate a machine learning model and how … machine learning-based work. The
topics presented in this work will allow microbiologists to grasp the potential of machine learning …","F Asnicar, AM Thomas, A Passerini…",2024,Nature Reviews …,machine learning,https://pmc.ncbi.nlm.nih.gov/articles/PMC11980903/,https://www.nature.com/articles/s41579-023-00984-1,pdf_failed,machine learning microbiologists how evaluate machine learning model how machine learning based work topics presented work will allow microbiologists grasp potential machine learning asnicar am thomas passerini nature reviews 2024 295 2026 06 28t07 11 00 379584 00 00 pdf failed machine learning 10 1038 s41579 023 00984 closed access,2026-06-28T10:40:47.030684+00:00
28,Designing nanotheranostics with machine learning,"… As a key branch of artificial intelligence, machine learning (ML) provides a set of tools
capable of performing time-consuming and result-perception tasks, thus offering unique …","L Rao, Y Yuan, X Shen, G Yu, X Chen",2024,Nature Nanotechnology,machine learning,https://www.researchgate.net/profile/Xi-Shen-10/publication/384619655_Designing_nanotheranostics_with_machine_learning/links/6901c26a368b49329fa7e1bd/Designing-nanotheranostics-with-machine-learning.pdf,https://www.nature.com/articles/s41565-024-01753-8,pdf_failed,designing nanotheranostics machine learning key branch artificial intelligence machine learning ml provides set tools capable performing time consuming result perception tasks thus offering unique rao yuan shen yu chen nature nanotechnology 2024 195 2026 06 28t07 11 50 153291 00 00 pdf failed machine learning 10 1038 s41565 024 01753 closed access,2026-06-28T10:40:47.030684+00:00
29,A guide to machine learning for biologists,"… A machine learning task is an objective specification for what we want a machine learning
model to accomplish. For example, for an experiment investigating the expression of genes …","JG Greener, SM Kandathil, L Moffat…",2022,Nature reviews Molecular …,machine learning,https://discovery.ucl.ac.uk/id/eprint/10134478/1/NRMCB-review-accepted-forRPS.pdf,https://www.nature.com/articles/s41580-021-00407-0,pdf_downloaded,guide machine learning biologists machine learning task objective specification what we want machine learning model accomplish example experiment investigating expression genes jg greener sm kandathil moffat nature reviews molecular 2022 2405 2026 06 28t07 14 12 803754 00 00 pdf downloaded machine learning 10 1038 s41580 021 00407 open access,2026-06-28T10:40:47.030684+00:00
30,Machine learning and deep learning: C. Janiesch et al.,"… Deep learning is a machine learning concept based on … , deep learning models outperform
shallow machine learning … fundamentals of machine learning and deep learning to generate …","C Janiesch, P Zschech, K Heinrich",2021,Electronic markets,machine learning,https://link.springer.com/article/10.1007/s12525-021-00475-2,https://link.springer.com/article/10.1007/s12525-021-00475-2,pdf_failed,machine learning deep learning janiesch et al deep learning machine learning concept based deep learning models outperform shallow machine learning fundamentals machine learning deep learning generate janiesch zschech heinrich electronic markets 2021 4886 2026 06 28t07 14 50 08794 00 00 pdf failed machine learning 10 1007 s12525 021 00475 closed access,2026-06-28T10:40:47.030684+00:00
31,Financial machine learning,"… We survey the nascent literature on machine learning in the study of financial markets. We
… in grasping machine learning tools, as well as for statisticians and machine learners seeking …","B Kelly, D Xiu",2023,Foundations and Trends® in Finance,machine learning,https://www.nber.org/system/files/working_papers/w31502/w31502.pdf,https://www.emerald.com/ftfin/article/13/3-4/205/1324290,pdf_downloaded,financial machine learning we survey nascent literature machine learning study financial markets we grasping machine learning tools well statisticians machine learners seeking kelly xiu foundations trends finance 2023 259 2026 06 28t07 15 01 857251 00 00 pdf downloaded machine learning 10 3386 w31502 open access,2026-06-28T10:40:47.030684+00:00
32,Open-environment machine learning,"… open learning or open ML for short. Note that the name ‘open-world machine learning’ was
used to refer to machine learning with unseen class [1] or outof-distribution (OOD) data [2]. In …",ZH Zhou,2022,National Science Review,machine learning,https://academic.oup.com/nsr/article-pdf/doi/10.1093/nsr/nwac123/45957092/nwac123.pdf,https://academic.oup.com/nsr/article-pdf/doi/10.1093/nsr/nwac123/45957092/nwac123.pdf,pdf_failed,open environment machine learning open learning open ml short note name open world machine learning used refer machine learning unseen class outof distribution ood data zh zhou national science review 2022 241 2026 06 28t07 15 54 327448 00 00 pdf failed machine learning 10 1093 nsr nwac123 45957092 nwac123 pdf closed access,2026-06-28T10:40:47.030684+00:00
33,Using machine learning to detect misstatements,"… Intuitively, a machine learning algorithm can be taught to … Machine learning algorithms
capture the relationship … We also examine a number of alternative machine learning approaches …","J Bertomeu, E Cheynel, E Floyd, W Pan",2021,Review of Accounting Studies,machine learning,https://papers.ssrn.com/sol3/Delivery.cfm?abstractid=3496297,https://link.springer.com/article/10.1007/s11142-020-09563-8,pdf_failed,using machine learning detect misstatements intuitively machine learning algorithm can taught machine learning algorithms capture relationship we also examine number alternative machine learning approaches bertomeu cheynel floyd pan review accounting studies 2021 400 2026 06 28t07 17 07 605521 00 00 pdf failed machine learning 10 1007 s11142 020 09563 closed access,2026-06-28T10:40:47.030684+00:00
34,Machine learning for the educational sciences,"… demonstrates that the widespread adoption of machine learning techniques is central for the
… Helping to leverage the opportunities and to avoid the common pitfalls of machine learning, …","S Hilbert, S Coors, E Kraus, B Bischl, A Lindl…",2021,Review of …,machine learning,https://bera-journals.onlinelibrary.wiley.com/doi/pdfdirect/10.1002/rev3.3310,https://bera-journals.onlinelibrary.wiley.com/doi/abs/10.1002/rev3.3310,pdf_failed,machine learning educational sciences demonstrates widespread adoption machine learning techniques central helping leverage opportunities avoid common pitfalls machine learning hilbert coors kraus bischl lindl review 2021 188 2026 06 28t07 17 09 275371 00 00 pdf failed machine learning 10 1002 rev3 3310 closed access,2026-06-28T10:40:47.030684+00:00
35,A survey on the explainability of supervised machine learning,"… In the following sections, we structure the area of explainable supervised machine learning.
First, we describe the problem definitions and dimensions. Next, we introduce interpretable …","N Burkart, MF Huber",2021,Journal of Artificial Intelligence Research,machine learning,https://www.jair.org/index.php/jair/article/download/12228/26647,https://www.jair.org/index.php/jair/article/view/12228,pdf_downloaded,survey explainability supervised machine learning following sections we structure area explainable supervised machine learning first we describe problem definitions dimensions next we introduce interpretable burkart mf huber journal artificial intelligence research 2021 1686 2026 06 28t07 18 50 674671 00 00 pdf downloaded machine learning 10 1613 jair 12228 open access,2026-06-28T10:40:47.030684+00:00
36,Challenges in deploying machine learning: a survey of case studies,"… This survey reviews published reports of deploying machine learning … of the machine
learning deployment workflow. By mapping found challenges to the steps of the machine learning …","A Paleyes, RG Urma, ND Lawrence",2022,ACM computing surveys,machine learning,https://dl.acm.org/doi/pdf/10.1145/3533378,https://dl.acm.org/doi/abs/10.1145/3533378,pdf_failed,challenges deploying machine learning survey case studies survey reviews published reports deploying machine learning machine learning deployment workflow mapping found challenges steps machine learning paleyes rg urma nd lawrence acm computing surveys 2022 1105 2026 06 28t07 18 52 85541 00 00 pdf failed machine learning 10 1145 3533378 closed access,2026-06-28T10:40:47.030684+00:00
37,"Machine learning operations (mlops): Overview, definition, and architecture","… ABSTRACT The final goal of all industrial machine learning (ML) projects is to develop
ML … The paradigm of Machine Learning Operations (MLOps) addresses this issue. MLOps …","D Kreuzberger, N Kühl, S Hirschl",2023,IEEE access,machine learning,https://ieeexplore.ieee.org/iel7/6287639/6514899/10081336.pdf,https://ieeexplore.ieee.org/abstract/document/10081336/,pdf_failed,machine learning operations mlops overview definition architecture abstract final goal all industrial machine learning ml projects develop ml paradigm machine learning operations mlops addresses issue mlops kreuzberger hl hirschl ieee access 2023 1215 2026 06 28t07 18 58 996156 00 00 pdf failed machine learning 10 1109 access 2023 3262138 closed access,2026-06-28T10:40:47.030684+00:00
38,A survey on dataset quality in machine learning,"… of dataset quality in machine learning, including the definition of … of machine learning,
which can help improve the accuracy, efficiency, and generalization ability of machine learning …","Y Gong, G Liu, Y Xue, R Li, L Meng",2023,Information and Software Technology,machine learning,https://www.sciencedirect.com/science/article/pii/S0950584923001222,https://www.sciencedirect.com/science/article/pii/S0950584923001222,pdf_failed,survey dataset quality machine learning dataset quality machine learning including definition machine learning which can help improve accuracy efficiency generalization ability machine learning gong liu xue li meng information software technology 2023 459 2026 06 28t07 21 40 034715 00 00 pdf failed machine learning 10 1016 infsof 2023 107268 closed access,2026-06-28T10:40:47.030684+00:00
39,A review of the application of machine learning in water quality evaluation,"… Additionally, machine learning can provide solutions for water … In this review, we describe
the cases in which machine learning … of machine learning approaches to water environments. …","M Zhu, J Wang, X Yang, Y Zhang, L Zhang…",2022,Eco-Environment & …,machine learning,https://www.sciencedirect.com/science/article/pii/S2772985022000163,https://www.sciencedirect.com/science/article/pii/S2772985022000163,pdf_failed,review application machine learning water quality evaluation additionally machine learning can provide solutions water review we describe cases which machine learning machine learning approaches water environments zhu wang zhang zhang eco environment 2022 851 2026 06 28t07 21 44 124257 00 00 pdf failed machine learning 10 1016 eehl 2022 06 001 closed access,2026-06-28T10:40:47.030684+00:00
40,An overview of machine learning classification techniques,"… statistical learning and pattern recognition, machine learning now … between statistics and
machine learning is evident, with … core of machine learning lies the concept of self-learning, a …","AFAH Alnuaimi, THK Albaldawi",2024,BIO Web of Conferences,machine learning,https://www.bio-conferences.org/articles/bioconf/pdf/2024/16/bioconf_iscku2024_00133.pdf,https://www.bio-conferences.org/articles/bioconf/abs/2024/16/bioconf_iscku2024_00133/bioconf_iscku2024_00133.html,pdf_downloaded,overview machine learning classification techniques statistical learning pattern recognition machine learning now between statistics machine learning evident core machine learning lies concept self learning afah alnuaimi thk albaldawi bio web conferences 2024 204 2026 06 28t07 22 35 563786 00 00 pdf downloaded machine learning 10 1051 bioconf 20249700133 10 1051 bioconf 20249700133 open access,2026-06-28T10:40:47.030684+00:00
41,A systematic review of teaching and learning machine learning in K-12 education,"… from being a contribution to the field of machine learning education as it systematically
synthesizes research conducted on teaching and learning machine learning at K-12 levels. The …","IT Sanusi, SS Oyelere, H Vartiainen, J Suhonen…",2023,Education and …,machine learning,https://link.springer.com/article/10.1007/s10639-022-11416-7,https://link.springer.com/article/10.1007/s10639-022-11416-7,pdf_failed,systematic review teaching learning machine learning 12 education being contribution field machine learning education systematically synthesizes research conducted teaching learning machine learning 12 levels sanusi ss oyelere vartiainen suhonen education 2023 330 2026 06 28t07 22 41 007625 00 00 pdf failed machine learning 10 1007 s10639 022 11416 closed access,2026-06-28T10:40:47.030684+00:00
42,A survey of human-in-the-loop for machine learning,"… posed by machine learning … machine learning. Human-in-the-loop is an area that we see
as increasingly important in future research due to the knowledge learned by machine learning …","X Wu, L Xiao, Y Sun, J Zhang, T Ma, L He",2022,Future Generation Computer …,machine learning,https://arxiv.org/pdf/2108.00941,https://www.sciencedirect.com/science/article/pii/S0167739X22001790,pdf_downloaded,survey human loop machine learning posed machine learning machine learning human loop area we see increasingly important future research due knowledge learned machine learning wu xiao sun zhang ma he future generation computer 2022 1210 2026 06 28t07 23 57 918719 00 00 pdf downloaded machine learning 10 1016 future 2022 05 014 open access,2026-06-28T10:40:47.030684+00:00
43,Machine learning in economics and finance,"… Machine Learning (ML) was introduced by Arthur Samuel while working for IBM in 1959, mainly
to describe the pattern recognition tasks that delivered the “learning… of Machine Learning …","P Gogas, T Papadimitriou",2021,Computational Economics,machine learning,https://link.springer.com/article/10.1007/S10614-021-10094-W,https://link.springer.com/article/10.1007/S10614-021-10094-W,pdf_failed,machine learning economics finance machine learning ml introduced arthur samuel while working ibm 1959 mainly describe pattern recognition tasks delivered learning machine learning gogas papadimitriou computational economics 2021 244 2026 06 28t07 24 37 550198 00 00 pdf failed machine learning 10 1007 s10614 021 10094 closed access,2026-06-28T10:40:47.030684+00:00
44,Causality for machine learning,"… for Machine Learning In spite of all recent successes, if we compare what machine learning
… This shortcoming is not too surprising since machine learning often disregards information …",B Schölkopf,2022,Probabilistic and causal inference: The works of Judea …,machine learning,https://arxiv.org/pdf/1911.10500,https://dl.acm.org/doi/abs/10.1145/3501714.3501755,pdf_downloaded,causality machine learning machine learning spite all recent successes if we compare what machine learning shortcoming not too surprising since machine learning often disregards information sch lkopf probabilistic causal inference works judea 2022 907 2026 06 28t07 25 24 813042 00 00 pdf downloaded machine learning 10 1145 3501714 3501755 open access,2026-06-28T10:40:47.030684+00:00
45,Scope of machine learning in materials research—A review,"This comprehensive review investigates the multifaceted applications of machine learning in
materials research across six key dimensions, redefining the field's boundaries. It explains …","MH Mobarak, MA Mimona, MA Islam, N Hossain…",2023,Applied Surface Science …,machine learning,https://www.sciencedirect.com/science/article/pii/S2666523923001575,https://www.sciencedirect.com/science/article/pii/S2666523923001575,pdf_failed,scope machine learning materials research review comprehensive review investigates multifaceted applications machine learning materials research across six key dimensions redefining field boundaries explains mh mobarak ma mimona ma islam hossain applied surface science 2023 259 2026 06 28t07 25 30 01075 00 00 pdf failed machine learning 10 1016 apsadv 2023 100523 closed access,2026-06-28T10:40:47.030684+00:00
46,Machine learning for biochemical engineering: A review,"… use of machine learning within biochemical engineering over the last 20 years. The most
prevalent machine learning … Finally, core challenges into the application of machine learning in …","M Mowbray, T Savage, C Wu, Z Song, BA Cho…",2021,Biochemical …,machine learning,https://www.sciencedirect.com/science/article/pii/S1369703X21001303,https://www.sciencedirect.com/science/article/pii/S1369703X21001303,pdf_failed,machine learning biochemical engineering review use machine learning within biochemical engineering over last 20 years most prevalent machine learning finally core challenges into application machine learning mowbray savage wu song ba cho biochemical 2021 243 2026 06 28t07 25 35 557274 00 00 pdf failed machine learning 10 1016 bej 2021 108054 closed access,2026-06-28T10:40:47.030684+00:00
47,Machine learning: new ideas and tools in environmental science and engineering,"… Machine learning has the potential to revolutionize data analysis and modeling in the …
shortcomings, challenges, and opportunities for applications of machine learning in the ESE field. …","S Zhong, K Zhang, M Bagheri, JG Burken…",2021,… science & technology,machine learning,https://par.nsf.gov/servlets/purl/10289361,https://pubs.acs.org/doi/abs/10.1021/acs.est.1c01339,pdf_downloaded,machine learning new ideas tools environmental science engineering machine learning has potential revolutionize data analysis modeling shortcomings challenges opportunities applications machine learning ese field zhong zhang bagheri jg burken science technology 2021 1270 2026 06 28t07 26 02 59608 00 00 pdf downloaded machine learning 10 1021 acs est 1c01339 10 1021 acs est 1c01339 open access,2026-06-28T10:40:47.030684+00:00
48,Participation is not a design fix for machine learning,"… machine learning. It examines three existing kinds of participation in design practice and
machine learning … justice – to argue that the machine learning community must become attuned …","M Sloane, E Moss, O Awomolo, L Forlano",2022,Proceedings of the 2nd ACM …,machine learning,https://dl.acm.org/doi/pdf/10.1145/3551624.3555285,https://dl.acm.org/doi/abs/10.1145/3551624.3555285,pdf_failed,participation not design fix machine learning machine learning examines three existing kinds participation design practice machine learning justice argue machine learning community must become attuned sloane moss awomolo forlano proceedings 2nd acm 2022 502 2026 06 28t07 26 53 452161 00 00 pdf failed machine learning 10 1145 3551624 3555285 closed access,2026-06-28T10:40:47.030684+00:00
49,Machine learning for a sustainable energy future,"… Here we explore the extent to which machine learning (ML) techniques can help to address
many of these challenges 8,9,10 . ML models can be used to predict specific properties of …","Z Yao, Y Lum, A Johnston, LM Mejia-Mendoza…",2023,Nature Reviews …,machine learning,https://www.nature.com/articles/s41578-022-00490-5,https://www.nature.com/articles/s41578-022-00490-5,pdf_failed,machine learning sustainable energy future here we explore extent which machine learning ml techniques can help address many these challenges 10 ml models can used predict specific properties yao lum johnston lm mejia mendoza nature reviews 2023 566 2026 06 28t07 27 03 010827 00 00 pdf failed machine learning 10 1038 s41578 022 00490 closed access,2026-06-28T10:40:47.030684+00:00
50,Understanding from machine learning models,"… the opposite direction by utilizing opaque machine learning models to make predictions and
… or pragmatic good when they choose a machine learning model? Or are the assumptions …",E Sullivan,2022,The British Journal for the Philosophy of Science,machine learning,https://philsci-archive.pitt.edu/16276/1/Und_MLM_Sullivan_penultiamte.pdf,https://www.journals.uchicago.edu/doi/full/10.1093/bjps/axz035,pdf_downloaded,understanding machine learning models opposite direction utilizing opaque machine learning models make predictions pragmatic good when they choose machine learning model assumptions sullivan british journal philosophy science 2022 356 2026 06 28t07 27 58 498939 00 00 pdf downloaded machine learning 10 1093 bjps axz035 open access,2026-06-28T10:40:47.030684+00:00
51,Teknologi Keamanan Siber (Cyber Security),"… keamanan di kalangan pengguna dan staf organisasi. Dengan meminimalkan dampak
serangan siber, keamanan siber … , dan meningkatkan overall keamanan jaringan komputer serta …",JT Santoso,2023,Penerbit Yayasan Prima Agus Teknik,cyber security,https://penerbit.stekom.ac.id/index.php/yayasanpat/article/download/458/483,https://penerbit.stekom.ac.id/index.php/yayasanpat/article/view/458,pdf_failed,teknologi aman siber cyber security aman kalang guna staf organisasi minimal dampak serang siber aman siber tingkat overall aman jaring komputer jt santoso terbit yayasan prima agus teknik 2023 44 2026 06 28t07 29 21 404566 00 00 pdf failed cyber security 10 31599 v0xr7273 closed access,2026-06-28T10:40:47.030684+00:00
52,Analisis hukum terhadap tantangan keamanan siber: Studi kasus penegakan hukum siber di Indonesia,"… mengadopsi beberapa regulasi terkait keamanan siber, seperti Undang… Serangkaian insiden
keamanan siber yang terjadi di … dalam menangani masalah keamanan siber, dengan fokus …",FR Najwa,2024,"AL-BAHTS: Jurnal Ilmu Sosial, Politik, dan Hukum",cyber security,https://ejournal.unisi.ac.id/index.php/albahts/article/download/3044/1574,https://ejournal.unisi.ac.id/index.php/albahts/article/view/3044,pdf_downloaded,analisis hukum tantang aman siber studi kasus tega hukum siber indonesia adopsi regulasi kait aman siber seperti undang rangkai insiden aman siber jadi tangan masalah aman siber fokus fr najwa al bahts jurnal ilmu sosial politik hukum 2024 62 2026 06 28t07 29 27 057963 00 00 pdf downloaded cyber security 10 32520 albahts v2i1 3044 open access,2026-06-28T10:40:47.030684+00:00
53,Data privasi dan keamanan siber pada smart-city: Tinjauan literatur,"… kebutuhan keamanan tidak mendukung. Maka dari itu, dalam penelitiannya menyarankan
mitigasi terbaik dalam hal keamanan siber dan data privasi menggunakan keamanan siber …",DAS Ilhami,2022,"Jurnal Sains, Nalar, Dan Aplikasi Teknologi Informasi",cyber security,https://journal.uii.ac.id/jurnalsnati/article/download/23908/14153,https://journal.uii.ac.id/jurnalsnati/article/view/23908,pdf_downloaded,data privasi aman siber smart city tinjau literatur butuh aman dukung teliti saran mitigasi baik hal aman siber data privasi guna aman siber das ilham jurnal sains nalar aplikasi teknologi informasi 2022 23 2026 06 28t07 29 35 400365 00 00 pdf downloaded cyber security 10 20885 snati v2i1 19 10 20885 snati v2i1 19 open access,2026-06-28T10:40:47.030684+00:00
54,Analisis risiko keamanan siber dalam transformasi digital pelayanan publik di Indonesia,"… regulasi keamanan siber … keamanan siber, serta memberikan refleksi sebagai bentuk
upaya dibuatnya rekomendasi kebijakan yang dapat memperkuat perlindungan keamanan siber …","M Alfi, NP Yundari, A Tsaqif",2023,Jurnal Kajian Stratejik Ketahanan …,cyber security,https://scholarhub.ui.ac.id/context/jkskn/article/1110/viewcontent/auto_convert.pdf,https://scholarhub.ui.ac.id/context/jkskn/article/1110/viewcontent/auto_convert.pdf,pdf_failed,analisis risiko aman siber transformasi digital layan publik indonesia regulasi aman siber aman siber beri refleksi bentuk upaya buat rekomendasi bijak kuat lindung aman siber alf np yundari tsaqif jurnal kaji stratejik tahan 2023 43 2026 06 28t07 29 42 505365 00 00 pdf failed cyber security 10 30997 karimahtauhid v3i2 11899 closed access,2026-06-28T10:40:47.030684+00:00
55,Manajemen keamanan cyber di era digital,"… Abstrak : Di era digital yang berkembang pesat ini, keamanan siber menjadi salah satu
aspek yang sangat penting untuk diperhatikan. Perkembangan teknologi informasi dan …","E Susanto, L Antira, K Kevin…",2023,… of Business And …,cyber security,http://ojs.sampoernauniversity.ac.id/index.php/JOBE/article/download/365/188,https://ojs.sampoernauniversity.ac.id/index.php/JOBE/article/view/365,pdf_downloaded,manajemen aman cyber era digital abstrak era digital kembang pesat aman siber salah satu aspek sangat penting perhati kembang teknologi informasi susanto antira kevin business 2023 48 2026 06 28t07 29 53 54512 00 00 pdf downloaded cyber security 10 46273 jobe v11i1 365 10 46273 job open access,2026-06-28T10:40:47.030684+00:00
56,Analisis penerapan sistem keamanan siber terhadap kejahatan siber di indonesia,"… dari penelitian ini adalah untuk mengetahui bagaimana sistem keamanan siber serta
menganalisis hambatan dan upaya untuk mengembangkan sistem keamanan siber di Indonesia. …","Y Daeng, J Levin, K Karolina, MR Prayudha…",2023,Innovative: Journal Of …,cyber security,http://j-innovative.org/index.php/Innovative/article/download/6376/4461,http://j-innovative.org/index.php/Innovative/article/view/6376,pdf_downloaded,analisis terap sistem aman siber jahat siber indonesia teliti tahu bagaimana sistem aman siber analis hambat upaya kembang sistem aman siber indonesia daeng levin karolina mr prayudha innovative journal 2023 30 2026 06 28t07 30 23 886219 00 00 pdf downloaded cyber security 10 31004 joe v5i4 2032 open access,2026-06-28T10:40:47.030684+00:00
57,Edukasi Keamanan Siber Berdigital dengan Aman,"… efektif meningkatkan keterampilan keamanan siber bagi para … yang lebih lanjut, seperti
keamanan siber untuk usaha kecil dan … yang kurang memahami konsep dasar keamanan siber. …",FPS Surbakti,2024,Prima Abdika: Jurnal Pengabdian Masyarakat,cyber security,https://e-journal.uniflor.ac.id/index.php/abdika/article/download/4967/2713,https://e-journal.uniflor.ac.id/index.php/abdika/article/view/4967,pdf_downloaded,edukasi aman siber digital aman efektif tingkat terampil aman siber lanjut seperti aman siber usaha kecil kurang paham konsep dasar aman siber fps surbakti prima abdika jurnal abdi masyarakat 2024 18 2026 06 28t07 30 29 730707 00 00 pdf downloaded cyber security 10 37478 abdika v4i4 4967 10 37478 abdika v4i4 4967 open access,2026-06-28T10:40:47.030684+00:00
58,Tinjauan Literatur Tentang Ancaman Cybercrime Dan Implementasi Keamanan Siber Di Industri Perbankan,"… peningkatan keamanan siber. Meskipun evaluasi kebijakan keamanan siber menghadapi
kendala, langkahlangkah pencegahan telah diambil. Peningkatan keamanan siber dan …","NS Azzahra, AM Tambunan, NN Aulia…",2024,"… , Sosial dan Bisnis",cyber security,https://humanisa.my.id/index.php/hms/article/download/188/230,http://humanisa.my.id/index.php/hms/article/view/188,pdf_downloaded,tinjau literatur tentang ancam cybercrime implementasi aman siber industri perban tingkat aman siber meski evaluasi bijak aman siber hadap kendala langkahlangkah cegah ambil tingkat aman siber ns azzahra am tambun nn aulia sosial bisnis 2024 17 2026 06 28t07 32 35 833034 00 00 pdf downloaded cyber security 10 31004 riggs v4i4 4796 open access,2026-06-28T10:40:47.030684+00:00
59,Peraturan dan Regulasi Keamanan Siber di Era Digital,"… membangun ekosistem keamanan siber yang … keamanan siber, artikel ini memberikan
rekomendasi strategis bagi pembuat kebijakan, penegak hukum, dan praktisi keamanan siber …","N Kristianti, R Kurniasi",2024,Satya Dharma: Jurnal Ilmu Hukum,cyber security,https://ejournal.iahntp.ac.id/index.php/satya-dharma/article/download/1243/764,https://ejournal.iahntp.ac.id/index.php/satya-dharma/article/view/1243,pdf_downloaded,atur regulasi aman siber era digital bangun ekosistem aman siber aman siber artikel beri rekomendasi strategis buat bijak tegak hukum praktisi aman siber kristianti kurniasi satya dharma jurnal ilmu hukum 2024 18 2026 06 28t07 32 44 134043 00 00 pdf downloaded cyber security 10 33363 bb v15i1 1483 open access,2026-06-28T10:40:47.030684+00:00
60,Sistem Keamanan Siber dan Kedaulatan Data di Indonesia dalam Perspektif Ekonomi Politik (Studi Kasus Perlindungan Data Pribadi)[Cyber Security System and …,"… perlindungan data siber dan keamanan siber. Jaminan … digunakan dalam pembangunan
keamanan siber. Akan tetapi, … dalam pembangunan keamanan siber dan kedaulatan data …",MP Aji,2023,Jurnal Politica Dinamika Masalah Politik Dalam Negeri …,cyber security,https://vs-jurnal.dpr.go.id/index.php/politica/article/download/3299/1093,https://vs-jurnal.dpr.go.id/index.php/politica/article/view/3299,pdf_downloaded,sistem aman siber daulat data indonesia perspektif ekonomi politik studi kasus lindung data pribadi cyber security system lindung data siber aman siber jamin guna bangun aman siber bangun aman siber daulat data mp aji jurnal politica dinamika masalah politik negeri 2023 111 2026 06 28t07 33 56 822541 00 00 pdf downloaded cyber security 10 22212 jp v13i2 3299 10 22212 jp v13i2 3299abstract open access,2026-06-28T10:40:47.030684+00:00
61,Tantangan keamanan siber dalam manajemen likuiditas bank syariah: Menjaga stabilitas keuangan di era digital,"… Penelitian ini mengeksplorasi tantangan keamanan siber … tetapi juga menimbulkan risiko
keamanan siber yang signifikan. … rentan terhadap serangan siber yang dapat mengancam …","R Restika, E Sonita",2023,Krigan: Journal of Management …,cyber security,https://ejournal.uinbukittinggi.ac.id/index.php/krigan/article/download/7929/1753,https://ejournal.uinbukittinggi.ac.id/index.php/krigan/article/view/7929,pdf_downloaded,tantang aman siber manajemen likuiditas bank syariah jaga stabilitas uang era digital teliti eksplorasi tantang aman siber timbul risiko aman siber signifikan rentan serang siber ancam restika sonita krigan journal management 2023 51 2026 06 28t07 34 01 484468 00 00 pdf downloaded cyber security 10 30983 krigan v1i2 7929 10 30983 krigan v1i2 7929 open access,2026-06-28T10:40:47.030684+00:00
62,Upaya membangun kesadaran keamanan siber pada konsumen e-commerce di Indonesia,"… Pengamanan di dunia siber tidak hanya perangkat yang diperkuat, … keamanan siber. Oleh
karena itu, penelitian ini bertujuan untuk mengetahui program kesadaran keamanan siber …",RN Rohmah,2022,Cendekia Niaga,cyber security,http://jurnal.kemendag.go.id/JCN/article/download/629/351,http://jurnal.kemendag.go.id/JCN/article/view/629,pdf_downloaded,upaya bangun sadar aman siber konsumen commerce indonesia aman dunia siber perangkat kuat aman siber teliti tuju tahu program sadar aman siber rn rohmah cendekia niaga 2022 36 2026 06 28t07 34 23 013638 00 00 pdf downloaded cyber security 10 52391 jcn v6i1 629 open access,2026-06-28T10:40:47.030684+00:00
63,Perkembangan Sistem Pertahanan/Keamanan Siber Indonesia dalam Menghadapi Tantangan Perkembangan Teknologi dan Informasi:-,"… yaitu keamanan siber. Artikel ini akan menggambarkan bagaimana ancaman dan serangan
siber itu … dan keamanan siber yang dimiliki oleh Indonesia saat ini Kata Kunci: Pertahanan, …",M Rizki,2022,Politeia: Jurnal Ilmu Politik,cyber security,https://talenta.usu.ac.id/politeia/article/download/6351/4587,https://talenta.usu.ac.id/politeia/article/view/6351,pdf_downloaded,kembang sistem tahan aman siber indonesia hadap tantang kembang teknologi informasi aman siber artikel gambar bagaimana ancam serang siber aman siber milik indonesia kata kunci tahan rizki politeia jurnal ilmu politik 2022 44 2026 06 28t07 34 28 233837 00 00 pdf downloaded cyber security 10 32734 politeia v14i1 6351 open access,2026-06-28T10:40:47.030684+00:00
64,Strategi efektif untuk implementasi keamanan siber di era digital,"… Pada era digital yang berkembang pesat saat ini keamanan siber menjadi kebutuhan …
Kemajuan teknologi memungkinkan berbagai serangan siber yang dapat mengakibatkan …","MF Aska, DP Putra…",2024,Journal of Informatic and …,cyber security,https://ejurnal.ubharajaya.ac.id/index.php/jiforty/article/download/3423/2061,https://ejurnal.ubharajaya.ac.id/index.php/jiforty/article/view/3423,pdf_downloaded,strategi efektif implementasi aman siber era digital era digital kembang pesat aman siber butuh maju teknologi mungkin bagai serang siber akibat mf aska dp putra journal informatic 2024 18 2026 06 28t07 34 42 713189 00 00 pdf downloaded cyber security 10 31599 fzg80847 open access,2026-06-28T10:40:47.030684+00:00
65,Pentingnya Keamanan Siber Dalam Era Digital:: Tinjauan Global Dan Kondisi Di Indonesia,"… dalam sistem keamanan siber yang bisa berdampak besar pada keamanan data strategis
negara. Penelitian ini bertujuan untuk menganalisis pentingnya keamanan siber dengan …","D Budiyanto, M Mabruri",2025,Prosiding Seminar Nasional Sains …,cyber security,https://conference.ut.ac.id/index.php/saintek/article/download/5134/1969,https://conference.ut.ac.id/index.php/saintek/article/view/5134,pdf_downloaded,penting aman siber era digital tinjau global kondisi indonesia sistem aman siber dampak besar aman data strategis negara teliti tuju analis penting aman siber budiyanto mabrur prosiding seminar nasional sains 2025 23 2026 06 28t07 34 47 866465 00 00 pdf downloaded cyber security 10 35132 assyifa v1i2 267 open access,2026-06-28T10:40:47.030684+00:00
66,Analisis Keamanan Siber Dan Hukum Dari Perspektif Gender Dan Filsafat Politik Alison M. Jaggar,"… keamanan siber dan hukum kebebasan, saya mengajukan pertanyaan, apakah para perumus
keamanan siber dan … Artikel ini mencoba menganalisis keamanan siber dan perjuangan …",A Munte,2021,Al-Adl: Jurnal Hukum,cyber security,https://ojs.uniska-bjm.ac.id/index.php/aldli/article/viewFile/4396/2910,https://ojs.uniska-bjm.ac.id/index.php/aldli/article/view/4396,pdf_downloaded,analisis aman siber hukum perspektif gender filsafat politik alison jaggar aman siber hukum bebas saya aju tanya apakah rumus aman siber artikel coba analis aman siber juang munte al adl jurnal hukum 2021 44 2026 06 28t07 34 54 407065 00 00 pdf downloaded cyber security 10 31602 al adl v13i2 4396 10 1515 jles open access,2026-06-28T10:40:47.030684+00:00
67,Optimalisasi penanggulangan kebocoran data melalui regulatory blockchain guna mewujudkan keamanan siber di Indonesia,"… , salah satunya dalam sistem keamanan siber yang mengatur … membantu mewujudkan
penegakan keamanan siber di Indonesia… , bahwa sistem keamanan siber di Indonesia masih …","II Nugroho, R Pratiwi, SRA Zahro",2021,Ikatan Penulis Mahasiswa …,cyber security,https://journal.unnes.ac.id/sju/ipmhi/article/download/53698/20902,https://journal.unnes.ac.id/sju/ipmhi/article/view/53698,pdf_failed,optimalisasi tanggulang bocor data lalu regulatory blockchain guna wujud aman siber indonesia salah satu sistem aman siber atur bantu wujud tega aman siber indonesia sistem aman siber indonesia masih ii nugroho pratiwi sra zahro ikat tulis mahasiswa 2021 53 2026 06 28t07 34 58 769851 00 00 pdf failed cyber security 10 15294 ipmhi v1i2 53698 closed access,2026-06-28T10:40:47.030684+00:00
68,Keamanan siber sebagai fondasi pengembangan aplikasi keuangan mobile: Studi literatur mengenai cybercrime dan mitigasinya,"… Penelitian ini mengkaji pentingnya keamanan siber dalam … dalam tentang pentingnya
keamanan siber dalam aplikasi … seperti lemahnya sistem keamanan, kurangnya pembaruan sistem…","S Azizah, ZN Ula, D Mutiara…",2024,Akuntansi dan …,cyber security,https://journal.ubaya.ac.id/index.php/jati/article/download/6409/4153,https://journal.ubaya.ac.id/index.php/jati/article/view/6409,pdf_downloaded,aman siber fondasi kembang aplikasi uang mobile studi literatur kena cybercrime mitigasinya teliti kaji penting aman siber tentang penting aman siber aplikasi seperti lemah sistem aman kurang baru sistem azizah zn ula mutiara akuntansi 2024 15 2026 06 28t07 35 34 555105 00 00 pdf downloaded cyber security 10 24123 jati v17i2 6409 10 24123 jati v17i2 6409 open access,2026-06-28T10:40:47.030684+00:00
69,Transformasi digital dan keamanan siber: Upaya penanggulangan kejahatan di era teknologi di Indonesia,"… dan penanggulangan kejahatan siber. Implementasi … siber.Strategi yang dapat diterapkan
mencakup peningkatan pendidikan tentang keamanan siber, penerapan teknologi keamanan …",MA Djibu,2025,Judge: Jurnal Hukum,cyber security,https://journal.cattleyadf.org/index.php/Judge/article/download/1182/686,https://journal.cattleyadf.org/index.php/Judge/article/view/1182,pdf_failed,transformasi digital aman siber upaya tanggulang jahat era teknologi indonesia tanggulang jahat siber implementasi siber strategi terap cakup tingkat didik tentang aman siber terap teknologi aman ma djibu judge jurnal hukum 2025 13 2026 06 28t07 35 39 672547 00 00 pdf failed cyber security 10 55606 jurimbik v6i1 1647 closed access,2026-06-28T10:40:47.030684+00:00
70,Analisis Keamanan Siber Pada Platform Pendidikan Islam Berbasis Mobile Apps,"… bentuk ancaman keamanan siber, memetakan kerentanan … rekomendasi penguatan keamanan
berdasarkan temuan … melalui telaah jurnal, laporan keamanan siber, serta regulasi terkait…","MA Fitria, H Hilalludin",2025,An-Nuriyah: Journal Of Islamic …,cyber security,https://www.risetcendikia.com/index.php/jurnal-annuriyah/article/download/92/87,https://www.risetcendikia.com/index.php/jurnal-annuriyah/article/download/92/87,pdf_downloaded,analisis aman siber platform didik islam bas mobile apps bentuk ancam aman siber meta rentan rekomendasi kuat aman dasar temu lalu telaah jurnal lapor aman siber regulasi kait ma fitria hilalludin nuriyah journal islamic 2025 2026 06 28t07 35 49 534864 00 00 pdf downloaded cyber security 10 69698 jpai v1i1 422 open access,2026-06-28T10:40:47.030684+00:00
71,Mengukur Keamanan Siber Indonesia Melalui Indikator Pilar Kerjasama Dalam Global Cybersecurity Index (GCI),"… siber dan keamanan siber yang menghubungkan domain satu dengan lainnya membuat
ruang siber dan keamanan siber … eksistensi ruang siber dan keamanan siber tidak dapat …","F Cloramidine, M Badaruddin",2023,Jurnal Sosial Dan Humaniora,cyber security,https://journal.unas.ac.id/populis/article/download/1957/1369,https://journal.unas.ac.id/populis/article/view/1957/0,pdf_downloaded,ukur aman siber indonesia lalu indikator pilar kerjasama global cybersecurity index gci siber aman siber hubung domain satu lain buat ruang siber aman siber eksistensi ruang siber aman siber cloramidine badaruddin jurnal sosial humaniora 2023 26 2026 06 28t07 35 55 422483 00 00 pdf downloaded cyber security 10 47313 pjsh v8i1 1957 open access,2026-06-28T10:40:47.030684+00:00
72,Analisis dan peningkatan keamanan cyber: Studi kasus ancaman dan solusi dalam lingkungan digital untuk mengamankan objek vital dan file,"… Ancaman terhadap objek vital dan keamanan file berkembang pesat. Penjahat dunia
maya … kerentanan keamanan dalam sistem digital. Untuk meningkatkan keamanan siber, …","E Soesanto, A Romadhon…",2023,Sammajiva: Jurnal …,cyber security,https://e-journal.nalanda.ac.id/index.php/SAMMAJIVA/article/download/226/217,https://e-journal.nalanda.ac.id/index.php/SAMMAJIVA/article/view/226,pdf_downloaded,analisis tingkat aman cyber studi kasus ancam solusi lingkung digital aman objek vital file ancam objek vital aman file kembang pesat jahat dunia maya rentan aman sistem digital tingkat aman siber soesanto romadhon sammajiva jurnal 2023 52 2026 06 28t07 36 12 660425 00 00 pdf downloaded cyber security 10 47861 sammajiva v1i2 226 10 47861 sammajiva v1i2 open access,2026-06-28T10:40:47.030684+00:00
73,Serangan cyber dan kesiapan keamanan cyber terhadap bank indonesia,"… untuk menerapkan strategi keamanan cyber yang efektif. Strategi keamanan siber yang
efektif … Dengan demikian, studi saat ini akan menjelaskan kondisi keamanan siber di bank-bank …","I Dermawan, A Baidawi…",2023,Jurnal Informasi Dan …,cyber security,https://pdfs.semanticscholar.org/71da/424e14d11009943c391b2db75c9adf501eb6.pdf,https://pdfs.semanticscholar.org/71da/424e14d11009943c391b2db75c9adf501eb6.pdf,pdf_downloaded,serang cyber kesiap aman cyber bank indonesia terap strategi aman cyber efektif strategi aman siber efektif demikian studi jelas kondisi aman siber bank bank dermawan baidawi jurnal informasi 2023 17 2026 06 28t07 36 18 530933 00 00 pdf downloaded cyber security 10 60083 jidt v5i3 364 open access,2026-06-28T10:40:47.030684+00:00
74,Strategi Keamanan Siber Malaysia,"… strategi keamanan siber yang dibuat oleh pemerintah Malaysia dalam perlindungan dan
pengembangan keamanan ruang siber … ruang siber Malaysia guna mengamankan ruang siber …","PB Oktaviani, A Silvia",2021,Jurnal Kajian Ilmiah,cyber security,http://ejurnal.ubharajaya.ac.id/index.php/JKI/article/download/447/361,http://ejurnal.ubharajaya.ac.id/index.php/JKI/article/view/447,pdf_downloaded,strategi aman siber malaysia strategi aman siber buat perintah malaysia lindung kembang aman ruang siber ruang siber malaysia guna aman ruang siber pb oktaviani silvia jurnal kaji ilmiah 2021 10 2026 06 28t07 38 17 083121 00 00 pdf downloaded cyber security 10 31599 jki v21i1 447 open access,2026-06-28T10:40:47.030684+00:00
75,Keamanan siber di masa depan: Tantangan dan teknologi yang dibutuhkan,"… dan laporan terkini terkait keamanan siber. Hasil penelitian … berbasis blockchain dapat
memperkuat keamanan data. Selain itu… mutakhir dengan kebijakan keamanan siber yang adaptif …","CD Alviani, AS Padi…",2024,… Seminar Nasional Amikom …,cyber security,https://ojs.amikomsolo.ac.id/index.php/semnasa/article/download/721/157,https://ojs.amikomsolo.ac.id/index.php/semnasa/article/view/721,pdf_downloaded,aman siber masa depan tantang teknologi butuh lapor kini kait aman siber hasil teliti bas blockchain kuat aman data selain mutakhir bijak aman siber adaptif cd alviani padi seminar nasional amikom 2024 2026 06 28t07 38 46 072256 00 00 pdf downloaded cyber security 10 30587 jcaa v2i2 6474 open access,2026-06-28T10:40:47.030684+00:00
76,"Cyber security: State of the art, challenges and future directions","… shifting cyber threats. This article provides an overview of the state of the art in cyber
security, … Moreover, we address the future direction of cyber security, presenting the possible …","WS Admass, YY Munaye, AA Diro",2024,Cyber Security and Applications,cyber security,https://www.sciencedirect.com/science/article/pii/S2772918423000188,https://www.sciencedirect.com/science/article/pii/S2772918423000188,pdf_failed,cyber security state art challenges future directions shifting cyber threats article provides overview state art cyber security moreover we address future direction cyber security presenting possible ws admass yy munaye aa diro cyber security applications 2024 522 2026 06 28t07 48 41 725679 00 00 pdf failed cyber security 10 1016 csa 2023 100031 closed access,2026-06-28T10:40:47.030684+00:00
77,"Cyber security, cyber threats, implications and future perspectives: A Review","… To achieve proactive cyber security, not just businesses but the entire society requires high-…
of cybersecurity from all industries' viewpoints. In this study, the prospects of cyber security …",D Ghelani,2022,Authorea Preprints,cyber security,https://www.authorea.com/doi/pdf/10.22541/au.166385207.73483369,https://www.authorea.com/doi/full/10.22541/au.166385207.73483369,pdf_failed,cyber security cyber threats implications future perspectives review achieve proactive cyber security not just businesses but entire society requires high cybersecurity all industries viewpoints study prospects cyber security ghelani authorea preprints 2022 264 2026 06 28t07 48 44 215576 00 00 pdf failed cyber security 10 22541 au 166385207 73483369 closed access,2026-06-28T10:40:47.030684+00:00
78,A comprehensive review study of cyber-attacks and cyber security; Emerging trends and recent developments,"… cyber-security methods. In addition, emerging trends and recent developments of cyber security
and security … review study presented for IT and cyber security researchers will be useful. …","Y Li, Q Liu",2021,Energy Reports,cyber security,https://www.sciencedirect.com/science/article/pii/S2352484721007289,https://www.sciencedirect.com/science/article/pii/S2352484721007289,pdf_failed,comprehensive review study cyber attacks cyber security emerging trends recent developments cyber security methods addition emerging trends recent developments cyber security security review study presented cyber security researchers will useful li liu energy reports 2021 1269 2026 06 28t07 48 47 466344 00 00 pdf failed cyber security 10 1016 egyr 2021 08 126 closed access,2026-06-28T10:40:47.030684+00:00
79,The recent trends in cyber security: A review,"… advanced cyber security standards along with challenges faced by the cyber security domain…
new researchers to get acquainted with the recent advancements in Cyber security domain. …","J Kaur, KR Ramkumar",2022,Journal of King Saud University-Computer and …,cyber security,https://www.sciencedirect.com/science/article/pii/S1319157821000203,https://www.sciencedirect.com/science/article/pii/S1319157821000203,pdf_failed,recent trends cyber security review advanced cyber security standards along challenges faced cyber security domain new researchers get acquainted recent advancements cyber security domain kaur kr ramkumar journal king saud university computer 2022 255 2026 06 28t07 48 52 35544 00 00 pdf failed cyber security 10 1016 jksuci 2021 01 018 closed access,2026-06-28T10:40:47.030684+00:00
80,A systematic literature review on the cyber security,"… of cyber security kinds, why cyber security is important, cyber security framework, cyber
security tools, and cyber security … Cyber security safeguards the data and integrity of computing …","Y Perwej, SQ Abbas, JP Dixit, N Akhtar…",2021,International Journal of …,cyber security,https://hal.science/hal-03509116v1/file/A%20Systematic%20Literature%20Review%20on%20the%20Cyber%20Security.pdf,https://hal.science/hal-03509116/,pdf_failed,systematic literature review cyber security cyber security kinds why cyber security important cyber security framework cyber security tools cyber security cyber security safeguards data integrity computing perwej sq abbas jp dixit akhtar international journal 2021 294 2026 06 28t07 48 56 844922 00 00 pdf failed cyber security 10 18535 ijsrm v9i12 ec04 closed access,2026-06-28T10:40:47.030684+00:00
81,Cyber security,"… Cybersecurity has emerged as a global challenge and is becoming a tier one security
threat for nation states. The modern-day cyber age will expose states to new challenges. …","R Walters, M Novak",2021,"Cyber security, artificial intelligence, data protection …",cyber security,,https://link.springer.com/chapter/10.1007/978-981-16-1665-5_2,metadata_only,cyber security cybersecurity has emerged global challenge becoming tier one security threat nation states modern day cyber age will expose states new challenges walters novak cyber security artificial intelligence data protection 2021 46 2026 06 28t07 49 51 186873 00 00 metadata only cyber security 10 1007 978 981 16 1665 closed access,2026-06-28T10:40:47.030684+00:00
82,Cyber security in the metaverse,"… approach to security is vital to foster trust and safeguard the virtual realm. This chapter aims
to provide an overview of cybersecurity in Metaverse. It discussed the various cyber stacks in …","D Kaur, B Singh, S Rani",2023,Handbook of Research on AI-Based …,cyber security,,https://www.igi-global.com/chapter/cyber-security-in-the-metaverse/326044,metadata_only,cyber security metaverse approach security vital foster trust safeguard virtual realm chapter aims provide overview cybersecurity metaverse discussed various cyber stacks kaur singh rani handbook research ai based 2023 61 2026 06 28t07 50 35 445201 00 00 metadata only cyber security 10 4018 978 6684 8851 ch023 closed access,2026-06-28T10:40:47.030684+00:00
83,Counterattacking cyber threats: A framework for the future of cybersecurity,"… for organizational security. This article presents a comprehensive framework that aims to
shape the future of cyber security. This framework responds to the complexities of modern cyber …","MF Safitra, M Lubis, H Fakhrurroja",2023,Sustainability,cyber security,https://www.mdpi.com/2071-1050/15/18/13369,https://www.mdpi.com/2071-1050/15/18/13369,pdf_failed,counterattacking cyber threats framework future cybersecurity organizational security article presents comprehensive framework aims shape future cyber security framework responds complexities modern cyber mf safitra lubis fakhrurroja sustainability 2023 384 2026 06 28t07 50 38 675779 00 00 pdf failed cyber security 10 3390 su151813369 closed access,2026-06-28T10:40:47.030684+00:00
84,Cyber governance studies in ensuring cybersecurity: an overview of cybersecurity governance,"… the steps taken against cyber incidents for developed European countries. They also stated
that Turkey has taken steps against cyber incidents by publishing cyber security policies in …","S Savaş, S Karataş",2022,International Cybersecurity Law Review,cyber security,https://pmc.ncbi.nlm.nih.gov/articles/PMC8750646/pdf/43439_2021_Article_45.pdf,https://link.springer.com/article/10.1365/s43439-021-00045-4,pdf_failed,cyber governance studies ensuring cybersecurity overview cybersecurity governance steps taken against cyber incidents developed european countries they also stated turkey has taken steps against cyber incidents publishing cyber security policies sava karata international cybersecurity law review 2022 133 2026 06 28t07 51 01 418402 00 00 pdf failed cyber security 10 1365 s43439 021 00045 closed access,2026-06-28T10:40:47.030684+00:00
85,Cyber security in New Space: M. Manulis et al.,"… This article analyses past satellite security threats and incidents to assess the motivations and
… Key technology advancements and open issues in the satellite industry related to security …","M Manulis, CP Bridges, R Harrison, V Sekar…",2021,… of Information Security,cyber security,https://link.springer.com/article/10.1007/s10207-020-00503-w,https://link.springer.com/article/10.1007/s10207-020-00503-w,pdf_failed,cyber security new space manulis et al article analyses past satellite security threats incidents assess motivations key technology advancements open issues satellite industry related security manulis cp bridges harrison sekar information security 2021 259 2026 06 28t07 51 07 992892 00 00 pdf failed cyber security 10 1007 s10207 020 00503 closed access,2026-06-28T10:40:47.030684+00:00
86,Cyber security in the age of COVID-19: A timeline and analysis of cyber-crime and cyber-attacks during the pandemic,"… cyber-crime perspective and highlights the range of cyber-attacks experienced globally during
the pandemic. Cyber… reveal the modus-operandi of cyber-attack campaigns. The analysis …","HS Lallie, LA Shepherd, JRC Nurse, A Erola…",2021,… & security,cyber security,https://pmc.ncbi.nlm.nih.gov/articles/PMC9755115/pdf/main.pdf,https://www.sciencedirect.com/science/article/pii/S0167404821000729,pdf_failed,cyber security age covid 19 timeline analysis cyber crime cyber attacks during pandemic cyber crime perspective highlights range cyber attacks experienced globally during pandemic cyber reveal modus operandi cyber attack campaigns analysis hs lallie la shepherd jrc nurse erola security 2021 1065 2026 06 28t07 52 10 733988 00 00 pdf failed cyber security 10 1016 cose 2021 102248 closed access,2026-06-28T10:40:47.030684+00:00
87,Analysis of cyber security knowledge gaps based on cyber security body of knowledge,"… gap between cyber security education and … in cyber security graduates who join the cyber
security workforce. We designed and performed an opinion survey by using the Cyber Security …","C Catal, A Ozcan, E Donmez, A Kasif",2023,Education and Information …,cyber security,https://pmc.ncbi.nlm.nih.gov/articles/PMC9362361/pdf/10639_2022_Article_11261.pdf,https://link.springer.com/article/10.1007/s10639-022-11261-8,pdf_failed,analysis cyber security knowledge gaps based cyber security body knowledge gap between cyber security education cyber security graduates who join cyber security workforce we designed performed opinion survey using cyber security catal ozcan donmez kasif education information 2023 110 2026 06 28t07 52 14 769383 00 00 pdf failed cyber security 10 1007 s10639 022 11261 closed access,2026-06-28T10:40:47.030684+00:00
88,Cybersecurity of industrial cyber-physical systems: A review,"… of cybersecurity studies being funded by security companies, research councils, and state
establishments. This allows the rapid development of security … for cyber security research. …","H Kayan, M Nunes, O Rana, P Burnap…",2022,ACM Computing Surveys …,cyber security,https://dl.acm.org/doi/pdf/10.1145/3510410,https://dl.acm.org/doi/abs/10.1145/3510410,pdf_failed,cybersecurity industrial cyber physical systems review cybersecurity studies being funded security companies research councils state establishments allows rapid development security cyber security research kayan nunes rana burnap acm computing surveys 2022 369 2026 06 28t07 52 58 514168 00 00 pdf failed cyber security 10 1145 3510410 closed access,2026-06-28T10:40:47.030684+00:00
89,"Artificial intelligence in cyber security: Research advances, challenges, and opportunities.","… cyber security mentioned in this paper includes threats from outside2 and within systems (known
as network security … systems, so the goal of cyber security is to protect threats as much …","Z Zhang, H Ning, F Shi, F Farha, Y Xu…",2022,Artificial Intelligence …,cyber security,https://www.researchgate.net/profile/Huansheng-Ning-3/publication/350040089_Artificial_intelligence_in_cyber_security_research_advances_challenges_and_opportunities/links/6937975fa1fd017989063fe1/Artificial-intelligence-in-cyber-security-research-advances-challenges-and-opportunities.pdf,https://www.researchgate.net/profile/Huansheng-Ning-3/publication/350040089_Artificial_intelligence_in_cyber_security_research_advances_challenges_and_opportunities/links/6937975fa1fd017989063fe1/Artificial-intelligence-in-cyber-security-research-advances-challenges-and-opportunities.pdf,pdf_failed,artificial intelligence cyber security research advances challenges opportunities cyber security mentioned paper includes threats outside2 within systems known network security systems so goal cyber security protect threats much zhang ning shi farha xu artificial intelligence 2022 483 2026 06 28t07 53 03 511657 00 00 pdf failed cyber security 10 1007 s10462 021 09976 closed access,2026-06-28T10:40:47.030684+00:00
90,Deep reinforcement learning for cyber security,"… , and especially high-dimensional cyber defense problems. This article presents a … for cyber
security. We touch on different vital aspects, including DRL-based security methods for cyber…","TT Nguyen, VJ Reddi",2021,IEEE Transactions on Neural Networks …,cyber security,https://arxiv.org/pdf/1906.05799,https://ieeexplore.ieee.org/abstract/document/9596578/,pdf_downloaded,deep reinforcement learning cyber security especially high dimensional cyber defense problems article presents cyber security we touch different vital aspects including drl based security methods cyber tt nguyen vj reddi ieee transactions neural networks 2021 992 2026 06 28t07 53 12 65885 00 00 pdf downloaded cyber security 10 1109 tnnls 2021 3121870 10 1109 tnnls 2021 3121870 open access,2026-06-28T10:40:47.030684+00:00
91,The role of user behaviour in improving cyber security management,"… to complying with security policies. Second, we discuss kinds of cyber security errors done
by … Third, we discuss individual differences underlying cyber security behaviours in computer …","AA Moustafa, A Bello, A Maurushat",2021,Frontiers in Psychology,cyber security,https://www.frontiersin.org/journals/psychology/articles/10.3389/fpsyg.2021.561011/full,https://www.frontiersin.org/journals/psychology/articles/10.3389/fpsyg.2021.561011/full,pdf_failed,role user behaviour improving cyber security management complying security policies second we discuss kinds cyber security errors done third we discuss individual differences underlying cyber security behaviours computer aa moustafa bello maurushat frontiers psychology 2021 201 2026 06 28t07 54 43 981693 00 00 pdf failed cyber security 10 3389 fpsyg 2021 561011 full closed access,2026-06-28T10:40:47.030684+00:00
92,Artificial intelligence-based cyber security in the context of industry 4.0—a survey,"… technology has increased the cyber-attack surface. In this … of cyber criminals, to develop
knowledge for cyber security … based cyber-attacks and to analyze them for deriving cyber security …","AJG De Azambuja, C Plesker, K Schützer, R Anderl…",2023,Electronics,cyber security,https://www.mdpi.com/2079-9292/12/8/1920,https://www.mdpi.com/2079-9292/12/8/1920,pdf_failed,artificial intelligence based cyber security context industry survey technology has increased cyber attack surface cyber criminals develop knowledge cyber security based cyber attacks analyze them deriving cyber security ajg de azambuja plesker sch tzer anderl electronics 2023 244 2026 06 28t07 54 49 410061 00 00 pdf failed cyber security 10 3390 electronics12081920 closed access,2026-06-28T10:40:47.030684+00:00
93,"Navigating the cyber security landscape: A comprehensive review of cyber-attacks, emerging trends, and recent developments","… has heightened security concerns in cyberspace. The trend of cyber criminals offering cyber
… of these attacks, emphasizing the need for robust cybersecurity defenses. The landscape of …","MAI Mallick, R Nath",2024,World Scientific News,cyber security,https://worldscientificnews.com/wp-content/uploads/2024/01/WSN-1901-2024-1-69-1.pdf,https://worldscientificnews.com/wp-content/uploads/2024/01/WSN-1901-2024-1-69-1.pdf,pdf_downloaded,navigating cyber security landscape comprehensive review cyber attacks emerging trends recent developments has heightened security concerns cyberspace trend cyber criminals offering cyber these attacks emphasizing need robust cybersecurity defenses landscape mai mallick nath world scientific news 2024 221 2026 06 28t07 55 38 062379 00 00 pdf downloaded cyber security 10 1080 1206212x 2024 2380652 open access,2026-06-28T10:40:47.030684+00:00
94,Evaluating the cyber security readiness of organizations and its influence on performance,"… their cyber security to prevent and combat cyber-attacks, but studies of factors impacting the
cyber security … set of factors influencing the cyber security readiness of organizations and the …","S Hasan, M Ali, S Kurnia, R Thurasamy",2021,Journal of Information Security …,cyber security,,https://www.sciencedirect.com/science/article/pii/S2214212620308656,metadata_only,evaluating cyber security readiness organizations its influence performance their cyber security prevent combat cyber attacks but studies factors impacting cyber security set factors influencing cyber security readiness organizations hasan ali kurnia thurasamy journal information security 2021 270 2026 06 28t07 55 43 002806 00 00 metadata only cyber security 10 1016 jisa 2020 102726 closed access,2026-06-28T10:40:47.030684+00:00
95,Cybersecurity risk,"Based on textual analysis and a comparison of cybersecurity risk disclosures of firms that
were hacked to others that were not, we propose a novel firm-level measure of cybersecurity …","C Florackis, C Louca, R Michaely…",2023,The Review of Financial …,cyber security,https://www.nber.org/system/files/working_papers/w28196/w28196.pdf,https://academic.oup.com/rfs/article-abstract/36/1/351/6585907,pdf_downloaded,cybersecurity risk based textual analysis comparison cybersecurity risk disclosures firms hacked others not we propose novel firm level measure cybersecurity florackis louca michaely review financial 2023 447 2026 06 28t07 55 50 105289 00 00 pdf downloaded cyber security 10 2139 ssrn 3748961 open access,2026-06-28T10:40:47.030684+00:00
96,Artificial intelligence in cyber security,"… For security preparation, the instance of a cyber security device specialist is one. This skilled
system enables substantially the collection and instruction of security initiatives to optimize …","R Das, R Sandhane",2021,Journal of Physics: Conference Series,cyber security,https://iopscience.iop.org/article/10.1088/1742-6596/1964/4/042072/pdf,https://iopscience.iop.org/article/10.1088/1742-6596/1964/4/042072/meta,pdf_failed,artificial intelligence cyber security security preparation instance cyber security device specialist one skilled system enables substantially collection instruction security initiatives optimize das sandhane journal physics conference series 2021 155 2026 06 28t07 55 54 424604 00 00 pdf failed cyber security 10 1088 1742 6596 1964 042072 meta closed access,2026-06-28T10:40:47.030684+00:00
97,Cyber resilience and cyber security issues of intelligent cloud computing systems,"… It is necessary to provide the cyber security of cloud computing according to the … the cyber
security of this technology is to accurately identify its threats. In this paper, a new cyber security …",F Abdullayeva,2023,Results in Control and Optimization,cyber security,https://www.sciencedirect.com/science/article/pii/S266672072300070X,https://www.sciencedirect.com/science/article/pii/S266672072300070X,pdf_failed,cyber resilience cyber security issues intelligent cloud computing systems necessary provide cyber security cloud computing according cyber security technology accurately identify its threats paper new cyber security abdullayeva results control optimization 2023 118 2026 06 28t07 57 00 161711 00 00 pdf failed cyber security 10 1016 rico 2023 100268 closed access,2026-06-28T10:40:47.030684+00:00
98,Role of AI and its impact on the development of cyber security applications,"… its impact on cyber security as well as discuss various applications of AI in cyber security in
detail. … on artificial intelligence and cyber security and how AI has evolved in providing better …","A Anandita Iyer, KS Umadevi",2023,Artificial Intelligence and Cyber Security in …,cyber security,,https://link.springer.com/chapter/10.1007/978-981-99-2115-7_2,metadata_only,role ai its impact development cyber security applications its impact cyber security well discuss various applications ai cyber security detail artificial intelligence cyber security how ai has evolved providing better anandita iyer ks umadevi artificial intelligence cyber security 2023 54 2026 06 28t07 57 03 109811 00 00 metadata only cyber security 10 1007 978 981 99 2115 closed access,2026-06-28T10:40:47.030684+00:00
99,"Review on cyber-physical and cyber-security system in smart grid: Standards, protocols, constraints, and recommendations","… cyber security principles, standards, and protocols. Finally, we discuss some challenges for
SG cyber-physical systems, cyber-attacks, and cyber security … of the cyber security systems …","MK Hasan, AKMA Habib, Z Shukur, F Ibrahim…",2023,Journal of network and …,cyber security,,https://www.sciencedirect.com/science/article/pii/S1084804522001813,metadata_only,review cyber physical cyber security system smart grid standards protocols constraints recommendations cyber security principles standards protocols finally we discuss some challenges sg cyber physical systems cyber attacks cyber security cyber security systems mk hasan akma habib shukur ibrahim journal network 2023 441 2026 06 28t07 57 07 249191 00 00 metadata only cyber security 10 1016 jnca 2022 103540 closed access,2026-06-28T10:40:47.030684+00:00
100,Cyber risk and cybersecurity: a systematic review of data availability,"… cybersecurity and cyber risk management with a particular focus on data availability. From a
preliminary search resulting in 5219 cyber … We posit that the lack of available data on cyber …","F Cremer, B Sheehan, M Fortmann…",2022,The Geneva papers …,cyber security,https://pmc.ncbi.nlm.nih.gov/articles/PMC8853293/,https://pmc.ncbi.nlm.nih.gov/articles/PMC8853293/,pdf_failed,cyber risk cybersecurity systematic review data availability cybersecurity cyber risk management particular focus data availability preliminary search resulting 5219 cyber we posit lack available data cyber cremer sheehan fortmann geneva papers 2022 699 2026 06 28t07 57 41 716439 00 00 pdf failed cyber security 10 1057 s41288 022 00266 closed access,2026-06-28T10:40:47.030684+00:00
101,Tren pengembangan aplikasi mobile: Sebuah tinjauan literatur,"… Pengembangan teknologi terhadap tren aplikasi mobile … tentang tren pengembangan
aplikasi mobile ini. Tujuan dari … digunakan dalam pengembangan aplikasi mobile di Indonesia …","SZ Fidela, MP Azizah…",2023,Jurnal Teknik …,mobile application,https://ejurnal.politeknikpratama.ac.id/index.php/jtmei/article/download/2848/2696,https://ejurnal.politeknikpratama.ac.id/index.php/jtmei/article/view/2848,pdf_failed,tren kembang aplikasi mobile tinjau literatur kembang teknologi tren aplikasi mobile tentang tren kembang aplikasi mobile tuju guna kembang aplikasi mobile indonesia sz fidela mp azizah jurnal teknik 2023 27 2026 06 28t08 04 48 442753 00 00 pdf failed mobile application 10 55606 jtmei v2i4 2848 closed access,2026-06-28T10:40:47.030684+00:00
102,Implemetasi aplikasi mobile pengenalan kampus pada masa pandemi Covid-19,"… Adapun didalam aplikasi ini terdapat kategori fasilitas umum, unit, lembaga dan ruangan …
dan tingkat akurat dapat diukur didalam aplikasi. Aplikasi ini dapat menjukkan bahwa dapat …","PBAA Putra, VH Pranatawijaya, E Christian…",2022,… Keilmuan dan Aplikasi …,mobile application,https://www.academia.edu/download/97028563/3681.pdf,https://www.academia.edu/download/97028563/3681.pdf,pdf_failed,implemetasi aplikasi mobile kenal kampus masa pandemi covid 19 adapun dalam aplikasi dapat kategori fasilitas umum unit lembaga ruang tingkat akurat ukur dalam aplikasi aplikasi menjukkan pbaa putra vh pranatawijaya christian ilmu aplikasi 2022 49 2026 06 28t08 04 52 258595 00 00 pdf failed mobile application 10 47111 jti v16i2 5416 closed access,2026-06-28T10:40:47.030684+00:00
103,Penerapan metode design thinking dalam perancangan UI/UX aplikasi mobile SIPROPMAWA,"… (UI) sistem aplikasi berbasis mobile sangat penting karena hampir semua aplikasi mobile
memiliki … ketika menggunakan aplikasi tersebut. Pengembangan system akan berfokus pada …","S Ansori, P Hendradi, S Nugroho…",2023,Journal of …,mobile application,http://dosen.unimma.ac.id/public/document/publikasi/3648-Article_Text-14929-1-10-20230726.pdf,http://dosen.unimma.ac.id/public/document/publikasi/3648-Article_Text-14929-1-10-20230726.pdf,pdf_downloaded,terap metode design thinking ancang ui ux aplikasi mobile sipropmawa ui sistem aplikasi bas mobile sangat penting hampir aplikasi mobile milik ketika guna aplikasi sebut kembang system fokus ansori hendradi nugroho journal 2023 156 2026 06 28t08 04 56 810087 00 00 pdf downloaded mobile application 10 47065 josh v4i4 3648 10 47065 josh v4i open access,2026-06-28T10:40:47.030684+00:00
104,Peluang Penelitian UI/UX pada Pengembangan Aplikasi Mobile: Systematic literature review,"… oleh developer mobile apps [1]. Banyaknya aplikasi mobile yang ada di era digital ini
membuat para pengembang aplikasi mobile giat untuk membuat aplikasi yang menarik dan …","UU Sufandi, D Trihapningsari, W Mellysa",2022,Techno. Com,mobile application,https://www.academia.edu/download/99384648/3094.pdf,https://www.academia.edu/download/99384648/3094.pdf,pdf_failed,peluang teliti ui ux kembang aplikasi mobile systematic literature review developer mobile apps banyak aplikasi mobile era digital buat kembang aplikasi mobile giat buat aplikasi tarik uu sufandi trihapningsari mellysa techno com 2022 29 2026 06 28t08 05 52 794278 00 00 pdf failed mobile application 10 33633 tc v21i3 6059 closed access,2026-06-28T10:40:47.030684+00:00
105,Aplikasi E-Sewa Barang Berbasis Mobile,"Aktivitas sewa-menyewa merupakan suatu aktivitas memakai suatu barang yang bukan
barang milik sendiri dengan membayarkan sejumlah uang kepada pihak penyewa dengan …","IDGA Pandawana, ML Radhitya…",2022,Krisnadana …,mobile application,https://ejournal.sidyanusa.org/index.php/jkdn/article/download/190/131,https://ejournal.sidyanusa.org/index.php/jkdn/article/view/190,pdf_failed,aplikasi sewa barang bas mobile aktivitas sewa sewa rupa aktivitas pakai barang bukan barang milik sendiri bayar jumlah uang kepada pihak sewa idga pandawana ml radhitya krisnadana 2022 32 2026 06 28t08 05 58 091707 00 00 pdf failed mobile application 10 58982 krisnadana v1i3 190 closed access,2026-06-28T10:40:47.030684+00:00
106,Pelatihan membangun aplikasi mobile menggunakan kodular untuk siswa smpn 1 selorejo,"… kebermanfaatan pelatihan membangun aplikasi mobile menggunakan Kodular ini dan …
untuk keperluan dasar seperti mengetik pada aplikasi Microsoft Word, membuat presentasi, dan …","U Kholifah, N Imansari",2022,Abdimas Galuh,mobile application,https://jurnal.unigal.ac.id/abdimasgaluh/article/viewFile/7259/4784,https://jurnal.unigal.ac.id/abdimasgaluh/article/view/7259,pdf_downloaded,latih bangun aplikasi mobile guna kodular siswa smpn selorejo manfaat latih bangun aplikasi mobile guna kodular perlu dasar seperti etik aplikasi microsoft word buat presentasi kholifah imansari abdimas galuh 2022 50 2026 06 28t08 06 05 367884 00 00 pdf downloaded mobile application 10 25157 ag v4i1 7259 open access,2026-06-28T10:40:47.030684+00:00
107,Aplikasi Mobile JKN Edukasi Tentang Penggunaan Aplikasi Mobile JKN Pada Pasien Rawat Jalan RSUD Anugerah Tomohon,"… kurangnya pengetahuan masyarakat mengenai penggunaan aplikasi Mobile JKN. Selain
itu… , aplikasi Mobile JKN merupakan aplikasi yang dapat digunakan pada smartphone. Aplikasi …","WME Lumi, RA Musak, F Tumiwa…",2023,Jurnal Pengabdian …,mobile application,http://ejournal.sisfokomtek.org/index.php/jpkm/article/download/1179/865,http://ejournal.sisfokomtek.org/index.php/jpkm/article/view/1179,pdf_downloaded,aplikasi mobile jkn edukasi tentang guna aplikasi mobile jkn pasien rawat jalan rsud anugerah tomohon kurang tahu masyarakat kena guna aplikasi mobile jkn selain aplikasi mobile jkn rupa aplikasi guna smartphone aplikasi wme lum ra musak tumiwa jurnal abdi 2023 30 2026 06 28t08 08 26 844166 00 00 pdf downloaded mobile application 10 31004 prepotif v8i3 23117 10 55338 jpkmn v4i open access,2026-06-28T10:40:47.030684+00:00
108,Efektivitas penggunaan aplikasi mobile jkn dalam mengurangi antrian,"… mobile JKN sudah efektif atau belum. Tujuan penelitian ini untuk mengetahui penggunaan
aplikasi mobile JKN dan bagaimana efektivitas penggunaan aplikasi tersebut di Kantor …","RA Prasetiyo, S Safuan",2022,Syntax Literate; Jurnal Ilmiah …,mobile application,,https://jurnal.syntaxliterate.co.id/index.php/syntax-literate/article/view/6338,metadata_only,efektivitas guna aplikasi mobile jkn kurang antri mobile jkn efektif tuju teliti tahu guna aplikasi mobile jkn bagaimana efektivitas guna aplikasi sebut kantor ra prasetiyo safuan syntax literate jurnal ilmiah 2022 41 2026 06 28t08 08 33 120031 00 00 metadata only mobile application 10 36418 syntax literate v7i2 6338 closed access,2026-06-28T10:40:47.030684+00:00
109,Tingkat kepuasan masyarakat terhadap pendaftaran online pada aplikasi Mobile JKN,"… mudah menggunakan aplikasi, dan puas karena fitur yang ada pada aplikasi lengkap, hal
… ini di analogikan aplikasi dan kelengkapan fitur aplikasi mobile JKN memiliki pengaruh …","L Banowati, D Revilia",2021,Health Care: Jurnal Kesehatan,mobile application,https://jurnal.payungnegeri.ac.id/index.php/healthcare/article/download/114/54,https://jurnal.payungnegeri.ac.id/index.php/healthcare/article/view/114,pdf_failed,tingkat puas masyarakat daftar online aplikasi mobile jkn mudah guna aplikasi puas fitur aplikasi lengkap hal analogi aplikasi lengkap fitur aplikasi mobile jkn milik pengaruh banowati revilia health care jurnal sehat 2021 74 2026 06 28t08 08 38 008107 00 00 pdf failed mobile application 10 36763 healthcare v10i1 114 closed access,2026-06-28T10:40:47.030684+00:00
110,Perancangan user experience aplikasi mobile Majuli menggunakan metode design thinking,"… aplikasi dan memberikan pengalaman yang meningkatkan keuntungan pada bisnis melalui
aplikasi[6]. Pada penelitian ini dilakukan perancangan user experience aplikasi mobile …","KH Lim, N Setiyawati",2022,Journal of Information Technology …,mobile application,https://pdfs.semanticscholar.org/32f7/2745625f97849f071b6097f20296e99d2b10.pdf,https://pdfs.semanticscholar.org/32f7/2745625f97849f071b6097f20296e99d2b10.pdf,pdf_downloaded,ancang user experience aplikasi mobile majuli guna metode design thinking aplikasi beri alam tingkat untung bisnis lalu aplikasi teliti laku ancang user experience aplikasi mobile kh lim setiyawati journal information technology 2022 76 2026 06 28t08 08 43 838418 00 00 pdf downloaded mobile application 10 51519 journalita volume3 isssue2 year2022 page108 123 open access,2026-06-28T10:40:47.030684+00:00
111,Analisis Technology Acceptance Model (TAM) Terhadap Pengguna Aplikasi Mobile Banking,"… The research was conducted on mobile banking application users in Tegal City using a
purposive … to improve mobile banking services in order to increase the number of mobile banking …","A Siswoyo, BS Irianto",2023,Owner: Riset dan Jurnal Akuntansi,mobile application,https://www.owner.polgan.ac.id/index.php/owner/article/download/1440/822,https://www.owner.polgan.ac.id/index.php/owner/article/view/1440,pdf_downloaded,analisis technology acceptance model tam guna aplikasi mobile banking research conducted mobile banking application users tegal city using purposive improve mobile banking services order increase number mobile banking siswoyo bs irianto owner riset jurnal akuntansi 2023 75 2026 06 28t08 09 29 664744 00 00 pdf downloaded mobile application 10 33395 owner v7i2 1440 10 33395 owner v7i2 1440 open access,2026-06-28T10:40:47.030684+00:00
112,Perancangan UI/UX Aplikasi Mobile Produk Fashion Pria pada Toko Celcius di Kota Manado Menggunakan Design Thinking,"… Mobile Aplikasi atau kata lainnya disebut aplikasi mobile merupakan aplikasi perangkat
lunak yang di aplikasinya ada di perangkat mobile seperti smartphone, tablet dan lain …","IBK Sekali, CEJC Montolalu…",2023,Jurnal Ilmiah …,mobile application,https://e.publication.diskoplampung.com/index.php/jima-ilkom/article/download/17/21,https://e.publication.diskoplampung.com/index.php/jima-ilkom/article/view/17,pdf_downloaded,ancang ui ux aplikasi mobile produk fashion pria toko celcius kota manado guna design thinking mobile aplikasi kata lain sebut aplikasi mobile rupa aplikasi perangkat lunak aplikasi perangkat mobile seperti smartphone tablet ibk sekali cejc montolalu jurnal ilmiah 2023 110 2026 06 28t08 09 35 970462 00 00 pdf downloaded mobile application 10 58602 jima ilkom v2i2 17 10 58602 jima open access,2026-06-28T10:40:47.030684+00:00
113,Pengembangan Aplikasi Kasir Mobile Yang Efisien,"… Untuk membuat aplikasi mobile diperlukan penggunaan flutter. Flutter adalah SDK yang
dikembangkan oleh Google untuk membangun aplikasi mobile yang memiliki kinerja tinggi dan …","AC Kamilla, N Priyani, VH Pranatawijaya…",2024,JATI (Jurnal …,mobile application,https://www.ejournal.itn.ac.id/jati/article/download/9829/5818,https://www.ejournal.itn.ac.id/index.php/jati/article/view/9829,pdf_downloaded,kembang aplikasi kasir mobile efisien buat aplikasi mobile perlu guna flutter flutter sdk kembang google bangun aplikasi mobile milik kerja tinggi ac kamilla priyani vh pranatawijaya jati jurnal 2024 13 2026 06 28t08 10 20 478744 00 00 pdf downloaded mobile application 10 36040 jati v8i4 9829 open access,2026-06-28T10:40:47.030684+00:00
114,Redesign User Interface Dan User Experience Aplikasi Wastu Mobile Menggunakan Metode Design Thinking,"… user interface pada Wastu Mobile dengan tujuan untuk mempermudah pengguna dalam …
aplikasi tersebut. Penelitian ini menghasilkan prototype redesign aplikasi Wastu Mobile …","R Alamsyah, IM Nugroho, S Alam, JC No…",2022,Jurnal Ilmiah …,mobile application,https://www.academia.edu/download/93323948/366.pdf,https://www.academia.edu/download/93323948/366.pdf,pdf_failed,redesign user interface user experience aplikasi wastu mobile guna metode design thinking user interface wastu mobile tuju mudah guna aplikasi sebut teliti hasil prototype redesign aplikasi wastu mobile alamsyah im nugroho alam jc no jurnal ilmiah 2022 55 2026 06 28t08 10 25 51883 00 00 pdf failed mobile application 10 36050 betrik v13i2 506 closed access,2026-06-28T10:40:47.030684+00:00
115,Aplikasi Mobile JKN untuk Memudahkan Akses Pelayanan BPJS,"… penggunaan aplikasi di smart phone melalui aplikasi mobile JKN, penyedia layanan aplikasi
JKN telah … Fitur-fitur aplikasi mobile tersebut terdiri atas; (1). Fitur Peserta adalah fitur yang …","S Suhadi, J Jumakil, I Irma",2022,"Jurnal Penelitian Kesehatan"" …",mobile application,http://forikes-ejournal.com/index.php/SF/article/download/1847/906,http://forikes-ejournal.com/index.php/SF/article/view/1847,pdf_downloaded,aplikasi mobile jkn mudah akses layan bpjs guna aplikasi smart phone lalu aplikasi mobile jkn sedia layan aplikasi jkn fitur fitur aplikasi mobile sebut diri atas fitur serta fitur suhad jumakil irma jurnal teliti sehat 2022 44 2026 06 28t08 10 31 634136 00 00 pdf downloaded mobile application 10 23917 jk v15i1 15977 10 33846 sf1 open access,2026-06-28T10:40:47.030684+00:00
116,Aplikasi pembelajaran ilmu tajwid berbasis mobile,"… Tujuan dari penelitian ini adalah membuat aplikasi … Aplikasi pembelajaran ilmu tajwid
dirancang berdasarkan … Pengujian menggunakan metode black box testing menunjukan aplikasi …","NL Anggreini, IP Putra",2022,Jurnal Informasi Dan Komputer,mobile application,https://scholar.archive.org/work/khklyyi4dnczposyzoryg7nuhq/access/wayback/https://ojs.dcckotabumi.ac.id/index.php/jik/article/download/300/210,https://scholar.archive.org/work/khklyyi4dnczposyzoryg7nuhq/access/wayback/https://ojs.dcckotabumi.ac.id/index.php/jik/article/download/300/210,pdf_failed,aplikasi ajar ilmu tajwid bas mobile tuju teliti buat aplikasi aplikasi ajar ilmu tajwid rancang dasar uji guna metode black box testing tunjuk aplikasi nl anggreini ip putra jurnal informasi komputer 2022 29 2026 06 28t08 11 47 001439 00 00 pdf failed mobile application 10 35959 jik v10i1 300 closed access,2026-06-28T10:40:47.030684+00:00
117,Analisis Sentimen Berbasis Aspek pada Aplikasi Mobile Menggunakan Naïve Bayes berdasarkan Ulasan Pengguna Playstore (Studi Kasus: Jconnect Mobile),"… aplikasi JConnect Mobile. Ulasan dari pengguna dapat dimanfaatkan sebagai sumber untuk
melakukan peningkatan aplikasi… pengguna terhadap aplikasi JConnect Mobile di playstore. …","AR Putra, DE Ratnawati",2025,Jurnal Teknologi Informasi dan Ilmu Komputer,mobile application,https://jtiik.ub.ac.id/index.php/jtiik/article/download/7556/1410,https://jtiik.ub.ac.id/index.php/jtiik/article/view/7556,pdf_failed,analisis sentimen bas aspek aplikasi mobile guna na ve bayes dasar ulas guna playstore studi kasus jconnect mobile aplikasi jconnect mobile ulas guna manfaat sumber laku tingkat aplikasi guna aplikasi jconnect mobile playstore ar putra de ratnawati jurnal teknologi informasi ilmu komputer 2025 19 2026 06 28t08 11 52 012853 00 00 pdf failed mobile application 10 25126 jtiik 1227556 closed access,2026-06-28T10:40:47.030684+00:00
118,Persepsi manfaat kemudahan terhadap niat dalam penggunaan aplikasi mobile banking,"… terhadap adopsi aplikasi mobile banking berdasarkan kajian … memengaruhi niat penggunaan
aplikasi mobile banking. … niat perilaku pengguna terhadap aplikasi mobile banking. …","DS Dwika, H Ali",2024,Jurnal Ekonomi Manajemen Sistem Informasi,mobile application,,https://elibrary.ru/item.asp?id=79303538,metadata_only,persepsi manfaat mudah niat guna aplikasi mobile banking adopsi aplikasi mobile banking dasar kaji pengaruh niat guna aplikasi mobile banking niat perilaku guna aplikasi mobile banking ds dwika ali jurnal ekonomi manajemen sistem informasi 2024 24 2026 06 28t08 11 55 699252 00 00 metadata only mobile application 10 38035 jemsi v6i2 3402 closed access,2026-06-28T10:40:47.030684+00:00
119,Analisis persepsi konsumen terhadap penggunaan aplikasi Mobile JKN,"… Pembuatan Aplikasi Mobile JKN ini tujuannya adalah untuk … aplikasi Mobile JKN, tetapi
dalam perjalanan nya masih sangat minim sekali masyarakat yang mengakses aplikasi Mobile …","A Febisatria, A Liliyan",2024,Jurnal Ilmiah Ekonomi Dan …,mobile application,https://ejurnal.kampusakademik.co.id/index.php/jiem/article/download/976/848,https://ejurnal.kampusakademik.co.id/index.php/jiem/article/view/976,pdf_downloaded,analisis persepsi konsumen guna aplikasi mobile jkn buat aplikasi mobile jkn tuju aplikasi mobile jkn jalan nya masih sangat minim sekali masyarakat akses aplikasi mobile febisatria liliyan jurnal ilmiah ekonomi 2024 16 2026 06 28t08 12 02 200349 00 00 pdf downloaded mobile application 10 55606 jurimbik v5i2 1078 10 61722 jiem v2i2 976 open access,2026-06-28T10:40:47.030684+00:00
120,Analisis kualitas pelayanan aplikasi mobile JKN BPJS kesehatan menggunakan metode service quality (servqual),"… Populasi penelitian ini adalah peserta BPJS Kesehatan yang menggunakan aplikasi mobile
JKN. Adapun jumlah pengguna aplikasi mobile JKN di seluruh Indonesia saat ini sebanyak …","S Bahri, A Amri, AA Siregar",2022,Industrial Engineering Journal,mobile application,https://ojs.unimal.ac.id/index.php/miej/article/download/17597/6774,https://ojs.unimal.ac.id/index.php/miej/article/view/17597,pdf_downloaded,analisis kualitas layan aplikasi mobile jkn bpjs sehat guna metode service quality servqual populasi teliti serta bpjs sehat guna aplikasi mobile jkn adapun jumlah guna aplikasi mobile jkn seluruh indonesia banyak bahri amri aa siregar industrial engineering journal 2022 55 2026 06 28t08 12 09 791627 00 00 pdf downloaded mobile application 10 53912 iej v11i2 837 10 53912 iej v10i2 721 open access,2026-06-28T10:40:47.030684+00:00
121,Penggunaan metode heuristic evaluation sebagai analisis evaluasi user interface dan user experience pada aplikasi bca mobile,"… mendapatkan peringkat tertinggi dalam kategori aplikasi mobile banking pada … aplikasi
mobile banking lainnya aplikasi BCA Mobile mendapat banyak kritik dari pengguna aplikasi …","M Subhan, AD Indriyanti",2021,Journal of Emerging Information …,mobile application,https://ejournal.unesa.ac.id/index.php/JEISBI/article/download/41203/35517,https://ejournal.unesa.ac.id/index.php/JEISBI/article/view/41203,pdf_downloaded,guna metode heuristic evaluation analisis evaluasi user interface user experience aplikasi bca mobile dapat peringkat tinggi kategori aplikasi mobile banking aplikasi mobile banking lain aplikasi bca mobile dapat kritik guna aplikasi subhan ad indriyanti journal emerging information 2021 70 2026 06 28t08 13 21 277704 00 00 pdf downloaded mobile application 10 33627 ge v2i2 94 open access,2026-06-28T10:40:47.030684+00:00
122,Analisis kualitas layanan pada aplikasi Mobile JKN dengan tingkat kepuasan pengguna Mobile JKN BPJS Kesehatan di Kabupaten Demak,"… aplikasi mobile JKN dengan kepuasan pengguna mobile … hubungan kualitas layanan aplikasi
mobile JKN dan kepuasan … pada aplikasi mobile JKN dengan kepuasan pengguna mobile …","S Rohmah, RT Desty, W Arumsari",2024,Indonesian Journal of Health …,mobile application,https://www.academia.edu/download/116715121/3161_325_13247_1_10_20240711.pdf,https://www.academia.edu/download/116715121/3161_325_13247_1_10_20240711.pdf,pdf_failed,analisis kualitas layan aplikasi mobile jkn tingkat puas guna mobile jkn bpjs sehat kabupaten demak aplikasi mobile jkn puas guna mobile hubung kualitas layan aplikasi mobile jkn puas aplikasi mobile jkn puas guna mobile rohmah rt desty arumsari indonesian journal health 2024 22 2026 06 28t08 13 26 189183 00 00 pdf failed mobile application 10 31331 ijheco v5i1 3161 closed access,2026-06-28T10:40:47.030684+00:00
123,Analisis Penggunaan Aplikasi Mobile JKN dengan Metode EUCS,"… Dengan tingginya penggunaan terhadap aplikasi, maka … mengukur kualitas layanan Aplikasi
Mobile JKN menggunakan … bahwa kualitas layanan aplikasi Mobile JKN berada pada level …","AN Jannah, I Susanto…",2023,Remik: Riset Dan E …,mobile application,https://jurnal.polgan.ac.id/index.php/remik/article/download/12826/1885,https://jurnal.polgan.ac.id/index.php/remik/article/view/12826,pdf_downloaded,analisis guna aplikasi mobile jkn metode eucs tinggi guna aplikasi ukur kualitas layan aplikasi mobile jkn guna kualitas layan aplikasi mobile jkn ada level jannah susanto remik riset 2023 22 2026 06 28t08 13 30 879813 00 00 pdf downloaded mobile application 10 36040 jati v9i2 13040 10 33395 remik v7i3 12826 open access,2026-06-28T10:40:47.030684+00:00
124,Perancangan Ulang UI & UX Menggunakan Metode Design Thinking Pada Aplikasi Siakadu Mahasiswa Berbasis Mobile,"… yaitu mobile apps / aplikasi mobile. Aplikasi mobile juga biasa disebut dengan mobile
apps, yaitu istilah yang digunakan untuk medeskripsikan aplikasi internet yang berjalan …","FC Wardana, IGLPE Prismana",2022,Journal of Emerging …,mobile application,https://ejournal.unesa.ac.id/index.php/JEISBI/article/download/47740/39826,https://ejournal.unesa.ac.id/index.php/JEISBI/article/view/47740,pdf_downloaded,ancang ulang ui ux guna metode design thinking aplikasi siakadu mahasiswa bas mobile mobile apps aplikasi mobile aplikasi mobile biasa sebut mobile apps istilah guna medeskripsikan aplikasi internet jalan fc wardana iglpe prismana journal emerging 2022 120 2026 06 28t08 13 42 340841 00 00 pdf downloaded mobile application 10 26740 jeisbi v3i4 47740 open access,2026-06-28T10:40:47.030684+00:00
125,Analisis Sentimen Ulasan Aplikasi Jamsostek Mobile Menggunakan Metode Support Vector Machine,"… aplikasi mobile yang dapat memberi kemudahan bagi masyarakat Indonesia, salah satunya
yaitu JMO. Penelitian ini bertujuan untuk menganalisis kualitas aplikasi … ulasan aplikasi …","V Fitriyana, L Hakim, DCR Novitasari…",2023,Jurnal Buana …,mobile application,https://ojs.uajy.ac.id/index.php/jbi/article/download/6909/2962,https://ojs.uajy.ac.id/index.php/jbi/article/view/6909,pdf_downloaded,analisis sentimen ulas aplikasi jamsostek mobile guna metode support vector machine aplikasi mobile beri mudah masyarakat indonesia salah satu jmo teliti tuju analis kualitas aplikasi ulas aplikasi fitriyana hakim dcr novitasari jurnal buana 2023 46 2026 06 28t08 15 27 521775 00 00 pdf downloaded mobile application 10 24002 jbi v14i01 6909 open access,2026-06-28T10:40:47.030684+00:00
126,"Marketing research on Mobile apps: past, present and future","… research on mobile apps, clarifying and expanding what is known around how apps shape
… competitive advantage, via apps (in instances of apps attached to an existing brand) and for …","L Stocchi, N Pourazad, N Michaelidou…",2022,Journal of the Academy …,mobile application,https://pmc.ncbi.nlm.nih.gov/articles/PMC8575161/pdf/11747_2021_Article_815.pdf,https://link.springer.com/article/10.1007/s11747-021-00815-w,pdf_failed,marketing research mobile apps past present future research mobile apps clarifying expanding what known around how apps shape competitive advantage via apps instances apps attached existing brand stocchi pourazad michaelidou journal academy 2022 356 2026 06 28t08 21 50 64864 00 00 pdf failed mobile application 10 1007 s11747 021 00815 closed access,2026-06-28T10:40:47.030684+00:00
127,A survey of performance optimization for mobile applications,"… Finally, we explain how the function and performance of mobile applications can affect
users. 2.1 Mobile Devices Mobile devices are embedded systems that consist of hardware and …","M Hort, M Kechagia, F Sarro…",2021,IEEE Transactions on …,mobile application,https://discovery.ucl.ac.uk/id/eprint/10126540/1/09397392.pdf,https://ieeexplore.ieee.org/abstract/document/9397392/,pdf_downloaded,survey performance optimization mobile applications finally we explain how function performance mobile applications can affect users mobile devices mobile devices embedded systems consist hardware hort kechagia sarro ieee transactions 2021 130 2026 06 28t08 23 47 282747 00 00 pdf downloaded mobile application 10 1109 tse 2021 3071193 10 1109 tse 2021 3071193 open access,2026-06-28T10:40:47.030684+00:00
128,Why people choose Apps: An evaluation of the ecology and user experience of mobile applications,"… mobile applications. Seventy-nine respondents completed a questionnaire recording their
top four favourite applications, the … They also reported up to four abandoned Apps, with any …","O Al-Shamaileh, A Sutcliffe",2023,International Journal of Human-Computer …,mobile application,https://www.sciencedirect.com/science/article/pii/S1071581922001835,https://www.sciencedirect.com/science/article/pii/S1071581922001835,pdf_failed,why people choose apps evaluation ecology user experience mobile applications mobile applications seventy nine respondents completed questionnaire recording their top four favourite applications they also reported up four abandoned apps any al shamaileh sutcliffe international journal human computer 2023 121 2026 06 28t08 24 54 371203 00 00 pdf failed mobile application 10 2139 ssrn 4070390 closed access,2026-06-28T10:40:47.030684+00:00
129,A study of mobile app use for teaching and research in higher education,"… discusses mobile app use as opposed to mobile … mobile app use in academia, we identify
library studies that have been conducted on the selection, use or development of mobile apps (…","A Hinze, N Vanderschantz, C Timpany…",2023,"Technology, Knowledge …",mobile application,https://link.springer.com/article/10.1007/s10758-022-09599-6,https://link.springer.com/article/10.1007/s10758-022-09599-6,pdf_failed,study mobile app use teaching research higher education discusses mobile app use opposed mobile mobile app use academia we identify library studies have been conducted selection use development mobile apps hinze vanderschantz timpany technology knowledge 2023 101 2026 06 28t08 27 59 864871 00 00 pdf failed mobile application 10 1007 s10758 022 09599 closed access,2026-06-28T10:40:47.030684+00:00
130,Ethical issues of the use of AI-driven mobile apps for education,"… issues related to the use of AI-driven mobile apps in education, as well as to list some of the
… stakeholders when using AI-driven mobile technologies in education with special attention …","B Klimova, M Pikhart, J Kacetl",2023,Frontiers in public health,mobile application,https://www.frontiersin.org/journals/public-health/articles/10.3389/fpubh.2022.1118116/full,https://www.frontiersin.org/journals/public-health/articles/10.3389/fpubh.2022.1118116/full,pdf_failed,ethical issues use ai driven mobile apps education issues related use ai driven mobile apps education well list some stakeholders when using ai driven mobile technologies education special attention klimova pikhart kacetl frontiers public health 2023 263 2026 06 28t08 30 06 796524 00 00 pdf failed mobile application 10 3389 fpubh 2022 1118116 full closed access,2026-06-28T10:40:47.030684+00:00
131,Design guidelines of mobile apps for older adults: systematic review and thematic analysis,"… on a specific mobile app and were … mobile apps and how to better design such apps with
these users in mind. Conclusions: The compiled guidelines support the design of mobile apps …","M Gomez-Hernandez, X Ferre, C Moral…",2023,JMIR mHealth and …,mobile application,https://mhealth.jmir.org/2023/1/e43186,https://mhealth.jmir.org/2023/1/e43186,pdf_failed,design guidelines mobile apps older adults systematic review thematic analysis specific mobile app mobile apps how better design such apps these users mind conclusions compiled guidelines support design mobile apps gomez hernandez ferre moral jmir mhealth 2023 174 2026 06 28t08 32 07 401369 00 00 pdf failed mobile application 10 2196 43186 closed access,2026-06-28T10:40:47.030684+00:00
132,The role of mobile application acceptance in shaping e-customer service,"… This study focused on examining the role of mobile application (app) … the role of mobile app
acceptance in shaping e-customer service. The multiple features associated with mobile app …","LT Khrais, AM Alghamdi",2021,Future Internet,mobile application,https://www.mdpi.com/1999-5903/13/3/77,https://www.mdpi.com/1999-5903/13/3/77,pdf_failed,role mobile application acceptance shaping customer service study focused examining role mobile application app role mobile app acceptance shaping customer service multiple features associated mobile app lt khrais am alghamdi future internet 2021 111 2026 06 28t08 32 52 23585 00 00 pdf failed mobile application 10 3390 fi13030077 closed access,2026-06-28T10:40:47.030684+00:00
133,Determinants of mobile apps adoption among young adults: theoretical extension and analysis,"… Mobile applications (apps) are now the most essential part of daily life. In this context, this …
to use mobile apps. b) analyze the factors determining the usage of mobile applications in an …","A Mehra, J Paul, RPS Kaurav",2021,Journal of Marketing …,mobile application,https://www.researchgate.net/profile/Aashish-Mehra/publication/339231697_Determinants_of_mobile_apps_adoption_among_young_adults_theoretical_extension_and_analysis/links/67d7ca22e62c604a0ddbf14b/Determinants-of-mobile-apps-adoption-among-young-adults-theoretical-extension-and-analysis.pdf,https://www.tandfonline.com/doi/abs/10.1080/13527266.2020.1725780,pdf_failed,determinants mobile apps adoption among young adults theoretical extension analysis mobile applications apps now most essential part daily life context use mobile apps analyze factors determining usage mobile applications mehra paul rps kaurav journal marketing 2021 207 2026 06 28t08 36 31 368764 00 00 pdf failed mobile application 10 1080 13527266 2020 1725780 closed access,2026-06-28T10:40:47.030684+00:00
134,Deep learning methods for accurate skin cancer recognition and mobile application,"… to be used in a mobile application. To be able to build an effective mobile application, it is …
for our mobile application to be able to classify skin lesions using a common smartphone. …","I Kousis, I Perikos, I Hatzilygeroudis, M Virvou",2022,Electronics,mobile application,https://www.mdpi.com/2079-9292/11/9/1294,https://www.mdpi.com/2079-9292/11/9/1294,pdf_failed,deep learning methods accurate skin cancer recognition mobile application used mobile application able build effective mobile application our mobile application able classify skin lesions using common smartphone kousis perikos hatzilygeroudis virvou electronics 2022 185 2026 06 28t08 38 44 672642 00 00 pdf failed mobile application 10 3390 electronics11091294 closed access,2026-06-28T10:40:47.030684+00:00
135,Features and Functionalities of Medical Mobile Applications for the Endemic Phase of COVID‐19: Review and Content Analysis,"… mobile applications to aid users in choosing a suitable app … of their current or future mobile
applications to improve quality. … features of COVID-19 mobile applications available in Apple’…","MJ Loy, KW Goh, N Osili, LC Ming…",2022,… in Microbes and …,mobile application,https://repository.unair.ac.id/124450/1/Bukti%20Artikel%20C-23.pdf,https://repository.unair.ac.id/124450/,pdf_downloaded,features functionalities medical mobile applications endemic phase covid 19 review content analysis mobile applications aid users choosing suitable app their current future mobile applications improve quality features covid 19 mobile applications available apple mj loy kw goh osili lc ming microbes 2022 189 2026 06 28t08 38 51 241984 00 00 pdf downloaded mobile application 10 36877 pmmb a0000285 open access,2026-06-28T10:40:47.030684+00:00
136,Enhancing user engagement: The role of gamification in mobile apps,"… users’ engagement with their mobile apps. However, more … Data from 276 users of a mobile
gamified app were analyzed … help developers design more effective gamified mobile apps. …","P Bitrián, I Buil, S Catalán",2021,Journal of Business Research,mobile application,https://www.sciencedirect.com/science/article/pii/S0148296321002666,https://www.sciencedirect.com/science/article/pii/S0148296321002666,pdf_failed,enhancing user engagement role gamification mobile apps users engagement their mobile apps however more data 276 users mobile gamified app analyzed help developers design more effective gamified mobile apps bitri buil catal journal business research 2021 687 2026 06 28t08 40 57 031682 00 00 pdf failed mobile application 10 1016 jbusres 2021 04 028 closed access,2026-06-28T10:40:47.030684+00:00
137,Mobile apps for SME business sustainability during COVID-19 and onwards,"… mobile apps to improve their business efficiency during the pandemic. We aim to recognize
effective measures and actions taken by SMEs that have turned to mobile-app-… mobile-app-…","S Rakshit, N Islam, S Mondal, T Paul",2021,Journal of Business Research,mobile application,https://pmc.ncbi.nlm.nih.gov/articles/PMC8567207/pdf/main.pdf,https://www.sciencedirect.com/science/article/pii/S0148296321004100,pdf_failed,mobile apps sme business sustainability during covid 19 onwards mobile apps improve their business efficiency during pandemic we aim recognize effective measures actions taken smes have turned mobile app mobile app rakshit islam mondal paul journal business research 2021 193 2026 06 28t08 41 55 774954 00 00 pdf failed mobile application 10 1016 jbusres 2021 06 005 closed access,2026-06-28T10:40:47.030684+00:00
138,Evaluating the quality and safety of health-related apps and e-tools: Adapting the Mobile App Rating Scale and developing a quality assurance protocol,"… Mobile App Rating Scale (MARS) in order to be appropriate for the evaluation of both mobile
phone applications as … protocol for identifying and rating new apps and e-tools to determine …","AE Roberts, TA Davenport, T Wong, HW Moon…",2021,Internet …,mobile application,https://www.sciencedirect.com/science/article/pii/S2214782921000191,https://www.sciencedirect.com/science/article/pii/S2214782921000191,pdf_failed,evaluating quality safety health related apps tools adapting mobile app rating scale developing quality assurance protocol mobile app rating scale mars order appropriate evaluation both mobile phone applications protocol identifying rating new apps tools determine ae roberts ta davenport wong hw moon internet 2021 132 2026 06 28t08 42 51 979709 00 00 pdf failed mobile application 10 1016 invent 2021 100379 closed access,2026-06-28T10:40:47.030684+00:00
139,Augmented reality technology adoption: Case of a mobile application in Turkey,"… ) technology has become widespread in mobile devices. As with user … of applications in
mobile augmented reality (MAR) applications. In this study, the factors affecting the use of mobile …","M Yavuz, E Çorbacıoğlu, AN Başoğlu, TU Daim…",2021,Technology in …,mobile application,,https://www.sciencedirect.com/science/article/pii/S0160791X21000737,metadata_only,augmented reality technology adoption case mobile application turkey technology has become widespread mobile devices user applications mobile augmented reality mar applications study factors affecting use mobile yavuz orbac lu ba lu tu daim technology 2021 148 2026 06 28t08 42 55 618738 00 00 metadata only mobile application 10 1016 techsoc 2021 101598 closed access,2026-06-28T10:40:47.030684+00:00
140,Faster segment anything: Towards lightweight sam for mobile applications,"… edge devices, like mobile phones. In this work, we aim to make SAM mobile-friendly by …
smaller, making it more suitable for mobile applications. Moreover, we show that MobileSAM can …","C Zhang, D Han, Y Qiao, JU Kim, SH Bae…",2023,arXiv preprint arXiv …,mobile application,https://arxiv.org/pdf/2306.14289,https://arxiv.org/abs/2306.14289,pdf_downloaded,faster segment anything towards lightweight sam mobile applications edge devices like mobile phones work we aim make sam mobile friendly smaller making more suitable mobile applications moreover we show mobilesam can zhang han qiao ju kim sh bae arxiv preprint arxiv 2023 886 2026 06 28t08 43 51 695056 00 00 pdf downloaded mobile application 10 1145 3613307 3613315 open access,2026-06-28T10:40:47.030684+00:00
141,Towards a new learning experience through a mobile application with augmented reality in engineering education,"… The application of augmented reality (AR) in education … effect of an augmented reality mobile
application (NetAR) that … established to work with the application for three weeks for three …","S Criollo-C, D Abad-Vásquez, M Martic-Nieto…",2021,Applied Sciences,mobile application,https://www.mdpi.com/2076-3417/11/11/4921,https://www.mdpi.com/2076-3417/11/11/4921,pdf_failed,towards new learning experience through mobile application augmented reality engineering education application augmented reality ar education effect augmented reality mobile application netar established work application three weeks three criollo abad squez martic nieto applied sciences 2021 127 2026 06 28t08 44 36 197459 00 00 pdf failed mobile application 10 3390 app11114921 closed access,2026-06-28T10:40:47.030684+00:00
142,Augmented reality advertising via a mobile app,"… Augmented reality (AR) mobile app advertising offers new … We aim to shed light on how AR
mobile app advertising can … brand engagement via AR mobile app advertising. Prior brand …","E Sung, DID Han, YK Choi",2022,Psychology & Marketing,mobile application,,https://onlinelibrary.wiley.com/doi/abs/10.1002/mar.21632,metadata_only,augmented reality advertising via mobile app augmented reality ar mobile app advertising offers new we aim shed light how ar mobile app advertising can brand engagement via ar mobile app advertising prior brand sung did han yk choi psychology marketing 2022 126 2026 06 28t08 45 18 472759 00 00 metadata only mobile application 10 1002 mar 21632 closed access,2026-06-28T10:40:47.030684+00:00
143,What works best to engage participants in mobile app interventions and e-health: a scoping review,"… articles that featured the terms engagement, mobile app/mobile health, and adult. After
applying … the shift toward mobile interventions and the benefits of using mobile apps, this review …","I Oakley-Girvan, R Yunis…",2022,Telemedicine and e …,mobile application,https://journals.sagepub.com/doi/pdf/10.1089/tmj.2021.0176,https://journals.sagepub.com/doi/abs/10.1089/tmj.2021.0176,pdf_failed,what works best engage participants mobile app interventions health scoping review articles featured terms engagement mobile app mobile health adult after applying shift toward mobile interventions benefits using mobile apps review oakley girvan yunis telemedicine 2022 109 2026 06 28t08 45 22 191366 00 00 pdf failed mobile application 10 1089 tmj 2021 0176 closed access,2026-06-28T10:40:47.030684+00:00
144,Combating against potentially harmful mobile apps,"… Mobile apps make our life much easier and simple in other aspects number of potentially
harmful applications … The number of mobile apps has an exponential increase over the past few …","M Suleman, TR Soomro, TM Ghazal…",2021,… Conference on Artificial …,mobile application,,https://link.springer.com/chapter/10.1007/978-3-030-76346-6_15,metadata_only,combating against potentially harmful mobile apps mobile apps make our life much easier simple other aspects number potentially harmful applications number mobile apps has exponential increase over past few suleman tr soomro tm ghazal conference artificial 2021 99 2026 06 28t08 45 25 545354 00 00 metadata only mobile application 10 1007 978 030 76346 15 closed access,2026-06-28T10:40:47.030684+00:00
145,Mobile apps for older adults: systematic search and evaluation within online stores,"… mobile apps available in the app stores [28], but the quality of publicly available mobile apps
for … description, given images, or comments of mobile app users in the app stores in the first …","AA Portenhauser, Y Terhorst, D Schultchen, LB Sander…",2021,JMIR aging,mobile application,https://aging.jmir.org/2021/1/e23313/,https://aging.jmir.org/2021/1/e23313/,pdf_failed,mobile apps older adults systematic search evaluation within online stores mobile apps available app stores 28 but quality publicly available mobile apps description given images comments mobile app users app stores first aa portenhauser terhorst schultchen lb sander jmir aging 2021 85 2026 06 28t08 46 33 703289 00 00 pdf failed mobile application 10 2196 23313 closed access,2026-06-28T10:40:47.030684+00:00
146,Mobile apps to improve medication adherence in cardiovascular disease: systematic review and meta-analysis,"… This study included 16 RCTs that assessed the effectiveness of mobile app–based
interventions on medication adherence [19-34]. A total of 9 trials showed a statistically significant …","S Al-Arkee, J Mason, DA Lane, L Fabritz…",2021,Journal of medical …,mobile application,https://www.jmir.org/2021/5/e24190/,https://www.jmir.org/2021/5/e24190/,pdf_failed,mobile apps improve medication adherence cardiovascular disease systematic review meta analysis study included 16 rcts assessed effectiveness mobile app based interventions medication adherence 19 34 total trials showed statistically significant al arkee mason da lane fabritz journal medical 2021 250 2026 06 28t08 47 07 655425 00 00 pdf failed mobile application 10 2196 24190 closed access,2026-06-28T10:40:47.030684+00:00
147,Engaging shoppers through mobile apps: the role of gamification,"… driving consumers' intention to buy using a mobile app, namely: shopping gamification, …
mobile app and as moderator of the shopping engagement – intention to buy using a mobile app …","F De Canio, M Fuentes-Blasco…",2021,International Journal of …,mobile application,https://www.emerald.com/ijrdm/article/49/7/919/158233,https://www.emerald.com/ijrdm/article/49/7/919/158233,pdf_failed,engaging shoppers through mobile apps role gamification driving consumers intention buy using mobile app namely shopping gamification mobile app moderator shopping engagement intention buy using mobile app de canio fuentes blasco international journal 2021 177 2026 06 28t08 47 10 652183 00 00 pdf failed mobile application 10 1108 ijrdm 09 2020 0360 closed access,2026-06-28T10:40:47.030684+00:00
148,A review of mobile applications available in the app and google play stores used during the COVID-19 outbreak,"… This study adopted a systematic search strategy to identify the free mobile applications related
to the COVID-19 outbreak available in the App and Google Play stores. Keywords such as …",T Alanzi,2021,Journal of multidisciplinary healthcare,mobile application,https://www.tandfonline.com/doi/pdf/10.2147/jmdh.s285014,https://www.tandfonline.com/doi/abs/10.2147/JMDH.S285014,pdf_failed,review mobile applications available app google play stores used during covid 19 outbreak study adopted systematic search strategy identify free mobile applications related covid 19 outbreak available app google play stores keywords such alanzi journal multidisciplinary healthcare 2021 207 2026 06 28t08 47 13 975155 00 00 pdf failed mobile application 10 2147 jmdh s285014 closed access,2026-06-28T10:40:47.030684+00:00
149,"Hydrogen storage technologies for stationary and mobile applications: Review, analysis and perspectives","… stationary and automotive applications. Therefore, … application needs which may be time
variant. Inside this review, the critical insights and recommendations about suitable applications …","IA Hassan, HS Ramadan, MA Saleh, D Hissel",2021,… and Sustainable Energy …,mobile application,https://www.sciencedirect.com/science/article/am/pii/S1364032121005980,https://www.sciencedirect.com/science/article/pii/S1364032121005980,pdf_failed,hydrogen storage technologies stationary mobile applications review analysis perspectives stationary automotive applications therefore application needs which may time variant inside review critical insights recommendations about suitable applications hassan hs ramadan ma saleh hissel sustainable energy 2021 964 2026 06 28t08 47 18 622322 00 00 pdf failed mobile application 10 1016 rser 2021 111311 closed access,2026-06-28T10:40:47.030684+00:00
150,"Would you like to shop via mobile app technology? The technology acceptance model, social factors and purchase intention","… First, users do not typically view mobile apps as interruptive of their mobile experience, and
second, mobile apps are expected to offer users highly targetable experiences that are close …","A Vahdat, A Alizadeh, S Quach…",2021,Australasian Marketing …,mobile application,,https://journals.sagepub.com/doi/abs/10.1016/j.ausmj.2020.01.002,metadata_only,would you like shop via mobile app technology technology acceptance model social factors purchase intention first users do not typically view mobile apps interruptive their mobile experience second mobile apps expected offer users highly targetable experiences close vahdat alizadeh quach australasian marketing 2021 510 2026 06 28t08 49 53 360039 00 00 metadata only mobile application 10 1016 ausmj 2020 01 002 closed access,2026-06-28T10:40:47.030684+00:00
151,Pengenalan pemrograman web: Pembuatan aplikasi web sederhana dengan PHP dan MySQL,"… dalam jurnal ini, kita akan mempelajari bagaimana membuat aplikasi website … dasar
pemrograman web, termasuk pengertian, jenis bahasa pemrograman web, dan arsitektur web. …","IM Fried Sinlae, F Setiyansyah…",2024,Jurnal Siber Multi Disiplin,web application,https://www.researchgate.net/profile/Fried-Sinlae/publication/383945181_Pengenalan_Pemrograman_Web_Pembuatan_Aplikasi_Web_Sederhana_Dengan_PHP_dan_MYSQL/links/66e1b51e2390e50b2c80e917/Pengenalan-Pemrograman-Web-Pembuatan-Aplikasi-Web-Sederhana-Dengan-PHP-dan-MYSQL.pdf,https://www.researchgate.net/profile/Fried-Sinlae/publication/383945181_Pengenalan_Pemrograman_Web_Pembuatan_Aplikasi_Web_Sederhana_Dengan_PHP_dan_MYSQL/links/66e1b51e2390e50b2c80e917/Pengenalan-Pemrograman-Web-Pembuatan-Aplikasi-Web-Sederhana-Dengan-PHP-dan-MYSQL.pdf,pdf_failed,kenal pemrograman web buat aplikasi web sederhana php mysql jurnal ajar bagaimana buat aplikasi website dasar pemrograman web masuk erti jenis bahasa pemrograman web arsitektur web im fried sinlae setiyansyah jurnal siber multi disiplin 2024 252 2026 06 28t09 16 20 567407 00 00 pdf failed web application 10 38035 jsmd v2i2 156 closed access,2026-06-28T10:40:47.030684+00:00
152,Aplikasi Supervisi Dosen Berbasis Web Di Universitas XYZ,"… The results of the research are website-based learning quality assessment applications
built using the Extreme Programming research method, developed with the PHP programming …","D Fatmawati, DA Megawati",2023,J. Inform. dan Rekayasa …,web application,https://pdfs.semanticscholar.org/3d05/80e61ec8b5629029248e41056ed838de9d28.pdf,https://pdfs.semanticscholar.org/3d05/80e61ec8b5629029248e41056ed838de9d28.pdf,pdf_downloaded,aplikasi supervisi dosen bas web universitas xyz results research website based learning quality assessment applications built using extreme programming research method developed php programming fatmawati da megawati inform rekayasa 2023 235 2026 06 28t09 16 29 260765 00 00 pdf downloaded web application 10 33365 jatika v4i3 3100 10 33365 jatika v4i3 3100 open access,2026-06-28T10:40:47.030684+00:00
153,Penggunaan liveworksheet dengan aplikasi berbasis web untuk meningkatkan hasil belajar peserta didik,"… Hasil dari penelitian ini adalah penggunaan liveworksheet dengan aplikasi berbasis web
dapat meningkatkan hasil belajar peserta yaitu pada prasiklus dengan ketutasan klasikal …",A Prabowo,2021,Jurnal Pendidikan Dan Teknologi Indonesia,web application,https://pdfs.semanticscholar.org/eddb/b925309c76ac2b55d33b9d3a08411b93399a.pdf,https://pdfs.semanticscholar.org/eddb/b925309c76ac2b55d33b9d3a08411b93399a.pdf,pdf_downloaded,guna liveworksheet aplikasi bas web tingkat hasil ajar serta didik hasil teliti guna liveworksheet aplikasi bas web tingkat hasil ajar serta prasiklus ketutasan klasikal prabowo jurnal didik teknologi indonesia 2021 151 2026 06 28t09 16 37 117385 00 00 pdf downloaded web application 10 52436 jpti 87 10 52436 jpti open access,2026-06-28T10:40:47.030684+00:00
154,Pembuatan aplikasi penjualan berbasis web monja store menggunakan php dan mysql,"… software ataupun tampilan website dengan lebih mudah, cepat, dan … Gunakan aplikasi web
server ini sebagai tools bantuan … website perancangan aplikasi penjualan berbasis website …",R Noviana,2022,Jurnal Teknik Dan Science,web application,https://www.academia.edu/download/93628955/139.pdf,https://www.academia.edu/download/93628955/139.pdf,pdf_failed,buat aplikasi jual bas web monja store guna php mysql software atau tampil website mudah cepat guna aplikasi web server tools bantu website ancang aplikasi jual bas website noviana jurnal teknik science 2022 543 2026 06 28t09 19 25 298958 00 00 pdf failed web application 10 56127 jts v1i2 128 closed access,2026-06-28T10:40:47.030684+00:00
155,Analisis Keretanan Website Dengan Aplikasi Owasp Zap,"… dirancang khusus untuk menguji aplikasi web dan fleksibel serta dapat … dan aplikasi web
sehingga dapat mencegat dan memeriksa pesan yang dikirim antara browser dan aplikasi web…","AF Hasibuan, D Handoko",2023,Jurnal Ilmu Komputer …,web application,https://jurnal.unity-academy.sch.id/index.php/jirsi/article/download/51/39,https://jurnal.unity-academy.sch.id/index.php/jirsi/article/view/51,pdf_downloaded,analisis keretan website aplikasi owasp zap rancang khusus uji aplikasi web fleksibel aplikasi web sehingga cegat periksa pesan kirim browser aplikasi web af hasibuan handoko jurnal ilmu komputer 2023 42 2026 06 28t09 19 47 811689 00 00 pdf downloaded web application 10 70340 jirsi v2i2 51 open access,2026-06-28T10:40:47.030684+00:00
156,"F,“Aplikasi E-Learning Siswa Smk Berbasis Web,” J","The purpose of writing this thesis is to analyze the system and design a web-based E-Learning
application for vocational students to be able to assist in the process of teaching and …","M Marlina, M Masnur, M Dirga",2021,Sintaks Log,web application,,https://elibrary.ru/item.asp?id=74272241,metadata_only,aplikasi learning siswa smk bas web purpose writing thesis analyze system design web based learning application vocational students able assist process teaching marlina masnur dirga sintaks log 2021 138 2026 06 28t09 21 36 779505 00 00 metadata only web application 10 31850 jsilog v1i1 672 closed access,2026-06-28T10:40:47.030684+00:00
157,Rancang bangun aplikasi penjualan online berbasis web menggunakan metode scrum,"… aplikasi ini juga tidak banyak. Tujuan dari penelitian ini adalah untuk merancang dan
membangun aplikasi penjualan online berbasis web … Hasil penelitian ini adalah sebuah aplikasi …","A Andipradana, KD Hartomo",2021,Jurnal Algoritma,web application,https://sttgarut.ac.id/jurnal/index.php/algoritma/article/download/869/736,https://sttgarut.ac.id/jurnal/index.php/algoritma/article/view/869,pdf_failed,rancang bangun aplikasi jual online bas web guna metode scrum aplikasi tuju teliti rancang bangun aplikasi jual online bas web hasil teliti aplikasi andipradana kd hartomo jurnal algoritma 2021 214 2026 06 28t09 21 42 414348 00 00 pdf failed web application 10 33364 algoritma 18 869 closed access,2026-06-28T10:40:47.030684+00:00
158,Pengembangan Aplikasi Berbasis Web dan Android Sebagai Penunjang Kerja di Indonesia: Systematic Literature Review,"… aplikasi digunakan di Indonesia untuk mendukung kegiatan baik pemerintah maupun swasta.
Makalah jurnal yang mencakup pembuatan aplikasi berbasis web … aplikasi berbasis web …",T Wahyudi,2022,Indonesian Journal Computer Science,web application,https://jurnal.bsi.ac.id/https:/jurnal.bsi.ac.id/index.php/ijcs/article/download/1428/956,https://jurnal.bsi.ac.id/https:/jurnal.bsi.ac.id/index.php/ijcs/article/view/1428,pdf_downloaded,kembang aplikasi bas web android tunjang kerja indonesia systematic literature review aplikasi guna indonesia dukung giat baik perintah maupun swasta makalah jurnal cakup buat aplikasi bas web aplikasi bas web wahyudi indonesian journal computer science 2022 36 2026 06 28t09 21 50 941063 00 00 pdf downloaded web application 10 31294 ijcs v1i2 1428 open access,2026-06-28T10:40:47.030684+00:00
159,Perancangan Aplikasi Pemesanan Makanan Berbasis Web,"… berbasis web. Aplikasi ini membuat rancangan menu makanan dilengkapi dengan tampilan
gambar dan daftar harga yang sesuai dengan jenis makanan yang tersedia. Aplikasi ini …",D Haerofifah,2022,Nuansa Informatika,web application,https://journal.uniku.ac.id/index.php/ilkom/article/download/4771/2899/,https://journal.uniku.ac.id/index.php/ilkom/article/view/4771,pdf_downloaded,ancang aplikasi mesan makan bas web bas web aplikasi buat rancang menu makan lengkap tampil gambar daftar harga sesuai jenis makan sedia aplikasi haerofifah nuansa informatika 2022 28 2026 06 28t09 24 08 503407 00 00 pdf downloaded web application 10 25134 nuansa v16i1 4771 open access,2026-06-28T10:40:47.030684+00:00
160,Rancang Bangun Web Service Api Aplikasi Sentralisasi Produk Umkm Pada Uptd Plut Kumkm Provinsi Lampung,"… Penelitian ini dilakukan untuk membuat sebuah aplikasi atau sistem yang dapat … aplikasi
ini menggunakan metode Web Service API, yang akan menghubungkan antara website …","PB Ramadhanu, AT Priandika",2021,J. Teknol. dan Sist. Inf,web application,https://www.academia.edu/download/105352821/609-1829-1-PB.pdf,https://www.academia.edu/download/105352821/609-1829-1-PB.pdf,pdf_failed,rancang bangun web service api aplikasi sentralisasi produk umkm uptd plut kumkm provinsi lampung teliti laku buat aplikasi sistem aplikasi guna metode web service api hubung website pb ramadhanu priandika teknol sist inf 2021 364 2026 06 28t09 24 13 40971 00 00 pdf failed web application 10 47233 jteksis v1i1 23 closed access,2026-06-28T10:40:47.030684+00:00
161,Rancang bangun aplikasi e-cuti pegawai berbasis website (studi kasus: Pengadilan Tata Usaha Negara),"… Aplikasi yang direncanakan dalam bentuk website ini … Aplikasi web adalah suatu sistem
informasi yang mendukung interaksi dengan pengguna melalui antarmuka berbasis web. …","MAK Rizki, AF OP",2021,J. Teknol. dan Sist. Inf,web application,https://www.academia.edu/download/88224864/887-2792-1-PB.pdf,https://www.academia.edu/download/88224864/887-2792-1-PB.pdf,pdf_failed,rancang bangun aplikasi cuti pegawai bas website studi kasus adil tata usaha negara aplikasi rencana bentuk website aplikasi web sistem informasi dukung interaksi guna lalu antarmuka bas web mak rizki af op teknol sist inf 2021 404 2026 06 28t09 24 20 010189 00 00 pdf failed web application 10 36040 jati v7i2 6669 closed access,2026-06-28T10:40:47.030684+00:00
162,Rancang Bangun Aplikasi Penjualan Kebutuhan Pokok Berbasis Web Pada Toko Khansaa,"… belum adanya aplikasi penjualan berbasis web kebutuhan … bangun aplikasi penjualan
kebutuhan pokok berbasis web di … ini adalah sebuah aplikasi penjualan berbasis web di toko …","A Febriyani, M Martanto",2023,JATI (Jurnal Mahasiswa Teknik …,web application,https://www.ejournal.itn.ac.id/jati/article/download/6353/3715,https://www.ejournal.itn.ac.id/jati/article/view/6353,pdf_downloaded,rancang bangun aplikasi jual butuh pokok bas web toko khansaa ada aplikasi jual bas web butuh bangun aplikasi jual butuh pokok bas web aplikasi jual bas web toko febriyani martanto jati jurnal mahasiswa teknik 2023 57 2026 06 28t09 24 28 103911 00 00 pdf downloaded web application 10 36040 jati v7i1 6353 open access,2026-06-28T10:40:47.030684+00:00
163,Aplikasi Marketplace Pendamping Wisata Dengan Api Maps Berbasis Mobile Dan Web,"… Salah satu keuntungan membangun aplikasi berbasis website adalah karena website tidak
… terhadap aplikasi web, karena pengguna mengakses server tempat website diletakkan …","HT Wibowo, RS Tarigan…",2022,Retrieved from osf. io/3jpdt,web application,https://scholar.archive.org/work/xvya536pbfbmbppxtx4o3zz3ky/access/wayback/https://files.osf.io/v1/resources/3jpdt/providers/osfstorage/637b2c56610dd51d8cf5c451?action=download&direct&version=1,https://scholar.archive.org/work/xvya536pbfbmbppxtx4o3zz3ky/access/wayback/https://files.osf.io/v1/resources/3jpdt/providers/osfstorage/637b2c56610dd51d8cf5c451?action=download&direct&version=1,pdf_failed,aplikasi marketplace damping wisata api maps bas mobile web salah satu untung bangun aplikasi bas website website aplikasi web guna akses server tempat website letak ht wibowo rs tarigan retrieved osf io 3jpdt 2022 543 2026 06 28t09 25 28 004721 00 00 pdf failed web application 10 31219 osf io 3jpdt closed access,2026-06-28T10:40:47.030684+00:00
164,Penerapan Metode Waterfall Pada Aplikasi Reservasi Lapangan Futsal Berbasis Web,"… Hasil dari penelitian ini berupa sebuah aplikasi berbasis web yang … Aplikasi yang telah
dibuat dapat berjalan dengan baik. Kata Kunci: Aplikasi; Black Box; Penjadwalan; Waterfall; Web …","T Ardiansah, D Hidayatullah",2023,Journal of …,web application,https://ejournal.techcart-press.com/index.php/itsecs/article/download/8/7,https://ejournal.techcart-press.com/index.php/itsecs/article/view/8,pdf_downloaded,terap metode waterfall aplikasi reservasi lapang futsal bas web hasil teliti upa aplikasi bas web aplikasi buat jalan baik kata kunci aplikasi black box jadwal waterfall web ardiansah hidayatullah journal 2023 90 2026 06 28t09 25 35 357049 00 00 pdf downloaded web application 10 58602 itsecs v1i1 open access,2026-06-28T10:40:47.030684+00:00
165,Implementasi Web Service Sebagai Penyedia Informasi Untuk Aplikasi Pengelolaan Jadwal Pemberian Pakan Ikan (Studi Kasus: Pokdakan Karya Bersama),"… solusi dengan membangun web service sebagai … web service. Hasil dari penelitian ini
adalah pengembangan sistem layanan web yang mampu memberikan informasi untuk aplikasi …","F Hermawan, AFO Pasaribu",2023,J. Inform. dan Rekayasa …,web application,https://pdfs.semanticscholar.org/a1e8/1b843f348cb68d6204847ea6eafc71fc71cb.pdf,https://pdfs.semanticscholar.org/a1e8/1b843f348cb68d6204847ea6eafc71fc71cb.pdf,pdf_downloaded,implementasi web service sedia informasi aplikasi kelola jadwal beri pakan ikan studi kasus pokdakan karya sama solusi bangun web service web service hasil teliti kembang sistem layan web mampu beri informasi aplikasi hermawan afo pasaribu inform rekayasa 2023 251 2026 06 28t09 25 41 570441 00 00 pdf downloaded web application 10 33365 jatika v4i3 2720 10 33365 jatika v4i3 2720 open access,2026-06-28T10:40:47.030684+00:00
166,Analisis Aplikasi Berbasis Website Surat Menyurat Analisis Aplikasi Berbasis Website Surat Menyurat,"… aplikasi website tersebut, termasuk mengetahui dan menambahkan pengguna yang dapat
mengakses aplikasi website … yang ada pada aplikasi website yang sedang kita analisa.”[6] …","FAA Setiawan, A Maharani…",2022,Jurnal Teknik …,web application,https://ejurnal.ulbi.ac.id/index.php/informatika/article/download/2433/1017,https://ejurnal.ulbi.ac.id/index.php/informatika/article/view/2433,pdf_downloaded,analisis aplikasi bas website surat surat analisis aplikasi bas website surat surat aplikasi website sebut masuk tahu tambah guna akses aplikasi website aplikasi website sedang analisa faa setiawan maharani jurnal teknik 2022 21 2026 06 28t09 27 23 253689 00 00 pdf downloaded web application 10 33364 algoritma 19 993 open access,2026-06-28T10:40:47.030684+00:00
167,Implementasi Aplikasi Kasir Berbasis Web pada Toko Ghafya Fruits Shop,"… Web adalah suatu layanan atau kumpulan halaman yang berisi informasi, iklan, serta program
aplikasi yang … adalah sebuah aplikasi pendukung untuk membuka software aplikasi web …","DE Cahyono, A Jayanti",2022,Jurnal Ekonomi Dan Teknik …,web application,https://e-journal.polsa.ac.id/index.php/jneti/article/download/184/120,https://e-journal.polsa.ac.id/index.php/jneti/article/view/184,pdf_downloaded,implementasi aplikasi kasir bas web toko ghafya fruits shop web layan kumpul halaman isi informasi iklan program aplikasi aplikasi dukung buka software aplikasi web de cahyono jayanti jurnal ekonomi teknik 2022 96 2026 06 28t09 27 31 809774 00 00 pdf downloaded web application 10 53513 jis v23i2 9610 open access,2026-06-28T10:40:47.030684+00:00
168,Perancangan Sistem Aplikasi Pendataan Membership Gym Menggunakan Metode Unified Software Development Process (USDP) Berbasis Web,"… ini adalah sebuah aplikasi web untuk mengelola keanggotaan gym, yang dapat diakses
oleh admin dan pengguna melalui komputer atau perangkat mobile. Aplikasi ini dikembangkan …","IP Sari, F Alfarisi",2024,Hello World Jurnal Ilmu Komputer,web application,https://jurnal.ilmubersama.com/index.php/hello_world/article/download/523/328,https://jurnal.ilmubersama.com/index.php/hello_world/article/view/523,pdf_downloaded,ancang sistem aplikasi data membership gym guna metode unified software development process usdp bas web aplikasi web kelola anggota gym akses admin guna lalu komputer perangkat mobile aplikasi kembang ip sari alfarisi hello world jurnal ilmu komputer 2024 51 2026 06 28t09 28 38 564116 00 00 pdf downloaded web application 10 56211 helloworld v3i1 523 10 56211 helloworld v3i1 523 open access,2026-06-28T10:40:47.030684+00:00
169,Aplikasi sistem pembayaran administrasi sekolah berbasis web di SMPI Nurush Shodiqin,"An effective school payment system will trigger the performance of the agency to be better
than before. Web-Based School Administration Payment System Application at SMPI Nurush …","A Putri, M Misnawati, Y Setiawan…",2025,Polygon: Jurnal Ilmu …,web application,https://journal.arimsi.or.id/index.php/Polygon/article/download/329/518,https://journal.arimsi.or.id/index.php/Polygon/article/view/329,pdf_downloaded,aplikasi sistem bayar administrasi sekolah bas web smpi nurush shodiqin effective school payment system will trigger performance agency better than before web based school administration payment system application smpi nurush putri misnawati setiawan polygon jurnal ilmu 2025 24 2026 06 28t09 28 45 543148 00 00 pdf downloaded web application 10 62383 polygon v3i1 329 10 62383 polygon v3i1 open access,2026-06-28T10:40:47.030684+00:00
170,Pengembangan pelayanan administrasi aplikasi website Desa Lontar,"… dilakukan dengan menggunakan aplikasi website. Tujuan dari pengembangan website di
fitur … menggunakan aplikasi webiste. Hasil dari pengabdian di Desa Lontar pengembangan …","NS Fitriasari, I Ariawan, WA Arifin…",2023,Jurnal Mandala …,web application,https://jurnal-pharmaconmw.com/jmpm/index.php/jmpm/article/download/140/160,https://jurnal-pharmaconmw.com/jmpm/index.php/jmpm/article/view/140,pdf_downloaded,kembang layan administrasi aplikasi website desa lontar laku guna aplikasi website tuju kembang website fitur guna aplikasi webiste hasil abdi desa lontar kembang ns fitriasari ariawan wa arifin jurnal mandala 2023 12 2026 06 28t09 28 56 122433 00 00 pdf downloaded web application 10 35311 jmpm v4i1 140 10 35311 jmpm open access,2026-06-28T10:40:47.030684+00:00
171,Digitalisasi Usaha Mikro Kecil Dan Menengah Di Desa Melalui Aplikasi Kede Desa Berbasis Web,"… penjualan melalui sistem yang berbasis web. Aplikasi Web dapat berjalan pada jaringan …
dalam akses adalah ciri utama yang membuat Aplikasi Web lebih banyak diminati dan lebih …","J Hendrawan, ID Perwitasari…",2023,JSR: Jaringan …,web application,https://ojsamik.amikmitragama.ac.id/index.php/JSR/article/download/226/210,https://ojsamik.amikmitragama.ac.id/index.php/JSR/article/view/226,pdf_downloaded,digitalisasi usaha mikro kecil tengah desa lalu aplikasi kede desa bas web jual lalu sistem bas web aplikasi web jalan jaring akses ciri utama buat aplikasi web mati hendrawan id perwitasari jsr jaring 2023 40 2026 06 28t09 29 03 690818 00 00 pdf downloaded web application 10 58486 jsr v7i1 226 open access,2026-06-28T10:40:47.030684+00:00
172,Perancangan sistem aplikasi penjualan dan layanan jasa laundry sepatu berbasis website,"… sesuai dengan tujuan pembuatan aplikasi tersebut, aplikasi mempunyai arti yaitu pemecahan
… dalam pembangunan aplikasi pelayanan jasa Laundry pada ShoesLab berbasis web. …","IP Sari, A Syahputra, N Zaky…",2022,Blend sains jurnal …,web application,https://jurnal.ilmubersama.com/index.php/blendsains/article/download/67/26,https://jurnal.ilmubersama.com/index.php/blendsains/article/view/67,pdf_downloaded,ancang sistem aplikasi jual layan jasa laundry sepatu bas website sesuai tuju buat aplikasi sebut aplikasi punya arti pecah bangun aplikasi layan jasa laundry shoeslab bas web ip sari syahputra zaky blend sains jurnal 2022 175 2026 06 28t09 29 12 501245 00 00 pdf downloaded web application 10 56211 blendsains v1i1 67 open access,2026-06-28T10:40:47.030684+00:00
173,Rancang Bangun Aplikasi Computer Based Test Berbasis Web Pada Smpn 1 Katapang Kabupaten Bandung Selatan,"Seiring dengan berkembangnya kemajuan teknologi informasi, mungkin akan sangat terbantu
dengan adanya internet. Dengan internet, kita akan mudah menghadirkan layanan yang …",MR Maulani,2021,Jurnal Teknik Informatika,web application,https://ejurnal.ulbi.ac.id/index.php/informatika/article/download/1385/811,https://ejurnal.ulbi.ac.id/index.php/informatika/article/view/1385,pdf_downloaded,rancang bangun aplikasi computer based test bas web smpn katapang kabupaten bandung selatan iring kembang maju teknologi informasi mungkin sangat bantu ada internet internet mudah hadir layan mr maulani jurnal teknik informatika 2021 51 2026 06 28t09 31 13 397529 00 00 pdf downloaded web application 10 31980 jpetik v2i2 68 open access,2026-06-28T10:40:47.030684+00:00
174,Pengembangan Aplikasi Reservasi Salon Keshoo Berbasis Web,"… Pada penelitian ini diajukan pengembangan aplikasi reservasi keshoo salon berbasis web
… Sistem reservasi salon berbasis web ini mampu menjadi solusi agar pemesanan jadwal …","BJM Putra, A Purwatama…",2023,Journal of Electrical …,web application,https://eemisas.aknpacitan.ac.id/index.php/eemisas/article/download/42/22,https://eemisas.aknpacitan.ac.id/index.php/eemisas/article/download/42/22,pdf_downloaded,kembang aplikasi reservasi salon keshoo bas web teliti aju kembang aplikasi reservasi keshoo salon bas web sistem reservasi salon bas web mampu solusi mesan jadwal bjm putra purwatama journal electrical 2023 14 2026 06 28t09 31 30 36368 00 00 pdf downloaded web application 10 58991 eemisas v2i2 42 open access,2026-06-28T10:40:47.030684+00:00
175,Pengujian aplikasi berbasis web data SKA menggunakan metode Black Box Testing,"… aplikasi adalah metode"" Black Box"", yang fokus pada pengujian fungsional tanpa memperhatikan
implementasi internal aplikasi … Pengujian ini akan dilakukan pada website Data SKA …","AS Lubis, MPA Ginting",2024,Cosmic Jurnal Teknik,web application,https://journal.aira.or.id/cosmic/article/download/760/259,https://journal.aira.or.id/cosmic/article/view/760,pdf_downloaded,uji aplikasi bas web data ska guna metode black box testing aplikasi metode black box fokus uji fungsional perhati implementasi internal aplikasi uji laku website data ska lubis mpa ginting cosmic jurnal teknik 2024 81 2026 06 28t09 31 45 753399 00 00 pdf downloaded web application 10 59840 ieed v1i2 203 10 55537 cosmic open access,2026-06-28T10:40:47.030684+00:00
176,Web application development with streamlit,"… web applications of their own, from the most basic use cases to crafting complex and distributed
applications on … should be able to interface their web applications with robust server-side …","M Khorasani, M Abdou, JH Fernández",2022,Software Development,web application,,https://link.springer.com/content/pdf/10.1007/978-1-4842-8111-6.pdf,metadata_only,web application development streamlit web applications their own most basic use cases crafting complex distributed applications should able interface their web applications robust server side khorasani abdou jh fern ndez software development 2022 131 2026 06 28t09 37 22 572219 00 00 metadata only web application 10 1007 978 4842 8111 pdf closed access,2026-06-28T10:40:47.030684+00:00
177,A survey on web application penetration testing,"… Due to their nature, web applications and services are prone to security risks because they …
the Internet and web applications become more widespread, every web application needs an …","EA Altulaihan, A Alismail, M Frikha",2023,Electronics,web application,https://www.mdpi.com/2079-9292/12/5/1229,https://www.mdpi.com/2079-9292/12/5/1229,pdf_failed,survey web application penetration testing due their nature web applications services prone security risks because they internet web applications become more widespread every web application needs ea altulaihan alismail frikha electronics 2023 159 2026 06 28t09 40 50 394927 00 00 pdf failed web application 10 3390 electronics12051229 closed access,2026-06-28T10:40:47.030684+00:00
178,A comparative study of web application security parameters: Current trends and future directions,"… in the use of web applications. Businesses, industries, … web applications. This mammoth
rise in their usage has also resulted in many security issues that make these web applications …","J Shahid, MK Hameed, IT Javed, KN Qureshi, M Ali…",2022,Applied Sciences,web application,https://www.mdpi.com/2076-3417/12/8/4077,https://www.mdpi.com/2076-3417/12/8/4077,pdf_failed,comparative study web application security parameters current trends future directions use web applications businesses industries web applications mammoth rise their usage has also resulted many security issues make these web applications shahid mk hameed javed kn qureshi ali applied sciences 2022 105 2026 06 28t09 42 12 79104 00 00 pdf failed web application 10 3390 app12084077 closed access,2026-06-28T10:40:47.030684+00:00
179,Front-end deep learning web apps development and deployment: a review,"… of these deep-learning web apps to raise awareness of the … web applications divided into
seven categories to show deep learning potential on the front end. These include web apps for …","HA Goh, CK Ho, FS Abas",2023,Applied intelligence,web application,https://pmc.ncbi.nlm.nih.gov/articles/PMC9709375/pdf/10489_2022_Article_4278.pdf,https://link.springer.com/article/10.1007/s10489-022-04278-6,pdf_failed,front end deep learning web apps development deployment review these deep learning web apps raise awareness web applications divided into seven categories show deep learning potential front end these include web apps ha goh ck ho fs abas applied intelligence 2023 98 2026 06 28t09 48 56 953019 00 00 pdf failed web application 10 1007 s10489 022 04278 closed access,2026-06-28T10:40:47.030684+00:00
180,BEST: a web application for comprehensive biomarker exploration on large-scale data in solid tumors,"… Currently, several open-access web servers that allow users … Although these web applications
are valuable and broadly … (BEST), a web-based application for comprehensive biomarker …","Z Liu, L Liu, S Weng, H Xu, Z Xing, Y Ren, X Ge…",2023,Journal of Big Data,web application,https://link.springer.com/article/10.1186/s40537-023-00844-y,https://link.springer.com/article/10.1186/s40537-023-00844-y,pdf_failed,best web application comprehensive biomarker exploration large scale data solid tumors currently several open access web servers allow users although these web applications valuable broadly best web based application comprehensive biomarker liu liu weng xu xing ren ge journal big data 2023 163 2026 06 28t09 51 10 70142 00 00 pdf failed web application 10 1186 s40537 023 00844 closed access,2026-06-28T10:40:47.030684+00:00
181,DeepCrop: Deep learning-based crop disease prediction with web application,"… a smart web application for real-life crop disease prediction. The proposed web application
aims to … The proposed application uses the ResNet50 transfer learning model at its heart to …","MM Islam, MAA Adil, MA Talukder…",2023,Journal of Agriculture …,web application,https://www.sciencedirect.com/science/article/pii/S2666154323002715,https://www.sciencedirect.com/science/article/pii/S2666154323002715,pdf_failed,deepcrop deep learning based crop disease prediction web application smart web application real life crop disease prediction proposed web application aims proposed application uses resnet50 transfer learning model its heart mm islam maa adil ma talukder journal agriculture 2023 244 2026 06 28t09 51 49 893332 00 00 pdf failed web application 10 1016 jafr 2023 100764 closed access,2026-06-28T10:40:47.030684+00:00
182,LCZ Generator: a web application to create Local Climate Zone maps,"… In this paper, the performance of the LCZ Generator web application is demonstrated via
three new TA samples, compiled by three student assistants at the Ruhr University Bochum (…","M Demuzere, J Kittner, B Bechtel",2021,Frontiers in Environmental Science,web application,https://www.frontiersin.org/journals/environmental-science/articles/10.3389/fenvs.2021.637455/full,https://www.frontiersin.org/journals/environmental-science/articles/10.3389/fenvs.2021.637455/full,pdf_failed,lcz generator web application create local climate zone maps paper performance lcz generator web application demonstrated via three new ta samples compiled three student assistants ruhr university bochum demuzere kittner bechtel frontiers environmental science 2021 378 2026 06 28t09 52 27 4789 00 00 pdf failed web application 10 3389 fenvs 2021 637455 full closed access,2026-06-28T10:40:47.030684+00:00
183,"Tree Visualization By One Table (tvBOT): a web application for visualizing, modifying and annotating phylogenetic trees","tvBOT is a user-friendly and efficient web application for visualizing, modifying, and annotating
phylogenetic trees. It is highly efficient in data preparation without requiring redundant …","J Xie, Y Chen, G Cai, R Cai, Z Hu…",2023,Nucleic acids …,web application,https://academic.oup.com/nar/article/51/W1/W587/7152874,https://academic.oup.com/nar/article-abstract/51/W1/W587/7152874,pdf_failed,tree visualization one table tvbot web application visualizing modifying annotating phylogenetic trees tvbot user friendly efficient web application visualizing modifying annotating phylogenetic trees highly efficient data preparation without requiring redundant xie chen cai cai hu nucleic acids 2023 1253 2026 06 28t09 52 32 410854 00 00 pdf failed web application 10 1093 nar gkad359 closed access,2026-06-28T10:40:47.030684+00:00
184,iDEP web application for RNA-seq data analysis,"… Through an example, we demonstrate how this web application democratizes access to
high-throughput technologies and help biologists pinpoint molecular pathways from large data. …",X Ge,2021,Rna Bioinformatics,web application,https://www.researchgate.net/profile/Xijin-Ge/publication/350780722_iDEP_Web_Application_for_RNA-Seq_Data_Analysis/links/620aedc5afa8884cabe497d2/iDEP-Web-Application-for-RNA-Seq-Data-Analysis.pdf,https://link.springer.com/protocol/10.1007/978-1-0716-1307-8_22,pdf_failed,idep web application rna seq data analysis through example we demonstrate how web application democratizes access high throughput technologies help biologists pinpoint molecular pathways large data ge rna bioinformatics 2021 90 2026 06 28t09 53 39 481283 00 00 pdf failed web application 10 1007 978 0716 1307 22 closed access,2026-06-28T10:40:47.030684+00:00
185,MiBiOmics: an interactive web application for multi-omics data exploration and integration,"… Here, we present MiBiOmics, a web-based and standalone application that facilitates
multi-omics data visualization, exploration, integration, and analysis by providing easy access to …","J Zoppi, JF Guillaume, M Neunlist, S Chaffron",2021,BMC bioinformatics,web application,https://link.springer.com/article/10.1186/s12859-020-03921-8,https://link.springer.com/article/10.1186/s12859-020-03921-8,pdf_failed,mibiomics interactive web application multi omics data exploration integration here we present mibiomics web based standalone application facilitates multi omics data visualization exploration integration analysis providing easy access zoppi jf guillaume neunlist chaffron bmc bioinformatics 2021 136 2026 06 28t09 54 45 870334 00 00 pdf failed web application 10 1186 s12859 020 03921 closed access,2026-06-28T10:40:47.030684+00:00
186,Coronapp: A web application to annotate and monitor SARS‐CoV‐2 mutations,"… To overcome these limitations, we have developed coronapp, a web application with two
purposes: real-time tracking of SARS-CoV-2 mutational status and annotation of user-provided …","D Mercatelli, L Triboli, E Fornasari…",2021,Journal of medical …,web application,https://pmc.ncbi.nlm.nih.gov/articles/PMC7753722/pdf/JMV-93-3238.pdf,https://onlinelibrary.wiley.com/doi/abs/10.1002/jmv.26678,pdf_failed,coronapp web application annotate monitor sars cov mutations overcome these limitations we have developed coronapp web application two purposes real time tracking sars cov mutational status annotation user provided mercatelli triboli fornasari journal medical 2021 105 2026 06 28t09 54 51 468546 00 00 pdf failed web application 10 1002 jmv 26678 closed access,2026-06-28T10:40:47.030684+00:00
187,Development of interactive biological web applications with R/Shiny,"… web techniques used to build biological web applications in recent studies To get a full picture
of the web techniques utilized to build biological web applications … issues of web servers …","L Jia, W Yao, Y Jiang, Y Li, Z Wang, H Li…",2022,Briefings in …,web application,https://drive.google.com/file/d/1xy9i7sxhmz5ZfjybOqjBx_43yUVQP7sB/view,https://academic.oup.com/bib/article-abstract/23/1/bbab415/6387320,pdf_failed,development interactive biological web applications shiny web techniques used build biological web applications recent studies get full picture web techniques utilized build biological web applications issues web servers jia yao jiang li wang li briefings 2022 96 2026 06 28t09 55 17 990759 00 00 pdf failed web application 10 1093 bib bbab415 closed access,2026-06-28T10:40:47.030684+00:00
188,Machine learning based diabetes prediction and development of smart web application,"… We integrate this model in a web application using python flask web development framework.
The results of this study suggest that an appropriate preprocessing pipeline on clinical …","N Ahmed, R Ahammed, MM Islam, MA Uddin…",2021,International Journal of …,web application,https://www.sciencedirect.com/science/article/pii/S2666307421000279,https://www.sciencedirect.com/science/article/pii/S2666307421000279,pdf_failed,machine learning based diabetes prediction development smart web application we integrate model web application using python flask web development framework results study suggest appropriate preprocessing pipeline clinical ahmed ahammed mm islam ma uddin international journal 2021 256 2026 06 28t09 55 48 132326 00 00 pdf failed web application 10 1016 ijcce 2021 12 001 closed access,2026-06-28T10:40:47.030684+00:00
189,A systematic literature review on the characteristics and effectiveness of web application vulnerability scanners,"… web applications. Theses scanners have the capability of automatically evaluating the security
of web applications … analysts discover vulnerabilities in web applications. However, these …","S Alazmi, DC De Leon",2022,IEEe Access,web application,https://ieeexplore.ieee.org/iel7/6287639/6514899/09739725.pdf,https://ieeexplore.ieee.org/abstract/document/9739725/,pdf_failed,systematic literature review characteristics effectiveness web application vulnerability scanners web applications theses scanners have capability automatically evaluating security web applications analysts discover vulnerabilities web applications however these alazmi dc de leon ieee access 2022 120 2026 06 28t09 55 55 165619 00 00 pdf failed web application 10 1109 access 2022 3161522 closed access,2026-06-28T10:40:47.030684+00:00
190,Security testing of web applications: A systematic mapping of the literature,"… This review paper provides an overview of web application security testing with different
focused headings. These headings cover contribution types, web security testing tools and their …","M Aydos, Ç Aldan, E Coşkun, A Soydan",2022,Journal of King Saud University …,web application,https://www.sciencedirect.com/science/article/pii/S131915782100269X,https://www.sciencedirect.com/science/article/pii/S131915782100269X,pdf_failed,security testing web applications systematic mapping literature review paper provides overview web application security testing different focused headings these headings cover contribution types web security testing tools their aydos aldan co kun soydan journal king saud university 2022 119 2026 06 28t09 58 17 017857 00 00 pdf failed web application 10 1016 jksuci 2021 09 018 closed access,2026-06-28T10:40:47.030684+00:00
191,Signature-based and machine-learning-based web application firewalls: A short survey,"… web applications typically relied on the simple common gateway interface, CGI, protocol
which spawned C or Perl programs. Attacks were concentrated at underlying web … web server …","S Applebaum, T Gaber, A Ahmed",2021,Procedia Computer Science,web application,https://www.sciencedirect.com/science/article/pii/S1877050921012308/pdf?md5=aade07f1c103953705b63969dd8edd05&pid=1-s2.0-S1877050921012308-main.pdf,https://www.sciencedirect.com/science/article/pii/S1877050921012308,pdf_failed,signature based machine learning based web application firewalls short survey web applications typically relied simple common gateway interface cgi protocol which spawned perl programs attacks concentrated underlying web web server applebaum gaber ahmed procedia computer science 2021 156 2026 06 28t09 59 29 931216 00 00 pdf failed web application 10 1016 procs 2021 05 105 closed access,2026-06-28T10:40:47.030684+00:00
192,Atomistica. online–web application for generating input files for ORCA molecular modelling package made with the Anvil platform,"… We present the atomistica.online, a web application for … allows the development of web
applications using only Python … , they are not available as online applications. In this work, we …","S Armaković, SJ Armaković",2023,Molecular simulation,web application,,https://www.tandfonline.com/doi/abs/10.1080/08927022.2022.2126865,metadata_only,atomistica online web application generating input files orca molecular modelling package made anvil platform we present atomistica online web application allows development web applications using only python they not available online applications work we armakovi sj armakovi molecular simulation 2023 189 2026 06 28t10 02 07 007735 00 00 metadata only web application 10 1080 08927022 2022 2126865 closed access,2026-06-28T10:40:47.030684+00:00
193,Securing web applications against XSS and SQLi attacks using a novel deep learning approach,"… all web application attacks, SQL injection and XSS attacks are common, which may lead to
severe damage to Web application data or web … for securing web applications from both cross-…","JR Tadhani, V Vekariya, V Sorathiya, S Alshathri…",2024,Scientific Reports,web application,https://www.nature.com/articles/s41598-023-48845-4,https://www.nature.com/articles/s41598-023-48845-4,pdf_failed,securing web applications against xss sqli attacks using novel deep learning approach all web application attacks sql injection xss attacks common which may lead severe damage web application data web securing web applications both cross jr tadhani vekariya sorathiya alshathri scientific reports 2024 97 2026 06 28t10 03 42 149472 00 00 pdf failed web application 10 1038 s41598 023 48845 closed access,2026-06-28T10:40:47.030684+00:00
194,DeepVenn--a web application for the creation of area-proportional Venn diagrams using the deep learning framework Tensorflow. js,"… , and others are not available as a web application or accept only numbers and not lists of
… Results: The DeepVenn web application can create area-proportional Venn diagrams of up …",T Hulsen,2022,arXiv preprint arXiv:2210.04597,web application,https://arxiv.org/pdf/2210.04597,https://arxiv.org/abs/2210.04597,pdf_failed,deepvenn web application creation area proportional venn diagrams using deep learning framework tensorflow js others not available web application accept only numbers not lists results deepvenn web application can create area proportional venn diagrams up hulsen arxiv preprint arxiv 2210 04597 2022 159 2026 06 28t10 04 32 845765 00 00 pdf failed web application 10 32614 cran package biovenn closed access,2026-06-28T10:40:47.030684+00:00
195,ML-CKDP: Machine learning-based chronic kidney disease prediction with smart web application,"… for CKD classification and to develop a web-based application for CKD prediction. The proposed
… Additionally, we present a real-time web-based application to operationalize the model, …","RK Halder, MN Uddin, MA Uddin, S Aryal…",2024,Journal of Pathology …,web application,https://www.sciencedirect.com/science/article/pii/S2153353924000105,https://www.sciencedirect.com/science/article/pii/S2153353924000105,pdf_failed,ml ckdp machine learning based chronic kidney disease prediction smart web application ckd classification develop web based application ckd prediction proposed additionally we present real time web based application operationalize model rk halder mn uddin ma uddin aryal journal pathology 2024 101 2026 06 28t10 05 42 765241 00 00 pdf failed web application 10 1016 jpi 2024 100371 closed access,2026-06-28T10:40:47.030684+00:00
196,A deep learning model for cotton disease prediction using fine-tuning with smart web application in agriculture,"Cotton is known as ‘white gold’ in the agricultural industry. Agriculture is the primary source
of economic income in Bangladesh and the country's economy is heavily dependent on …","MM Islam, MA Talukder, MRA Sarker, MA Uddin…",2023,… with Applications,web application,https://www.sciencedirect.com/science/article/pii/S2667305323001035,https://www.sciencedirect.com/science/article/pii/S2667305323001035,pdf_failed,deep learning model cotton disease prediction using fine tuning smart web application agriculture cotton known white gold agricultural industry agriculture primary source economic income bangladesh country economy heavily dependent mm islam ma talukder mra sarker ma uddin applications 2023 111 2026 06 28t10 07 35 644719 00 00 pdf failed web application 10 1016 iswa 2023 200278 closed access,2026-06-28T10:40:47.030684+00:00
197,Open Lab: A web application for running and sharing online experiments,"… as a web application on a desktop computer (the “Install app” link is displayed in the top
navigation bar). Progressive web application technology makes the application accessible via …",Y Shevchenko,2022,Behavior Research Methods,web application,https://link.springer.com/article/10.3758/s13428-021-01776-2,https://link.springer.com/article/10.3758/s13428-021-01776-2,pdf_failed,open lab web application running sharing online experiments web application desktop computer install app link displayed top navigation bar progressive web application technology makes application accessible via shevchenko behavior research methods 2022 85 2026 06 28t10 09 07 240025 00 00 pdf failed web application 10 3758 s13428 021 01776 closed access,2026-06-28T10:40:47.030684+00:00
198,CBE Clima Tool: A free and open-source web application for climate analysis tailored to sustainable building design,"… The CBE Clima Tool (Clima) is a free and open-source web application that offers easy
access to publicly available weather files and has been created for building energy simulation …","G Betti, F Tartarini, C Nguyen, S Schiavon",2024,Building Simulation,web application,https://link.springer.com/content/pdf/10.1007/s12273-023-1090-5.pdf,https://link.springer.com/article/10.1007/s12273-023-1090-5,pdf_downloaded,cbe clima tool free open source web application climate analysis tailored sustainable building design cbe clima tool clima free open source web application offers easy access publicly available weather files has been created building energy simulation betti tartarini nguyen schiavon building simulation 2024 94 2026 06 28t10 10 09 057032 00 00 pdf downloaded web application 10 1007 s12273 023 1090 10 1007 s12273 023 1090 open access,2026-06-28T10:40:47.030684+00:00
199,From prompt injections to sql injection attacks: How protected is your llm-integrated web application?,"… If an application remains vulnerable to these threats, the … -integrated applications, and what
is their impact on application security? To study this question, we focus on web applications …","R Pedro, D Castro, P Carreira, N Santos",2023,arXiv preprint arXiv:2308.01990,web application,https://arxiv.org/pdf/2308.01990,https://arxiv.org/abs/2308.01990,pdf_downloaded,prompt injections sql injection attacks how protected your llm integrated web application if application remains vulnerable these threats integrated applications what their impact application security study question we focus web applications pedro castro carreira santos arxiv preprint arxiv 2308 01990 2023 122 2026 06 28t10 12 22 697013 00 00 pdf downloaded web application 10 1109 icse55347 2025 00007 open access,2026-06-28T10:40:47.030684+00:00
200,A hybrid fuzzy rule-based multi-criteria framework for sustainable-security assessment of web application,"… an institutional web application to corroborate the efficiency of this approach. Despite the
web application's sensitivity, this study has used various versions of three web applications of …","R Kumar, A Baz, H Alhakami, W Alhakami…",2021,Ain Shams Engineering …,web application,https://www.sciencedirect.com/science/article/pii/S2090447921000162,https://www.sciencedirect.com/science/article/pii/S2090447921000162,pdf_failed,hybrid fuzzy rule based multi criteria framework sustainable security assessment web application institutional web application corroborate efficiency approach despite web application sensitivity study has used various versions three web applications mar baz alhakami alhakami ain shams engineering 2021 74 2026 06 28t10 12 27 877978 00 00 pdf failed web application 10 1016 asej 2021 01 003 closed access,2026-06-28T10:40:47.030684+00:00
