id,title,full_text,cleaned,tokens,tokens_clean,tokens_stemmed,cleaned_text,updated_at
1,What is machine learning?,"What is machine learning? … that one can employ in machine learning (ML). The required … of two learning types: supervised
or unsupervised learning. … skills through either automated learning or learning via human … J Bell Machine learning and the city: applications in … 2022 https://onlinelibrary.wiley.com/doi/abs/10.1002/9781119815075.ch18 2026-07-11T12:02:19.261489+00:00 metadata_only  machine learning 10.1002/9781119815075.ch18  closed_access",what is machine learning that one can employ in machine learning ml the required of two learning types supervised or unsupervised learning skills through either automated learning or learning via human j bell machine learning and the city applications in 2022 2026 07 11t12 02 19 261489 00 00 metadata only machine learning 10 1002 9781119815075 ch18 closed access,"['what', 'is', 'machine', 'learning', 'that', 'one', 'can', 'employ', 'in', 'machine', 'learning', 'ml', 'the', 'required', 'of', 'two', 'learning', 'types', 'supervised', 'or', 'unsupervised', 'learning', 'skills', 'through', 'either', 'automated', 'learning', 'or', 'learning', 'via', 'human', 'j', 'bell', 'machine', 'learning', 'and', 'the', 'city', 'applications', 'in', '2022', '2026', '07', '11t12', '02', '19', '261489', '00', '00', 'metadata', 'only', 'machine', 'learning', '10', '1002', '9781119815075', 'ch18', 'closed', 'access']","['what', 'machine', 'learning', 'one', 'can', 'employ', 'machine', 'learning', 'ml', 'required', 'two', 'learning', 'types', 'supervised', 'unsupervised', 'learning', 'skills', 'through', 'either', 'automated', 'learning', 'learning', 'via', 'human', 'bell', 'machine', 'learning', 'city', 'applications', '2022', '2026', '07', '11t12', '02', '19', '261489', '00', '00', 'metadata', 'only', 'machine', 'learning', '10', '1002', '9781119815075', 'ch18', 'closed', 'access']","['what', 'machine', 'learning', 'one', 'can', 'employ', 'machine', 'learning', 'ml', 'required', 'two', 'learning', 'types', 'supervised', 'unsupervised', 'learning', 'skills', 'through', 'either', 'automated', 'learning', 'learning', 'via', 'human', 'bell', 'machine', 'learning', 'city', 'applications', '2022', '2026', '07', '11t12', '02', '19', '261489', '00', '00', 'metadata', 'only', 'machine', 'learning', '10', '1002', '9781119815075', 'ch18', 'closed', 'access']",what machine learning one can employ machine learning ml required two learning types supervised unsupervised learning skills through either automated learning learning via human bell machine learning city applications 2022 2026 07 11t12 02 19 261489 00 00 metadata only machine learning 10 1002 9781119815075 ch18 closed access,2026-07-11T16:46:23.070865+00:00
2,Machine learning for microbiologists,"Machine learning for microbiologists … how to evaluate a machine learning model and how … machine learning-based work. The
topics presented in this work will allow microbiologists to grasp the potential of machine learning … F Asnicar, AM Thomas, A Passerini… Nature Reviews … 2024 https://www.nature.com/articles/s41579-023-00984-1 2026-07-11T12:02:43.52782+00:00 metadata_only https://www.nature.com/articles/s41579-023-00984-1.pdf machine learning 10.1038/s41579-023-00984-1  closed_access",machine learning for microbiologists how to evaluate a machine learning model and how machine learning based work the topics presented in this work will allow microbiologists to grasp the potential of machine learning f asnicar am thomas a passerini nature reviews 2024 2026 07 11t12 02 43 52782 00 00 metadata only machine learning 10 1038 s41579 023 00984 1 closed access,"['machine', 'learning', 'for', 'microbiologists', 'how', 'to', 'evaluate', 'a', 'machine', 'learning', 'model', 'and', 'how', 'machine', 'learning', 'based', 'work', 'the', 'topics', 'presented', 'in', 'this', 'work', 'will', 'allow', 'microbiologists', 'to', 'grasp', 'the', 'potential', 'of', 'machine', 'learning', 'f', 'asnicar', 'am', 'thomas', 'a', 'passerini', 'nature', 'reviews', '2024', '2026', '07', '11t12', '02', '43', '52782', '00', '00', 'metadata', 'only', 'machine', 'learning', '10', '1038', 's41579', '023', '00984', '1', 'closed', 'access']","['machine', 'learning', 'microbiologists', 'how', 'evaluate', 'machine', 'learning', 'model', 'how', 'machine', 'learning', 'based', 'work', 'topics', 'presented', 'work', 'will', 'allow', 'microbiologists', 'grasp', 'potential', 'machine', 'learning', 'asnicar', 'am', 'thomas', 'passerini', 'nature', 'reviews', '2024', '2026', '07', '11t12', '02', '43', '52782', '00', '00', 'metadata', 'only', 'machine', 'learning', '10', '1038', 's41579', '023', '00984', 'closed', 'access']","['machine', 'learning', 'microbiologists', 'how', 'evaluate', 'machine', 'learning', 'model', 'how', 'machine', 'learning', 'based', 'work', 'topics', 'presented', 'work', 'will', 'allow', 'microbiologists', 'grasp', 'potential', 'machine', 'learning', 'asnicar', 'am', 'thomas', 'passerini', 'nature', 'reviews', '2024', '2026', '07', '11t12', '02', '43', '52782', '00', '00', 'metadata', 'only', 'machine', 'learning', '10', '1038', 's41579', '023', '00984', 'closed', 'access']",machine learning microbiologists how evaluate machine learning model how machine learning based work topics presented work will allow microbiologists grasp potential machine learning asnicar am thomas passerini nature reviews 2024 2026 07 11t12 02 43 52782 00 00 metadata only machine learning 10 1038 s41579 023 00984 closed access,2026-07-11T16:46:23.070865+00:00
3,Amnesiac machine learning,"Amnesiac machine learning … It gives EU residents the ability to request deletion of their personal data, including training
records used to train machine learning models. Unfortunately, Deep Neural Network models … L Graves, V Nagisetty, V Ganesh … of the AAAI conference on artificial … 2021 https://ojs.aaai.org/index.php/AAAI/article/view/17371 2026-07-11T12:03:04.060467+00:00 pdf_downloaded https://ojs.aaai.org/index.php/AAAI/article/download/17371/17178 machine learning 10.1609/aaai.v35i13.17371  open_access",amnesiac machine learning it gives eu residents the ability to request deletion of their personal data including training records used to train machine learning models unfortunately deep neural network models l graves v nagisetty v ganesh of the aaai conference on artificial 2021 2026 07 11t12 03 04 060467 00 00 pdf downloaded machine learning 10 1609 aaai v35i13 17371 open access,"['amnesiac', 'machine', 'learning', 'it', 'gives', 'eu', 'residents', 'the', 'ability', 'to', 'request', 'deletion', 'of', 'their', 'personal', 'data', 'including', 'training', 'records', 'used', 'to', 'train', 'machine', 'learning', 'models', 'unfortunately', 'deep', 'neural', 'network', 'models', 'l', 'graves', 'v', 'nagisetty', 'v', 'ganesh', 'of', 'the', 'aaai', 'conference', 'on', 'artificial', '2021', '2026', '07', '11t12', '03', '04', '060467', '00', '00', 'pdf', 'downloaded', 'machine', 'learning', '10', '1609', 'aaai', 'v35i13', '17371', 'open', 'access']","['amnesiac', 'machine', 'learning', 'gives', 'eu', 'residents', 'ability', 'request', 'deletion', 'their', 'personal', 'data', 'including', 'training', 'records', 'used', 'train', 'machine', 'learning', 'models', 'unfortunately', 'deep', 'neural', 'network', 'models', 'graves', 'nagisetty', 'ganesh', 'aaai', 'conference', 'artificial', '2021', '2026', '07', '11t12', '03', '04', '060467', '00', '00', 'pdf', 'downloaded', 'machine', 'learning', '10', '1609', 'aaai', 'v35i13', '17371', 'open', 'access']","['amnesiac', 'machine', 'learning', 'gives', 'eu', 'residents', 'ability', 'request', 'deletion', 'their', 'personal', 'data', 'including', 'training', 'records', 'used', 'train', 'machine', 'learning', 'models', 'unfortunately', 'deep', 'neural', 'network', 'models', 'graves', 'nagisetty', 'ganesh', 'aaai', 'conference', 'artificial', '2021', '2026', '07', '11t12', '03', '04', '060467', '00', '00', 'pdf', 'downloaded', 'machine', 'learning', '10', '1609', 'aaai', 'v35i13', '17371', 'open', 'access']",amnesiac machine learning gives eu residents ability request deletion their personal data including training records used train machine learning models unfortunately deep neural network models graves nagisetty ganesh aaai conference artificial 2021 2026 07 11t12 03 04 060467 00 00 pdf downloaded machine learning 10 1609 aaai v35i13 17371 open access,2026-07-11T16:46:23.070865+00:00
4,Designing nanotheranostics with machine learning,"Designing nanotheranostics with machine learning … As a key branch of artificial intelligence, machine learning (ML) provides a set of tools
capable of performing time-consuming and result-perception tasks, thus offering unique … L Rao, Y Yuan, X Shen, G Yu, X Chen Nature Nanotechnology 2024 https://www.nature.com/articles/s41565-024-01753-8 2026-07-11T12:03:17.265274+00:00 metadata_only https://www.nature.com/articles/s41565-024-01753-8.pdf machine learning 10.1038/s41565-024-01753-8  closed_access",designing nanotheranostics with machine learning as a key branch of artificial intelligence machine learning ml provides a set of tools capable of performing time consuming and result perception tasks thus offering unique l rao y yuan x shen g yu x chen nature nanotechnology 2024 2026 07 11t12 03 17 265274 00 00 metadata only machine learning 10 1038 s41565 024 01753 8 closed access,"['designing', 'nanotheranostics', 'with', 'machine', 'learning', 'as', 'a', 'key', 'branch', 'of', 'artificial', 'intelligence', 'machine', 'learning', 'ml', 'provides', 'a', 'set', 'of', 'tools', 'capable', 'of', 'performing', 'time', 'consuming', 'and', 'result', 'perception', 'tasks', 'thus', 'offering', 'unique', 'l', 'rao', 'y', 'yuan', 'x', 'shen', 'g', 'yu', 'x', 'chen', 'nature', 'nanotechnology', '2024', '2026', '07', '11t12', '03', '17', '265274', '00', '00', 'metadata', 'only', 'machine', 'learning', '10', '1038', 's41565', '024', '01753', '8', 'closed', 'access']","['designing', 'nanotheranostics', 'machine', 'learning', 'key', 'branch', 'artificial', 'intelligence', 'machine', 'learning', 'ml', 'provides', 'set', 'tools', 'capable', 'performing', 'time', 'consuming', 'result', 'perception', 'tasks', 'thus', 'offering', 'unique', 'rao', 'yuan', 'shen', 'yu', 'chen', 'nature', 'nanotechnology', '2024', '2026', '07', '11t12', '03', '17', '265274', '00', '00', 'metadata', 'only', 'machine', 'learning', '10', '1038', 's41565', '024', '01753', 'closed', 'access']","['designing', 'nanotheranostics', 'machine', 'learning', 'key', 'branch', 'artificial', 'intelligence', 'machine', 'learning', 'ml', 'provides', 'set', 'tools', 'capable', 'performing', 'time', 'consuming', 'result', 'perception', 'tasks', 'thus', 'offering', 'unique', 'rao', 'yuan', 'shen', 'yu', 'chen', 'nature', 'nanotechnology', '2024', '2026', '07', '11t12', '03', '17', '265274', '00', '00', 'metadata', 'only', 'machine', 'learning', '10', '1038', 's41565', '024', '01753', 'closed', 'access']",designing nanotheranostics machine learning key branch artificial intelligence machine learning ml provides set tools capable performing time consuming result perception tasks thus offering unique rao yuan shen yu chen nature nanotechnology 2024 2026 07 11t12 03 17 265274 00 00 metadata only machine learning 10 1038 s41565 024 01753 closed access,2026-07-11T16:46:23.070865+00:00
5,A guide to machine learning for biologists,"A guide to machine learning for biologists … A machine learning task is an objective specification for what we want a machine learning
model to accomplish. For example, for an experiment investigating the expression of genes … JG Greener, SM Kandathil, L Moffat… Nature reviews Molecular … 2022 https://www.nature.com/articles/s41580-021-00407-0 2026-07-11T12:03:31.911043+00:00 metadata_only https://www.nature.com/articles/s41580-021-00407-0.pdf machine learning 10.1038/s41580-021-00407-0  closed_access",a guide to machine learning for biologists a machine learning task is an objective specification for what we want a machine learning model to accomplish for example for an experiment investigating the expression of genes jg greener sm kandathil l moffat nature reviews molecular 2022 2026 07 11t12 03 31 911043 00 00 metadata only machine learning 10 1038 s41580 021 00407 0 closed access,"['a', 'guide', 'to', 'machine', 'learning', 'for', 'biologists', 'a', 'machine', 'learning', 'task', 'is', 'an', 'objective', 'specification', 'for', 'what', 'we', 'want', 'a', 'machine', 'learning', 'model', 'to', 'accomplish', 'for', 'example', 'for', 'an', 'experiment', 'investigating', 'the', 'expression', 'of', 'genes', 'jg', 'greener', 'sm', 'kandathil', 'l', 'moffat', 'nature', 'reviews', 'molecular', '2022', '2026', '07', '11t12', '03', '31', '911043', '00', '00', 'metadata', 'only', 'machine', 'learning', '10', '1038', 's41580', '021', '00407', '0', 'closed', 'access']","['guide', 'machine', 'learning', 'biologists', 'machine', 'learning', 'task', 'objective', 'specification', 'what', 'we', 'want', 'machine', 'learning', 'model', 'accomplish', 'example', 'experiment', 'investigating', 'expression', 'genes', 'jg', 'greener', 'sm', 'kandathil', 'moffat', 'nature', 'reviews', 'molecular', '2022', '2026', '07', '11t12', '03', '31', '911043', '00', '00', 'metadata', 'only', 'machine', 'learning', '10', '1038', 's41580', '021', '00407', 'closed', 'access']","['guide', 'machine', 'learning', 'biologists', 'machine', 'learning', 'task', 'objective', 'specification', 'what', 'we', 'want', 'machine', 'learning', 'model', 'accomplish', 'example', 'experiment', 'investigating', 'expression', 'genes', 'jg', 'greener', 'sm', 'kandathil', 'moffat', 'nature', 'reviews', 'molecular', '2022', '2026', '07', '11t12', '03', '31', '911043', '00', '00', 'metadata', 'only', 'machine', 'learning', '10', '1038', 's41580', '021', '00407', 'closed', 'access']",guide machine learning biologists machine learning task objective specification what we want machine learning model accomplish example experiment investigating expression genes jg greener sm kandathil moffat nature reviews molecular 2022 2026 07 11t12 03 31 911043 00 00 metadata only machine learning 10 1038 s41580 021 00407 closed access,2026-07-11T16:46:23.070865+00:00
6,Machine learning and deep learning: C. Janiesch et al.,"Machine learning and deep learning: C. Janiesch et al. … Deep learning is a machine learning concept based on … , deep learning models outperform
shallow machine learning … fundamentals of machine learning and deep learning to generate … C Janiesch, P Zschech, K Heinrich Electronic markets 2021 https://link.springer.com/article/10.1007/s12525-021-00475-2 2026-07-11T12:03:44.503151+00:00 pdf_downloaded https://link.springer.com/content/pdf/10.1007/s12525-021-00475-2.pdf machine learning 10.1007/s12525-021-00475-2 10.1007/s12525-021-00475-2 open_access",machine learning and deep learning c janiesch et al deep learning is a machine learning concept based on deep learning models outperform shallow machine learning fundamentals of machine learning and deep learning to generate c janiesch p zschech k heinrich electronic markets 2021 2026 07 11t12 03 44 503151 00 00 pdf downloaded machine learning 10 1007 s12525 021 00475 2 10 1007 s12525 021 00475 2 open access,"['machine', 'learning', 'and', 'deep', 'learning', 'c', 'janiesch', 'et', 'al', 'deep', 'learning', 'is', 'a', 'machine', 'learning', 'concept', 'based', 'on', 'deep', 'learning', 'models', 'outperform', 'shallow', 'machine', 'learning', 'fundamentals', 'of', 'machine', 'learning', 'and', 'deep', 'learning', 'to', 'generate', 'c', 'janiesch', 'p', 'zschech', 'k', 'heinrich', 'electronic', 'markets', '2021', '2026', '07', '11t12', '03', '44', '503151', '00', '00', 'pdf', 'downloaded', 'machine', 'learning', '10', '1007', 's12525', '021', '00475', '2', '10', '1007', 's12525', '021', '00475', '2', 'open', 'access']","['machine', 'learning', 'deep', 'learning', 'janiesch', 'et', 'al', 'deep', 'learning', 'machine', 'learning', 'concept', 'based', 'deep', 'learning', 'models', 'outperform', 'shallow', 'machine', 'learning', 'fundamentals', 'machine', 'learning', 'deep', 'learning', 'generate', 'janiesch', 'zschech', 'heinrich', 'electronic', 'markets', '2021', '2026', '07', '11t12', '03', '44', '503151', '00', '00', 'pdf', 'downloaded', 'machine', 'learning', '10', '1007', 's12525', '021', '00475', '10', '1007', 's12525', '021', '00475', 'open', 'access']","['machine', 'learning', 'deep', 'learning', 'janiesch', 'et', 'al', 'deep', 'learning', 'machine', 'learning', 'concept', 'based', 'deep', 'learning', 'models', 'outperform', 'shallow', 'machine', 'learning', 'fundamentals', 'machine', 'learning', 'deep', 'learning', 'generate', 'janiesch', 'zschech', 'heinrich', 'electronic', 'markets', '2021', '2026', '07', '11t12', '03', '44', '503151', '00', '00', 'pdf', 'downloaded', 'machine', 'learning', '10', '1007', 's12525', '021', '00475', '10', '1007', 's12525', '021', '00475', 'open', 'access']",machine learning deep learning janiesch et al deep learning machine learning concept based deep learning models outperform shallow machine learning fundamentals machine learning deep learning generate janiesch zschech heinrich electronic markets 2021 2026 07 11t12 03 44 503151 00 00 pdf downloaded machine learning 10 1007 s12525 021 00475 10 1007 s12525 021 00475 open access,2026-07-11T16:46:23.070865+00:00
7,Financial machine learning,"Financial machine learning … We survey the nascent literature on machine learning in the study of financial markets. We
… in grasping machine learning tools, as well as for statisticians and machine learners seeking … B Kelly, D Xiu Foundations and Trends® in Finance 2023 https://www.emerald.com/ftfin/article/13/3-4/205/1324290 2026-07-11T12:04:40.497422+00:00 pdf_downloaded https://www.nber.org/system/files/working_papers/w31502/w31502.pdf machine learning 10.1561/500000064  open_access",financial machine learning we survey the nascent literature on machine learning in the study of financial markets we in grasping machine learning tools as well as for statisticians and machine learners seeking b kelly d xiu foundations and trends in finance 2023 2026 07 11t12 04 40 497422 00 00 pdf downloaded machine learning 10 1561 500000064 open access,"['financial', 'machine', 'learning', 'we', 'survey', 'the', 'nascent', 'literature', 'on', 'machine', 'learning', 'in', 'the', 'study', 'of', 'financial', 'markets', 'we', 'in', 'grasping', 'machine', 'learning', 'tools', 'as', 'well', 'as', 'for', 'statisticians', 'and', 'machine', 'learners', 'seeking', 'b', 'kelly', 'd', 'xiu', 'foundations', 'and', 'trends', 'in', 'finance', '2023', '2026', '07', '11t12', '04', '40', '497422', '00', '00', 'pdf', 'downloaded', 'machine', 'learning', '10', '1561', '500000064', 'open', 'access']","['financial', 'machine', 'learning', 'we', 'survey', 'nascent', 'literature', 'machine', 'learning', 'study', 'financial', 'markets', 'we', 'grasping', 'machine', 'learning', 'tools', 'well', 'statisticians', 'machine', 'learners', 'seeking', 'kelly', 'xiu', 'foundations', 'trends', 'finance', '2023', '2026', '07', '11t12', '04', '40', '497422', '00', '00', 'pdf', 'downloaded', 'machine', 'learning', '10', '1561', '500000064', 'open', 'access']","['financial', 'machine', 'learning', 'we', 'survey', 'nascent', 'literature', 'machine', 'learning', 'study', 'financial', 'markets', 'we', 'grasping', 'machine', 'learning', 'tools', 'well', 'statisticians', 'machine', 'learners', 'seeking', 'kelly', 'xiu', 'foundations', 'trends', 'finance', '2023', '2026', '07', '11t12', '04', '40', '497422', '00', '00', 'pdf', 'downloaded', 'machine', 'learning', '10', '1561', '500000064', 'open', 'access']",financial machine learning we survey nascent literature machine learning study financial markets we grasping machine learning tools well statisticians machine learners seeking kelly xiu foundations trends finance 2023 2026 07 11t12 04 40 497422 00 00 pdf downloaded machine learning 10 1561 500000064 open access,2026-07-11T16:46:23.070865+00:00
8,Open-environment machine learning,"Open-environment machine learning … open learning or open ML for short. Note that the name ‘open-world machine learning’ was
used to refer to machine learning with unseen class [1] or outof-distribution (OOD) data [2]. In … ZH Zhou National Science Review 2022 https://academic.oup.com/nsr/article-pdf/doi/10.1093/nsr/nwac123/45957092/nwac123.pdf 2026-07-11T12:04:43.918574+00:00 metadata_only https://doi.org/10.1093/nsr/nwac123/45957092/nwac123.pdf machine learning 10.1093/nsr/nwac123/45957092/nwac123.pdf  closed_access",open environment machine learning open learning or open ml for short note that the name open world machine learning was used to refer to machine learning with unseen class 1 or outof distribution ood data 2 in zh zhou national science review 2022 2026 07 11t12 04 43 918574 00 00 metadata only machine learning 10 1093 nsr nwac123 45957092 nwac123 pdf closed access,"['open', 'environment', 'machine', 'learning', 'open', 'learning', 'or', 'open', 'ml', 'for', 'short', 'note', 'that', 'the', 'name', 'open', 'world', 'machine', 'learning', 'was', 'used', 'to', 'refer', 'to', 'machine', 'learning', 'with', 'unseen', 'class', '1', 'or', 'outof', 'distribution', 'ood', 'data', '2', 'in', 'zh', 'zhou', 'national', 'science', 'review', '2022', '2026', '07', '11t12', '04', '43', '918574', '00', '00', 'metadata', 'only', 'machine', 'learning', '10', '1093', 'nsr', 'nwac123', '45957092', 'nwac123', 'pdf', 'closed', 'access']","['open', 'environment', 'machine', 'learning', 'open', 'learning', 'open', 'ml', 'short', 'note', 'name', 'open', 'world', 'machine', 'learning', 'used', 'refer', 'machine', 'learning', 'unseen', 'class', 'outof', 'distribution', 'ood', 'data', 'zh', 'zhou', 'national', 'science', 'review', '2022', '2026', '07', '11t12', '04', '43', '918574', '00', '00', 'metadata', 'only', 'machine', 'learning', '10', '1093', 'nsr', 'nwac123', '45957092', 'nwac123', 'pdf', 'closed', 'access']","['open', 'environment', 'machine', 'learning', 'open', 'learning', 'open', 'ml', 'short', 'note', 'name', 'open', 'world', 'machine', 'learning', 'used', 'refer', 'machine', 'learning', 'unseen', 'class', 'outof', 'distribution', 'ood', 'data', 'zh', 'zhou', 'national', 'science', 'review', '2022', '2026', '07', '11t12', '04', '43', '918574', '00', '00', 'metadata', 'only', 'machine', 'learning', '10', '1093', 'nsr', 'nwac123', '45957092', 'nwac123', 'pdf', 'closed', 'access']",open environment machine learning open learning open ml short note name open world machine learning used refer machine learning unseen class outof distribution ood data zh zhou national science review 2022 2026 07 11t12 04 43 918574 00 00 metadata only machine learning 10 1093 nsr nwac123 45957092 nwac123 pdf closed access,2026-07-11T16:46:23.070865+00:00
9,Using machine learning to detect misstatements,"Using machine learning to detect misstatements … Intuitively, a machine learning algorithm can be taught to … Machine learning algorithms
capture the relationship … We also examine a number of alternative machine learning approaches … J Bertomeu, E Cheynel, E Floyd, W Pan Review of Accounting Studies 2021 https://link.springer.com/article/10.1007/s11142-020-09563-8 2026-07-11T12:05:00.078544+00:00 metadata_only https://link.springer.com/content/pdf/10.1007/s11142-020-09563-8.pdf machine learning 10.1007/s11142-020-09563-8  closed_access",using machine learning to detect misstatements intuitively a machine learning algorithm can be taught to machine learning algorithms capture the relationship we also examine a number of alternative machine learning approaches j bertomeu e cheynel e floyd w pan review of accounting studies 2021 2026 07 11t12 05 00 078544 00 00 metadata only machine learning 10 1007 s11142 020 09563 8 closed access,"['using', 'machine', 'learning', 'to', 'detect', 'misstatements', 'intuitively', 'a', 'machine', 'learning', 'algorithm', 'can', 'be', 'taught', 'to', 'machine', 'learning', 'algorithms', 'capture', 'the', 'relationship', 'we', 'also', 'examine', 'a', 'number', 'of', 'alternative', 'machine', 'learning', 'approaches', 'j', 'bertomeu', 'e', 'cheynel', 'e', 'floyd', 'w', 'pan', 'review', 'of', 'accounting', 'studies', '2021', '2026', '07', '11t12', '05', '00', '078544', '00', '00', 'metadata', 'only', 'machine', 'learning', '10', '1007', 's11142', '020', '09563', '8', 'closed', 'access']","['using', 'machine', 'learning', 'detect', 'misstatements', 'intuitively', 'machine', 'learning', 'algorithm', 'can', 'taught', 'machine', 'learning', 'algorithms', 'capture', 'relationship', 'we', 'also', 'examine', 'number', 'alternative', 'machine', 'learning', 'approaches', 'bertomeu', 'cheynel', 'floyd', 'pan', 'review', 'accounting', 'studies', '2021', '2026', '07', '11t12', '05', '00', '078544', '00', '00', 'metadata', 'only', 'machine', 'learning', '10', '1007', 's11142', '020', '09563', 'closed', 'access']","['using', 'machine', 'learning', 'detect', 'misstatements', 'intuitively', 'machine', 'learning', 'algorithm', 'can', 'taught', 'machine', 'learning', 'algorithms', 'capture', 'relationship', 'we', 'also', 'examine', 'number', 'alternative', 'machine', 'learning', 'approaches', 'bertomeu', 'cheynel', 'floyd', 'pan', 'review', 'accounting', 'studies', '2021', '2026', '07', '11t12', '05', '00', '078544', '00', '00', 'metadata', 'only', 'machine', 'learning', '10', '1007', 's11142', '020', '09563', 'closed', 'access']",using machine learning detect misstatements intuitively machine learning algorithm can taught machine learning algorithms capture relationship we also examine number alternative machine learning approaches bertomeu cheynel floyd pan review accounting studies 2021 2026 07 11t12 05 00 078544 00 00 metadata only machine learning 10 1007 s11142 020 09563 closed access,2026-07-11T16:46:23.070865+00:00
10,A survey on the explainability of supervised machine learning,"A survey on the explainability of supervised machine learning … In the following sections, we structure the area of explainable supervised machine learning.
First, we describe the problem definitions and dimensions. Next, we introduce interpretable … N Burkart, MF Huber Journal of Artificial Intelligence Research 2021 https://www.jair.org/index.php/jair/article/view/12228 2026-07-11T12:05:22.351516+00:00 pdf_downloaded https://jair.org/index.php/jair/article/download/12228/26647 machine learning 10.1613/jair.1.12228  open_access",a survey on the explainability of supervised machine learning in the following sections we structure the area of explainable supervised machine learning first we describe the problem definitions and dimensions next we introduce interpretable n burkart mf huber journal of artificial intelligence research 2021 2026 07 11t12 05 22 351516 00 00 pdf downloaded machine learning 10 1613 jair 1 12228 open access,"['a', 'survey', 'on', 'the', 'explainability', 'of', 'supervised', 'machine', 'learning', 'in', 'the', 'following', 'sections', 'we', 'structure', 'the', 'area', 'of', 'explainable', 'supervised', 'machine', 'learning', 'first', 'we', 'describe', 'the', 'problem', 'definitions', 'and', 'dimensions', 'next', 'we', 'introduce', 'interpretable', 'n', 'burkart', 'mf', 'huber', 'journal', 'of', 'artificial', 'intelligence', 'research', '2021', '2026', '07', '11t12', '05', '22', '351516', '00', '00', 'pdf', 'downloaded', 'machine', 'learning', '10', '1613', 'jair', '1', '12228', 'open', 'access']","['survey', 'explainability', 'supervised', 'machine', 'learning', 'following', 'sections', 'we', 'structure', 'area', 'explainable', 'supervised', 'machine', 'learning', 'first', 'we', 'describe', 'problem', 'definitions', 'dimensions', 'next', 'we', 'introduce', 'interpretable', 'burkart', 'mf', 'huber', 'journal', 'artificial', 'intelligence', 'research', '2021', '2026', '07', '11t12', '05', '22', '351516', '00', '00', 'pdf', 'downloaded', 'machine', 'learning', '10', '1613', 'jair', '12228', 'open', 'access']","['survey', 'explainability', 'supervised', 'machine', 'learning', 'following', 'sections', 'we', 'structure', 'area', 'explainable', 'supervised', 'machine', 'learning', 'first', 'we', 'describe', 'problem', 'definitions', 'dimensions', 'next', 'we', 'introduce', 'interpretable', 'burkart', 'mf', 'huber', 'journal', 'artificial', 'intelligence', 'research', '2021', '2026', '07', '11t12', '05', '22', '351516', '00', '00', 'pdf', 'downloaded', 'machine', 'learning', '10', '1613', 'jair', '12228', 'open', 'access']",survey explainability supervised machine learning following sections we structure area explainable supervised machine learning first we describe problem definitions dimensions next we introduce interpretable burkart mf huber journal artificial intelligence research 2021 2026 07 11t12 05 22 351516 00 00 pdf downloaded machine learning 10 1613 jair 12228 open access,2026-07-11T16:46:23.070865+00:00
11,Challenges in deploying machine learning: a survey of case studies,"Challenges in deploying machine learning: a survey of case studies … This survey reviews published reports of deploying machine learning … of the machine
learning deployment workflow. By mapping found challenges to the steps of the machine learning … A Paleyes, RG Urma, ND Lawrence ACM computing surveys 2022 https://dl.acm.org/doi/abs/10.1145/3533378 2026-07-11T12:05:23.732327+00:00 metadata_only https://dl.acm.org/doi/pdf/10.1145/3533378 machine learning 10.1145/3533378  closed_access",challenges in deploying machine learning a survey of case studies this survey reviews published reports of deploying machine learning of the machine learning deployment workflow by mapping found challenges to the steps of the machine learning a paleyes rg urma nd lawrence acm computing surveys 2022 2026 07 11t12 05 23 732327 00 00 metadata only machine learning 10 1145 3533378 closed access,"['challenges', 'in', 'deploying', 'machine', 'learning', 'a', 'survey', 'of', 'case', 'studies', 'this', 'survey', 'reviews', 'published', 'reports', 'of', 'deploying', 'machine', 'learning', 'of', 'the', 'machine', 'learning', 'deployment', 'workflow', 'by', 'mapping', 'found', 'challenges', 'to', 'the', 'steps', 'of', 'the', 'machine', 'learning', 'a', 'paleyes', 'rg', 'urma', 'nd', 'lawrence', 'acm', 'computing', 'surveys', '2022', '2026', '07', '11t12', '05', '23', '732327', '00', '00', 'metadata', 'only', 'machine', 'learning', '10', '1145', '3533378', 'closed', 'access']","['challenges', 'deploying', 'machine', 'learning', 'survey', 'case', 'studies', 'survey', 'reviews', 'published', 'reports', 'deploying', 'machine', 'learning', 'machine', 'learning', 'deployment', 'workflow', 'mapping', 'found', 'challenges', 'steps', 'machine', 'learning', 'paleyes', 'rg', 'urma', 'nd', 'lawrence', 'acm', 'computing', 'surveys', '2022', '2026', '07', '11t12', '05', '23', '732327', '00', '00', 'metadata', 'only', 'machine', 'learning', '10', '1145', '3533378', 'closed', 'access']","['challenges', 'deploying', 'machine', 'learning', 'survey', 'case', 'studies', 'survey', 'reviews', 'published', 'reports', 'deploying', 'machine', 'learning', 'machine', 'learning', 'deployment', 'workflow', 'mapping', 'found', 'challenges', 'steps', 'machine', 'learning', 'paleyes', 'rg', 'urma', 'nd', 'lawrence', 'acm', 'computing', 'surveys', '2022', '2026', '07', '11t12', '05', '23', '732327', '00', '00', 'metadata', 'only', 'machine', 'learning', '10', '1145', '3533378', 'closed', 'access']",challenges deploying machine learning survey case studies survey reviews published reports deploying machine learning machine learning deployment workflow mapping found challenges steps machine learning paleyes rg urma nd lawrence acm computing surveys 2022 2026 07 11t12 05 23 732327 00 00 metadata only machine learning 10 1145 3533378 closed access,2026-07-11T16:46:23.070865+00:00
12,"Machine learning operations (mlops): Overview, definition, and architecture","Machine learning operations (mlops): Overview, definition, and architecture … ABSTRACT The final goal of all industrial machine learning (ML) projects is to develop
ML … The paradigm of Machine Learning Operations (MLOps) addresses this issue. MLOps … D Kreuzberger, N Kühl, S Hirschl IEEE access 2023 https://ieeexplore.ieee.org/abstract/document/10081336/ 2026-07-11T12:05:37.057473+00:00 metadata_only https://ieeexplore.ieee.org/iel7/6287639/6514899/10081336.pdf machine learning 10.1109/access.2023.3262138  closed_access",machine learning operations mlops overview definition and architecture abstract the final goal of all industrial machine learning ml projects is to develop ml the paradigm of machine learning operations mlops addresses this issue mlops d kreuzberger n k hl s hirschl ieee access 2023 2026 07 11t12 05 37 057473 00 00 metadata only machine learning 10 1109 access 2023 3262138 closed access,"['machine', 'learning', 'operations', 'mlops', 'overview', 'definition', 'and', 'architecture', 'abstract', 'the', 'final', 'goal', 'of', 'all', 'industrial', 'machine', 'learning', 'ml', 'projects', 'is', 'to', 'develop', 'ml', 'the', 'paradigm', 'of', 'machine', 'learning', 'operations', 'mlops', 'addresses', 'this', 'issue', 'mlops', 'd', 'kreuzberger', 'n', 'k', 'hl', 's', 'hirschl', 'ieee', 'access', '2023', '2026', '07', '11t12', '05', '37', '057473', '00', '00', 'metadata', 'only', 'machine', 'learning', '10', '1109', 'access', '2023', '3262138', 'closed', 'access']","['machine', 'learning', 'operations', 'mlops', 'overview', 'definition', 'architecture', 'abstract', 'final', 'goal', 'all', 'industrial', 'machine', 'learning', 'ml', 'projects', 'develop', 'ml', 'paradigm', 'machine', 'learning', 'operations', 'mlops', 'addresses', 'issue', 'mlops', 'kreuzberger', 'hl', 'hirschl', 'ieee', 'access', '2023', '2026', '07', '11t12', '05', '37', '057473', '00', '00', 'metadata', 'only', 'machine', 'learning', '10', '1109', 'access', '2023', '3262138', 'closed', 'access']","['machine', 'learning', 'operations', 'mlops', 'overview', 'definition', 'architecture', 'abstract', 'final', 'goal', 'all', 'industrial', 'machine', 'learning', 'ml', 'projects', 'develop', 'ml', 'paradigm', 'machine', 'learning', 'operations', 'mlops', 'addresses', 'issue', 'mlops', 'kreuzberger', 'hl', 'hirschl', 'ieee', 'access', '2023', '2026', '07', '11t12', '05', '37', '057473', '00', '00', 'metadata', 'only', 'machine', 'learning', '10', '1109', 'access', '2023', '3262138', 'closed', 'access']",machine learning operations mlops overview definition architecture abstract final goal all industrial machine learning ml projects develop ml paradigm machine learning operations mlops addresses issue mlops kreuzberger hl hirschl ieee access 2023 2026 07 11t12 05 37 057473 00 00 metadata only machine learning 10 1109 access 2023 3262138 closed access,2026-07-11T16:46:23.070865+00:00
13,A survey on dataset quality in machine learning,"A survey on dataset quality in machine learning … of dataset quality in machine learning, including the definition of … of machine learning,
which can help improve the accuracy, efficiency, and generalization ability of machine learning … Y Gong, G Liu, Y Xue, R Li, L Meng Information and Software Technology 2023 https://www.sciencedirect.com/science/article/pii/S0950584923001222 2026-07-11T12:05:42.579588+00:00 metadata_only https://www.sciencedirect.com/science/article/pii/S0950584923001222 machine learning 10.1016/j.infsof.2023.107268  closed_access",a survey on dataset quality in machine learning of dataset quality in machine learning including the definition of of machine learning which can help improve the accuracy efficiency and generalization ability of machine learning y gong g liu y xue r li l meng information and software technology 2023 2026 07 11t12 05 42 579588 00 00 metadata only machine learning 10 1016 j infsof 2023 107268 closed access,"['a', 'survey', 'on', 'dataset', 'quality', 'in', 'machine', 'learning', 'of', 'dataset', 'quality', 'in', 'machine', 'learning', 'including', 'the', 'definition', 'of', 'of', 'machine', 'learning', 'which', 'can', 'help', 'improve', 'the', 'accuracy', 'efficiency', 'and', 'generalization', 'ability', 'of', 'machine', 'learning', 'y', 'gong', 'g', 'liu', 'y', 'xue', 'r', 'li', 'l', 'meng', 'information', 'and', 'software', 'technology', '2023', '2026', '07', '11t12', '05', '42', '579588', '00', '00', 'metadata', 'only', 'machine', 'learning', '10', '1016', 'j', 'infsof', '2023', '107268', 'closed', 'access']","['survey', 'dataset', 'quality', 'machine', 'learning', 'dataset', 'quality', 'machine', 'learning', 'including', 'definition', 'machine', 'learning', 'which', 'can', 'help', 'improve', 'accuracy', 'efficiency', 'generalization', 'ability', 'machine', 'learning', 'gong', 'liu', 'xue', 'li', 'meng', 'information', 'software', 'technology', '2023', '2026', '07', '11t12', '05', '42', '579588', '00', '00', 'metadata', 'only', 'machine', 'learning', '10', '1016', 'infsof', '2023', '107268', 'closed', 'access']","['survey', 'dataset', 'quality', 'machine', 'learning', 'dataset', 'quality', 'machine', 'learning', 'including', 'definition', 'machine', 'learning', 'which', 'can', 'help', 'improve', 'accuracy', 'efficiency', 'generalization', 'ability', 'machine', 'learning', 'gong', 'liu', 'xue', 'li', 'meng', 'information', 'software', 'technology', '2023', '2026', '07', '11t12', '05', '42', '579588', '00', '00', 'metadata', 'only', 'machine', 'learning', '10', '1016', 'infsof', '2023', '107268', 'closed', 'access']",survey dataset quality machine learning dataset quality machine learning including definition machine learning which can help improve accuracy efficiency generalization ability machine learning gong liu xue li meng information software technology 2023 2026 07 11t12 05 42 579588 00 00 metadata only machine learning 10 1016 infsof 2023 107268 closed access,2026-07-11T16:46:23.070865+00:00
50,Penerapan Algoritma Machine learning untuk Prediksi Gangguan Kesehatan Mental: Systematic Literature Review,"Penerapan Algoritma Machine learning untuk Prediksi Gangguan Kesehatan Mental: Systematic Literature Review … , pendekatan berbasis teknologi seperti Machine learning (ML) … mengenai penerapan
algoritma machine learning dalam … kesehatan mental menggunakan machine learning. Hasil … C Prianto, RAP Hutabarat JUSTIN (Jurnal Sistem dan … 2025 http://ejurnal.untan.ac.id/index.php/justin/article/view/95911 2026-07-11T12:23:14.361796+00:00 metadata_only  machine learning 10.36787/jti.v19i1.1895  closed_access",penerapan algoritma machine learning untuk prediksi gangguan kesehatan mental systematic literature review pendekatan berbasis teknologi seperti machine learning ml mengenai penerapan algoritma machine learning dalam kesehatan mental menggunakan machine learning hasil c prianto rap hutabarat justin jurnal sistem dan 2025 2026 07 11t12 23 14 361796 00 00 metadata only machine learning 10 36787 jti v19i1 1895 closed access,"['penerapan', 'algoritma', 'machine', 'learning', 'untuk', 'prediksi', 'gangguan', 'kesehatan', 'mental', 'systematic', 'literature', 'review', 'pendekatan', 'berbasis', 'teknologi', 'seperti', 'machine', 'learning', 'ml', 'mengenai', 'penerapan', 'algoritma', 'machine', 'learning', 'dalam', 'kesehatan', 'mental', 'menggunakan', 'machine', 'learning', 'hasil', 'c', 'prianto', 'rap', 'hutabarat', 'justin', 'jurnal', 'sistem', 'dan', '2025', '2026', '07', '11t12', '23', '14', '361796', '00', '00', 'metadata', 'only', 'machine', 'learning', '10', '36787', 'jti', 'v19i1', '1895', 'closed', 'access']","['penerapan', 'algoritma', 'machine', 'learning', 'prediksi', 'gangguan', 'kesehatan', 'mental', 'systematic', 'literature', 'review', 'pendekatan', 'berbasis', 'teknologi', 'seperti', 'machine', 'learning', 'ml', 'mengenai', 'penerapan', 'algoritma', 'machine', 'learning', 'kesehatan', 'mental', 'menggunakan', 'machine', 'learning', 'hasil', 'prianto', 'rap', 'hutabarat', 'justin', 'jurnal', 'sistem', '2025', '2026', '07', '11t12', '23', '14', '361796', '00', '00', 'metadata', 'only', 'machine', 'learning', '10', '36787', 'jti', 'v19i1', '1895', 'closed', 'access']","['terap', 'algoritma', 'machine', 'learning', 'prediksi', 'ganggu', 'sehat', 'mental', 'systematic', 'literature', 'review', 'dekat', 'bas', 'teknologi', 'seperti', 'machine', 'learning', 'ml', 'kena', 'terap', 'algoritma', 'machine', 'learning', 'sehat', 'mental', 'guna', 'machine', 'learning', 'hasil', 'prianto', 'rap', 'hutabarat', 'justin', 'jurnal', 'sistem', '2025', '2026', '07', '11t12', '23', '14', '361796', '00', '00', 'metadata', 'only', 'machine', 'learning', '10', '36787', 'jti', 'v19i1', '1895', 'closed', 'access']",terap algoritma machine learning prediksi ganggu sehat mental systematic literature review dekat bas teknologi seperti machine learning ml kena terap algoritma machine learning sehat mental guna machine learning hasil prianto rap hutabarat justin jurnal sistem 2025 2026 07 11t12 23 14 361796 00 00 metadata only machine learning 10 36787 jti v19i1 1895 closed access,2026-07-11T16:46:23.070865+00:00
14,A review of the application of machine learning in water quality evaluation,"A review of the application of machine learning in water quality evaluation … Additionally, machine learning can provide solutions for water … In this review, we describe
the cases in which machine learning … of machine learning approaches to water environments. … M Zhu, J Wang, X Yang, Y Zhang, L Zhang… Eco-Environment & … 2022 https://www.sciencedirect.com/science/article/pii/S2772985022000163 2026-07-11T12:05:49.24388+00:00 metadata_only https://www.sciencedirect.com/science/article/pii/S2772985022000163 machine learning 10.1016/j.eehl.2022.06.001  closed_access",a review of the application of machine learning in water quality evaluation additionally machine learning can provide solutions for water in this review we describe the cases in which machine learning of machine learning approaches to water environments m zhu j wang x yang y zhang l zhang eco environment 2022 2026 07 11t12 05 49 24388 00 00 metadata only machine learning 10 1016 j eehl 2022 06 001 closed access,"['a', 'review', 'of', 'the', 'application', 'of', 'machine', 'learning', 'in', 'water', 'quality', 'evaluation', 'additionally', 'machine', 'learning', 'can', 'provide', 'solutions', 'for', 'water', 'in', 'this', 'review', 'we', 'describe', 'the', 'cases', 'in', 'which', 'machine', 'learning', 'of', 'machine', 'learning', 'approaches', 'to', 'water', 'environments', 'm', 'zhu', 'j', 'wang', 'x', 'yang', 'y', 'zhang', 'l', 'zhang', 'eco', 'environment', '2022', '2026', '07', '11t12', '05', '49', '24388', '00', '00', 'metadata', 'only', 'machine', 'learning', '10', '1016', 'j', 'eehl', '2022', '06', '001', 'closed', 'access']","['review', 'application', 'machine', 'learning', 'water', 'quality', 'evaluation', 'additionally', 'machine', 'learning', 'can', 'provide', 'solutions', 'water', 'review', 'we', 'describe', 'cases', 'which', 'machine', 'learning', 'machine', 'learning', 'approaches', 'water', 'environments', 'zhu', 'wang', 'zhang', 'zhang', 'eco', 'environment', '2022', '2026', '07', '11t12', '05', '49', '24388', '00', '00', 'metadata', 'only', 'machine', 'learning', '10', '1016', 'eehl', '2022', '06', '001', 'closed', 'access']","['review', 'application', 'machine', 'learning', 'water', 'quality', 'evaluation', 'additionally', 'machine', 'learning', 'can', 'provide', 'solutions', 'water', 'review', 'we', 'describe', 'cases', 'which', 'machine', 'learning', 'machine', 'learning', 'approaches', 'water', 'environments', 'zhu', 'wang', 'zhang', 'zhang', 'eco', 'environment', '2022', '2026', '07', '11t12', '05', '49', '24388', '00', '00', 'metadata', 'only', 'machine', 'learning', '10', '1016', 'eehl', '2022', '06', '001', 'closed', 'access']",review application machine learning water quality evaluation additionally machine learning can provide solutions water review we describe cases which machine learning machine learning approaches water environments zhu wang zhang zhang eco environment 2022 2026 07 11t12 05 49 24388 00 00 metadata only machine learning 10 1016 eehl 2022 06 001 closed access,2026-07-11T16:46:23.070865+00:00
15,Research on machine learning with algorithms and development,"Research on machine learning with algorithms and development … This study provides a relatively systematic introduction to machine learning. Firstly, it … of
machine learning, and then focuses on the analysis of classical algorithms in machine learning. … L Yu, X Zhao, J Huang, H Hu… Journal of Theory and … 2023 https://centurysciencepub.com/index.php/jtpes/article/view/386 2026-07-11T12:05:56.906709+00:00 pdf_downloaded https://centurysciencepub.com/index.php/jtpes/article/download/386/328 machine learning 10.53469/jtpes.2023.03(12).02 10.53469/jtpes.2023.03(12).02 open_access",research on machine learning with algorithms and development this study provides a relatively systematic introduction to machine learning firstly it of machine learning and then focuses on the analysis of classical algorithms in machine learning l yu x zhao j huang h hu journal of theory and 2023 2026 07 11t12 05 56 906709 00 00 pdf downloaded machine learning 10 53469 jtpes 2023 03 12 02 10 53469 jtpes 2023 03 12 02 open access,"['research', 'on', 'machine', 'learning', 'with', 'algorithms', 'and', 'development', 'this', 'study', 'provides', 'a', 'relatively', 'systematic', 'introduction', 'to', 'machine', 'learning', 'firstly', 'it', 'of', 'machine', 'learning', 'and', 'then', 'focuses', 'on', 'the', 'analysis', 'of', 'classical', 'algorithms', 'in', 'machine', 'learning', 'l', 'yu', 'x', 'zhao', 'j', 'huang', 'h', 'hu', 'journal', 'of', 'theory', 'and', '2023', '2026', '07', '11t12', '05', '56', '906709', '00', '00', 'pdf', 'downloaded', 'machine', 'learning', '10', '53469', 'jtpes', '2023', '03', '12', '02', '10', '53469', 'jtpes', '2023', '03', '12', '02', 'open', 'access']","['research', 'machine', 'learning', 'algorithms', 'development', 'study', 'provides', 'relatively', 'systematic', 'introduction', 'machine', 'learning', 'firstly', 'machine', 'learning', 'then', 'focuses', 'analysis', 'classical', 'algorithms', 'machine', 'learning', 'yu', 'zhao', 'huang', 'hu', 'journal', 'theory', '2023', '2026', '07', '11t12', '05', '56', '906709', '00', '00', 'pdf', 'downloaded', 'machine', 'learning', '10', '53469', 'jtpes', '2023', '03', '12', '02', '10', '53469', 'jtpes', '2023', '03', '12', '02', 'open', 'access']","['research', 'machine', 'learning', 'algorithms', 'development', 'study', 'provides', 'relatively', 'systematic', 'introduction', 'machine', 'learning', 'firstly', 'machine', 'learning', 'then', 'focuses', 'analysis', 'classical', 'algorithms', 'machine', 'learning', 'yu', 'zhao', 'huang', 'hu', 'journal', 'theory', '2023', '2026', '07', '11t12', '05', '56', '906709', '00', '00', 'pdf', 'downloaded', 'machine', 'learning', '10', '53469', 'jtpes', '2023', '03', '12', '02', '10', '53469', 'jtpes', '2023', '03', '12', '02', 'open', 'access']",research machine learning algorithms development study provides relatively systematic introduction machine learning firstly machine learning then focuses analysis classical algorithms machine learning yu zhao huang hu journal theory 2023 2026 07 11t12 05 56 906709 00 00 pdf downloaded machine learning 10 53469 jtpes 2023 03 12 02 10 53469 jtpes 2023 03 12 02 open access,2026-07-11T16:46:23.070865+00:00
16,An overview of machine learning classification techniques,"An overview of machine learning classification techniques … statistical learning and pattern recognition, machine learning now … between statistics and
machine learning is evident, with … core of machine learning lies the concept of self-learning, a … AFAH Alnuaimi, THK Albaldawi BIO Web of Conferences 2024 https://www.bio-conferences.org/articles/bioconf/abs/2024/16/bioconf_iscku2024_00133/bioconf_iscku2024_00133.html 2026-07-11T12:06:40.742088+00:00 metadata_only https://www.bio-conferences.org/articles/bioconf/pdf/2024/16/bioconf_iscku2024_00133.pdf machine learning 10.1051/bioconf/20249700133  closed_access",an overview of machine learning classification techniques statistical learning and pattern recognition machine learning now between statistics and machine learning is evident with core of machine learning lies the concept of self learning a afah alnuaimi thk albaldawi bio web of conferences 2024 2026 07 11t12 06 40 742088 00 00 metadata only machine learning 10 1051 bioconf 20249700133 closed access,"['an', 'overview', 'of', 'machine', 'learning', 'classification', 'techniques', 'statistical', 'learning', 'and', 'pattern', 'recognition', 'machine', 'learning', 'now', 'between', 'statistics', 'and', 'machine', 'learning', 'is', 'evident', 'with', 'core', 'of', 'machine', 'learning', 'lies', 'the', 'concept', 'of', 'self', 'learning', 'a', 'afah', 'alnuaimi', 'thk', 'albaldawi', 'bio', 'web', 'of', 'conferences', '2024', '2026', '07', '11t12', '06', '40', '742088', '00', '00', 'metadata', 'only', 'machine', 'learning', '10', '1051', 'bioconf', '20249700133', 'closed', 'access']","['overview', 'machine', 'learning', 'classification', 'techniques', 'statistical', 'learning', 'pattern', 'recognition', 'machine', 'learning', 'now', 'between', 'statistics', 'machine', 'learning', 'evident', 'core', 'machine', 'learning', 'lies', 'concept', 'self', 'learning', 'afah', 'alnuaimi', 'thk', 'albaldawi', 'bio', 'web', 'conferences', '2024', '2026', '07', '11t12', '06', '40', '742088', '00', '00', 'metadata', 'only', 'machine', 'learning', '10', '1051', 'bioconf', '20249700133', 'closed', 'access']","['overview', 'machine', 'learning', 'classification', 'techniques', 'statistical', 'learning', 'pattern', 'recognition', 'machine', 'learning', 'now', 'between', 'statistics', 'machine', 'learning', 'evident', 'core', 'machine', 'learning', 'lies', 'concept', 'self', 'learning', 'afah', 'alnuaimi', 'thk', 'albaldawi', 'bio', 'web', 'conferences', '2024', '2026', '07', '11t12', '06', '40', '742088', '00', '00', 'metadata', 'only', 'machine', 'learning', '10', '1051', 'bioconf', '20249700133', 'closed', 'access']",overview machine learning classification techniques statistical learning pattern recognition machine learning now between statistics machine learning evident core machine learning lies concept self learning afah alnuaimi thk albaldawi bio web conferences 2024 2026 07 11t12 06 40 742088 00 00 metadata only machine learning 10 1051 bioconf 20249700133 closed access,2026-07-11T16:46:23.070865+00:00
17,A systematic review of teaching and learning machine learning in K-12 education,"A systematic review of teaching and learning machine learning in K-12 education … from being a contribution to the field of machine learning education as it systematically
synthesizes research conducted on teaching and learning machine learning at K-12 levels. The … IT Sanusi, SS Oyelere, H Vartiainen, J Suhonen… Education and … 2023 https://link.springer.com/article/10.1007/s10639-022-11416-7 2026-07-11T12:07:13.609518+00:00 pdf_downloaded https://link.springer.com/content/pdf/10.1007/s10639-022-11416-7.pdf machine learning 10.1007/s10639-022-11416-7 10.1007/s10639-022-11416-7 open_access",a systematic review of teaching and learning machine learning in k 12 education from being a contribution to the field of machine learning education as it systematically synthesizes research conducted on teaching and learning machine learning at k 12 levels the it sanusi ss oyelere h vartiainen j suhonen education and 2023 2026 07 11t12 07 13 609518 00 00 pdf downloaded machine learning 10 1007 s10639 022 11416 7 10 1007 s10639 022 11416 7 open access,"['a', 'systematic', 'review', 'of', 'teaching', 'and', 'learning', 'machine', 'learning', 'in', 'k', '12', 'education', 'from', 'being', 'a', 'contribution', 'to', 'the', 'field', 'of', 'machine', 'learning', 'education', 'as', 'it', 'systematically', 'synthesizes', 'research', 'conducted', 'on', 'teaching', 'and', 'learning', 'machine', 'learning', 'at', 'k', '12', 'levels', 'the', 'it', 'sanusi', 'ss', 'oyelere', 'h', 'vartiainen', 'j', 'suhonen', 'education', 'and', '2023', '2026', '07', '11t12', '07', '13', '609518', '00', '00', 'pdf', 'downloaded', 'machine', 'learning', '10', '1007', 's10639', '022', '11416', '7', '10', '1007', 's10639', '022', '11416', '7', 'open', 'access']","['systematic', 'review', 'teaching', 'learning', 'machine', 'learning', '12', 'education', 'being', 'contribution', 'field', 'machine', 'learning', 'education', 'systematically', 'synthesizes', 'research', 'conducted', 'teaching', 'learning', 'machine', 'learning', '12', 'levels', 'sanusi', 'ss', 'oyelere', 'vartiainen', 'suhonen', 'education', '2023', '2026', '07', '11t12', '07', '13', '609518', '00', '00', 'pdf', 'downloaded', 'machine', 'learning', '10', '1007', 's10639', '022', '11416', '10', '1007', 's10639', '022', '11416', 'open', 'access']","['systematic', 'review', 'teaching', 'learning', 'machine', 'learning', '12', 'education', 'being', 'contribution', 'field', 'machine', 'learning', 'education', 'systematically', 'synthesizes', 'research', 'conducted', 'teaching', 'learning', 'machine', 'learning', '12', 'levels', 'sanusi', 'ss', 'oyelere', 'vartiainen', 'suhonen', 'education', '2023', '2026', '07', '11t12', '07', '13', '609518', '00', '00', 'pdf', 'downloaded', 'machine', 'learning', '10', '1007', 's10639', '022', '11416', '10', '1007', 's10639', '022', '11416', 'open', 'access']",systematic review teaching learning machine learning 12 education being contribution field machine learning education systematically synthesizes research conducted teaching learning machine learning 12 levels sanusi ss oyelere vartiainen suhonen education 2023 2026 07 11t12 07 13 609518 00 00 pdf downloaded machine learning 10 1007 s10639 022 11416 10 1007 s10639 022 11416 open access,2026-07-11T16:46:23.070865+00:00
18,A survey of human-in-the-loop for machine learning,"A survey of human-in-the-loop for machine learning … posed by machine learning … machine learning. Human-in-the-loop is an area that we see
as increasingly important in future research due to the knowledge learned by machine learning … X Wu, L Xiao, Y Sun, J Zhang, T Ma, L He Future Generation Computer … 2022 https://www.sciencedirect.com/science/article/pii/S0167739X22001790 2026-07-11T12:07:21.669882+00:00 pdf_downloaded https://arxiv.org/pdf/2108.00941 machine learning 10.1016/j.future.2022.05.014  open_access",a survey of human in the loop for machine learning posed by machine learning machine learning human in the loop is an area that we see as increasingly important in future research due to the knowledge learned by machine learning x wu l xiao y sun j zhang t ma l he future generation computer 2022 2026 07 11t12 07 21 669882 00 00 pdf downloaded machine learning 10 1016 j future 2022 05 014 open access,"['a', 'survey', 'of', 'human', 'in', 'the', 'loop', 'for', 'machine', 'learning', 'posed', 'by', 'machine', 'learning', 'machine', 'learning', 'human', 'in', 'the', 'loop', 'is', 'an', 'area', 'that', 'we', 'see', 'as', 'increasingly', 'important', 'in', 'future', 'research', 'due', 'to', 'the', 'knowledge', 'learned', 'by', 'machine', 'learning', 'x', 'wu', 'l', 'xiao', 'y', 'sun', 'j', 'zhang', 't', 'ma', 'l', 'he', 'future', 'generation', 'computer', '2022', '2026', '07', '11t12', '07', '21', '669882', '00', '00', 'pdf', 'downloaded', 'machine', 'learning', '10', '1016', 'j', 'future', '2022', '05', '014', 'open', 'access']","['survey', 'human', 'loop', 'machine', 'learning', 'posed', 'machine', 'learning', 'machine', 'learning', 'human', 'loop', 'area', 'we', 'see', 'increasingly', 'important', 'future', 'research', 'due', 'knowledge', 'learned', 'machine', 'learning', 'wu', 'xiao', 'sun', 'zhang', 'ma', 'he', 'future', 'generation', 'computer', '2022', '2026', '07', '11t12', '07', '21', '669882', '00', '00', 'pdf', 'downloaded', 'machine', 'learning', '10', '1016', 'future', '2022', '05', '014', 'open', 'access']","['survey', 'human', 'loop', 'machine', 'learning', 'posed', 'machine', 'learning', 'machine', 'learning', 'human', 'loop', 'area', 'we', 'see', 'increasingly', 'important', 'future', 'research', 'due', 'knowledge', 'learned', 'machine', 'learning', 'wu', 'xiao', 'sun', 'zhang', 'ma', 'he', 'future', 'generation', 'computer', '2022', '2026', '07', '11t12', '07', '21', '669882', '00', '00', 'pdf', 'downloaded', 'machine', 'learning', '10', '1016', 'future', '2022', '05', '014', 'open', 'access']",survey human loop machine learning posed machine learning machine learning human loop area we see increasingly important future research due knowledge learned machine learning wu xiao sun zhang ma he future generation computer 2022 2026 07 11t12 07 21 669882 00 00 pdf downloaded machine learning 10 1016 future 2022 05 014 open access,2026-07-11T16:46:23.070865+00:00
19,Machine learning in economics and finance,"Machine learning in economics and finance … Machine Learning (ML) was introduced by Arthur Samuel while working for IBM in 1959, mainly
to describe the pattern recognition tasks that delivered the “learning… of Machine Learning … P Gogas, T Papadimitriou Computational Economics 2021 https://link.springer.com/article/10.1007/S10614-021-10094-W 2026-07-11T12:07:39.930699+00:00 pdf_downloaded https://link.springer.com/content/pdf/10.1007/s10614-021-10094-w.pdf machine learning 10.1007/s10614-021-10094-w 10.1007/s10614-021-10094-w open_access",machine learning in economics and finance machine learning ml was introduced by arthur samuel while working for ibm in 1959 mainly to describe the pattern recognition tasks that delivered the learning of machine learning p gogas t papadimitriou computational economics 2021 2026 07 11t12 07 39 930699 00 00 pdf downloaded machine learning 10 1007 s10614 021 10094 w 10 1007 s10614 021 10094 w open access,"['machine', 'learning', 'in', 'economics', 'and', 'finance', 'machine', 'learning', 'ml', 'was', 'introduced', 'by', 'arthur', 'samuel', 'while', 'working', 'for', 'ibm', 'in', '1959', 'mainly', 'to', 'describe', 'the', 'pattern', 'recognition', 'tasks', 'that', 'delivered', 'the', 'learning', 'of', 'machine', 'learning', 'p', 'gogas', 't', 'papadimitriou', 'computational', 'economics', '2021', '2026', '07', '11t12', '07', '39', '930699', '00', '00', 'pdf', 'downloaded', 'machine', 'learning', '10', '1007', 's10614', '021', '10094', 'w', '10', '1007', 's10614', '021', '10094', 'w', 'open', 'access']","['machine', 'learning', 'economics', 'finance', 'machine', 'learning', 'ml', 'introduced', 'arthur', 'samuel', 'while', 'working', 'ibm', '1959', 'mainly', 'describe', 'pattern', 'recognition', 'tasks', 'delivered', 'learning', 'machine', 'learning', 'gogas', 'papadimitriou', 'computational', 'economics', '2021', '2026', '07', '11t12', '07', '39', '930699', '00', '00', 'pdf', 'downloaded', 'machine', 'learning', '10', '1007', 's10614', '021', '10094', '10', '1007', 's10614', '021', '10094', 'open', 'access']","['machine', 'learning', 'economics', 'finance', 'machine', 'learning', 'ml', 'introduced', 'arthur', 'samuel', 'while', 'working', 'ibm', '1959', 'mainly', 'describe', 'pattern', 'recognition', 'tasks', 'delivered', 'learning', 'machine', 'learning', 'gogas', 'papadimitriou', 'computational', 'economics', '2021', '2026', '07', '11t12', '07', '39', '930699', '00', '00', 'pdf', 'downloaded', 'machine', 'learning', '10', '1007', 's10614', '021', '10094', '10', '1007', 's10614', '021', '10094', 'open', 'access']",machine learning economics finance machine learning ml introduced arthur samuel while working ibm 1959 mainly describe pattern recognition tasks delivered learning machine learning gogas papadimitriou computational economics 2021 2026 07 11t12 07 39 930699 00 00 pdf downloaded machine learning 10 1007 s10614 021 10094 10 1007 s10614 021 10094 open access,2026-07-11T16:46:23.070865+00:00
20,Machine learning and applications in microbiology,"Machine learning and applications in microbiology … Applying machine learning to address biological problems is expected … machine learning
practitioner. These key points are further reinforced with an evaluation of how machine learning … SJ Goodswen, JLN Barratt, PJ Kennedy… FEMS microbiology … 2021 https://academic.oup.com/femsre/article-abstract/45/5/fuab015/6174022 2026-07-11T12:07:43.613613+00:00 metadata_only https://academic.oup.com/femsre/article-pdf/45/5/fuab015/41722961/fuab015.pdf machine learning 10.1093/femsre/fuab015  closed_access",machine learning and applications in microbiology applying machine learning to address biological problems is expected machine learning practitioner these key points are further reinforced with an evaluation of how machine learning sj goodswen jln barratt pj kennedy fems microbiology 2021 2026 07 11t12 07 43 613613 00 00 metadata only machine learning 10 1093 femsre fuab015 closed access,"['machine', 'learning', 'and', 'applications', 'in', 'microbiology', 'applying', 'machine', 'learning', 'to', 'address', 'biological', 'problems', 'is', 'expected', 'machine', 'learning', 'practitioner', 'these', 'key', 'points', 'are', 'further', 'reinforced', 'with', 'an', 'evaluation', 'of', 'how', 'machine', 'learning', 'sj', 'goodswen', 'jln', 'barratt', 'pj', 'kennedy', 'fems', 'microbiology', '2021', '2026', '07', '11t12', '07', '43', '613613', '00', '00', 'metadata', 'only', 'machine', 'learning', '10', '1093', 'femsre', 'fuab015', 'closed', 'access']","['machine', 'learning', 'applications', 'microbiology', 'applying', 'machine', 'learning', 'address', 'biological', 'problems', 'expected', 'machine', 'learning', 'practitioner', 'these', 'key', 'points', 'further', 'reinforced', 'evaluation', 'how', 'machine', 'learning', 'sj', 'goodswen', 'jln', 'barratt', 'pj', 'kennedy', 'fems', 'microbiology', '2021', '2026', '07', '11t12', '07', '43', '613613', '00', '00', 'metadata', 'only', 'machine', 'learning', '10', '1093', 'femsre', 'fuab015', 'closed', 'access']","['machine', 'learning', 'applications', 'microbiology', 'applying', 'machine', 'learning', 'address', 'biological', 'problems', 'expected', 'machine', 'learning', 'practitioner', 'these', 'key', 'points', 'further', 'reinforced', 'evaluation', 'how', 'machine', 'learning', 'sj', 'goodswen', 'jln', 'barratt', 'pj', 'kennedy', 'fems', 'microbiology', '2021', '2026', '07', '11t12', '07', '43', '613613', '00', '00', 'metadata', 'only', 'machine', 'learning', '10', '1093', 'femsre', 'fuab015', 'closed', 'access']",machine learning applications microbiology applying machine learning address biological problems expected machine learning practitioner these key points further reinforced evaluation how machine learning sj goodswen jln barratt pj kennedy fems microbiology 2021 2026 07 11t12 07 43 613613 00 00 metadata only machine learning 10 1093 femsre fuab015 closed access,2026-07-11T16:46:23.070865+00:00
21,OMLT: Optimization & machine learning toolkit,"OMLT: Optimization & machine learning toolkit … The optimization and machine learning toolkit (OMLT) is an open-source software package
… models, which have been trained using machine learning, into larger optimization problems. … F Ceccon, J Jalving, J Haddad, A Thebelt… … of Machine Learning … 2022 http://www.jmlr.org/papers/v23/22-0277.html 2026-07-11T12:08:07.987617+00:00 pdf_downloaded https://www.jmlr.org/papers/volume23/22-0277/22-0277.pdf machine learning 10.2172/2432248  open_access",omlt optimization machine learning toolkit the optimization and machine learning toolkit omlt is an open source software package models which have been trained using machine learning into larger optimization problems f ceccon j jalving j haddad a thebelt of machine learning 2022 2026 07 11t12 08 07 987617 00 00 pdf downloaded machine learning 10 2172 2432248 open access,"['omlt', 'optimization', 'machine', 'learning', 'toolkit', 'the', 'optimization', 'and', 'machine', 'learning', 'toolkit', 'omlt', 'is', 'an', 'open', 'source', 'software', 'package', 'models', 'which', 'have', 'been', 'trained', 'using', 'machine', 'learning', 'into', 'larger', 'optimization', 'problems', 'f', 'ceccon', 'j', 'jalving', 'j', 'haddad', 'a', 'thebelt', 'of', 'machine', 'learning', '2022', '2026', '07', '11t12', '08', '07', '987617', '00', '00', 'pdf', 'downloaded', 'machine', 'learning', '10', '2172', '2432248', 'open', 'access']","['omlt', 'optimization', 'machine', 'learning', 'toolkit', 'optimization', 'machine', 'learning', 'toolkit', 'omlt', 'open', 'source', 'software', 'package', 'models', 'which', 'have', 'been', 'trained', 'using', 'machine', 'learning', 'into', 'larger', 'optimization', 'problems', 'ceccon', 'jalving', 'haddad', 'thebelt', 'machine', 'learning', '2022', '2026', '07', '11t12', '08', '07', '987617', '00', '00', 'pdf', 'downloaded', 'machine', 'learning', '10', '2172', '2432248', 'open', 'access']","['omlt', 'optimization', 'machine', 'learning', 'toolkit', 'optimization', 'machine', 'learning', 'toolkit', 'omlt', 'open', 'source', 'software', 'package', 'models', 'which', 'have', 'been', 'trained', 'using', 'machine', 'learning', 'into', 'larger', 'optimization', 'problems', 'ceccon', 'jalving', 'haddad', 'thebelt', 'machine', 'learning', '2022', '2026', '07', '11t12', '08', '07', '987617', '00', '00', 'pdf', 'downloaded', 'machine', 'learning', '10', '2172', '2432248', 'open', 'access']",omlt optimization machine learning toolkit optimization machine learning toolkit omlt open source software package models which have been trained using machine learning into larger optimization problems ceccon jalving haddad thebelt machine learning 2022 2026 07 11t12 08 07 987617 00 00 pdf downloaded machine learning 10 2172 2432248 open access,2026-07-11T16:46:23.070865+00:00
22,Machine learning in chemical engineering: A perspective,"Machine learning in chemical engineering: A perspective … and application of machine learning with a focus on deep learning and probabilistic models.
… algorithms of statistical machine learning, especially unsupervised deep learning, and its … AM Schweidtmann, E Esche, A Fischer… Chemie Ingenieur … 2021 https://onlinelibrary.wiley.com/doi/abs/10.1002/cite.202100083 2026-07-11T12:08:09.28217+00:00 metadata_only https://onlinelibrary.wiley.com/doi/pdf/10.1002%2Fcite.202100083 machine learning 10.1002/cite.202100083  closed_access",machine learning in chemical engineering a perspective and application of machine learning with a focus on deep learning and probabilistic models algorithms of statistical machine learning especially unsupervised deep learning and its am schweidtmann e esche a fischer chemie ingenieur 2021 2026 07 11t12 08 09 28217 00 00 metadata only machine learning 10 1002 cite 202100083 closed access,"['machine', 'learning', 'in', 'chemical', 'engineering', 'a', 'perspective', 'and', 'application', 'of', 'machine', 'learning', 'with', 'a', 'focus', 'on', 'deep', 'learning', 'and', 'probabilistic', 'models', 'algorithms', 'of', 'statistical', 'machine', 'learning', 'especially', 'unsupervised', 'deep', 'learning', 'and', 'its', 'am', 'schweidtmann', 'e', 'esche', 'a', 'fischer', 'chemie', 'ingenieur', '2021', '2026', '07', '11t12', '08', '09', '28217', '00', '00', 'metadata', 'only', 'machine', 'learning', '10', '1002', 'cite', '202100083', 'closed', 'access']","['machine', 'learning', 'chemical', 'engineering', 'perspective', 'application', 'machine', 'learning', 'focus', 'deep', 'learning', 'probabilistic', 'models', 'algorithms', 'statistical', 'machine', 'learning', 'especially', 'unsupervised', 'deep', 'learning', 'its', 'am', 'schweidtmann', 'esche', 'fischer', 'chemie', 'ingenieur', '2021', '2026', '07', '11t12', '08', '09', '28217', '00', '00', 'metadata', 'only', 'machine', 'learning', '10', '1002', 'cite', '202100083', 'closed', 'access']","['machine', 'learning', 'chemical', 'engineering', 'perspective', 'application', 'machine', 'learning', 'focus', 'deep', 'learning', 'probabilistic', 'models', 'algorithms', 'statistical', 'machine', 'learning', 'especially', 'unsupervised', 'deep', 'learning', 'its', 'am', 'schweidtmann', 'esche', 'fischer', 'chemie', 'ingenieur', '2021', '2026', '07', '11t12', '08', '09', '28217', '00', '00', 'metadata', 'only', 'machine', 'learning', '10', '1002', 'cite', '202100083', 'closed', 'access']",machine learning chemical engineering perspective application machine learning focus deep learning probabilistic models algorithms statistical machine learning especially unsupervised deep learning its am schweidtmann esche fischer chemie ingenieur 2021 2026 07 11t12 08 09 28217 00 00 metadata only machine learning 10 1002 cite 202100083 closed access,2026-07-11T16:46:23.070865+00:00
23,Human-in-the-loop machine learning: a state of the art,"Human-in-the-loop machine learning: a state of the art … Researchers are defining new types of interactions between humans and machine learning
… machine learning (HITL-ML) (Munro 2020). The idea is not only to make machine learning … E Mosqueira-Rey, E Hernández-Pereira… Artificial Intelligence … 2023 https://link.springer.com/article/10.1007/s10462-022-10246-w 2026-07-11T12:08:37.374969+00:00 pdf_downloaded https://link.springer.com/content/pdf/10.1007/s10462-022-10246-w.pdf machine learning 10.1007/s10462-022-10246-w 10.1007/s10462-022-10246-w open_access",human in the loop machine learning a state of the art researchers are defining new types of interactions between humans and machine learning machine learning hitl ml munro 2020 the idea is not only to make machine learning e mosqueira rey e hern ndez pereira artificial intelligence 2023 2026 07 11t12 08 37 374969 00 00 pdf downloaded machine learning 10 1007 s10462 022 10246 w 10 1007 s10462 022 10246 w open access,"['human', 'in', 'the', 'loop', 'machine', 'learning', 'a', 'state', 'of', 'the', 'art', 'researchers', 'are', 'defining', 'new', 'types', 'of', 'interactions', 'between', 'humans', 'and', 'machine', 'learning', 'machine', 'learning', 'hitl', 'ml', 'munro', '2020', 'the', 'idea', 'is', 'not', 'only', 'to', 'make', 'machine', 'learning', 'e', 'mosqueira', 'rey', 'e', 'hern', 'ndez', 'pereira', 'artificial', 'intelligence', '2023', '2026', '07', '11t12', '08', '37', '374969', '00', '00', 'pdf', 'downloaded', 'machine', 'learning', '10', '1007', 's10462', '022', '10246', 'w', '10', '1007', 's10462', '022', '10246', 'w', 'open', 'access']","['human', 'loop', 'machine', 'learning', 'state', 'art', 'researchers', 'defining', 'new', 'types', 'interactions', 'between', 'humans', 'machine', 'learning', 'machine', 'learning', 'hitl', 'ml', 'munro', '2020', 'idea', 'not', 'only', 'make', 'machine', 'learning', 'mosqueira', 'rey', 'hern', 'ndez', 'pereira', 'artificial', 'intelligence', '2023', '2026', '07', '11t12', '08', '37', '374969', '00', '00', 'pdf', 'downloaded', 'machine', 'learning', '10', '1007', 's10462', '022', '10246', '10', '1007', 's10462', '022', '10246', 'open', 'access']","['human', 'loop', 'machine', 'learning', 'state', 'art', 'researchers', 'defining', 'new', 'types', 'interactions', 'between', 'humans', 'machine', 'learning', 'machine', 'learning', 'hitl', 'ml', 'munro', '2020', 'idea', 'not', 'only', 'make', 'machine', 'learning', 'mosqueira', 'rey', 'hern', 'ndez', 'pereira', 'artificial', 'intelligence', '2023', '2026', '07', '11t12', '08', '37', '374969', '00', '00', 'pdf', 'downloaded', 'machine', 'learning', '10', '1007', 's10462', '022', '10246', '10', '1007', 's10462', '022', '10246', 'open', 'access']",human loop machine learning state art researchers defining new types interactions between humans machine learning machine learning hitl ml munro 2020 idea not only make machine learning mosqueira rey hern ndez pereira artificial intelligence 2023 2026 07 11t12 08 37 374969 00 00 pdf downloaded machine learning 10 1007 s10462 022 10246 10 1007 s10462 022 10246 open access,2026-07-11T16:46:23.070865+00:00
24,Causality for machine learning,"Causality for machine learning … for Machine Learning In spite of all recent successes, if we compare what machine learning
… This shortcoming is not too surprising since machine learning often disregards information … B Schölkopf Probabilistic and causal inference: The works of Judea … 2022 https://dl.acm.org/doi/abs/10.1145/3501714.3501755 2026-07-11T12:08:58.4698+00:00 pdf_downloaded https://arxiv.org/pdf/1911.10500 machine learning 10.1145/3501714.3501755  open_access",causality for machine learning for machine learning in spite of all recent successes if we compare what machine learning this shortcoming is not too surprising since machine learning often disregards information b sch lkopf probabilistic and causal inference the works of judea 2022 2026 07 11t12 08 58 4698 00 00 pdf downloaded machine learning 10 1145 3501714 3501755 open access,"['causality', 'for', 'machine', 'learning', 'for', 'machine', 'learning', 'in', 'spite', 'of', 'all', 'recent', 'successes', 'if', 'we', 'compare', 'what', 'machine', 'learning', 'this', 'shortcoming', 'is', 'not', 'too', 'surprising', 'since', 'machine', 'learning', 'often', 'disregards', 'information', 'b', 'sch', 'lkopf', 'probabilistic', 'and', 'causal', 'inference', 'the', 'works', 'of', 'judea', '2022', '2026', '07', '11t12', '08', '58', '4698', '00', '00', 'pdf', 'downloaded', 'machine', 'learning', '10', '1145', '3501714', '3501755', 'open', 'access']","['causality', 'machine', 'learning', 'machine', 'learning', 'spite', 'all', 'recent', 'successes', 'if', 'we', 'compare', 'what', 'machine', 'learning', 'shortcoming', 'not', 'too', 'surprising', 'since', 'machine', 'learning', 'often', 'disregards', 'information', 'sch', 'lkopf', 'probabilistic', 'causal', 'inference', 'works', 'judea', '2022', '2026', '07', '11t12', '08', '58', '4698', '00', '00', 'pdf', 'downloaded', 'machine', 'learning', '10', '1145', '3501714', '3501755', 'open', 'access']","['causality', 'machine', 'learning', 'machine', 'learning', 'spite', 'all', 'recent', 'successes', 'if', 'we', 'compare', 'what', 'machine', 'learning', 'shortcoming', 'not', 'too', 'surprising', 'since', 'machine', 'learning', 'often', 'disregards', 'information', 'sch', 'lkopf', 'probabilistic', 'causal', 'inference', 'works', 'judea', '2022', '2026', '07', '11t12', '08', '58', '4698', '00', '00', 'pdf', 'downloaded', 'machine', 'learning', '10', '1145', '3501714', '3501755', 'open', 'access']",causality machine learning machine learning spite all recent successes if we compare what machine learning shortcoming not too surprising since machine learning often disregards information sch lkopf probabilistic causal inference works judea 2022 2026 07 11t12 08 58 4698 00 00 pdf downloaded machine learning 10 1145 3501714 3501755 open access,2026-07-11T16:46:23.070865+00:00
25,Machine learning: new ideas and tools in environmental science and engineering,"Machine learning: new ideas and tools in environmental science and engineering … Machine learning has the potential to revolutionize data analysis and modeling in the …
shortcomings, challenges, and opportunities for applications of machine learning in the ESE field. … S Zhong, K Zhang, M Bagheri, JG Burken… … science & technology 2021 https://pubs.acs.org/doi/abs/10.1021/acs.est.1c01339 2026-07-11T12:09:27.053286+00:00 metadata_only https://par.nsf.gov/servlets/purl/10289361 machine learning 10.1021/acs.est.1c01339  closed_access",machine learning new ideas and tools in environmental science and engineering machine learning has the potential to revolutionize data analysis and modeling in the shortcomings challenges and opportunities for applications of machine learning in the ese field s zhong k zhang m bagheri jg burken science technology 2021 2026 07 11t12 09 27 053286 00 00 metadata only machine learning 10 1021 acs est 1c01339 closed access,"['machine', 'learning', 'new', 'ideas', 'and', 'tools', 'in', 'environmental', 'science', 'and', 'engineering', 'machine', 'learning', 'has', 'the', 'potential', 'to', 'revolutionize', 'data', 'analysis', 'and', 'modeling', 'in', 'the', 'shortcomings', 'challenges', 'and', 'opportunities', 'for', 'applications', 'of', 'machine', 'learning', 'in', 'the', 'ese', 'field', 's', 'zhong', 'k', 'zhang', 'm', 'bagheri', 'jg', 'burken', 'science', 'technology', '2021', '2026', '07', '11t12', '09', '27', '053286', '00', '00', 'metadata', 'only', 'machine', 'learning', '10', '1021', 'acs', 'est', '1c01339', 'closed', 'access']","['machine', 'learning', 'new', 'ideas', 'tools', 'environmental', 'science', 'engineering', 'machine', 'learning', 'has', 'potential', 'revolutionize', 'data', 'analysis', 'modeling', 'shortcomings', 'challenges', 'opportunities', 'applications', 'machine', 'learning', 'ese', 'field', 'zhong', 'zhang', 'bagheri', 'jg', 'burken', 'science', 'technology', '2021', '2026', '07', '11t12', '09', '27', '053286', '00', '00', 'metadata', 'only', 'machine', 'learning', '10', '1021', 'acs', 'est', '1c01339', 'closed', 'access']","['machine', 'learning', 'new', 'ideas', 'tools', 'environmental', 'science', 'engineering', 'machine', 'learning', 'has', 'potential', 'revolutionize', 'data', 'analysis', 'modeling', 'shortcomings', 'challenges', 'opportunities', 'applications', 'machine', 'learning', 'ese', 'field', 'zhong', 'zhang', 'bagheri', 'jg', 'burken', 'science', 'technology', '2021', '2026', '07', '11t12', '09', '27', '053286', '00', '00', 'metadata', 'only', 'machine', 'learning', '10', '1021', 'acs', 'est', '1c01339', 'closed', 'access']",machine learning new ideas tools environmental science engineering machine learning has potential revolutionize data analysis modeling shortcomings challenges opportunities applications machine learning ese field zhong zhang bagheri jg burken science technology 2021 2026 07 11t12 09 27 053286 00 00 metadata only machine learning 10 1021 acs est 1c01339 closed access,2026-07-11T16:46:23.070865+00:00
26,Penerapan machine learning dalam prediksi tingkat kasus penyakit di Indonesia,"Penerapan machine learning dalam prediksi tingkat kasus penyakit di Indonesia … menjabarkan implementasi machine learning untuk memprediksi … kasus, pengaplikasian
machine learning dengan pemodelan ARIMA … Kemudian, implementasi machine learning untuk … RG Wardhana, G Wang… Journal of Information … 2023 https://jurnal.amikom.ac.id/index.php/joism/article/view/1136 2026-07-11T12:15:42.065712+00:00 pdf_downloaded https://jurnal.amikom.ac.id/index.php/joism/article/download/1136/401 machine learning 10.24076/joism.2023v5i1.1136  open_access",penerapan machine learning dalam prediksi tingkat kasus penyakit di indonesia menjabarkan implementasi machine learning untuk memprediksi kasus pengaplikasian machine learning dengan pemodelan arima kemudian implementasi machine learning untuk rg wardhana g wang journal of information 2023 2026 07 11t12 15 42 065712 00 00 pdf downloaded machine learning 10 24076 joism 2023v5i1 1136 open access,"['penerapan', 'machine', 'learning', 'dalam', 'prediksi', 'tingkat', 'kasus', 'penyakit', 'di', 'indonesia', 'menjabarkan', 'implementasi', 'machine', 'learning', 'untuk', 'memprediksi', 'kasus', 'pengaplikasian', 'machine', 'learning', 'dengan', 'pemodelan', 'arima', 'kemudian', 'implementasi', 'machine', 'learning', 'untuk', 'rg', 'wardhana', 'g', 'wang', 'journal', 'of', 'information', '2023', '2026', '07', '11t12', '15', '42', '065712', '00', '00', 'pdf', 'downloaded', 'machine', 'learning', '10', '24076', 'joism', '2023v5i1', '1136', 'open', 'access']","['penerapan', 'machine', 'learning', 'prediksi', 'tingkat', 'kasus', 'penyakit', 'indonesia', 'menjabarkan', 'implementasi', 'machine', 'learning', 'memprediksi', 'kasus', 'pengaplikasian', 'machine', 'learning', 'pemodelan', 'arima', 'kemudian', 'implementasi', 'machine', 'learning', 'rg', 'wardhana', 'wang', 'journal', 'information', '2023', '2026', '07', '11t12', '15', '42', '065712', '00', '00', 'pdf', 'downloaded', 'machine', 'learning', '10', '24076', 'joism', '2023v5i1', '1136', 'open', 'access']","['terap', 'machine', 'learning', 'prediksi', 'tingkat', 'kasus', 'sakit', 'indonesia', 'jabar', 'implementasi', 'machine', 'learning', 'prediksi', 'kasus', 'aplikasi', 'machine', 'learning', 'model', 'arima', 'kemudian', 'implementasi', 'machine', 'learning', 'rg', 'wardhana', 'wang', 'journal', 'information', '2023', '2026', '07', '11t12', '15', '42', '065712', '00', '00', 'pdf', 'downloaded', 'machine', 'learning', '10', '24076', 'joism', '2023v5i1', '1136', 'open', 'access']",terap machine learning prediksi tingkat kasus sakit indonesia jabar implementasi machine learning prediksi kasus aplikasi machine learning model arima kemudian implementasi machine learning rg wardhana wang journal information 2023 2026 07 11t12 15 42 065712 00 00 pdf downloaded machine learning 10 24076 joism 2023v5i1 1136 open access,2026-07-11T16:46:23.070865+00:00
27,Tinjauan Pustaka Sistematis: Penerapan Metode Machine Learning untuk Deteksi Bencana Banjir,"Tinjauan Pustaka Sistematis: Penerapan Metode Machine Learning untuk Deteksi Bencana Banjir … Machine Learning dapat mempelajari pola data historis yang ada, sehingga dengan
menggunakan metode machine learning … Hasil penelitian menunjukan bahwa Machine Learning … IM Faiza, W Andriani Jurnal Minfo Polgan 2022 https://jurnal.polgan.ac.id/index.php/jmp/article/view/11657 2026-07-11T12:15:52.277043+00:00 pdf_downloaded https://jurnal.polgan.ac.id/index.php/jmp/article/download/11657/1031 machine learning 10.33395/jmp.v11i2.11657 10.33299/jpkop.22.2.1752 open_access",tinjauan pustaka sistematis penerapan metode machine learning untuk deteksi bencana banjir machine learning dapat mempelajari pola data historis yang ada sehingga dengan menggunakan metode machine learning hasil penelitian menunjukan bahwa machine learning im faiza w andriani jurnal minfo polgan 2022 2026 07 11t12 15 52 277043 00 00 pdf downloaded machine learning 10 33395 jmp v11i2 11657 10 33299 jpkop 22 2 1752 open access,"['tinjauan', 'pustaka', 'sistematis', 'penerapan', 'metode', 'machine', 'learning', 'untuk', 'deteksi', 'bencana', 'banjir', 'machine', 'learning', 'dapat', 'mempelajari', 'pola', 'data', 'historis', 'yang', 'ada', 'sehingga', 'dengan', 'menggunakan', 'metode', 'machine', 'learning', 'hasil', 'penelitian', 'menunjukan', 'bahwa', 'machine', 'learning', 'im', 'faiza', 'w', 'andriani', 'jurnal', 'minfo', 'polgan', '2022', '2026', '07', '11t12', '15', '52', '277043', '00', '00', 'pdf', 'downloaded', 'machine', 'learning', '10', '33395', 'jmp', 'v11i2', '11657', '10', '33299', 'jpkop', '22', '2', '1752', 'open', 'access']","['tinjauan', 'pustaka', 'sistematis', 'penerapan', 'metode', 'machine', 'learning', 'deteksi', 'bencana', 'banjir', 'machine', 'learning', 'mempelajari', 'pola', 'data', 'historis', 'sehingga', 'menggunakan', 'metode', 'machine', 'learning', 'hasil', 'penelitian', 'menunjukan', 'machine', 'learning', 'im', 'faiza', 'andriani', 'jurnal', 'minfo', 'polgan', '2022', '2026', '07', '11t12', '15', '52', '277043', '00', '00', 'pdf', 'downloaded', 'machine', 'learning', '10', '33395', 'jmp', 'v11i2', '11657', '10', '33299', 'jpkop', '22', '1752', 'open', 'access']","['tinjau', 'pustaka', 'sistematis', 'terap', 'metode', 'machine', 'learning', 'deteksi', 'bencana', 'banjir', 'machine', 'learning', 'ajar', 'pola', 'data', 'historis', 'sehingga', 'guna', 'metode', 'machine', 'learning', 'hasil', 'teliti', 'tunjuk', 'machine', 'learning', 'im', 'faiza', 'andriani', 'jurnal', 'minfo', 'polgan', '2022', '2026', '07', '11t12', '15', '52', '277043', '00', '00', 'pdf', 'downloaded', 'machine', 'learning', '10', '33395', 'jmp', 'v11i2', '11657', '10', '33299', 'jpkop', '22', '1752', 'open', 'access']",tinjau pustaka sistematis terap metode machine learning deteksi bencana banjir machine learning ajar pola data historis sehingga guna metode machine learning hasil teliti tunjuk machine learning im faiza andriani jurnal minfo polgan 2022 2026 07 11t12 15 52 277043 00 00 pdf downloaded machine learning 10 33395 jmp v11i2 11657 10 33299 jpkop 22 1752 open access,2026-07-11T16:46:23.070865+00:00
28,"Penerapan Machine Learning, Deep Learning, Dan Data Mining Dalam Deteksi Kecurangan Laporan Keuangan-a Systematic Literature Review","Penerapan Machine Learning, Deep Learning, Dan Data Mining Dalam Deteksi Kecurangan Laporan Keuangan-a Systematic Literature Review … the application of machine learning, deep learning, and data … provides evidence that machine
learning, deep learning, and … New technologies such as machine learning, deep learning, … S Prasetyo, T Dewayanto Diponegoro Journal of Accounting 2024 https://ejournal3.undip.ac.id/index.php/accounting/article/view/46146 2026-07-11T12:16:06.846605+00:00 pdf_downloaded https://ejournal.indo-intellectual.id/index.php/imeij/article/download/4112/2694 machine learning 10.54373/imeij.v6i6.4112 10.54373/imeij.v6i6.4112 open_access",penerapan machine learning deep learning dan data mining dalam deteksi kecurangan laporan keuangan a systematic literature review the application of machine learning deep learning and data provides evidence that machine learning deep learning and new technologies such as machine learning deep learning s prasetyo t dewayanto diponegoro journal of accounting 2024 2026 07 11t12 16 06 846605 00 00 pdf downloaded machine learning 10 54373 imeij v6i6 4112 10 54373 imeij v6i6 4112 open access,"['penerapan', 'machine', 'learning', 'deep', 'learning', 'dan', 'data', 'mining', 'dalam', 'deteksi', 'kecurangan', 'laporan', 'keuangan', 'a', 'systematic', 'literature', 'review', 'the', 'application', 'of', 'machine', 'learning', 'deep', 'learning', 'and', 'data', 'provides', 'evidence', 'that', 'machine', 'learning', 'deep', 'learning', 'and', 'new', 'technologies', 'such', 'as', 'machine', 'learning', 'deep', 'learning', 's', 'prasetyo', 't', 'dewayanto', 'diponegoro', 'journal', 'of', 'accounting', '2024', '2026', '07', '11t12', '16', '06', '846605', '00', '00', 'pdf', 'downloaded', 'machine', 'learning', '10', '54373', 'imeij', 'v6i6', '4112', '10', '54373', 'imeij', 'v6i6', '4112', 'open', 'access']","['penerapan', 'machine', 'learning', 'deep', 'learning', 'data', 'mining', 'deteksi', 'kecurangan', 'laporan', 'keuangan', 'systematic', 'literature', 'review', 'application', 'machine', 'learning', 'deep', 'learning', 'data', 'provides', 'evidence', 'machine', 'learning', 'deep', 'learning', 'new', 'technologies', 'such', 'machine', 'learning', 'deep', 'learning', 'prasetyo', 'dewayanto', 'diponegoro', 'journal', 'accounting', '2024', '2026', '07', '11t12', '16', '06', '846605', '00', '00', 'pdf', 'downloaded', 'machine', 'learning', '10', '54373', 'imeij', 'v6i6', '4112', '10', '54373', 'imeij', 'v6i6', '4112', 'open', 'access']","['terap', 'machine', 'learning', 'deep', 'learning', 'data', 'mining', 'deteksi', 'curang', 'lapor', 'uang', 'systematic', 'literature', 'review', 'application', 'machine', 'learning', 'deep', 'learning', 'data', 'provides', 'evidence', 'machine', 'learning', 'deep', 'learning', 'new', 'technologies', 'such', 'machine', 'learning', 'deep', 'learning', 'prasetyo', 'dewayanto', 'diponegoro', 'journal', 'accounting', '2024', '2026', '07', '11t12', '16', '06', '846605', '00', '00', 'pdf', 'downloaded', 'machine', 'learning', '10', '54373', 'imeij', 'v6i6', '4112', '10', '54373', 'imeij', 'v6i6', '4112', 'open', 'access']",terap machine learning deep learning data mining deteksi curang lapor uang systematic literature review application machine learning deep learning data provides evidence machine learning deep learning new technologies such machine learning deep learning prasetyo dewayanto diponegoro journal accounting 2024 2026 07 11t12 16 06 846605 00 00 pdf downloaded machine learning 10 54373 imeij v6i6 4112 10 54373 imeij v6i6 4112 open access,2026-07-11T16:46:23.070865+00:00
29,Penerapan machine learning untuk prediksi bencana banjir,"Penerapan machine learning untuk prediksi bencana banjir Indonesia beriklim tropis karena terletak pada garis katulistiwa, oleh karena itu Indonesia juga
hanya memiliki dua musim, yaitu musim kemarau dan musim hujan. Apabila musim hujan … E Pitaloka, TBA Hartanto, S Sandiwarno J. Sist. Inf. Bisnis 2024 https://scholar.archive.org/work/qzvxkp6mgrfnnbgrgatsnzlc5y/access/wayback/https://ejournal.undip.ac.id/index.php/jsinbis/article/download/56815/pdf 2026-07-11T12:16:41.754302+00:00 pdf_downloaded https://journal.itk.ac.id/index.php/sjt/article/download/1211/683 machine learning 10.35718/specta.v8i2.1211 10.35718/specta.v8i2.1211 open_access",penerapan machine learning untuk prediksi bencana banjir indonesia beriklim tropis karena terletak pada garis katulistiwa oleh karena itu indonesia juga hanya memiliki dua musim yaitu musim kemarau dan musim hujan apabila musim hujan e pitaloka tba hartanto s sandiwarno j sist inf bisnis 2024 2026 07 11t12 16 41 754302 00 00 pdf downloaded machine learning 10 35718 specta v8i2 1211 10 35718 specta v8i2 1211 open access,"['penerapan', 'machine', 'learning', 'untuk', 'prediksi', 'bencana', 'banjir', 'indonesia', 'beriklim', 'tropis', 'karena', 'terletak', 'pada', 'garis', 'katulistiwa', 'oleh', 'karena', 'itu', 'indonesia', 'juga', 'hanya', 'memiliki', 'dua', 'musim', 'yaitu', 'musim', 'kemarau', 'dan', 'musim', 'hujan', 'apabila', 'musim', 'hujan', 'e', 'pitaloka', 'tba', 'hartanto', 's', 'sandiwarno', 'j', 'sist', 'inf', 'bisnis', '2024', '2026', '07', '11t12', '16', '41', '754302', '00', '00', 'pdf', 'downloaded', 'machine', 'learning', '10', '35718', 'specta', 'v8i2', '1211', '10', '35718', 'specta', 'v8i2', '1211', 'open', 'access']","['penerapan', 'machine', 'learning', 'prediksi', 'bencana', 'banjir', 'indonesia', 'beriklim', 'tropis', 'terletak', 'garis', 'katulistiwa', 'indonesia', 'memiliki', 'dua', 'musim', 'musim', 'kemarau', 'musim', 'hujan', 'apabila', 'musim', 'hujan', 'pitaloka', 'tba', 'hartanto', 'sandiwarno', 'sist', 'inf', 'bisnis', '2024', '2026', '07', '11t12', '16', '41', '754302', '00', '00', 'pdf', 'downloaded', 'machine', 'learning', '10', '35718', 'specta', 'v8i2', '1211', '10', '35718', 'specta', 'v8i2', '1211', 'open', 'access']","['terap', 'machine', 'learning', 'prediksi', 'bencana', 'banjir', 'indonesia', 'iklim', 'tropis', 'letak', 'garis', 'katulistiwa', 'indonesia', 'milik', 'dua', 'musim', 'musim', 'kemarau', 'musim', 'hujan', 'apabila', 'musim', 'hujan', 'pitaloka', 'tba', 'hartanto', 'sandiwarno', 'sist', 'inf', 'bisnis', '2024', '2026', '07', '11t12', '16', '41', '754302', '00', '00', 'pdf', 'downloaded', 'machine', 'learning', '10', '35718', 'specta', 'v8i2', '1211', '10', '35718', 'specta', 'v8i2', '1211', 'open', 'access']",terap machine learning prediksi bencana banjir indonesia iklim tropis letak garis katulistiwa indonesia milik dua musim musim kemarau musim hujan apabila musim hujan pitaloka tba hartanto sandiwarno sist inf bisnis 2024 2026 07 11t12 16 41 754302 00 00 pdf downloaded machine learning 10 35718 specta v8i2 1211 10 35718 specta v8i2 1211 open access,2026-07-11T16:46:23.070865+00:00
30,Penerapan Machine Learning dan Deep Learning pada Peningkatan Deteksi Credit Card Fraud-A Systematic Literature Review,"Penerapan Machine Learning dan Deep Learning pada Peningkatan Deteksi Credit Card Fraud-A Systematic Literature Review … This research aims to explore the application of machine learning and deep learning in
enhancing credit card fraud detection and identifying gaps in knowledge that could serve as … BV Tarissa, T Dewayanto Diponegoro Journal of Accounting 2024 https://ejournal3.undip.ac.id/index.php/accounting/article/view/46092 2026-07-11T12:16:57.041218+00:00 pdf_downloaded https://www.davidpublisher.com/Public/uploads/Contribute/685c9ffed6e6d.pdf machine learning 10.17265/1548-6583/2025.03.003 10.17265/1548-6583/2025.03.003 open_access",penerapan machine learning dan deep learning pada peningkatan deteksi credit card fraud a systematic literature review this research aims to explore the application of machine learning and deep learning in enhancing credit card fraud detection and identifying gaps in knowledge that could serve as bv tarissa t dewayanto diponegoro journal of accounting 2024 2026 07 11t12 16 57 041218 00 00 pdf downloaded machine learning 10 17265 1548 6583 2025 03 003 10 17265 1548 6583 2025 03 003 open access,"['penerapan', 'machine', 'learning', 'dan', 'deep', 'learning', 'pada', 'peningkatan', 'deteksi', 'credit', 'card', 'fraud', 'a', 'systematic', 'literature', 'review', 'this', 'research', 'aims', 'to', 'explore', 'the', 'application', 'of', 'machine', 'learning', 'and', 'deep', 'learning', 'in', 'enhancing', 'credit', 'card', 'fraud', 'detection', 'and', 'identifying', 'gaps', 'in', 'knowledge', 'that', 'could', 'serve', 'as', 'bv', 'tarissa', 't', 'dewayanto', 'diponegoro', 'journal', 'of', 'accounting', '2024', '2026', '07', '11t12', '16', '57', '041218', '00', '00', 'pdf', 'downloaded', 'machine', 'learning', '10', '17265', '1548', '6583', '2025', '03', '003', '10', '17265', '1548', '6583', '2025', '03', '003', 'open', 'access']","['penerapan', 'machine', 'learning', 'deep', 'learning', 'peningkatan', 'deteksi', 'credit', 'card', 'fraud', 'systematic', 'literature', 'review', 'research', 'aims', 'explore', 'application', 'machine', 'learning', 'deep', 'learning', 'enhancing', 'credit', 'card', 'fraud', 'detection', 'identifying', 'gaps', 'knowledge', 'could', 'serve', 'bv', 'tarissa', 'dewayanto', 'diponegoro', 'journal', 'accounting', '2024', '2026', '07', '11t12', '16', '57', '041218', '00', '00', 'pdf', 'downloaded', 'machine', 'learning', '10', '17265', '1548', '6583', '2025', '03', '003', '10', '17265', '1548', '6583', '2025', '03', '003', 'open', 'access']","['terap', 'machine', 'learning', 'deep', 'learning', 'tingkat', 'deteksi', 'credit', 'card', 'fraud', 'systematic', 'literature', 'review', 'research', 'aims', 'explore', 'application', 'machine', 'learning', 'deep', 'learning', 'enhancing', 'credit', 'card', 'fraud', 'detection', 'identifying', 'gaps', 'knowledge', 'could', 'serve', 'bv', 'tarissa', 'dewayanto', 'diponegoro', 'journal', 'accounting', '2024', '2026', '07', '11t12', '16', '57', '041218', '00', '00', 'pdf', 'downloaded', 'machine', 'learning', '10', '17265', '1548', '6583', '2025', '03', '003', '10', '17265', '1548', '6583', '2025', '03', '003', 'open', 'access']",terap machine learning deep learning tingkat deteksi credit card fraud systematic literature review research aims explore application machine learning deep learning enhancing credit card fraud detection identifying gaps knowledge could serve bv tarissa dewayanto diponegoro journal accounting 2024 2026 07 11t12 16 57 041218 00 00 pdf downloaded machine learning 10 17265 1548 6583 2025 03 003 10 17265 1548 6583 2025 03 003 open access,2026-07-11T16:46:23.070865+00:00
31,Penerapan Machine Learning dengan Konsep Data Mining Rough Set (Prediksi Tingkat Pemahaman Mahasiswa terhadap Matakuliah),"Penerapan Machine Learning dengan Konsep Data Mining Rough Set (Prediksi Tingkat Pemahaman Mahasiswa terhadap Matakuliah) Metode Rough Set (RS) merupakan bagian dari machine learning yang menganalisis
ketidakpastian dataset yang digunakan untuk menentukan atribut objek penting (klasifikasi). … MR Raharjo, AP Windarto Jurnal Media Informatika Budidarma 2021 https://www.academia.edu/download/79621564/1891.pdf 2026-07-11T12:17:04.444136+00:00 metadata_only https://ejurnal.stmik-budidarma.ac.id/index.php/mib/article/download/2745/1891 machine learning 10.30865/mib.v5i1.2745  closed_access",penerapan machine learning dengan konsep data mining rough set prediksi tingkat pemahaman mahasiswa terhadap matakuliah metode rough set rs merupakan bagian dari machine learning yang menganalisis ketidakpastian dataset yang digunakan untuk menentukan atribut objek penting klasifikasi mr raharjo ap windarto jurnal media informatika budidarma 2021 2026 07 11t12 17 04 444136 00 00 metadata only machine learning 10 30865 mib v5i1 2745 closed access,"['penerapan', 'machine', 'learning', 'dengan', 'konsep', 'data', 'mining', 'rough', 'set', 'prediksi', 'tingkat', 'pemahaman', 'mahasiswa', 'terhadap', 'matakuliah', 'metode', 'rough', 'set', 'rs', 'merupakan', 'bagian', 'dari', 'machine', 'learning', 'yang', 'menganalisis', 'ketidakpastian', 'dataset', 'yang', 'digunakan', 'untuk', 'menentukan', 'atribut', 'objek', 'penting', 'klasifikasi', 'mr', 'raharjo', 'ap', 'windarto', 'jurnal', 'media', 'informatika', 'budidarma', '2021', '2026', '07', '11t12', '17', '04', '444136', '00', '00', 'metadata', 'only', 'machine', 'learning', '10', '30865', 'mib', 'v5i1', '2745', 'closed', 'access']","['penerapan', 'machine', 'learning', 'konsep', 'data', 'mining', 'rough', 'set', 'prediksi', 'tingkat', 'pemahaman', 'mahasiswa', 'matakuliah', 'metode', 'rough', 'set', 'rs', 'merupakan', 'bagian', 'machine', 'learning', 'menganalisis', 'ketidakpastian', 'dataset', 'digunakan', 'menentukan', 'atribut', 'objek', 'penting', 'klasifikasi', 'mr', 'raharjo', 'ap', 'windarto', 'jurnal', 'media', 'informatika', 'budidarma', '2021', '2026', '07', '11t12', '17', '04', '444136', '00', '00', 'metadata', 'only', 'machine', 'learning', '10', '30865', 'mib', 'v5i1', '2745', 'closed', 'access']","['terap', 'machine', 'learning', 'konsep', 'data', 'mining', 'rough', 'set', 'prediksi', 'tingkat', 'paham', 'mahasiswa', 'matakuliah', 'metode', 'rough', 'set', 'rs', 'rupa', 'bagi', 'machine', 'learning', 'analis', 'ketidakpastian', 'dataset', 'guna', 'tentu', 'atribut', 'objek', 'penting', 'klasifikasi', 'mr', 'raharjo', 'ap', 'windarto', 'jurnal', 'media', 'informatika', 'budidarma', '2021', '2026', '07', '11t12', '17', '04', '444136', '00', '00', 'metadata', 'only', 'machine', 'learning', '10', '30865', 'mib', 'v5i1', '2745', 'closed', 'access']",terap machine learning konsep data mining rough set prediksi tingkat paham mahasiswa matakuliah metode rough set rs rupa bagi machine learning analis ketidakpastian dataset guna tentu atribut objek penting klasifikasi mr raharjo ap windarto jurnal media informatika budidarma 2021 2026 07 11t12 17 04 444136 00 00 metadata only machine learning 10 30865 mib v5i1 2745 closed access,2026-07-11T16:46:23.070865+00:00
32,Penerapan Metode Machine Learning dalam Klasifikasi Risiko Kejadian Berat Badan Lahir Rendah di Indonesia,"Penerapan Metode Machine Learning dalam Klasifikasi Risiko Kejadian Berat Badan Lahir Rendah di Indonesia … akan mengkaji penerapan beberapa metode machine learning dengan memperhatikan
kasus imbalanced data dalam pemodelan klasifikasi. Adapun metode meachine learning yang … PR Sihombing, IF Yuliati MATRIK: Jurnal … 2021 https://journal.universitasbumigora.ac.id/matrik/article/view/1174 2026-07-11T12:17:43.239767+00:00 pdf_downloaded https://journal.universitasbumigora.ac.id/index.php/matrik/article/download/1174/703 machine learning 10.30812/matrik.v20i2.1174 10.30812/matrik.v20i2.1174 open_access",penerapan metode machine learning dalam klasifikasi risiko kejadian berat badan lahir rendah di indonesia akan mengkaji penerapan beberapa metode machine learning dengan memperhatikan kasus imbalanced data dalam pemodelan klasifikasi adapun metode meachine learning yang pr sihombing if yuliati matrik jurnal 2021 2026 07 11t12 17 43 239767 00 00 pdf downloaded machine learning 10 30812 matrik v20i2 1174 10 30812 matrik v20i2 1174 open access,"['penerapan', 'metode', 'machine', 'learning', 'dalam', 'klasifikasi', 'risiko', 'kejadian', 'berat', 'badan', 'lahir', 'rendah', 'di', 'indonesia', 'akan', 'mengkaji', 'penerapan', 'beberapa', 'metode', 'machine', 'learning', 'dengan', 'memperhatikan', 'kasus', 'imbalanced', 'data', 'dalam', 'pemodelan', 'klasifikasi', 'adapun', 'metode', 'meachine', 'learning', 'yang', 'pr', 'sihombing', 'if', 'yuliati', 'matrik', 'jurnal', '2021', '2026', '07', '11t12', '17', '43', '239767', '00', '00', 'pdf', 'downloaded', 'machine', 'learning', '10', '30812', 'matrik', 'v20i2', '1174', '10', '30812', 'matrik', 'v20i2', '1174', 'open', 'access']","['penerapan', 'metode', 'machine', 'learning', 'klasifikasi', 'risiko', 'kejadian', 'berat', 'badan', 'lahir', 'rendah', 'indonesia', 'mengkaji', 'penerapan', 'metode', 'machine', 'learning', 'memperhatikan', 'kasus', 'imbalanced', 'data', 'pemodelan', 'klasifikasi', 'adapun', 'metode', 'meachine', 'learning', 'pr', 'sihombing', 'if', 'yuliati', 'matrik', 'jurnal', '2021', '2026', '07', '11t12', '17', '43', '239767', '00', '00', 'pdf', 'downloaded', 'machine', 'learning', '10', '30812', 'matrik', 'v20i2', '1174', '10', '30812', 'matrik', 'v20i2', '1174', 'open', 'access']","['terap', 'metode', 'machine', 'learning', 'klasifikasi', 'risiko', 'jadi', 'berat', 'badan', 'lahir', 'rendah', 'indonesia', 'kaji', 'terap', 'metode', 'machine', 'learning', 'perhati', 'kasus', 'imbalanced', 'data', 'model', 'klasifikasi', 'adapun', 'metode', 'meachine', 'learning', 'pr', 'sihombing', 'if', 'yuliati', 'matrik', 'jurnal', '2021', '2026', '07', '11t12', '17', '43', '239767', '00', '00', 'pdf', 'downloaded', 'machine', 'learning', '10', '30812', 'matrik', 'v20i2', '1174', '10', '30812', 'matrik', 'v20i2', '1174', 'open', 'access']",terap metode machine learning klasifikasi risiko jadi berat badan lahir rendah indonesia kaji terap metode machine learning perhati kasus imbalanced data model klasifikasi adapun metode meachine learning pr sihombing if yuliati matrik jurnal 2021 2026 07 11t12 17 43 239767 00 00 pdf downloaded machine learning 10 30812 matrik v20i2 1174 10 30812 matrik v20i2 1174 open access,2026-07-11T16:46:23.070865+00:00
33,Penerapan Machine Learning Untuk Menentukan Tingkat Kepuasan Tamu Hotel Dymens Menggunakan Metode Vader,"Penerapan Machine Learning Untuk Menentukan Tingkat Kepuasan Tamu Hotel Dymens Menggunakan Metode Vader … Over time, machine learning can replace and improve human abilities in various fields,
Machine Learning has been extensively researched and used to solve various problems. Among … A Ramadhanu, MR Zaky, M Isra… Jurnal Teknologi Dan … 2023 http://103.241.192.17/~jurnalunidha/index.php/jteksis/article/view/866 2026-07-11T12:17:57.124962+00:00 metadata_only https://jurnal.unidha.ac.id/index.php/jteksis/article/download/866/572 machine learning 10.47233/jteksis.v5i3.866  closed_access",penerapan machine learning untuk menentukan tingkat kepuasan tamu hotel dymens menggunakan metode vader over time machine learning can replace and improve human abilities in various fields machine learning has been extensively researched and used to solve various problems among a ramadhanu mr zaky m isra jurnal teknologi dan 2023 2026 07 11t12 17 57 124962 00 00 metadata only machine learning 10 47233 jteksis v5i3 866 closed access,"['penerapan', 'machine', 'learning', 'untuk', 'menentukan', 'tingkat', 'kepuasan', 'tamu', 'hotel', 'dymens', 'menggunakan', 'metode', 'vader', 'over', 'time', 'machine', 'learning', 'can', 'replace', 'and', 'improve', 'human', 'abilities', 'in', 'various', 'fields', 'machine', 'learning', 'has', 'been', 'extensively', 'researched', 'and', 'used', 'to', 'solve', 'various', 'problems', 'among', 'a', 'ramadhanu', 'mr', 'zaky', 'm', 'isra', 'jurnal', 'teknologi', 'dan', '2023', '2026', '07', '11t12', '17', '57', '124962', '00', '00', 'metadata', 'only', 'machine', 'learning', '10', '47233', 'jteksis', 'v5i3', '866', 'closed', 'access']","['penerapan', 'machine', 'learning', 'menentukan', 'tingkat', 'kepuasan', 'tamu', 'hotel', 'dymens', 'menggunakan', 'metode', 'vader', 'over', 'time', 'machine', 'learning', 'can', 'replace', 'improve', 'human', 'abilities', 'various', 'fields', 'machine', 'learning', 'has', 'been', 'extensively', 'researched', 'used', 'solve', 'various', 'problems', 'among', 'ramadhanu', 'mr', 'zaky', 'isra', 'jurnal', 'teknologi', '2023', '2026', '07', '11t12', '17', '57', '124962', '00', '00', 'metadata', 'only', 'machine', 'learning', '10', '47233', 'jteksis', 'v5i3', '866', 'closed', 'access']","['terap', 'machine', 'learning', 'tentu', 'tingkat', 'puas', 'tamu', 'hotel', 'dymens', 'guna', 'metode', 'vader', 'over', 'time', 'machine', 'learning', 'can', 'replace', 'improve', 'human', 'abilities', 'various', 'fields', 'machine', 'learning', 'has', 'been', 'extensively', 'researched', 'used', 'solve', 'various', 'problems', 'among', 'ramadhanu', 'mr', 'zaky', 'isra', 'jurnal', 'teknologi', '2023', '2026', '07', '11t12', '17', '57', '124962', '00', '00', 'metadata', 'only', 'machine', 'learning', '10', '47233', 'jteksis', 'v5i3', '866', 'closed', 'access']",terap machine learning tentu tingkat puas tamu hotel dymens guna metode vader over time machine learning can replace improve human abilities various fields machine learning has been extensively researched used solve various problems among ramadhanu mr zaky isra jurnal teknologi 2023 2026 07 11t12 17 57 124962 00 00 metadata only machine learning 10 47233 jteksis v5i3 866 closed access,2026-07-11T16:46:23.070865+00:00
34,Klasifikasi kualitas air minum menggunakan penerapan algoritma machine learning dengan pendekatan supervised learning,"Klasifikasi kualitas air minum menggunakan penerapan algoritma machine learning dengan pendekatan supervised learning … klasifikasi kualitas air minum dengan menggunakan penerapan Machine Learning, yang
mencakup pemodelan dengan Logistic Regression, Support Vector Machine (SVM), Random … L Savitri, R Nursalim Diophantine J. Math. Its Appl 2023 https://pdfs.semanticscholar.org/a488/e722ce6bd3929d6edba737130d2e90b97a26.pdf 2026-07-11T12:18:11.372293+00:00 pdf_downloaded https://ejournal.unib.ac.id/diophantine/article/download/28260/12639 machine learning 10.33369/diophantine.v2i01.28260 10.33369/diophantine.v2i01.28260 open_access",klasifikasi kualitas air minum menggunakan penerapan algoritma machine learning dengan pendekatan supervised learning klasifikasi kualitas air minum dengan menggunakan penerapan machine learning yang mencakup pemodelan dengan logistic regression support vector machine svm random l savitri r nursalim diophantine j math its appl 2023 2026 07 11t12 18 11 372293 00 00 pdf downloaded machine learning 10 33369 diophantine v2i01 28260 10 33369 diophantine v2i01 28260 open access,"['klasifikasi', 'kualitas', 'air', 'minum', 'menggunakan', 'penerapan', 'algoritma', 'machine', 'learning', 'dengan', 'pendekatan', 'supervised', 'learning', 'klasifikasi', 'kualitas', 'air', 'minum', 'dengan', 'menggunakan', 'penerapan', 'machine', 'learning', 'yang', 'mencakup', 'pemodelan', 'dengan', 'logistic', 'regression', 'support', 'vector', 'machine', 'svm', 'random', 'l', 'savitri', 'r', 'nursalim', 'diophantine', 'j', 'math', 'its', 'appl', '2023', '2026', '07', '11t12', '18', '11', '372293', '00', '00', 'pdf', 'downloaded', 'machine', 'learning', '10', '33369', 'diophantine', 'v2i01', '28260', '10', '33369', 'diophantine', 'v2i01', '28260', 'open', 'access']","['klasifikasi', 'kualitas', 'air', 'minum', 'menggunakan', 'penerapan', 'algoritma', 'machine', 'learning', 'pendekatan', 'supervised', 'learning', 'klasifikasi', 'kualitas', 'air', 'minum', 'menggunakan', 'penerapan', 'machine', 'learning', 'mencakup', 'pemodelan', 'logistic', 'regression', 'support', 'vector', 'machine', 'svm', 'random', 'savitri', 'nursalim', 'diophantine', 'math', 'its', 'appl', '2023', '2026', '07', '11t12', '18', '11', '372293', '00', '00', 'pdf', 'downloaded', 'machine', 'learning', '10', '33369', 'diophantine', 'v2i01', '28260', '10', '33369', 'diophantine', 'v2i01', '28260', 'open', 'access']","['klasifikasi', 'kualitas', 'air', 'minum', 'guna', 'terap', 'algoritma', 'machine', 'learning', 'dekat', 'supervised', 'learning', 'klasifikasi', 'kualitas', 'air', 'minum', 'guna', 'terap', 'machine', 'learning', 'cakup', 'model', 'logistic', 'regression', 'support', 'vector', 'machine', 'svm', 'random', 'savitri', 'nursalim', 'diophantine', 'math', 'its', 'appl', '2023', '2026', '07', '11t12', '18', '11', '372293', '00', '00', 'pdf', 'downloaded', 'machine', 'learning', '10', '33369', 'diophantine', 'v2i01', '28260', '10', '33369', 'diophantine', 'v2i01', '28260', 'open', 'access']",klasifikasi kualitas air minum guna terap algoritma machine learning dekat supervised learning klasifikasi kualitas air minum guna terap machine learning cakup model logistic regression support vector machine svm random savitri nursalim diophantine math its appl 2023 2026 07 11t12 18 11 372293 00 00 pdf downloaded machine learning 10 33369 diophantine v2i01 28260 10 33369 diophantine v2i01 28260 open access,2026-07-11T16:46:23.070865+00:00
35,Penerapan Machine Learning Pada Analisis Sentimen Aplikasi Mytelkomsel Mengunakan Data Ulasan Google Playstore,"Penerapan Machine Learning Pada Analisis Sentimen Aplikasi Mytelkomsel Mengunakan Data Ulasan Google Playstore The MyTelkomsel application is a digital access platform that provides telecommunications
services. Therefore, sentiment analysis of MyTelkomsel application users is relevant for … FJ Fauzan, M Afdal, R Novita The Indonesian Journal of Computer … 2024 http://ijcs.net/ijcs/index.php/ijcs/article/view/4024 2026-07-11T12:18:48.465793+00:00 pdf_downloaded https://www.ijcs.net/ijcs/index.php/ijcs/article/download/4024/634 machine learning 10.33022/ijcs.v13i3.4024  open_access",penerapan machine learning pada analisis sentimen aplikasi mytelkomsel mengunakan data ulasan google playstore the mytelkomsel application is a digital access platform that provides telecommunications services therefore sentiment analysis of mytelkomsel application users is relevant for fj fauzan m afdal r novita the indonesian journal of computer 2024 2026 07 11t12 18 48 465793 00 00 pdf downloaded machine learning 10 33022 ijcs v13i3 4024 open access,"['penerapan', 'machine', 'learning', 'pada', 'analisis', 'sentimen', 'aplikasi', 'mytelkomsel', 'mengunakan', 'data', 'ulasan', 'google', 'playstore', 'the', 'mytelkomsel', 'application', 'is', 'a', 'digital', 'access', 'platform', 'that', 'provides', 'telecommunications', 'services', 'therefore', 'sentiment', 'analysis', 'of', 'mytelkomsel', 'application', 'users', 'is', 'relevant', 'for', 'fj', 'fauzan', 'm', 'afdal', 'r', 'novita', 'the', 'indonesian', 'journal', 'of', 'computer', '2024', '2026', '07', '11t12', '18', '48', '465793', '00', '00', 'pdf', 'downloaded', 'machine', 'learning', '10', '33022', 'ijcs', 'v13i3', '4024', 'open', 'access']","['penerapan', 'machine', 'learning', 'analisis', 'sentimen', 'aplikasi', 'mytelkomsel', 'mengunakan', 'data', 'ulasan', 'google', 'playstore', 'mytelkomsel', 'application', 'digital', 'access', 'platform', 'provides', 'telecommunications', 'services', 'therefore', 'sentiment', 'analysis', 'mytelkomsel', 'application', 'users', 'relevant', 'fj', 'fauzan', 'afdal', 'novita', 'indonesian', 'journal', 'computer', '2024', '2026', '07', '11t12', '18', '48', '465793', '00', '00', 'pdf', 'downloaded', 'machine', 'learning', '10', '33022', 'ijcs', 'v13i3', '4024', 'open', 'access']","['terap', 'machine', 'learning', 'analisis', 'sentimen', 'aplikasi', 'mytelkomsel', 'mengunakan', 'data', 'ulas', 'google', 'playstore', 'mytelkomsel', 'application', 'digital', 'access', 'platform', 'provides', 'telecommunications', 'services', 'therefore', 'sentiment', 'analysis', 'mytelkomsel', 'application', 'users', 'relevant', 'fj', 'fauzan', 'afdal', 'novita', 'indonesian', 'journal', 'computer', '2024', '2026', '07', '11t12', '18', '48', '465793', '00', '00', 'pdf', 'downloaded', 'machine', 'learning', '10', '33022', 'ijcs', 'v13i3', '4024', 'open', 'access']",terap machine learning analisis sentimen aplikasi mytelkomsel mengunakan data ulas google playstore mytelkomsel application digital access platform provides telecommunications services therefore sentiment analysis mytelkomsel application users relevant fj fauzan afdal novita indonesian journal computer 2024 2026 07 11t12 18 48 465793 00 00 pdf downloaded machine learning 10 33022 ijcs v13i3 4024 open access,2026-07-11T16:46:23.070865+00:00
36,Visualisasi Data dan Penerapan Machine Learning Menggunakan Decision Tree Untuk Keputusan Layanan Kesehatan COVID-19,"Visualisasi Data dan Penerapan Machine Learning Menggunakan Decision Tree Untuk Keputusan Layanan Kesehatan COVID-19 … untuk penerapan Machine Learning di beberapa aplikasi dunia nyata di mana data dihasilkan
secara terus menerus [16]. Banyak metode Machine Learning … Machine Learning, kami … A Fahri, Y Ramdhani Jurnal Tekno Kompak 2023 https://pdfs.semanticscholar.org/ab1e/497164a28ec535b43c4d98a7c518f5a52531.pdf 2026-07-11T12:19:39.203167+00:00 pdf_downloaded https://ejurnal.teknokrat.ac.id/index.php/teknokompak/article/download/2438/1257 machine learning 10.33365/jtk.v17i2.2438  open_access",visualisasi data dan penerapan machine learning menggunakan decision tree untuk keputusan layanan kesehatan covid 19 untuk penerapan machine learning di beberapa aplikasi dunia nyata di mana data dihasilkan secara terus menerus 16 banyak metode machine learning machine learning kami a fahri y ramdhani jurnal tekno kompak 2023 2026 07 11t12 19 39 203167 00 00 pdf downloaded machine learning 10 33365 jtk v17i2 2438 open access,"['visualisasi', 'data', 'dan', 'penerapan', 'machine', 'learning', 'menggunakan', 'decision', 'tree', 'untuk', 'keputusan', 'layanan', 'kesehatan', 'covid', '19', 'untuk', 'penerapan', 'machine', 'learning', 'di', 'beberapa', 'aplikasi', 'dunia', 'nyata', 'di', 'mana', 'data', 'dihasilkan', 'secara', 'terus', 'menerus', '16', 'banyak', 'metode', 'machine', 'learning', 'machine', 'learning', 'kami', 'a', 'fahri', 'y', 'ramdhani', 'jurnal', 'tekno', 'kompak', '2023', '2026', '07', '11t12', '19', '39', '203167', '00', '00', 'pdf', 'downloaded', 'machine', 'learning', '10', '33365', 'jtk', 'v17i2', '2438', 'open', 'access']","['visualisasi', 'data', 'penerapan', 'machine', 'learning', 'menggunakan', 'decision', 'tree', 'keputusan', 'layanan', 'kesehatan', 'covid', '19', 'penerapan', 'machine', 'learning', 'aplikasi', 'dunia', 'nyata', 'mana', 'data', 'dihasilkan', 'secara', 'terus', 'menerus', '16', 'metode', 'machine', 'learning', 'machine', 'learning', 'fahri', 'ramdhani', 'jurnal', 'tekno', 'kompak', '2023', '2026', '07', '11t12', '19', '39', '203167', '00', '00', 'pdf', 'downloaded', 'machine', 'learning', '10', '33365', 'jtk', 'v17i2', '2438', 'open', 'access']","['visualisasi', 'data', 'terap', 'machine', 'learning', 'guna', 'decision', 'tree', 'putus', 'layan', 'sehat', 'covid', '19', 'terap', 'machine', 'learning', 'aplikasi', 'dunia', 'nyata', 'mana', 'data', 'hasil', 'cara', 'terus', 'terus', '16', 'metode', 'machine', 'learning', 'machine', 'learning', 'fahri', 'ramdhani', 'jurnal', 'tekno', 'kompak', '2023', '2026', '07', '11t12', '19', '39', '203167', '00', '00', 'pdf', 'downloaded', 'machine', 'learning', '10', '33365', 'jtk', 'v17i2', '2438', 'open', 'access']",visualisasi data terap machine learning guna decision tree putus layan sehat covid 19 terap machine learning aplikasi dunia nyata mana data hasil cara terus terus 16 metode machine learning machine learning fahri ramdhani jurnal tekno kompak 2023 2026 07 11t12 19 39 203167 00 00 pdf downloaded machine learning 10 33365 jtk v17i2 2438 open access,2026-07-11T16:46:23.070865+00:00
37,Penerapan Konsep Machine Learning & Deep Learning,"Penerapan Konsep Machine Learning & Deep Learning … Dalam buku ini, algoritma machine Learning dan deep learning dijelaskan dengan
pendekatan matematis yang sederhana, tetapi dapat diikuti. Pembaca disarankan memiliki … A Muzakir, A Komari, M Ilham Asosiasi Dosen Sistem Informasi … 2024 https://adsii.or.id/wp-content/uploads/2024/10/Penerapan-Konsep-Machine-Learning-Deep-Learning-Ari-Muzakir-et-al.pdf 2026-07-11T12:19:47.867232+00:00 pdf_downloaded https://journal.uniqhba.ac.id/index.php/tirai_edukasi/article/download/964/474 machine learning 10.37824/rrwd4c57  open_access",penerapan konsep machine learning deep learning dalam buku ini algoritma machine learning dan deep learning dijelaskan dengan pendekatan matematis yang sederhana tetapi dapat diikuti pembaca disarankan memiliki a muzakir a komari m ilham asosiasi dosen sistem informasi 2024 2026 07 11t12 19 47 867232 00 00 pdf downloaded machine learning 10 37824 rrwd4c57 open access,"['penerapan', 'konsep', 'machine', 'learning', 'deep', 'learning', 'dalam', 'buku', 'ini', 'algoritma', 'machine', 'learning', 'dan', 'deep', 'learning', 'dijelaskan', 'dengan', 'pendekatan', 'matematis', 'yang', 'sederhana', 'tetapi', 'dapat', 'diikuti', 'pembaca', 'disarankan', 'memiliki', 'a', 'muzakir', 'a', 'komari', 'm', 'ilham', 'asosiasi', 'dosen', 'sistem', 'informasi', '2024', '2026', '07', '11t12', '19', '47', '867232', '00', '00', 'pdf', 'downloaded', 'machine', 'learning', '10', '37824', 'rrwd4c57', 'open', 'access']","['penerapan', 'konsep', 'machine', 'learning', 'deep', 'learning', 'buku', 'algoritma', 'machine', 'learning', 'deep', 'learning', 'dijelaskan', 'pendekatan', 'matematis', 'sederhana', 'diikuti', 'pembaca', 'disarankan', 'memiliki', 'muzakir', 'komari', 'ilham', 'asosiasi', 'dosen', 'sistem', 'informasi', '2024', '2026', '07', '11t12', '19', '47', '867232', '00', '00', 'pdf', 'downloaded', 'machine', 'learning', '10', '37824', 'rrwd4c57', 'open', 'access']","['terap', 'konsep', 'machine', 'learning', 'deep', 'learning', 'buku', 'algoritma', 'machine', 'learning', 'deep', 'learning', 'jelas', 'dekat', 'matematis', 'sederhana', 'ikut', 'baca', 'saran', 'milik', 'muzakir', 'komari', 'ilham', 'asosiasi', 'dosen', 'sistem', 'informasi', '2024', '2026', '07', '11t12', '19', '47', '867232', '00', '00', 'pdf', 'downloaded', 'machine', 'learning', '10', '37824', 'rrwd4c57', 'open', 'access']",terap konsep machine learning deep learning buku algoritma machine learning deep learning jelas dekat matematis sederhana ikut baca saran milik muzakir komari ilham asosiasi dosen sistem informasi 2024 2026 07 11t12 19 47 867232 00 00 pdf downloaded machine learning 10 37824 rrwd4c57 open access,2026-07-11T16:46:23.070865+00:00
51,Web application development with streamlit,"Web application development with streamlit … web applications of their own, from the most basic use cases to crafting complex and distributed
applications on … should be able to interface their web applications with robust server-side … M Khorasani, M Abdou, JH Fernández Software Development 2022 https://link.springer.com/content/pdf/10.1007/978-1-4842-8111-6.pdf 2026-07-11T13:00:25.956721+00:00 metadata_only https://doi.org/10.1007/978-1-4842-8111-6.pdf web application 10.1007/978-1-4842-8111-6.pdf  closed_access",web application development with streamlit web applications of their own from the most basic use cases to crafting complex and distributed applications on should be able to interface their web applications with robust server side m khorasani m abdou jh fern ndez software development 2022 2026 07 11t13 00 25 956721 00 00 metadata only web application 10 1007 978 1 4842 8111 6 pdf closed access,"['web', 'application', 'development', 'with', 'streamlit', 'web', 'applications', 'of', 'their', 'own', 'from', 'the', 'most', 'basic', 'use', 'cases', 'to', 'crafting', 'complex', 'and', 'distributed', 'applications', 'on', 'should', 'be', 'able', 'to', 'interface', 'their', 'web', 'applications', 'with', 'robust', 'server', 'side', 'm', 'khorasani', 'm', 'abdou', 'jh', 'fern', 'ndez', 'software', 'development', '2022', '2026', '07', '11t13', '00', '25', '956721', '00', '00', 'metadata', 'only', 'web', 'application', '10', '1007', '978', '1', '4842', '8111', '6', 'pdf', 'closed', 'access']","['web', 'application', 'development', 'streamlit', 'web', 'applications', 'their', 'own', 'most', 'basic', 'use', 'cases', 'crafting', 'complex', 'distributed', 'applications', 'should', 'able', 'interface', 'their', 'web', 'applications', 'robust', 'server', 'side', 'khorasani', 'abdou', 'jh', 'fern', 'ndez', 'software', 'development', '2022', '2026', '07', '11t13', '00', '25', '956721', '00', '00', 'metadata', 'only', 'web', 'application', '10', '1007', '978', '4842', '8111', 'pdf', 'closed', 'access']","['web', 'application', 'development', 'streamlit', 'web', 'applications', 'their', 'own', 'most', 'basic', 'use', 'cases', 'crafting', 'complex', 'distributed', 'applications', 'should', 'able', 'interface', 'their', 'web', 'applications', 'robust', 'server', 'side', 'khorasani', 'abdou', 'jh', 'fern', 'ndez', 'software', 'development', '2022', '2026', '07', '11t13', '00', '25', '956721', '00', '00', 'metadata', 'only', 'web', 'application', '10', '1007', '978', '4842', '8111', 'pdf', 'closed', 'access']",web application development streamlit web applications their own most basic use cases crafting complex distributed applications should able interface their web applications robust server side khorasani abdou jh fern ndez software development 2022 2026 07 11t13 00 25 956721 00 00 metadata only web application 10 1007 978 4842 8111 pdf closed access,2026-07-11T16:46:23.070865+00:00
38,Penerapan Machine Learning Untuk Mengategorikan Sampah Plastik Rumah Tangga,"Penerapan Machine Learning Untuk Mengategorikan Sampah Plastik Rumah Tangga … With the help of Machine Learning and Deep Learning, we … Machine learning dapat
diterapkan untuk mengolah data … Data yang tersimpan dalam Machine learning juga dapat … H Hendri, L Hoki, V Agusman, D Aryanto Jurnal TIMES 2021 https://ejournal.stmik-time.ac.id/index.php/jurnalTIMES/article/view/645 2026-07-11T12:19:55.580975+00:00 pdf_downloaded https://ejournal.stmik-time.ac.id/index.php/jurnalTIMES/article/download/645/219 machine learning 10.51351/jtm.10.1.2021645  open_access",penerapan machine learning untuk mengategorikan sampah plastik rumah tangga with the help of machine learning and deep learning we machine learning dapat diterapkan untuk mengolah data data yang tersimpan dalam machine learning juga dapat h hendri l hoki v agusman d aryanto jurnal times 2021 2026 07 11t12 19 55 580975 00 00 pdf downloaded machine learning 10 51351 jtm 10 1 2021645 open access,"['penerapan', 'machine', 'learning', 'untuk', 'mengategorikan', 'sampah', 'plastik', 'rumah', 'tangga', 'with', 'the', 'help', 'of', 'machine', 'learning', 'and', 'deep', 'learning', 'we', 'machine', 'learning', 'dapat', 'diterapkan', 'untuk', 'mengolah', 'data', 'data', 'yang', 'tersimpan', 'dalam', 'machine', 'learning', 'juga', 'dapat', 'h', 'hendri', 'l', 'hoki', 'v', 'agusman', 'd', 'aryanto', 'jurnal', 'times', '2021', '2026', '07', '11t12', '19', '55', '580975', '00', '00', 'pdf', 'downloaded', 'machine', 'learning', '10', '51351', 'jtm', '10', '1', '2021645', 'open', 'access']","['penerapan', 'machine', 'learning', 'mengategorikan', 'sampah', 'plastik', 'rumah', 'tangga', 'help', 'machine', 'learning', 'deep', 'learning', 'we', 'machine', 'learning', 'diterapkan', 'mengolah', 'data', 'data', 'tersimpan', 'machine', 'learning', 'hendri', 'hoki', 'agusman', 'aryanto', 'jurnal', 'times', '2021', '2026', '07', '11t12', '19', '55', '580975', '00', '00', 'pdf', 'downloaded', 'machine', 'learning', '10', '51351', 'jtm', '10', '2021645', 'open', 'access']","['terap', 'machine', 'learning', 'kategori', 'sampah', 'plastik', 'rumah', 'tangga', 'help', 'machine', 'learning', 'deep', 'learning', 'we', 'machine', 'learning', 'terap', 'olah', 'data', 'data', 'simpan', 'machine', 'learning', 'hendri', 'hoki', 'agusman', 'aryanto', 'jurnal', 'times', '2021', '2026', '07', '11t12', '19', '55', '580975', '00', '00', 'pdf', 'downloaded', 'machine', 'learning', '10', '51351', 'jtm', '10', '2021645', 'open', 'access']",terap machine learning kategori sampah plastik rumah tangga help machine learning deep learning we machine learning terap olah data data simpan machine learning hendri hoki agusman aryanto jurnal times 2021 2026 07 11t12 19 55 580975 00 00 pdf downloaded machine learning 10 51351 jtm 10 2021645 open access,2026-07-11T16:46:23.070865+00:00
39,Penerapan Teachable Machine pada klasifikasi machine learning untuk identifikasi bibit tanaman,"Penerapan Teachable Machine pada klasifikasi machine learning untuk identifikasi bibit tanaman … Teachable Machine can facilitate the data training process which generally requires a lot of
… in machine leaning. This study aims to use object recognition with machine learning so that it … C Chazar, MH Rafsanjani Prosiding Seminar Nasional Inovasi Dan … 2022 https://www.academia.edu/download/89468976/174.pdf 2026-07-11T12:20:00.396077+00:00 metadata_only https://www.academia.edu/download/89468976/174.pdf machine learning 10.35969/inotek.v2i1.207  closed_access",penerapan teachable machine pada klasifikasi machine learning untuk identifikasi bibit tanaman teachable machine can facilitate the data training process which generally requires a lot of in machine leaning this study aims to use object recognition with machine learning so that it c chazar mh rafsanjani prosiding seminar nasional inovasi dan 2022 2026 07 11t12 20 00 396077 00 00 metadata only machine learning 10 35969 inotek v2i1 207 closed access,"['penerapan', 'teachable', 'machine', 'pada', 'klasifikasi', 'machine', 'learning', 'untuk', 'identifikasi', 'bibit', 'tanaman', 'teachable', 'machine', 'can', 'facilitate', 'the', 'data', 'training', 'process', 'which', 'generally', 'requires', 'a', 'lot', 'of', 'in', 'machine', 'leaning', 'this', 'study', 'aims', 'to', 'use', 'object', 'recognition', 'with', 'machine', 'learning', 'so', 'that', 'it', 'c', 'chazar', 'mh', 'rafsanjani', 'prosiding', 'seminar', 'nasional', 'inovasi', 'dan', '2022', '2026', '07', '11t12', '20', '00', '396077', '00', '00', 'metadata', 'only', 'machine', 'learning', '10', '35969', 'inotek', 'v2i1', '207', 'closed', 'access']","['penerapan', 'teachable', 'machine', 'klasifikasi', 'machine', 'learning', 'identifikasi', 'bibit', 'tanaman', 'teachable', 'machine', 'can', 'facilitate', 'data', 'training', 'process', 'which', 'generally', 'requires', 'lot', 'machine', 'leaning', 'study', 'aims', 'use', 'object', 'recognition', 'machine', 'learning', 'so', 'chazar', 'mh', 'rafsanjani', 'prosiding', 'seminar', 'nasional', 'inovasi', '2022', '2026', '07', '11t12', '20', '00', '396077', '00', '00', 'metadata', 'only', 'machine', 'learning', '10', '35969', 'inotek', 'v2i1', '207', 'closed', 'access']","['terap', 'teachable', 'machine', 'klasifikasi', 'machine', 'learning', 'identifikasi', 'bibit', 'tanam', 'teachable', 'machine', 'can', 'facilitate', 'data', 'training', 'process', 'which', 'generally', 'requires', 'lot', 'machine', 'leaning', 'study', 'aims', 'use', 'object', 'recognition', 'machine', 'learning', 'so', 'chazar', 'mh', 'rafsanjani', 'prosiding', 'seminar', 'nasional', 'inovasi', '2022', '2026', '07', '11t12', '20', '00', '396077', '00', '00', 'metadata', 'only', 'machine', 'learning', '10', '35969', 'inotek', 'v2i1', '207', 'closed', 'access']",terap teachable machine klasifikasi machine learning identifikasi bibit tanam teachable machine can facilitate data training process which generally requires lot machine leaning study aims use object recognition machine learning so chazar mh rafsanjani prosiding seminar nasional inovasi 2022 2026 07 11t12 20 00 396077 00 00 metadata only machine learning 10 35969 inotek v2i1 207 closed access,2026-07-11T16:46:23.070865+00:00
40,Penerapan Machine Learning dengan Algoritma Logistik Regresi untuk Memprediksi Diabetes,"Penerapan Machine Learning dengan Algoritma Logistik Regresi untuk Memprediksi Diabetes Diabetes merupakan masalah kesehatan global yang signifikan, mempengaruhi kualitas
hidup individu dan menimbulkan beban ekonomi dan sosial. Machine Learning (Pembelajaran … A Pratama, AC Nurcahyo… Prosiding CORISINDO … 2023 https://ojs.stmikpontianak.ac.id/corisindo/article/view/30 2026-07-11T12:20:29.983493+00:00 pdf_downloaded https://ojs.stmikpontianak.ac.id/corisindo/article/download/30/22 machine learning 10.30871/jaic.v7i1.4998  open_access",penerapan machine learning dengan algoritma logistik regresi untuk memprediksi diabetes diabetes merupakan masalah kesehatan global yang signifikan mempengaruhi kualitas hidup individu dan menimbulkan beban ekonomi dan sosial machine learning pembelajaran a pratama ac nurcahyo prosiding corisindo 2023 2026 07 11t12 20 29 983493 00 00 pdf downloaded machine learning 10 30871 jaic v7i1 4998 open access,"['penerapan', 'machine', 'learning', 'dengan', 'algoritma', 'logistik', 'regresi', 'untuk', 'memprediksi', 'diabetes', 'diabetes', 'merupakan', 'masalah', 'kesehatan', 'global', 'yang', 'signifikan', 'mempengaruhi', 'kualitas', 'hidup', 'individu', 'dan', 'menimbulkan', 'beban', 'ekonomi', 'dan', 'sosial', 'machine', 'learning', 'pembelajaran', 'a', 'pratama', 'ac', 'nurcahyo', 'prosiding', 'corisindo', '2023', '2026', '07', '11t12', '20', '29', '983493', '00', '00', 'pdf', 'downloaded', 'machine', 'learning', '10', '30871', 'jaic', 'v7i1', '4998', 'open', 'access']","['penerapan', 'machine', 'learning', 'algoritma', 'logistik', 'regresi', 'memprediksi', 'diabetes', 'diabetes', 'merupakan', 'masalah', 'kesehatan', 'global', 'signifikan', 'mempengaruhi', 'kualitas', 'hidup', 'individu', 'menimbulkan', 'beban', 'ekonomi', 'sosial', 'machine', 'learning', 'pembelajaran', 'pratama', 'ac', 'nurcahyo', 'prosiding', 'corisindo', '2023', '2026', '07', '11t12', '20', '29', '983493', '00', '00', 'pdf', 'downloaded', 'machine', 'learning', '10', '30871', 'jaic', 'v7i1', '4998', 'open', 'access']","['terap', 'machine', 'learning', 'algoritma', 'logistik', 'regresi', 'prediksi', 'diabetes', 'diabetes', 'rupa', 'masalah', 'sehat', 'global', 'signifikan', 'pengaruh', 'kualitas', 'hidup', 'individu', 'timbul', 'beban', 'ekonomi', 'sosial', 'machine', 'learning', 'ajar', 'pratama', 'ac', 'nurcahyo', 'prosiding', 'corisindo', '2023', '2026', '07', '11t12', '20', '29', '983493', '00', '00', 'pdf', 'downloaded', 'machine', 'learning', '10', '30871', 'jaic', 'v7i1', '4998', 'open', 'access']",terap machine learning algoritma logistik regresi prediksi diabetes diabetes rupa masalah sehat global signifikan pengaruh kualitas hidup individu timbul beban ekonomi sosial machine learning ajar pratama ac nurcahyo prosiding corisindo 2023 2026 07 11t12 20 29 983493 00 00 pdf downloaded machine learning 10 30871 jaic v7i1 4998 open access,2026-07-11T16:46:23.070865+00:00
41,Penerapan Machine Learning Algoritma Random Forest Untuk Prediksi Penyakit Jantung,"Penerapan Machine Learning Algoritma Random Forest Untuk Prediksi Penyakit Jantung Menurut perkiraan Organisasi Kesehatan Dunia (WHO), penyakit jantung diproyeksikan
tetap menjadi penyebab kematian utama di dunia pada tahun 2030.. Lebih dari 17 juta jiwa … SA Putri, N Selayanti, M Kristanaya… … Nasional Sains Data 2024 https://www.researchgate.net/profile/Mirechelin-Kristanaya/publication/386392728_Penerapan_Machine_Learning_Algoritma_Random_Forest_Untuk_Prediksi_Penyakit_Jantung/links/68c9aa7e11d348252ba5dabe/Penerapan-Machine-Learning-Algoritma-Random-Forest-Untuk-Prediksi-Penyakit-Jantung.pdf 2026-07-11T12:20:34.291672+00:00 metadata_only https://www.researchgate.net/profile/Mirechelin-Kristanaya/publication/386392728_Penerapan_Machine_Learning_Algoritma_Random_Forest_Untuk_Prediksi_Penyakit_Jantung/links/68c9aa7e11d348252ba5dabe/Penerapan-Machine-Learning-Algoritma-Random-Forest-Untuk-Prediksi-Penyakit-Jantung.pdf machine learning 10.33005/senada.v4i1.376  closed_access",penerapan machine learning algoritma random forest untuk prediksi penyakit jantung menurut perkiraan organisasi kesehatan dunia who penyakit jantung diproyeksikan tetap menjadi penyebab kematian utama di dunia pada tahun 2030 lebih dari 17 juta jiwa sa putri n selayanti m kristanaya nasional sains data 2024 2026 07 11t12 20 34 291672 00 00 metadata only machine learning 10 33005 senada v4i1 376 closed access,"['penerapan', 'machine', 'learning', 'algoritma', 'random', 'forest', 'untuk', 'prediksi', 'penyakit', 'jantung', 'menurut', 'perkiraan', 'organisasi', 'kesehatan', 'dunia', 'who', 'penyakit', 'jantung', 'diproyeksikan', 'tetap', 'menjadi', 'penyebab', 'kematian', 'utama', 'di', 'dunia', 'pada', 'tahun', '2030', 'lebih', 'dari', '17', 'juta', 'jiwa', 'sa', 'putri', 'n', 'selayanti', 'm', 'kristanaya', 'nasional', 'sains', 'data', '2024', '2026', '07', '11t12', '20', '34', '291672', '00', '00', 'metadata', 'only', 'machine', 'learning', '10', '33005', 'senada', 'v4i1', '376', 'closed', 'access']","['penerapan', 'machine', 'learning', 'algoritma', 'random', 'forest', 'prediksi', 'penyakit', 'jantung', 'menurut', 'perkiraan', 'organisasi', 'kesehatan', 'dunia', 'who', 'penyakit', 'jantung', 'diproyeksikan', 'tetap', 'penyebab', 'kematian', 'utama', 'dunia', 'tahun', '2030', '17', 'juta', 'jiwa', 'sa', 'putri', 'selayanti', 'kristanaya', 'nasional', 'sains', 'data', '2024', '2026', '07', '11t12', '20', '34', '291672', '00', '00', 'metadata', 'only', 'machine', 'learning', '10', '33005', 'senada', 'v4i1', '376', 'closed', 'access']","['terap', 'machine', 'learning', 'algoritma', 'random', 'forest', 'prediksi', 'sakit', 'jantung', 'turut', 'kira', 'organisasi', 'sehat', 'dunia', 'who', 'sakit', 'jantung', 'proyeksi', 'tetap', 'sebab', 'mati', 'utama', 'dunia', 'tahun', '2030', '17', 'juta', 'jiwa', 'sa', 'putri', 'selayanti', 'kristanaya', 'nasional', 'sains', 'data', '2024', '2026', '07', '11t12', '20', '34', '291672', '00', '00', 'metadata', 'only', 'machine', 'learning', '10', '33005', 'nada', 'v4i1', '376', 'closed', 'access']",terap machine learning algoritma random forest prediksi sakit jantung turut kira organisasi sehat dunia who sakit jantung proyeksi tetap sebab mati utama dunia tahun 2030 17 juta jiwa sa putri selayanti kristanaya nasional sains data 2024 2026 07 11t12 20 34 291672 00 00 metadata only machine learning 10 33005 nada v4i1 376 closed access,2026-07-11T16:46:23.070865+00:00
42,Penerapan Machine Learning menggunakan algoritma C4. 5 berbasis PSO dalam Menganalisa Data Siswa Putus Sekolah,"Penerapan Machine Learning menggunakan algoritma C4. 5 berbasis PSO dalam Menganalisa Data Siswa Putus Sekolah Pendidikan sangat memegang peranan penting dalam meningkatkan kualitas Sumber
daya manusia yang ada di Indonesia. Untuk itu Pemerintah menggalakkan program wajib … A Surip, MA Pratama, I Ali… … For Educators And … 2021 https://ejournal-binainsani.ac.id/index.php/ITBI/article/view/1530 2026-07-11T12:20:59.584538+00:00 pdf_downloaded https://ejournal-binainsani.ac.id/index.php/ITBI/article/download/1530/1293 machine learning 10.51211/itbi.v5i2.1530  open_access",penerapan machine learning menggunakan algoritma c4 5 berbasis pso dalam menganalisa data siswa putus sekolah pendidikan sangat memegang peranan penting dalam meningkatkan kualitas sumber daya manusia yang ada di indonesia untuk itu pemerintah menggalakkan program wajib a surip ma pratama i ali for educators and 2021 2026 07 11t12 20 59 584538 00 00 pdf downloaded machine learning 10 51211 itbi v5i2 1530 open access,"['penerapan', 'machine', 'learning', 'menggunakan', 'algoritma', 'c4', '5', 'berbasis', 'pso', 'dalam', 'menganalisa', 'data', 'siswa', 'putus', 'sekolah', 'pendidikan', 'sangat', 'memegang', 'peranan', 'penting', 'dalam', 'meningkatkan', 'kualitas', 'sumber', 'daya', 'manusia', 'yang', 'ada', 'di', 'indonesia', 'untuk', 'itu', 'pemerintah', 'menggalakkan', 'program', 'wajib', 'a', 'surip', 'ma', 'pratama', 'i', 'ali', 'for', 'educators', 'and', '2021', '2026', '07', '11t12', '20', '59', '584538', '00', '00', 'pdf', 'downloaded', 'machine', 'learning', '10', '51211', 'itbi', 'v5i2', '1530', 'open', 'access']","['penerapan', 'machine', 'learning', 'menggunakan', 'algoritma', 'c4', 'berbasis', 'pso', 'menganalisa', 'data', 'siswa', 'putus', 'sekolah', 'pendidikan', 'sangat', 'memegang', 'peranan', 'penting', 'meningkatkan', 'kualitas', 'sumber', 'daya', 'manusia', 'indonesia', 'pemerintah', 'menggalakkan', 'program', 'wajib', 'surip', 'ma', 'pratama', 'ali', 'educators', '2021', '2026', '07', '11t12', '20', '59', '584538', '00', '00', 'pdf', 'downloaded', 'machine', 'learning', '10', '51211', 'itbi', 'v5i2', '1530', 'open', 'access']","['terap', 'machine', 'learning', 'guna', 'algoritma', 'c4', 'bas', 'pso', 'menganalisa', 'data', 'siswa', 'putus', 'sekolah', 'didik', 'sangat', 'pegang', 'peran', 'penting', 'tingkat', 'kualitas', 'sumber', 'daya', 'manusia', 'indonesia', 'perintah', 'galak', 'program', 'wajib', 'surip', 'ma', 'pratama', 'ali', 'educators', '2021', '2026', '07', '11t12', '20', '59', '584538', '00', '00', 'pdf', 'downloaded', 'machine', 'learning', '10', '51211', 'itbi', 'v5i2', '1530', 'open', 'access']",terap machine learning guna algoritma c4 bas pso menganalisa data siswa putus sekolah didik sangat pegang peran penting tingkat kualitas sumber daya manusia indonesia perintah galak program wajib surip ma pratama ali educators 2021 2026 07 11t12 20 59 584538 00 00 pdf downloaded machine learning 10 51211 itbi v5i2 1530 open access,2026-07-11T16:46:23.070865+00:00
43,Penerapan machine learning dengan algoritma support vector machine untuk prediksi kelembapan udara rata-rata,"Penerapan machine learning dengan algoritma support vector machine untuk prediksi kelembapan udara rata-rata … Machine learning dapat digunakan untuk memprediksi suatu data. Support Vector Machine
merupakan bagian dari teknik data mining yang dipergunakan untuk mengidentifikasi dan … ID Sulistyowati, S Sunarno… Jurnal Sistem Informasi … 2024 https://jurnal.umj.ac.id/index.php/just-it/article/view/23251 2026-07-11T12:21:03.987055+00:00 metadata_only https://jurnal.umj.ac.id/index.php/just-it/article/download/23251/11281 machine learning 10.65624/tridi.v2i2.38  closed_access",penerapan machine learning dengan algoritma support vector machine untuk prediksi kelembapan udara rata rata machine learning dapat digunakan untuk memprediksi suatu data support vector machine merupakan bagian dari teknik data mining yang dipergunakan untuk mengidentifikasi dan id sulistyowati s sunarno jurnal sistem informasi 2024 2026 07 11t12 21 03 987055 00 00 metadata only machine learning 10 65624 tridi v2i2 38 closed access,"['penerapan', 'machine', 'learning', 'dengan', 'algoritma', 'support', 'vector', 'machine', 'untuk', 'prediksi', 'kelembapan', 'udara', 'rata', 'rata', 'machine', 'learning', 'dapat', 'digunakan', 'untuk', 'memprediksi', 'suatu', 'data', 'support', 'vector', 'machine', 'merupakan', 'bagian', 'dari', 'teknik', 'data', 'mining', 'yang', 'dipergunakan', 'untuk', 'mengidentifikasi', 'dan', 'id', 'sulistyowati', 's', 'sunarno', 'jurnal', 'sistem', 'informasi', '2024', '2026', '07', '11t12', '21', '03', '987055', '00', '00', 'metadata', 'only', 'machine', 'learning', '10', '65624', 'tridi', 'v2i2', '38', 'closed', 'access']","['penerapan', 'machine', 'learning', 'algoritma', 'support', 'vector', 'machine', 'prediksi', 'kelembapan', 'udara', 'rata', 'rata', 'machine', 'learning', 'digunakan', 'memprediksi', 'data', 'support', 'vector', 'machine', 'merupakan', 'bagian', 'teknik', 'data', 'mining', 'dipergunakan', 'mengidentifikasi', 'id', 'sulistyowati', 'sunarno', 'jurnal', 'sistem', 'informasi', '2024', '2026', '07', '11t12', '21', '03', '987055', '00', '00', 'metadata', 'only', 'machine', 'learning', '10', '65624', 'tridi', 'v2i2', '38', 'closed', 'access']","['terap', 'machine', 'learning', 'algoritma', 'support', 'vector', 'machine', 'prediksi', 'lembap', 'udara', 'rata', 'rata', 'machine', 'learning', 'guna', 'prediksi', 'data', 'support', 'vector', 'machine', 'rupa', 'bagi', 'teknik', 'data', 'mining', 'guna', 'identifikasi', 'id', 'sulistyowati', 'sunarno', 'jurnal', 'sistem', 'informasi', '2024', '2026', '07', '11t12', '21', '03', '987055', '00', '00', 'metadata', 'only', 'machine', 'learning', '10', '65624', 'tridi', 'v2i2', '38', 'closed', 'access']",terap machine learning algoritma support vector machine prediksi lembap udara rata rata machine learning guna prediksi data support vector machine rupa bagi teknik data mining guna identifikasi id sulistyowati sunarno jurnal sistem informasi 2024 2026 07 11t12 21 03 987055 00 00 metadata only machine learning 10 65624 tridi v2i2 38 closed access,2026-07-11T16:46:23.070865+00:00
44,penerapan machine learning dalam melakukan prediksi harga saham pt. Bank mandiri (persero) tbk dengan algoritma linear regression,"penerapan machine learning dalam melakukan prediksi harga saham pt. Bank mandiri (persero) tbk dengan algoritma linear regression … Machine Learning telah merepresentasikan keunggulan yang luar biasa dalam melakukan
… Penelitian ini bertujuan untuk membuat model machine learning yang dapat memprediksi … P Triya, N Suarna, ND Nuris JATI (Jurnal Mahasiswa Teknik … 2024 https://www.ejournal.itn.ac.id/jati/article/view/8958 2026-07-11T12:21:20.0622+00:00 pdf_downloaded https://ejournal.itn.ac.id/jati/article/download/8958/5183 machine learning 10.36040/jati.v8i1.8958  open_access",penerapan machine learning dalam melakukan prediksi harga saham pt bank mandiri persero tbk dengan algoritma linear regression machine learning telah merepresentasikan keunggulan yang luar biasa dalam melakukan penelitian ini bertujuan untuk membuat model machine learning yang dapat memprediksi p triya n suarna nd nuris jati jurnal mahasiswa teknik 2024 2026 07 11t12 21 20 0622 00 00 pdf downloaded machine learning 10 36040 jati v8i1 8958 open access,"['penerapan', 'machine', 'learning', 'dalam', 'melakukan', 'prediksi', 'harga', 'saham', 'pt', 'bank', 'mandiri', 'persero', 'tbk', 'dengan', 'algoritma', 'linear', 'regression', 'machine', 'learning', 'telah', 'merepresentasikan', 'keunggulan', 'yang', 'luar', 'biasa', 'dalam', 'melakukan', 'penelitian', 'ini', 'bertujuan', 'untuk', 'membuat', 'model', 'machine', 'learning', 'yang', 'dapat', 'memprediksi', 'p', 'triya', 'n', 'suarna', 'nd', 'nuris', 'jati', 'jurnal', 'mahasiswa', 'teknik', '2024', '2026', '07', '11t12', '21', '20', '0622', '00', '00', 'pdf', 'downloaded', 'machine', 'learning', '10', '36040', 'jati', 'v8i1', '8958', 'open', 'access']","['penerapan', 'machine', 'learning', 'melakukan', 'prediksi', 'harga', 'saham', 'pt', 'bank', 'mandiri', 'persero', 'tbk', 'algoritma', 'linear', 'regression', 'machine', 'learning', 'merepresentasikan', 'keunggulan', 'luar', 'biasa', 'melakukan', 'penelitian', 'bertujuan', 'membuat', 'model', 'machine', 'learning', 'memprediksi', 'triya', 'suarna', 'nd', 'nuris', 'jati', 'jurnal', 'mahasiswa', 'teknik', '2024', '2026', '07', '11t12', '21', '20', '0622', '00', '00', 'pdf', 'downloaded', 'machine', 'learning', '10', '36040', 'jati', 'v8i1', '8958', 'open', 'access']","['terap', 'machine', 'learning', 'laku', 'prediksi', 'harga', 'saham', 'pt', 'bank', 'mandiri', 'persero', 'tbk', 'algoritma', 'linear', 'regression', 'machine', 'learning', 'representasi', 'unggul', 'luar', 'biasa', 'laku', 'teliti', 'tuju', 'buat', 'model', 'machine', 'learning', 'prediksi', 'triya', 'suarna', 'nd', 'nur', 'jati', 'jurnal', 'mahasiswa', 'teknik', '2024', '2026', '07', '11t12', '21', '20', '0622', '00', '00', 'pdf', 'downloaded', 'machine', 'learning', '10', '36040', 'jati', 'v8i1', '8958', 'open', 'access']",terap machine learning laku prediksi harga saham pt bank mandiri persero tbk algoritma linear regression machine learning representasi unggul luar biasa laku teliti tuju buat model machine learning prediksi triya suarna nd nur jati jurnal mahasiswa teknik 2024 2026 07 11t12 21 20 0622 00 00 pdf downloaded machine learning 10 36040 jati v8i1 8958 open access,2026-07-11T16:46:23.070865+00:00
45,Penerapan Algoritma Machine Learning dalam Prediksi Prestasi Akademik Mahasiswa,"Penerapan Algoritma Machine Learning dalam Prediksi Prestasi Akademik Mahasiswa … students' learning patterns … machine learning models can assist educators in identifying key
factors influencing student performance, enabling targeted interventions to enhance learning … R Rismaya, D Yuniarto, D Setiadi Router: Jurnal Teknik … 2025 https://journal.aptii.or.id/index.php/Router/article/view/389 2026-07-11T12:21:41.773772+00:00 pdf_downloaded https://journal.aptii.or.id/index.php/Router/article/download/389/558 machine learning 10.62951/router.v3i1.389 10.62951/router.v open_access",penerapan algoritma machine learning dalam prediksi prestasi akademik mahasiswa students learning patterns machine learning models can assist educators in identifying key factors influencing student performance enabling targeted interventions to enhance learning r rismaya d yuniarto d setiadi router jurnal teknik 2025 2026 07 11t12 21 41 773772 00 00 pdf downloaded machine learning 10 62951 router v3i1 389 10 62951 router v open access,"['penerapan', 'algoritma', 'machine', 'learning', 'dalam', 'prediksi', 'prestasi', 'akademik', 'mahasiswa', 'students', 'learning', 'patterns', 'machine', 'learning', 'models', 'can', 'assist', 'educators', 'in', 'identifying', 'key', 'factors', 'influencing', 'student', 'performance', 'enabling', 'targeted', 'interventions', 'to', 'enhance', 'learning', 'r', 'rismaya', 'd', 'yuniarto', 'd', 'setiadi', 'router', 'jurnal', 'teknik', '2025', '2026', '07', '11t12', '21', '41', '773772', '00', '00', 'pdf', 'downloaded', 'machine', 'learning', '10', '62951', 'router', 'v3i1', '389', '10', '62951', 'router', 'v', 'open', 'access']","['penerapan', 'algoritma', 'machine', 'learning', 'prediksi', 'prestasi', 'akademik', 'mahasiswa', 'students', 'learning', 'patterns', 'machine', 'learning', 'models', 'can', 'assist', 'educators', 'identifying', 'key', 'factors', 'influencing', 'student', 'performance', 'enabling', 'targeted', 'interventions', 'enhance', 'learning', 'rismaya', 'yuniarto', 'setiadi', 'router', 'jurnal', 'teknik', '2025', '2026', '07', '11t12', '21', '41', '773772', '00', '00', 'pdf', 'downloaded', 'machine', 'learning', '10', '62951', 'router', 'v3i1', '389', '10', '62951', 'router', 'open', 'access']","['terap', 'algoritma', 'machine', 'learning', 'prediksi', 'prestasi', 'akademik', 'mahasiswa', 'students', 'learning', 'patterns', 'machine', 'learning', 'models', 'can', 'assist', 'educators', 'identifying', 'key', 'factors', 'influencing', 'student', 'performance', 'enabling', 'targeted', 'interventions', 'enhance', 'learning', 'rismaya', 'yuniarto', 'setiadi', 'router', 'jurnal', 'teknik', '2025', '2026', '07', '11t12', '21', '41', '773772', '00', '00', 'pdf', 'downloaded', 'machine', 'learning', '10', '62951', 'router', 'v3i1', '389', '10', '62951', 'router', 'open', 'access']",terap algoritma machine learning prediksi prestasi akademik mahasiswa students learning patterns machine learning models can assist educators identifying key factors influencing student performance enabling targeted interventions enhance learning rismaya yuniarto setiadi router jurnal teknik 2025 2026 07 11t12 21 41 773772 00 00 pdf downloaded machine learning 10 62951 router v3i1 389 10 62951 router open access,2026-07-11T16:46:23.070865+00:00
46,Penerapan Machine Learning Clustering K-Means dan Linear Regression Dalam Penentuan Tingkat Resiko Tuberkulosis Paru,"Penerapan Machine Learning Clustering K-Means dan Linear Regression Dalam Penentuan Tingkat Resiko Tuberkulosis Paru Penyakit tuberkulosis paru yang paling banyak disebarkan oleh bakteri Mycobacterium dan
tipe penyakit ini menular pada bagian paru. tercatat pada tahun 2019 tercatat ada sekitar … M Ula, A Zulfikri, AF Ulva, RA Rizal The Indonesian Journal of Computer … 2023 http://ijcs.net/ijcs/index.php/ijcs/article/view/3162 2026-07-11T12:22:03.688228+00:00 pdf_downloaded https://www.ijcs.net/ijcs/index.php/ijcs/article/download/3162/110 machine learning 10.33022/ijcs.v12i1.3162  open_access",penerapan machine learning clustering k means dan linear regression dalam penentuan tingkat resiko tuberkulosis paru penyakit tuberkulosis paru yang paling banyak disebarkan oleh bakteri mycobacterium dan tipe penyakit ini menular pada bagian paru tercatat pada tahun 2019 tercatat ada sekitar m ula a zulfikri af ulva ra rizal the indonesian journal of computer 2023 2026 07 11t12 22 03 688228 00 00 pdf downloaded machine learning 10 33022 ijcs v12i1 3162 open access,"['penerapan', 'machine', 'learning', 'clustering', 'k', 'means', 'dan', 'linear', 'regression', 'dalam', 'penentuan', 'tingkat', 'resiko', 'tuberkulosis', 'paru', 'penyakit', 'tuberkulosis', 'paru', 'yang', 'paling', 'banyak', 'disebarkan', 'oleh', 'bakteri', 'mycobacterium', 'dan', 'tipe', 'penyakit', 'ini', 'menular', 'pada', 'bagian', 'paru', 'tercatat', 'pada', 'tahun', '2019', 'tercatat', 'ada', 'sekitar', 'm', 'ula', 'a', 'zulfikri', 'af', 'ulva', 'ra', 'rizal', 'the', 'indonesian', 'journal', 'of', 'computer', '2023', '2026', '07', '11t12', '22', '03', '688228', '00', '00', 'pdf', 'downloaded', 'machine', 'learning', '10', '33022', 'ijcs', 'v12i1', '3162', 'open', 'access']","['penerapan', 'machine', 'learning', 'clustering', 'means', 'linear', 'regression', 'penentuan', 'tingkat', 'resiko', 'tuberkulosis', 'paru', 'penyakit', 'tuberkulosis', 'paru', 'paling', 'disebarkan', 'bakteri', 'mycobacterium', 'tipe', 'penyakit', 'menular', 'bagian', 'paru', 'tercatat', 'tahun', '2019', 'tercatat', 'sekitar', 'ula', 'zulfikri', 'af', 'ulva', 'ra', 'rizal', 'indonesian', 'journal', 'computer', '2023', '2026', '07', '11t12', '22', '03', '688228', '00', '00', 'pdf', 'downloaded', 'machine', 'learning', '10', '33022', 'ijcs', 'v12i1', '3162', 'open', 'access']","['terap', 'machine', 'learning', 'clustering', 'means', 'linear', 'regression', 'tentu', 'tingkat', 'resiko', 'tuberkulosis', 'paru', 'sakit', 'tuberkulosis', 'paru', 'paling', 'sebar', 'bakteri', 'mycobacterium', 'tipe', 'sakit', 'tular', 'bagi', 'paru', 'catat', 'tahun', '2019', 'catat', 'sekitar', 'ula', 'zulfikri', 'af', 'ulva', 'ra', 'rizal', 'indonesian', 'journal', 'computer', '2023', '2026', '07', '11t12', '22', '03', '688228', '00', '00', 'pdf', 'downloaded', 'machine', 'learning', '10', '33022', 'ijcs', 'v12i1', '3162', 'open', 'access']",terap machine learning clustering means linear regression tentu tingkat resiko tuberkulosis paru sakit tuberkulosis paru paling sebar bakteri mycobacterium tipe sakit tular bagi paru catat tahun 2019 catat sekitar ula zulfikri af ulva ra rizal indonesian journal computer 2023 2026 07 11t12 22 03 688228 00 00 pdf downloaded machine learning 10 33022 ijcs v12i1 3162 open access,2026-07-11T16:46:23.070865+00:00
47,Penerapan Teknologi Machine Learning dalam Deteksi Dini Penyakit Pada Tanaman Pangan,"Penerapan Teknologi Machine Learning dalam Deteksi Dini Penyakit Pada Tanaman Pangan … This study aims to explore the application of machine learning … then analyzed using several
machine learning algorithms, such … The results show that the application of machine learning … F Putra Jurnal Kolaborasi Sains dan Ilmu Terapan 2024 https://utilityprojectsolution.org/ejournal/index.php/JuKSIT/article/view/50 2026-07-11T12:22:21.103077+00:00 pdf_downloaded https://jurnal-id.com/index.php/jupin/article/download/643/345 machine learning 10.54082/jupin.643 10.54082/jupin.643 open_access",penerapan teknologi machine learning dalam deteksi dini penyakit pada tanaman pangan this study aims to explore the application of machine learning then analyzed using several machine learning algorithms such the results show that the application of machine learning f putra jurnal kolaborasi sains dan ilmu terapan 2024 2026 07 11t12 22 21 103077 00 00 pdf downloaded machine learning 10 54082 jupin 643 10 54082 jupin 643 open access,"['penerapan', 'teknologi', 'machine', 'learning', 'dalam', 'deteksi', 'dini', 'penyakit', 'pada', 'tanaman', 'pangan', 'this', 'study', 'aims', 'to', 'explore', 'the', 'application', 'of', 'machine', 'learning', 'then', 'analyzed', 'using', 'several', 'machine', 'learning', 'algorithms', 'such', 'the', 'results', 'show', 'that', 'the', 'application', 'of', 'machine', 'learning', 'f', 'putra', 'jurnal', 'kolaborasi', 'sains', 'dan', 'ilmu', 'terapan', '2024', '2026', '07', '11t12', '22', '21', '103077', '00', '00', 'pdf', 'downloaded', 'machine', 'learning', '10', '54082', 'jupin', '643', '10', '54082', 'jupin', '643', 'open', 'access']","['penerapan', 'teknologi', 'machine', 'learning', 'deteksi', 'dini', 'penyakit', 'tanaman', 'pangan', 'study', 'aims', 'explore', 'application', 'machine', 'learning', 'then', 'analyzed', 'using', 'several', 'machine', 'learning', 'algorithms', 'such', 'results', 'show', 'application', 'machine', 'learning', 'putra', 'jurnal', 'kolaborasi', 'sains', 'ilmu', 'terapan', '2024', '2026', '07', '11t12', '22', '21', '103077', '00', '00', 'pdf', 'downloaded', 'machine', 'learning', '10', '54082', 'jupin', '643', '10', '54082', 'jupin', '643', 'open', 'access']","['terap', 'teknologi', 'machine', 'learning', 'deteksi', 'dini', 'sakit', 'tanam', 'pangan', 'study', 'aims', 'explore', 'application', 'machine', 'learning', 'then', 'analyzed', 'using', 'several', 'machine', 'learning', 'algorithms', 'such', 'results', 'show', 'application', 'machine', 'learning', 'putra', 'jurnal', 'kolaborasi', 'sains', 'ilmu', 'terap', '2024', '2026', '07', '11t12', '22', '21', '103077', '00', '00', 'pdf', 'downloaded', 'machine', 'learning', '10', '54082', 'jupin', '643', '10', '54082', 'jupin', '643', 'open', 'access']",terap teknologi machine learning deteksi dini sakit tanam pangan study aims explore application machine learning then analyzed using several machine learning algorithms such results show application machine learning putra jurnal kolaborasi sains ilmu terap 2024 2026 07 11t12 22 21 103077 00 00 pdf downloaded machine learning 10 54082 jupin 643 10 54082 jupin 643 open access,2026-07-11T16:46:23.070865+00:00
48,Pemanfaatan machine learning di bidang kesehatan,"Pemanfaatan machine learning di bidang kesehatan … pesat, machine learning menjadi salah satu pendekatan penting dalam berbagai bidang,
termasuk kesehatan. Machine learning … untuk mengulas penerapan machine learning dalam … I Akbar, F Supriadi, DI Junaedi JATI (Jurnal Mahasiswa Teknik … 2025 https://ejournal.itn.ac.id/index.php/jati/article/view/12663 2026-07-11T12:22:32.976352+00:00 pdf_downloaded https://ejournal.itn.ac.id/jati/article/download/12663/7109 machine learning 10.36040/jati.v9i1.12663  open_access",pemanfaatan machine learning di bidang kesehatan pesat machine learning menjadi salah satu pendekatan penting dalam berbagai bidang termasuk kesehatan machine learning untuk mengulas penerapan machine learning dalam i akbar f supriadi di junaedi jati jurnal mahasiswa teknik 2025 2026 07 11t12 22 32 976352 00 00 pdf downloaded machine learning 10 36040 jati v9i1 12663 open access,"['pemanfaatan', 'machine', 'learning', 'di', 'bidang', 'kesehatan', 'pesat', 'machine', 'learning', 'menjadi', 'salah', 'satu', 'pendekatan', 'penting', 'dalam', 'berbagai', 'bidang', 'termasuk', 'kesehatan', 'machine', 'learning', 'untuk', 'mengulas', 'penerapan', 'machine', 'learning', 'dalam', 'i', 'akbar', 'f', 'supriadi', 'di', 'junaedi', 'jati', 'jurnal', 'mahasiswa', 'teknik', '2025', '2026', '07', '11t12', '22', '32', '976352', '00', '00', 'pdf', 'downloaded', 'machine', 'learning', '10', '36040', 'jati', 'v9i1', '12663', 'open', 'access']","['pemanfaatan', 'machine', 'learning', 'bidang', 'kesehatan', 'pesat', 'machine', 'learning', 'salah', 'satu', 'pendekatan', 'penting', 'berbagai', 'bidang', 'termasuk', 'kesehatan', 'machine', 'learning', 'mengulas', 'penerapan', 'machine', 'learning', 'akbar', 'supriadi', 'junaedi', 'jati', 'jurnal', 'mahasiswa', 'teknik', '2025', '2026', '07', '11t12', '22', '32', '976352', '00', '00', 'pdf', 'downloaded', 'machine', 'learning', '10', '36040', 'jati', 'v9i1', '12663', 'open', 'access']","['manfaat', 'machine', 'learning', 'bidang', 'sehat', 'pesat', 'machine', 'learning', 'salah', 'satu', 'dekat', 'penting', 'bagai', 'bidang', 'masuk', 'sehat', 'machine', 'learning', 'ulas', 'terap', 'machine', 'learning', 'akbar', 'supriadi', 'junaedi', 'jati', 'jurnal', 'mahasiswa', 'teknik', '2025', '2026', '07', '11t12', '22', '32', '976352', '00', '00', 'pdf', 'downloaded', 'machine', 'learning', '10', '36040', 'jati', 'v9i1', '12663', 'open', 'access']",manfaat machine learning bidang sehat pesat machine learning salah satu dekat penting bagai bidang masuk sehat machine learning ulas terap machine learning akbar supriadi junaedi jati jurnal mahasiswa teknik 2025 2026 07 11t12 22 32 976352 00 00 pdf downloaded machine learning 10 36040 jati v9i1 12663 open access,2026-07-11T16:46:23.070865+00:00
