doc_id,title,term,tfidf_score
1,Machine learning for microbiologists,allow,0.2112
1,Machine learning for microbiologists,and,0.0478
1,Machine learning for microbiologists,evaluate,0.2112
1,Machine learning for microbiologists,for,0.0699
1,Machine learning for microbiologists,grasp,0.2373
1,Machine learning for microbiologists,how,0.2939
1,Machine learning for microbiologists,in,0.0563
1,Machine learning for microbiologists,learning,0.2436
1,Machine learning for microbiologists,learningbased,0.2373
1,Machine learning for microbiologists,machine,0.3508
1,Machine learning for microbiologists,microbiologists,0.4746
1,Machine learning for microbiologists,model,0.159
1,Machine learning for microbiologists,of,0.0452
1,Machine learning for microbiologists,potential,0.164
1,Machine learning for microbiologists,presented,0.2112
1,Machine learning for microbiologists,the,0.0917
1,Machine learning for microbiologists,this,0.0863
1,Machine learning for microbiologists,to,0.1232
1,Machine learning for microbiologists,topics,0.2112
1,Machine learning for microbiologists,will,0.1545
1,Machine learning for microbiologists,work,0.309
2,International conference on machine learning,algorithms,0.1692
2,International conference on machine learning,and,0.0508
2,International conference on machine learning,banditsbased,0.2525
2,International conference on machine learning,blackbox,0.2525
2,International conference on machine learning,conference,0.2525
2,International conference on machine learning,delineation,0.2525
2,International conference on machine learning,general,0.2525
2,International conference on machine learning,guiding,0.2248
2,International conference on machine learning,hierarchical,0.2525
2,International conference on machine learning,in,0.1198
2,International conference on machine learning,international,0.2248
2,International conference on machine learning,key,0.1807
2,International conference on machine learning,learning,0.0864
2,International conference on machine learning,machine,0.0933
2,International conference on machine learning,make,0.1745
2,International conference on machine learning,more,0.1807
2,International conference on machine learning,of,0.0481
2,International conference on machine learning,on,0.1837
2,International conference on machine learning,optimization,0.188
2,International conference on machine learning,paper,0.1564
2,International conference on machine learning,resolution,0.2525
2,International conference on machine learning,roles,0.2525
2,International conference on machine learning,statistical,0.2085
2,International conference on machine learning,the,0.0976
2,International conference on machine learning,this,0.0919
2,International conference on machine learning,uncertainty,0.2525
2,International conference on machine learning,we,0.1008
3,What is machine learning?,automated,0.2135
3,What is machine learning?,can,0.1298
3,What is machine learning?,either,0.2399
3,What is machine learning?,employ,0.2135
3,What is machine learning?,human,0.1981
3,What is machine learning?,in,0.0569
3,What is machine learning?,is,0.0887
3,What is machine learning?,learning,0.4926
3,What is machine learning?,machine,0.1774
3,What is machine learning?,ml,0.1453
3,What is machine learning?,of,0.0457
3,What is machine learning?,one,0.1717
3,What is machine learning?,or,0.2972
3,What is machine learning?,required,0.2399
3,What is machine learning?,skills,0.2399
3,What is machine learning?,supervised,0.1871
3,What is machine learning?,that,0.0941
3,What is machine learning?,the,0.0464
3,What is machine learning?,through,0.1453
3,What is machine learning?,two,0.1871
3,What is machine learning?,types,0.2135
3,What is machine learning?,unsupervised,0.1981
3,What is machine learning?,via,0.1871
3,What is machine learning?,what,0.1786
4,Amnesiac machine learning,ability,0.1995
4,Amnesiac machine learning,amnesiac,0.2416
4,Amnesiac machine learning,data,0.1377
4,Amnesiac machine learning,deep,0.1496
4,Amnesiac machine learning,deletion,0.2416
4,Amnesiac machine learning,eu,0.2416
4,Amnesiac machine learning,gives,0.2416
4,Amnesiac machine learning,including,0.1995
4,Amnesiac machine learning,it,0.1248
4,Amnesiac machine learning,learning,0.1653
4,Amnesiac machine learning,machine,0.1786
4,Amnesiac machine learning,models,0.2926
4,Amnesiac machine learning,network,0.167
4,Amnesiac machine learning,neural,0.1995
4,Amnesiac machine learning,of,0.046
4,Amnesiac machine learning,personal,0.215
4,Amnesiac machine learning,records,0.2416
4,Amnesiac machine learning,request,0.2416
4,Amnesiac machine learning,residents,0.2416
4,Amnesiac machine learning,the,0.0467
4,Amnesiac machine learning,their,0.1377
4,Amnesiac machine learning,to,0.1254
4,Amnesiac machine learning,train,0.2416
4,Amnesiac machine learning,training,0.1884
4,Amnesiac machine learning,unfortunately,0.215
4,Amnesiac machine learning,used,0.1307
5,Designing nanotheranostics with machine learning,and,0.052
5,Designing nanotheranostics with machine learning,artificial,0.173
5,Designing nanotheranostics with machine learning,as,0.1102
5,Designing nanotheranostics with machine learning,branch,0.2299
5,Designing nanotheranostics with machine learning,capable,0.2583
5,Designing nanotheranostics with machine learning,designing,0.2299
5,Designing nanotheranostics with machine learning,intelligence,0.1785
5,Designing nanotheranostics with machine learning,key,0.1848
5,Designing nanotheranostics with machine learning,learning,0.1768
5,Designing nanotheranostics with machine learning,machine,0.191
5,Designing nanotheranostics with machine learning,ml,0.1564
5,Designing nanotheranostics with machine learning,nanotheranostics,0.2583
5,Designing nanotheranostics with machine learning,of,0.1475
5,Designing nanotheranostics with machine learning,offering,0.2299
5,Designing nanotheranostics with machine learning,performing,0.2583
5,Designing nanotheranostics with machine learning,provides,0.1923
5,Designing nanotheranostics with machine learning,resultperception,0.2583
5,Designing nanotheranostics with machine learning,set,0.2133
5,Designing nanotheranostics with machine learning,tasks,0.2015
5,Designing nanotheranostics with machine learning,thus,0.2299
5,Designing nanotheranostics with machine learning,timeconsuming,0.2583
5,Designing nanotheranostics with machine learning,tools,0.173
5,Designing nanotheranostics with machine learning,unique,0.2583
5,Designing nanotheranostics with machine learning,with,0.1022
6,A guide to machine learning for biologists,accomplish,0.238
6,A guide to machine learning for biologists,an,0.2073
6,A guide to machine learning for biologists,biologists,0.238
6,A guide to machine learning for biologists,example,0.2118
6,A guide to machine learning for biologists,experiment,0.238
6,A guide to machine learning for biologists,expression,0.238
6,A guide to machine learning for biologists,for,0.2805
6,A guide to machine learning for biologists,genes,0.238
6,A guide to machine learning for biologists,guide,0.238
6,A guide to machine learning for biologists,investigating,0.238
6,A guide to machine learning for biologists,is,0.088
6,A guide to machine learning for biologists,learning,0.2443
6,A guide to machine learning for biologists,machine,0.2639
6,A guide to machine learning for biologists,model,0.1594
6,A guide to machine learning for biologists,objective,0.2118
6,A guide to machine learning for biologists,of,0.0453
6,A guide to machine learning for biologists,specification,0.238
6,A guide to machine learning for biologists,task,0.238
6,A guide to machine learning for biologists,the,0.046
6,A guide to machine learning for biologists,to,0.1235
6,A guide to machine learning for biologists,want,0.238
6,A guide to machine learning for biologists,we,0.095
6,A guide to machine learning for biologists,what,0.1772
7,Machine learning and deep learning: C. Janiesch et al.,al,0.1806
7,Machine learning and deep learning: C. Janiesch et al.,and,0.0817
7,Machine learning and deep learning: C. Janiesch et al.,based,0.1321
7,Machine learning and deep learning: C. Janiesch et al.,concept,0.1511
7,Machine learning and deep learning: C. Janiesch et al.,deep,0.5027
7,Machine learning and deep learning: C. Janiesch et al.,et,0.1806
7,Machine learning and deep learning: C. Janiesch et al.,fundamentals,0.2029
7,Machine learning and deep learning: C. Janiesch et al.,generate,0.2029
7,Machine learning and deep learning: C. Janiesch et al.,is,0.075
7,Machine learning and deep learning: C. Janiesch et al.,janiesch,0.2029
7,Machine learning and deep learning: C. Janiesch et al.,learning,0.5556
7,Machine learning and deep learning: C. Janiesch et al.,machine,0.3001
7,Machine learning and deep learning: C. Janiesch et al.,models,0.1229
7,Machine learning and deep learning: C. Janiesch et al.,of,0.0386
7,Machine learning and deep learning: C. Janiesch et al.,on,0.0738
7,Machine learning and deep learning: C. Janiesch et al.,outperform,0.2029
7,Machine learning and deep learning: C. Janiesch et al.,shallow,0.2029
7,Machine learning and deep learning: C. Janiesch et al.,to,0.0527
8,Machine learning foundations,about,0.2213
8,Machine learning foundations,algorithms,0.1901
8,Machine learning foundations,and,0.0571
8,Machine learning foundations,by,0.1305
8,Machine learning foundations,exploring,0.2343
8,Machine learning foundations,foundations,0.2838
8,Machine learning foundations,knowledge,0.2113
8,Machine learning foundations,learning,0.4855
8,Machine learning foundations,machine,0.3147
8,Machine learning foundations,of,0.054
8,Machine learning foundations,reinforced,0.2526
8,Machine learning foundations,semisupervised,0.2838
8,Machine learning foundations,supervised,0.2213
8,Machine learning foundations,the,0.2193
8,Machine learning foundations,theories,0.2838
8,Machine learning foundations,unsupervised,0.2343
9,Financial machine learning,and,0.0504
9,Financial machine learning,as,0.2135
9,Financial machine learning,financial,0.4131
9,Financial machine learning,for,0.0737
9,Financial machine learning,grasping,0.2502
9,Financial machine learning,in,0.1187
9,Financial machine learning,learners,0.2502
9,Financial machine learning,learning,0.2569
9,Financial machine learning,literature,0.1729
9,Financial machine learning,machine,0.3699
9,Financial machine learning,markets,0.2502
9,Financial machine learning,nascent,0.2502
9,Financial machine learning,of,0.0476
9,Financial machine learning,on,0.091
9,Financial machine learning,seeking,0.2227
9,Financial machine learning,statisticians,0.2502
9,Financial machine learning,study,0.124
9,Financial machine learning,survey,0.1426
9,Financial machine learning,the,0.0967
9,Financial machine learning,tools,0.1676
9,Financial machine learning,we,0.1998
9,Financial machine learning,well,0.2066
10,Open-environment machine learning,class,0.2302
10,Open-environment machine learning,data,0.1312
10,Open-environment machine learning,for,0.0678
10,Open-environment machine learning,in,0.0546
10,Open-environment machine learning,learning,0.315
10,Open-environment machine learning,machine,0.2552
10,Open-environment machine learning,ml,0.1394
10,Open-environment machine learning,name,0.2048
10,Open-environment machine learning,note,0.2302
10,Open-environment machine learning,ood,0.2302
10,Open-environment machine learning,open,0.359
10,Open-environment machine learning,openenvironment,0.2302
10,Open-environment machine learning,openworld,0.2302
10,Open-environment machine learning,or,0.2851
10,Open-environment machine learning,outofdistribution,0.2302
10,Open-environment machine learning,refer,0.2302
10,Open-environment machine learning,short,0.2048
10,Open-environment machine learning,that,0.0903
10,Open-environment machine learning,the,0.0445
10,Open-environment machine learning,to,0.1195
10,Open-environment machine learning,unseen,0.2302
10,Open-environment machine learning,used,0.1245
10,Open-environment machine learning,was,0.1591
10,Open-environment machine learning,with,0.0911
11,Using machine learning to detect misstatements,algorithm,0.2514
11,Using machine learning to detect misstatements,algorithms,0.1684
11,Using machine learning to detect misstatements,also,0.1522
11,Using machine learning to detect misstatements,alternative,0.2514
11,Using machine learning to detect misstatements,approaches,0.2237
11,Using machine learning to detect misstatements,be,0.1383
11,Using machine learning to detect misstatements,can,0.136
11,Using machine learning to detect misstatements,capture,0.2514
11,Using machine learning to detect misstatements,detect,0.2075
11,Using machine learning to detect misstatements,examine,0.2075
11,Using machine learning to detect misstatements,intuitively,0.2514
11,Using machine learning to detect misstatements,learning,0.344
11,Using machine learning to detect misstatements,machine,0.3716
11,Using machine learning to detect misstatements,misstatements,0.2514
11,Using machine learning to detect misstatements,number,0.2075
11,Using machine learning to detect misstatements,of,0.0478
11,Using machine learning to detect misstatements,relationship,0.2237
11,Using machine learning to detect misstatements,taught,0.2514
11,Using machine learning to detect misstatements,the,0.0486
11,Using machine learning to detect misstatements,to,0.1305
11,Using machine learning to detect misstatements,using,0.1198
11,Using machine learning to detect misstatements,we,0.1003
12,A survey on the explainability of supervised machine learning,and,0.0478
12,A survey on the explainability of supervised machine learning,area,0.2113
12,A survey on the explainability of supervised machine learning,definitions,0.2113
12,A survey on the explainability of supervised machine learning,describe,0.1767
12,A survey on the explainability of supervised machine learning,dimensions,0.2113
12,A survey on the explainability of supervised machine learning,explainability,0.2374
12,A survey on the explainability of supervised machine learning,explainable,0.2374
12,A survey on the explainability of supervised machine learning,first,0.1767
12,A survey on the explainability of supervised machine learning,following,0.2374
12,A survey on the explainability of supervised machine learning,in,0.0563
12,A survey on the explainability of supervised machine learning,interpretable,0.2374
12,A survey on the explainability of supervised machine learning,introduce,0.1851
12,A survey on the explainability of supervised machine learning,learning,0.1625
12,A survey on the explainability of supervised machine learning,machine,0.1755
12,A survey on the explainability of supervised machine learning,next,0.196
12,A survey on the explainability of supervised machine learning,of,0.0903
12,A survey on the explainability of supervised machine learning,on,0.0864
12,A survey on the explainability of supervised machine learning,problem,0.2113
12,A survey on the explainability of supervised machine learning,sections,0.2374
12,A survey on the explainability of supervised machine learning,structure,0.2374
12,A survey on the explainability of supervised machine learning,supervised,0.3703
12,A survey on the explainability of supervised machine learning,survey,0.1353
12,A survey on the explainability of supervised machine learning,the,0.1835
12,A survey on the explainability of supervised machine learning,we,0.2843
13,Challenges in deploying machine learning: a survey of case studies,by,0.1025
13,Challenges in deploying machine learning: a survey of case studies,case,0.184
13,Challenges in deploying machine learning: a survey of case studies,challenges,0.2452
13,Challenges in deploying machine learning: a survey of case studies,deploying,0.4456
13,Challenges in deploying machine learning: a survey of case studies,deployment,0.2228
13,Challenges in deploying machine learning: a survey of case studies,found,0.1983
13,Challenges in deploying machine learning: a survey of case studies,in,0.0529
13,Challenges in deploying machine learning: a survey of case studies,learning,0.305
13,Challenges in deploying machine learning: a survey of case studies,machine,0.3294
13,Challenges in deploying machine learning: a survey of case studies,mapping,0.1983
13,Challenges in deploying machine learning: a survey of case studies,of,0.1696
13,Challenges in deploying machine learning: a survey of case studies,published,0.2228
13,Challenges in deploying machine learning: a survey of case studies,reports,0.2228
13,Challenges in deploying machine learning: a survey of case studies,reviews,0.1983
13,Challenges in deploying machine learning: a survey of case studies,steps,0.184
13,Challenges in deploying machine learning: a survey of case studies,studies,0.1493
13,Challenges in deploying machine learning: a survey of case studies,survey,0.254
13,Challenges in deploying machine learning: a survey of case studies,the,0.1292
13,Challenges in deploying machine learning: a survey of case studies,this,0.0811
13,Challenges in deploying machine learning: a survey of case studies,to,0.0578
13,Challenges in deploying machine learning: a survey of case studies,workflow,0.2228
14,"Machine learning operations (mlops): Overview, definition, and architecture",abstract,0.1587
14,"Machine learning operations (mlops): Overview, definition, and architecture",addresses,0.1922
14,"Machine learning operations (mlops): Overview, definition, and architecture",all,0.1328
14,"Machine learning operations (mlops): Overview, definition, and architecture",and,0.0387
14,"Machine learning operations (mlops): Overview, definition, and architecture",architecture,0.1922
14,"Machine learning operations (mlops): Overview, definition, and architecture",definition,0.1711
14,"Machine learning operations (mlops): Overview, definition, and architecture",develop,0.1499
14,"Machine learning operations (mlops): Overview, definition, and architecture",final,0.1922
14,"Machine learning operations (mlops): Overview, definition, and architecture",goal,0.1711
14,"Machine learning operations (mlops): Overview, definition, and architecture",industrial,0.1587
14,"Machine learning operations (mlops): Overview, definition, and architecture",is,0.0711
14,"Machine learning operations (mlops): Overview, definition, and architecture",issue,0.1711
14,"Machine learning operations (mlops): Overview, definition, and architecture",learning,0.1973
14,"Machine learning operations (mlops): Overview, definition, and architecture",machine,0.2132
14,"Machine learning operations (mlops): Overview, definition, and architecture",ml,0.2328
14,"Machine learning operations (mlops): Overview, definition, and architecture",mlops,0.5767
14,"Machine learning operations (mlops): Overview, definition, and architecture",of,0.0732
14,"Machine learning operations (mlops): Overview, definition, and architecture",operations,0.3845
14,"Machine learning operations (mlops): Overview, definition, and architecture",overview,0.1288
14,"Machine learning operations (mlops): Overview, definition, and architecture",paradigm,0.1587
14,"Machine learning operations (mlops): Overview, definition, and architecture",projects,0.1587
14,"Machine learning operations (mlops): Overview, definition, and architecture",the,0.0743
14,"Machine learning operations (mlops): Overview, definition, and architecture",this,0.0699
14,"Machine learning operations (mlops): Overview, definition, and architecture",to,0.0499
15,A survey on dataset quality in machine learning,ability,0.1983
15,A survey on dataset quality in machine learning,accuracy,0.2402
15,A survey on dataset quality in machine learning,and,0.0484
15,A survey on dataset quality in machine learning,can,0.13
15,A survey on dataset quality in machine learning,dataset,0.4275
15,A survey on dataset quality in machine learning,definition,0.2138
15,A survey on dataset quality in machine learning,efficiency,0.1983
15,A survey on dataset quality in machine learning,generalization,0.2402
15,A survey on dataset quality in machine learning,help,0.1719
15,A survey on dataset quality in machine learning,improve,0.1719
15,A survey on dataset quality in machine learning,in,0.114
15,A survey on dataset quality in machine learning,including,0.1983
15,A survey on dataset quality in machine learning,learning,0.3288
15,A survey on dataset quality in machine learning,machine,0.3551
15,A survey on dataset quality in machine learning,of,0.1828
15,A survey on dataset quality in machine learning,on,0.0874
15,A survey on dataset quality in machine learning,quality,0.3576
15,A survey on dataset quality in machine learning,survey,0.1369
15,A survey on dataset quality in machine learning,the,0.0928
15,A survey on dataset quality in machine learning,which,0.1279
16,A review of the application of machine learning in water quality evaluation,additionally,0.2104
16,A review of the application of machine learning in water quality evaluation,application,0.1042
16,A review of the application of machine learning in water quality evaluation,approaches,0.1872
16,A review of the application of machine learning in water quality evaluation,can,0.1138
16,A review of the application of machine learning in water quality evaluation,cases,0.2104
16,A review of the application of machine learning in water quality evaluation,describe,0.1566
16,A review of the application of machine learning in water quality evaluation,environments,0.2104
16,A review of the application of machine learning in water quality evaluation,evaluation,0.1454
16,A review of the application of machine learning in water quality evaluation,for,0.062
16,A review of the application of machine learning in water quality evaluation,in,0.1497
16,A review of the application of machine learning in water quality evaluation,learning,0.2879
16,A review of the application of machine learning in water quality evaluation,machine,0.311
16,A review of the application of machine learning in water quality evaluation,of,0.1201
16,A review of the application of machine learning in water quality evaluation,provide,0.1505
16,A review of the application of machine learning in water quality evaluation,quality,0.1566
16,A review of the application of machine learning in water quality evaluation,review,0.1872
16,A review of the application of machine learning in water quality evaluation,solutions,0.1641
16,A review of the application of machine learning in water quality evaluation,the,0.0813
16,A review of the application of machine learning in water quality evaluation,this,0.0765
16,A review of the application of machine learning in water quality evaluation,to,0.0546
16,A review of the application of machine learning in water quality evaluation,water,0.6311
16,A review of the application of machine learning in water quality evaluation,we,0.084
16,A review of the application of machine learning in water quality evaluation,which,0.112
17,Agricultural databases evaluation with machine learning procedure,agricultural,0.4014
17,Agricultural databases evaluation with machine learning procedure,and,0.0908
17,Agricultural databases evaluation with machine learning procedure,databases,0.451
17,Agricultural databases evaluation with machine learning procedure,dataset,0.2007
17,Agricultural databases evaluation with machine learning procedure,designed,0.1862
17,Agricultural databases evaluation with machine learning procedure,evaluation,0.1558
17,Agricultural databases evaluation with machine learning procedure,has,0.1241
17,Agricultural databases evaluation with machine learning procedure,have,0.131
17,Agricultural databases evaluation with machine learning procedure,implemented,0.2007
17,Agricultural databases evaluation with machine learning procedure,learning,0.3087
17,Agricultural databases evaluation with machine learning procedure,machine,0.3334
17,Agricultural databases evaluation with machine learning procedure,of,0.0429
17,Agricultural databases evaluation with machine learning procedure,procedure,0.2255
17,Agricultural databases evaluation with machine learning procedure,schemes,0.2255
17,Agricultural databases evaluation with machine learning procedure,several,0.2255
17,Agricultural databases evaluation with machine learning procedure,techniques,0.1431
17,Agricultural databases evaluation with machine learning procedure,to,0.0585
17,Agricultural databases evaluation with machine learning procedure,using,0.1075
17,Agricultural databases evaluation with machine learning procedure,variety,0.2255
17,Agricultural databases evaluation with machine learning procedure,with,0.0892
18,An overview of machine learning classification techniques,an,0.1093
18,An overview of machine learning classification techniques,and,0.101
18,An overview of machine learning classification techniques,between,0.1554
18,An overview of machine learning classification techniques,classification,0.2233
18,An overview of machine learning classification techniques,concept,0.1868
18,An overview of machine learning classification techniques,core,0.2071
18,An overview of machine learning classification techniques,evident,0.2233
18,An overview of machine learning classification techniques,is,0.0927
18,An overview of machine learning classification techniques,learning,0.4293
18,An overview of machine learning classification techniques,lies,0.2509
18,An overview of machine learning classification techniques,machine,0.371
18,An overview of machine learning classification techniques,now,0.2071
18,An overview of machine learning classification techniques,of,0.1432
18,An overview of machine learning classification techniques,overview,0.1681
18,An overview of machine learning classification techniques,pattern,0.2233
18,An overview of machine learning classification techniques,recognition,0.1868
18,An overview of machine learning classification techniques,selflearning,0.2509
18,An overview of machine learning classification techniques,statistical,0.2071
18,An overview of machine learning classification techniques,statistics,0.2509
18,An overview of machine learning classification techniques,techniques,0.1592
18,An overview of machine learning classification techniques,the,0.0485
18,An overview of machine learning classification techniques,with,0.0993
19,A systematic review of teaching and learning machine learning in K-12 education,and,0.0972
19,A systematic review of teaching and learning machine learning in K-12 education,as,0.103
19,A systematic review of teaching and learning machine learning in K-12 education,at,0.1727
19,A systematic review of teaching and learning machine learning in K-12 education,being,0.1882
19,A systematic review of teaching and learning machine learning in K-12 education,conducted,0.1796
19,A systematic review of teaching and learning machine learning in K-12 education,contribution,0.2413
19,A systematic review of teaching and learning machine learning in K-12 education,education,0.3143
19,A systematic review of teaching and learning machine learning in K-12 education,field,0.1882
19,A systematic review of teaching and learning machine learning in K-12 education,from,0.1306
19,A systematic review of teaching and learning machine learning in K-12 education,in,0.0573
19,A systematic review of teaching and learning machine learning in K-12 education,it,0.1247
19,A systematic review of teaching and learning machine learning in K-12 education,learning,0.4129
19,A systematic review of teaching and learning machine learning in K-12 education,levels,0.2413
19,A systematic review of teaching and learning machine learning in K-12 education,machine,0.2676
19,A systematic review of teaching and learning machine learning in K-12 education,of,0.0918
19,A systematic review of teaching and learning machine learning in K-12 education,on,0.0878
19,A systematic review of teaching and learning machine learning in K-12 education,research,0.1306
19,A systematic review of teaching and learning machine learning in K-12 education,review,0.1073
19,A systematic review of teaching and learning machine learning in K-12 education,synthesizes,0.2413
19,A systematic review of teaching and learning machine learning in K-12 education,systematic,0.1461
19,A systematic review of teaching and learning machine learning in K-12 education,systematically,0.2413
19,A systematic review of teaching and learning machine learning in K-12 education,teaching,0.3984
19,A systematic review of teaching and learning machine learning in K-12 education,the,0.0932
19,A systematic review of teaching and learning machine learning in K-12 education,to,0.0626
20,A survey of human-in-the-loop for machine learning,an,0.1072
20,A survey of human-in-the-loop for machine learning,area,0.2191
20,A survey of human-in-the-loop for machine learning,as,0.1051
20,A survey of human-in-the-loop for machine learning,by,0.2265
20,A survey of human-in-the-loop for machine learning,due,0.2191
20,A survey of human-in-the-loop for machine learning,for,0.0725
20,A survey of human-in-the-loop for machine learning,future,0.1562
20,A survey of human-in-the-loop for machine learning,humanintheloop,0.4383
20,A survey of human-in-the-loop for machine learning,important,0.2033
20,A survey of human-in-the-loop for machine learning,in,0.0584
20,A survey of human-in-the-loop for machine learning,increasingly,0.2033
20,A survey of human-in-the-loop for machine learning,is,0.091
20,A survey of human-in-the-loop for machine learning,knowledge,0.1833
20,A survey of human-in-the-loop for machine learning,learned,0.2462
20,A survey of human-in-the-loop for machine learning,learning,0.337
20,A survey of human-in-the-loop for machine learning,machine,0.3641
20,A survey of human-in-the-loop for machine learning,of,0.0469
20,A survey of human-in-the-loop for machine learning,posed,0.2462
20,A survey of human-in-the-loop for machine learning,research,0.1332
20,A survey of human-in-the-loop for machine learning,see,0.2191
20,A survey of human-in-the-loop for machine learning,survey,0.1404
20,A survey of human-in-the-loop for machine learning,that,0.0966
20,A survey of human-in-the-loop for machine learning,the,0.0476
20,A survey of human-in-the-loop for machine learning,to,0.0639
20,A survey of human-in-the-loop for machine learning,we,0.0983
21,Machine learning for alloys,alloys,0.5173
21,Machine learning for alloys,and,0.0521
21,Machine learning for alloys,be,0.1423
21,Machine learning for alloys,between,0.1602
21,Machine learning for alloys,examines,0.2302
21,Machine learning for alloys,for,0.0762
21,Machine learning for alloys,foresee,0.2302
21,Machine learning for alloys,has,0.1423
21,Machine learning for alloys,learning,0.2655
21,Machine learning for alloys,machine,0.2868
21,Machine learning for alloys,machinelearningdriven,0.2587
21,Machine learning for alloys,of,0.0492
21,Machine learning for alloys,pairing,0.2587
21,Machine learning for alloys,partnership,0.2587
21,Machine learning for alloys,present,0.1851
21,Machine learning for alloys,proven,0.2587
21,Machine learning for alloys,review,0.1151
21,Machine learning for alloys,state,0.1926
21,Machine learning for alloys,that,0.1014
21,Machine learning for alloys,the,0.1
21,Machine learning for alloys,this,0.0941
21,Machine learning for alloys,to,0.0671
21,Machine learning for alloys,we,0.1033
22,Machine learning in economics and finance,and,0.0496
22,Machine learning in economics and finance,arthur,0.2463
22,Machine learning in economics and finance,by,0.1133
22,Machine learning in economics and finance,delivered,0.2463
22,Machine learning in economics and finance,describe,0.1834
22,Machine learning in economics and finance,economics,0.2463
22,Machine learning in economics and finance,finance,0.2192
22,Machine learning in economics and finance,for,0.0726
22,Machine learning in economics and finance,ibm,0.2463
22,Machine learning in economics and finance,in,0.1169
22,Machine learning in economics and finance,introduced,0.2192
22,Machine learning in economics and finance,learning,0.3371
22,Machine learning in economics and finance,machine,0.2731
22,Machine learning in economics and finance,mainly,0.2033
22,Machine learning in economics and finance,ml,0.1491
22,Machine learning in economics and finance,of,0.0469
22,Machine learning in economics and finance,pattern,0.2192
22,Machine learning in economics and finance,recognition,0.1834
22,Machine learning in economics and finance,samuel,0.2463
22,Machine learning in economics and finance,tasks,0.1921
22,Machine learning in economics and finance,that,0.0966
22,Machine learning in economics and finance,the,0.0952
22,Machine learning in economics and finance,to,0.0639
22,Machine learning in economics and finance,was,0.1702
22,Machine learning in economics and finance,while,0.2192
22,Machine learning in economics and finance,working,0.2463
23,Machine learning and applications in microbiology,address,0.2026
23,Machine learning and applications in microbiology,an,0.1131
23,Machine learning and applications in microbiology,and,0.0523
23,Machine learning and applications in microbiology,applications,0.1076
23,Machine learning and applications in microbiology,applying,0.2145
23,Machine learning and applications in microbiology,are,0.1323
23,Machine learning and applications in microbiology,biological,0.2598
23,Machine learning and applications in microbiology,evaluation,0.1795
23,Machine learning and applications in microbiology,expected,0.2145
23,Machine learning and applications in microbiology,further,0.2312
23,Machine learning and applications in microbiology,how,0.1609
23,Machine learning and applications in microbiology,in,0.0616
23,Machine learning and applications in microbiology,is,0.096
23,Machine learning and applications in microbiology,key,0.1859
23,Machine learning and applications in microbiology,learning,0.3556
23,Machine learning and applications in microbiology,machine,0.3841
23,Machine learning and applications in microbiology,microbiology,0.2598
23,Machine learning and applications in microbiology,of,0.0494
23,Machine learning and applications in microbiology,points,0.2312
23,Machine learning and applications in microbiology,practitioner,0.2598
23,Machine learning and applications in microbiology,problems,0.1934
23,Machine learning and applications in microbiology,reinforced,0.2312
23,Machine learning and applications in microbiology,these,0.1573
23,Machine learning and applications in microbiology,to,0.0674
23,Machine learning and applications in microbiology,with,0.1028
24,OMLT: Optimization & machine learning toolkit,an,0.0915
24,OMLT: Optimization & machine learning toolkit,and,0.0423
24,OMLT: Optimization & machine learning toolkit,been,0.1407
24,OMLT: Optimization & machine learning toolkit,have,0.122
24,OMLT: Optimization & machine learning toolkit,into,0.1368
24,OMLT: Optimization & machine learning toolkit,is,0.0776
24,OMLT: Optimization & machine learning toolkit,larger,0.1869
24,OMLT: Optimization & machine learning toolkit,learning,0.2156
24,OMLT: Optimization & machine learning toolkit,machine,0.2329
24,OMLT: Optimization & machine learning toolkit,models,0.1272
24,OMLT: Optimization & machine learning toolkit,omlt,0.4201
24,OMLT: Optimization & machine learning toolkit,opensource,0.2101
24,OMLT: Optimization & machine learning toolkit,optimization,0.4691
24,OMLT: Optimization & machine learning toolkit,package,0.2101
24,OMLT: Optimization & machine learning toolkit,problems,0.1564
24,OMLT: Optimization & machine learning toolkit,software,0.1564
24,OMLT: Optimization & machine learning toolkit,the,0.0406
24,OMLT: Optimization & machine learning toolkit,toolkit,0.4201
24,OMLT: Optimization & machine learning toolkit,trained,0.2101
24,OMLT: Optimization & machine learning toolkit,using,0.1001
24,OMLT: Optimization & machine learning toolkit,which,0.1119
25,Machine learning in chemical engineering: A perspective,algorithms,0.1805
25,Machine learning in chemical engineering: A perspective,and,0.1628
25,Machine learning in chemical engineering: A perspective,application,0.1335
25,Machine learning in chemical engineering: A perspective,chemical,0.2399
25,Machine learning in chemical engineering: A perspective,deep,0.3338
25,Machine learning in chemical engineering: A perspective,engineering,0.2102
25,Machine learning in chemical engineering: A perspective,especially,0.2225
25,Machine learning in chemical engineering: A perspective,focus,0.2102
25,Machine learning in chemical engineering: A perspective,in,0.0639
25,Machine learning in chemical engineering: A perspective,its,0.1755
25,Machine learning in chemical engineering: A perspective,learning,0.4611
25,Machine learning in chemical engineering: A perspective,machine,0.2989
25,Machine learning in chemical engineering: A perspective,models,0.1632
25,Machine learning in chemical engineering: A perspective,of,0.1026
25,Machine learning in chemical engineering: A perspective,on,0.098
25,Machine learning in chemical engineering: A perspective,perspective,0.2225
25,Machine learning in chemical engineering: A perspective,probabilistic,0.2695
25,Machine learning in chemical engineering: A perspective,statistical,0.2225
25,Machine learning in chemical engineering: A perspective,unsupervised,0.2225
25,Machine learning in chemical engineering: A perspective,with,0.1066
26,Human-in-the-loop machine learning: a state of the art,and,0.0502
26,Human-in-the-loop machine learning: a state of the art,are,0.1271
26,Human-in-the-loop machine learning: a state of the art,art,0.206
26,Human-in-the-loop machine learning: a state of the art,between,0.1546
26,Human-in-the-loop machine learning: a state of the art,defining,0.206
26,Human-in-the-loop machine learning: a state of the art,hitlml,0.2496
26,Human-in-the-loop machine learning: a state of the art,humanintheloop,0.2221
26,Human-in-the-loop machine learning: a state of the art,humans,0.2496
26,Human-in-the-loop machine learning: a state of the art,idea,0.2496
26,Human-in-the-loop machine learning: a state of the art,interactions,0.2221
26,Human-in-the-loop machine learning: a state of the art,is,0.0922
26,Human-in-the-loop machine learning: a state of the art,learning,0.3416
26,Human-in-the-loop machine learning: a state of the art,machine,0.369
26,Human-in-the-loop machine learning: a state of the art,make,0.1725
26,Human-in-the-loop machine learning: a state of the art,munro,0.2496
26,Human-in-the-loop machine learning: a state of the art,new,0.1397
26,Human-in-the-loop machine learning: a state of the art,not,0.1511
26,Human-in-the-loop machine learning: a state of the art,of,0.095
26,Human-in-the-loop machine learning: a state of the art,only,0.206
26,Human-in-the-loop machine learning: a state of the art,researchers,0.206
26,Human-in-the-loop machine learning: a state of the art,state,0.1858
26,Human-in-the-loop machine learning: a state of the art,the,0.0964
26,Human-in-the-loop machine learning: a state of the art,to,0.0648
26,Human-in-the-loop machine learning: a state of the art,types,0.2221
27,Causality for machine learning,all,0.163
27,Causality for machine learning,causality,0.2358
27,Causality for machine learning,compare,0.2358
27,Causality for machine learning,disregards,0.2358
27,Causality for machine learning,for,0.139
27,Causality for machine learning,if,0.2358
27,Causality for machine learning,in,0.056
27,Causality for machine learning,information,0.1947
27,Causality for machine learning,is,0.0872
27,Causality for machine learning,learning,0.3228
27,Causality for machine learning,machine,0.3487
27,Causality for machine learning,not,0.1428
27,Causality for machine learning,of,0.0449
27,Causality for machine learning,often,0.1947
27,Causality for machine learning,recent,0.1839
27,Causality for machine learning,shortcoming,0.2358
27,Causality for machine learning,since,0.1947
27,Causality for machine learning,spite,0.2358
27,Causality for machine learning,successes,0.2358
27,Causality for machine learning,surprising,0.2358
27,Causality for machine learning,this,0.0858
27,Causality for machine learning,too,0.2358
27,Causality for machine learning,we,0.0941
27,Causality for machine learning,what,0.1756
28,Machine learning: new ideas and tools in environmental science and engineering,analysis,0.1373
28,Machine learning: new ideas and tools in environmental science and engineering,and,0.2109
28,Machine learning: new ideas and tools in environmental science and engineering,applications,0.1085
28,Machine learning: new ideas and tools in environmental science and engineering,challenges,0.1441
28,Machine learning: new ideas and tools in environmental science and engineering,data,0.1493
28,Machine learning: new ideas and tools in environmental science and engineering,engineering,0.2043
28,Machine learning: new ideas and tools in environmental science and engineering,environmental,0.2331
28,Machine learning: new ideas and tools in environmental science and engineering,ese,0.2619
28,Machine learning: new ideas and tools in environmental science and engineering,field,0.2043
28,Machine learning: new ideas and tools in environmental science and engineering,for,0.0772
28,Machine learning: new ideas and tools in environmental science and engineering,has,0.1441
28,Machine learning: new ideas and tools in environmental science and engineering,ideas,0.2619
28,Machine learning: new ideas and tools in environmental science and engineering,in,0.1864
28,Machine learning: new ideas and tools in environmental science and engineering,learning,0.2689
28,Machine learning: new ideas and tools in environmental science and engineering,machine,0.2905
28,Machine learning: new ideas and tools in environmental science and engineering,modeling,0.2162
28,Machine learning: new ideas and tools in environmental science and engineering,new,0.1466
28,Machine learning: new ideas and tools in environmental science and engineering,of,0.0498
28,Machine learning: new ideas and tools in environmental science and engineering,opportunities,0.1874
28,Machine learning: new ideas and tools in environmental science and engineering,potential,0.181
28,Machine learning: new ideas and tools in environmental science and engineering,revolutionize,0.2619
28,Machine learning: new ideas and tools in environmental science and engineering,science,0.2331
28,Machine learning: new ideas and tools in environmental science and engineering,shortcomings,0.2619
28,Machine learning: new ideas and tools in environmental science and engineering,the,0.1518
28,Machine learning: new ideas and tools in environmental science and engineering,to,0.068
28,Machine learning: new ideas and tools in environmental science and engineering,tools,0.1755
29,Scope of machine learning in materials research—A review,across,0.2094
29,Scope of machine learning in materials research—A review,applications,0.0975
29,Scope of machine learning in materials research—A review,boundaries,0.2353
29,Scope of machine learning in materials research—A review,comprehensive,0.1532
29,Scope of machine learning in materials research—A review,dimensions,0.2094
29,Scope of machine learning in materials research—A review,explains,0.2353
29,Scope of machine learning in materials research—A review,fields,0.1943
29,Scope of machine learning in materials research—A review,in,0.1117
29,Scope of machine learning in materials research—A review,investigates,0.2353
29,Scope of machine learning in materials research—A review,it,0.1216
29,Scope of machine learning in materials research—A review,key,0.1684
29,Scope of machine learning in materials research—A review,learning,0.161
29,Scope of machine learning in materials research—A review,machine,0.1739
29,Scope of machine learning in materials research—A review,materials,0.4706
29,Scope of machine learning in materials research—A review,multifaceted,0.2353
29,Scope of machine learning in materials research—A review,of,0.0895
29,Scope of machine learning in materials research—A review,redefining,0.2353
29,Scope of machine learning in materials research—A review,research,0.2546
29,Scope of machine learning in materials research—A review,review,0.2093
29,Scope of machine learning in materials research—A review,scope,0.2353
29,Scope of machine learning in materials research—A review,six,0.2094
29,Scope of machine learning in materials research—A review,the,0.0909
29,Scope of machine learning in materials research—A review,this,0.0856
30,Machine learning for biochemical engineering: A review,application,0.1167
30,Machine learning for biochemical engineering: A review,biochemical,0.4711
30,Machine learning for biochemical engineering: A review,challenges,0.1296
30,Machine learning for biochemical engineering: A review,core,0.1945
30,Machine learning for biochemical engineering: A review,engineering,0.3674
30,Machine learning for biochemical engineering: A review,finally,0.1837
30,Machine learning for biochemical engineering: A review,for,0.0694
30,Machine learning for biochemical engineering: A review,in,0.0559
30,Machine learning for biochemical engineering: A review,into,0.1534
30,Machine learning for biochemical engineering: A review,last,0.2096
30,Machine learning for biochemical engineering: A review,learning,0.3224
30,Machine learning for biochemical engineering: A review,machine,0.3482
30,Machine learning for biochemical engineering: A review,most,0.1837
30,Machine learning for biochemical engineering: A review,of,0.0896
30,Machine learning for biochemical engineering: A review,over,0.1837
30,Machine learning for biochemical engineering: A review,prevalent,0.2096
30,Machine learning for biochemical engineering: A review,review,0.1048
30,Machine learning for biochemical engineering: A review,the,0.1365
30,Machine learning for biochemical engineering: A review,use,0.1296
30,Machine learning for biochemical engineering: A review,within,0.1753
30,Machine learning for biochemical engineering: A review,years,0.2096
31,Participation is not a design fix for machine learning,and,0.0453
31,Participation is not a design fix for machine learning,argue,0.2249
31,Participation is not a design fix for machine learning,attuned,0.2249
31,Participation is not a design fix for machine learning,become,0.1857
31,Participation is not a design fix for machine learning,community,0.2001
31,Participation is not a design fix for machine learning,design,0.2118
31,Participation is not a design fix for machine learning,examines,0.2001
31,Participation is not a design fix for machine learning,existing,0.1857
31,Participation is not a design fix for machine learning,fix,0.2249
31,Participation is not a design fix for machine learning,for,0.0663
31,Participation is not a design fix for machine learning,in,0.0534
31,Participation is not a design fix for machine learning,is,0.0831
31,Participation is not a design fix for machine learning,it,0.1162
31,Participation is not a design fix for machine learning,justice,0.2249
31,Participation is not a design fix for machine learning,kinds,0.1857
31,Participation is not a design fix for machine learning,learning,0.3078
31,Participation is not a design fix for machine learning,machine,0.3325
31,Participation is not a design fix for machine learning,must,0.1857
31,Participation is not a design fix for machine learning,not,0.1362
31,Participation is not a design fix for machine learning,of,0.0428
31,Participation is not a design fix for machine learning,participation,0.4498
31,Participation is not a design fix for machine learning,practice,0.2001
31,Participation is not a design fix for machine learning,that,0.0882
31,Participation is not a design fix for machine learning,the,0.0434
31,Participation is not a design fix for machine learning,three,0.1554
31,Participation is not a design fix for machine learning,to,0.0584
32,Machine learning for a sustainable energy future,address,0.1944
32,Machine learning for a sustainable energy future,be,0.1372
32,Machine learning for a sustainable energy future,can,0.2698
32,Machine learning for a sustainable energy future,challenges,0.1372
32,Machine learning for a sustainable energy future,energy,0.2493
32,Machine learning for a sustainable energy future,explore,0.2219
32,Machine learning for a sustainable energy future,extent,0.2493
32,Machine learning for a sustainable energy future,for,0.0735
32,Machine learning for a sustainable energy future,future,0.1582
32,Machine learning for a sustainable energy future,help,0.1784
32,Machine learning for a sustainable energy future,here,0.1944
32,Machine learning for a sustainable energy future,learning,0.1706
32,Machine learning for a sustainable energy future,machine,0.1843
32,Machine learning for a sustainable energy future,many,0.1944
32,Machine learning for a sustainable energy future,ml,0.3019
32,Machine learning for a sustainable energy future,models,0.1509
32,Machine learning for a sustainable energy future,of,0.0949
32,Machine learning for a sustainable energy future,predict,0.2493
32,Machine learning for a sustainable energy future,properties,0.2493
32,Machine learning for a sustainable energy future,specific,0.1856
32,Machine learning for a sustainable energy future,sustainable,0.2493
32,Machine learning for a sustainable energy future,techniques,0.1582
32,Machine learning for a sustainable energy future,the,0.0482
32,Machine learning for a sustainable energy future,these,0.1509
32,Machine learning for a sustainable energy future,to,0.1941
32,Machine learning for a sustainable energy future,used,0.1349
32,Machine learning for a sustainable energy future,we,0.0995
32,Machine learning for a sustainable energy future,which,0.1328
33,Understanding from machine learning models,and,0.0492
33,Understanding from machine learning models,are,0.1244
33,Understanding from machine learning models,assumptions,0.2443
33,Understanding from machine learning models,by,0.1124
33,Understanding from machine learning models,choose,0.2174
33,Understanding from machine learning models,direction,0.2017
33,Understanding from machine learning models,from,0.1322
33,Understanding from machine learning models,good,0.2017
33,Understanding from machine learning models,learning,0.2508
33,Understanding from machine learning models,machine,0.2709
33,Understanding from machine learning models,make,0.1688
33,Understanding from machine learning models,model,0.1637
33,Understanding from machine learning models,models,0.2959
33,Understanding from machine learning models,opaque,0.2443
33,Understanding from machine learning models,opposite,0.2443
33,Understanding from machine learning models,or,0.3026
33,Understanding from machine learning models,pragmatic,0.2443
33,Understanding from machine learning models,predictions,0.2174
33,Understanding from machine learning models,the,0.0944
33,Understanding from machine learning models,they,0.1748
33,Understanding from machine learning models,to,0.0634
33,Understanding from machine learning models,understanding,0.2174
33,Understanding from machine learning models,utilizing,0.2174
33,Understanding from machine learning models,when,0.1688
34,Machine learning at the network edge: A survey,achievable,0.2452
34,Machine learning at the network edge: A survey,an,0.1068
34,Machine learning at the network edge: A survey,application,0.1215
34,Machine learning at the network edge: A survey,at,0.1754
34,Machine learning at the network edge: A survey,been,0.1642
34,Machine learning at the network edge: A survey,deep,0.1518
34,Machine learning at the network edge: A survey,describes,0.2452
34,Machine learning at the network edge: A survey,edge,0.4364
34,Machine learning at the network edge: A survey,from,0.1327
34,Machine learning at the network edge: A survey,hardware,0.2182
34,Machine learning at the network edge: A survey,have,0.1425
34,Machine learning at the network edge: A survey,high,0.2182
34,Machine learning at the network edge: A survey,in,0.0582
34,Machine learning at the network edge: A survey,is,0.0906
34,Machine learning at the network edge: A survey,learning,0.2517
34,Machine learning at the network edge: A survey,lowpower,0.2452
34,Machine learning at the network edge: A survey,machine,0.1813
34,Machine learning at the network edge: A survey,network,0.1694
34,Machine learning at the network edge: A survey,only,0.2024
34,Machine learning at the network edge: A survey,performance,0.1754
34,Machine learning at the network edge: A survey,section,0.2452
34,Machine learning at the network edge: A survey,survey,0.1398
34,Machine learning at the network edge: A survey,systems,0.1694
34,Machine learning at the network edge: A survey,that,0.0961
34,Machine learning at the network edge: A survey,the,0.0947
34,Machine learning at the network edge: A survey,this,0.0892
34,Machine learning at the network edge: A survey,used,0.1327
34,Machine learning at the network edge: A survey,when,0.1694
35,Financial applications of machine learning: A literature review,and,0.05
35,Financial applications of machine learning: A literature review,applications,0.1028
35,Financial applications of machine learning: A literature review,deep,0.1537
35,Financial applications of machine learning: A literature review,directions,0.2049
35,Financial applications of machine learning: A literature review,finally,0.1936
35,Financial applications of machine learning: A literature review,finance,0.2209
35,Financial applications of machine learning: A literature review,financial,0.2049
35,Financial applications of machine learning: A literature review,in,0.1767
35,Financial applications of machine learning: A literature review,inquiries,0.2482
35,Financial applications of machine learning: A literature review,lead,0.2482
35,Financial applications of machine learning: A literature review,learning,0.4247
35,Financial applications of machine learning: A literature review,literature,0.1715
35,Financial applications of machine learning: A literature review,machine,0.367
35,Financial applications of machine learning: A literature review,might,0.2209
35,Financial applications of machine learning: A literature review,new,0.139
35,Financial applications of machine learning: A literature review,of,0.0945
35,Financial applications of machine learning: A literature review,on,0.0903
35,Financial applications of machine learning: A literature review,out,0.2209
35,Financial applications of machine learning: A literature review,points,0.2209
35,Financial applications of machine learning: A literature review,possible,0.2049
35,Financial applications of machine learning: A literature review,research,0.1343
35,Financial applications of machine learning: A literature review,review,0.1104
35,Financial applications of machine learning: A literature review,study,0.123
35,Financial applications of machine learning: A literature review,the,0.048
35,Financial applications of machine learning: A literature review,to,0.0644
35,Financial applications of machine learning: A literature review,which,0.1322
36,Machine learning for chemical reactions,addressed,0.2746
36,Machine learning for chemical reactions,an,0.1196
36,Machine learning for chemical reactions,and,0.0553
36,Machine learning for chemical reactions,been,0.184
36,Machine learning for chemical reactions,can,0.1486
36,Machine learning for chemical reactions,chemical,0.2444
36,Machine learning for chemical reactions,for,0.0809
36,Machine learning for chemical reactions,have,0.1596
36,Machine learning for chemical reactions,learning,0.2819
36,Machine learning for chemical reactions,machine,0.3045
36,Machine learning for chemical reactions,machinelearned,0.2746
36,Machine learning for chemical reactions,ml,0.1663
36,Machine learning for chemical reactions,network,0.1898
36,Machine learning for chemical reactions,neural,0.2267
36,Machine learning for chemical reactions,of,0.0523
36,Machine learning for chemical reactions,overview,0.184
36,Machine learning for chemical reactions,potentials,0.2746
36,Machine learning for chemical reactions,provides,0.2045
36,Machine learning for chemical reactions,questions,0.2444
36,Machine learning for chemical reactions,reactions,0.2746
36,Machine learning for chemical reactions,review,0.1222
36,Machine learning for chemical reactions,that,0.1077
36,Machine learning for chemical reactions,the,0.0531
36,Machine learning for chemical reactions,this,0.0999
36,Machine learning for chemical reactions,using,0.2618
37,The role of machine learning algorithms for diagnosing diseases,algorithms,0.1572
37,The role of machine learning algorithms for diagnosing diseases,and,0.0472
37,The role of machine learning algorithms for diagnosing diseases,clustering,0.2088
37,The role of machine learning algorithms for diagnosing diseases,decision,0.2088
37,The role of machine learning algorithms for diagnosing diseases,diagnosing,0.2346
37,The role of machine learning algorithms for diagnosing diseases,diseases,0.2346
37,The role of machine learning algorithms for diagnosing diseases,for,0.0691
37,The role of machine learning algorithms for diagnosing diseases,forest,0.2088
37,The role of machine learning algorithms for diagnosing diseases,in,0.0557
37,The role of machine learning algorithms for diagnosing diseases,kmeans,0.2346
37,The role of machine learning algorithms for diagnosing diseases,knearest,0.2346
37,The role of machine learning algorithms for diagnosing diseases,learning,0.2409
37,The role of machine learning algorithms for diagnosing diseases,machine,0.3469
37,The role of machine learning algorithms for diagnosing diseases,many,0.183
37,The role of machine learning algorithms for diagnosing diseases,neighbor,0.2346
37,The role of machine learning algorithms for diagnosing diseases,of,0.0446
37,The role of machine learning algorithms for diagnosing diseases,previous,0.2088
37,The role of machine learning algorithms for diagnosing diseases,random,0.2346
37,The role of machine learning algorithms for diagnosing diseases,reviewed,0.2346
37,The role of machine learning algorithms for diagnosing diseases,role,0.1337
37,The role of machine learning algorithms for diagnosing diseases,studies,0.1572
37,The role of machine learning algorithms for diagnosing diseases,that,0.092
37,The role of machine learning algorithms for diagnosing diseases,the,0.0907
37,The role of machine learning algorithms for diagnosing diseases,this,0.0853
37,The role of machine learning algorithms for diagnosing diseases,tree,0.2346
37,The role of machine learning algorithms for diagnosing diseases,used,0.127
37,The role of machine learning algorithms for diagnosing diseases,were,0.1747
37,The role of machine learning algorithms for diagnosing diseases,work,0.1528
38,Scientific machine learning benchmarks,and,0.0559
38,Scientific machine learning benchmarks,application,0.1376
38,Scientific machine learning benchmarks,architectures,0.2167
38,Scientific machine learning benchmarks,benchmarks,0.2778
38,Scientific machine learning benchmarks,computer,0.2472
38,Scientific machine learning benchmarks,concept,0.2068
38,Scientific machine learning benchmarks,for,0.0819
38,Scientific machine learning benchmarks,frameworks,0.2294
38,Scientific machine learning benchmarks,here,0.2167
38,Scientific machine learning benchmarks,introduce,0.2167
38,Scientific machine learning benchmarks,learning,0.3803
38,Scientific machine learning benchmarks,machine,0.4108
38,Scientific machine learning benchmarks,methods,0.172
38,Scientific machine learning benchmarks,metrics,0.2778
38,Scientific machine learning benchmarks,models,0.1682
38,Scientific machine learning benchmarks,of,0.1057
38,Scientific machine learning benchmarks,open,0.2167
38,Scientific machine learning benchmarks,scientific,0.2472
38,Scientific machine learning benchmarks,the,0.1074
38,Scientific machine learning benchmarks,to,0.0721
38,Scientific machine learning benchmarks,we,0.1109
39,When machine learning meets privacy: A survey and outlook,and,0.132
39,When machine learning meets privacy: A survey and outlook,between,0.1354
39,When machine learning meets privacy: A survey and outlook,categories,0.2186
39,When machine learning meets privacy: A survey and outlook,covers,0.2186
39,When machine learning meets privacy: A survey and outlook,ii,0.1946
39,When machine learning meets privacy: A survey and outlook,interactions,0.1946
39,When machine learning meets privacy: A survey and outlook,is,0.0808
39,When machine learning meets privacy: A survey and outlook,learning,0.374
39,When machine learning meets privacy: A survey and outlook,machine,0.4848
39,When machine learning meets privacy: A survey and outlook,meets,0.2186
39,When machine learning meets privacy: A survey and outlook,of,0.0416
39,When machine learning meets privacy: A survey and outlook,outlook,0.2186
39,When machine learning meets privacy: A survey and outlook,privacy,0.361
39,When machine learning meets privacy: A survey and outlook,private,0.2186
39,When machine learning meets privacy: A survey and outlook,problems,0.1628
39,When machine learning meets privacy: A survey and outlook,survey,0.2492
39,When machine learning meets privacy: A survey and outlook,the,0.0422
39,When machine learning meets privacy: A survey and outlook,three,0.1511
39,When machine learning meets privacy: A survey and outlook,when,0.1511
40,Machine learning and deep learning: A review of methods and applications,and,0.2556
40,Machine learning and deep learning: A review of methods and applications,applications,0.1754
40,Machine learning and deep learning: A review of methods and applications,deep,0.5242
40,Machine learning and deep learning: A review of methods and applications,differences,0.1747
40,Machine learning and deep learning: A review of methods and applications,impact,0.1281
40,Machine learning and deep learning: A review of methods and applications,industries,0.1747
40,Machine learning and deep learning: A review of methods and applications,learning,0.5793
40,Machine learning and deep learning: A review of methods and applications,machine,0.3129
40,Machine learning and deep learning: A review of methods and applications,methods,0.1311
40,Machine learning and deep learning: A review of methods and applications,of,0.0805
40,Machine learning and deep learning: A review of methods and applications,on,0.077
40,Machine learning and deep learning: A review of methods and applications,review,0.0941
40,Machine learning and deep learning: A review of methods and applications,their,0.2413
40,Machine learning and deep learning: A review of methods and applications,various,0.1462
41,"Machine learning: Algorithms, real-world applications and research directions",algorithms,0.1805
41,"Machine learning: Algorithms, real-world applications and research directions",analyze,0.2101
41,"Machine learning: Algorithms, real-world applications and research directions",and,0.0542
41,"Machine learning: Algorithms, real-world applications and research directions",applications,0.1116
41,"Machine learning: Algorithms, real-world applications and research directions",can,0.1458
41,"Machine learning: Algorithms, real-world applications and research directions",comprehensive,0.1754
41,"Machine learning: Algorithms, real-world applications and research directions",data,0.1536
41,"Machine learning: Algorithms, real-world applications and research directions",different,0.1862
41,"Machine learning: Algorithms, real-world applications and research directions",directions,0.2224
41,"Machine learning: Algorithms, real-world applications and research directions",in,0.0639
41,"Machine learning: Algorithms, real-world applications and research directions",intelligently,0.2694
41,"Machine learning: Algorithms, real-world applications and research directions",large,0.2224
41,"Machine learning: Algorithms, real-world applications and research directions",learning,0.3688
41,"Machine learning: Algorithms, real-world applications and research directions",machine,0.2988
41,"Machine learning: Algorithms, real-world applications and research directions",methods,0.1669
41,"Machine learning: Algorithms, real-world applications and research directions",on,0.196
41,"Machine learning: Algorithms, real-world applications and research directions",paper,0.1669
41,"Machine learning: Algorithms, real-world applications and research directions",present,0.1928
41,"Machine learning: Algorithms, real-world applications and research directions",realworld,0.2398
41,"Machine learning: Algorithms, real-world applications and research directions",research,0.1458
41,"Machine learning: Algorithms, real-world applications and research directions",scale,0.2224
41,"Machine learning: Algorithms, real-world applications and research directions",techniques,0.1709
41,"Machine learning: Algorithms, real-world applications and research directions",the,0.0521
41,"Machine learning: Algorithms, real-world applications and research directions",these,0.1631
41,"Machine learning: Algorithms, real-world applications and research directions",this,0.098
41,"Machine learning: Algorithms, real-world applications and research directions",view,0.2398
41,"Machine learning: Algorithms, real-world applications and research directions",we,0.1075
42,Applying machine learning to study fluid mechanics,applying,0.1792
42,Applying machine learning to study fluid mechanics,broken,0.217
42,Applying machine learning to study fluid mechanics,build,0.1792
42,Applying machine learning to study fluid mechanics,datadriven,0.217
42,Applying machine learning to study fluid mechanics,down,0.217
42,Applying machine learning to study fluid mechanics,five,0.1932
42,Applying machine learning to study fluid mechanics,fluid,0.3863
42,Applying machine learning to study fluid mechanics,how,0.1344
42,Applying machine learning to study fluid mechanics,in,0.0515
42,Applying machine learning to study fluid mechanics,into,0.1413
42,Applying machine learning to study fluid mechanics,is,0.0802
42,Applying machine learning to study fluid mechanics,learning,0.2228
42,Applying machine learning to study fluid mechanics,machine,0.2407
42,Applying machine learning to study fluid mechanics,mechanics,0.4341
42,Applying machine learning to study fluid mechanics,models,0.1314
42,Applying machine learning to study fluid mechanics,of,0.0826
42,Applying machine learning to study fluid mechanics,overview,0.1454
42,Applying machine learning to study fluid mechanics,paper,0.1344
42,Applying machine learning to study fluid mechanics,process,0.1693
42,Applying machine learning to study fluid mechanics,provides,0.1616
42,Applying machine learning to study fluid mechanics,short,0.1932
42,Applying machine learning to study fluid mechanics,stages,0.217
42,Applying machine learning to study fluid mechanics,study,0.1075
42,Applying machine learning to study fluid mechanics,the,0.0419
42,Applying machine learning to study fluid mechanics,this,0.0789
42,Applying machine learning to study fluid mechanics,to,0.169
42,Applying machine learning to study fluid mechanics,use,0.1194
43,Machine learning and deep learning applications-a vision,along,0.3641
43,Machine learning and deep learning applications-a vision,analysed,0.2046
43,Machine learning and deep learning applications-a vision,and,0.0824
43,Machine learning and deep learning applications-a vision,applications,0.0848
43,Machine learning and deep learning applications-a vision,applicationsa,0.2046
43,Machine learning and deep learning applications-a vision,are,0.1042
43,Machine learning and deep learning applications-a vision,been,0.137
43,Machine learning and deep learning applications-a vision,deep,0.5068
43,Machine learning and deep learning applications-a vision,for,0.1205
43,Machine learning and deep learning applications-a vision,had,0.1821
43,Machine learning and deep learning applications-a vision,implemented,0.1821
43,Machine learning and deep learning applications-a vision,in,0.0971
43,Machine learning and deep learning applications-a vision,learning,0.49
43,Machine learning and deep learning applications-a vision,machine,0.2269
43,Machine learning and deep learning applications-a vision,neural,0.1689
43,Machine learning and deep learning applications-a vision,survey,0.1166
43,Machine learning and deep learning applications-a vision,vision,0.1821
43,Machine learning and deep learning applications-a vision,with,0.1619
44,Tackling climate change with machine learning,and,0.0408
44,Tackling climate change with machine learning,as,0.0864
44,Tackling climate change with machine learning,be,0.1114
44,Tackling climate change with machine learning,can,0.2191
44,Tackling climate change with machine learning,challenges,0.1114
44,Tackling climate change with machine learning,change,0.4049
44,Tackling climate change with machine learning,climate,0.4049
44,Tackling climate change with machine learning,describe,0.1507
44,Tackling climate change with machine learning,experts,0.1802
44,Tackling climate change with machine learning,facing,0.2024
44,Tackling climate change with machine learning,greatest,0.2024
44,Tackling climate change with machine learning,help,0.1448
44,Tackling climate change with machine learning,here,0.1579
44,Tackling climate change with machine learning,how,0.2507
44,Tackling climate change with machine learning,humanity,0.2024
44,Tackling climate change with machine learning,is,0.0748
44,Tackling climate change with machine learning,learning,0.1385
44,Tackling climate change with machine learning,machine,0.1497
44,Tackling climate change with machine learning,may,0.1579
44,Tackling climate change with machine learning,ml,0.2451
44,Tackling climate change with machine learning,of,0.0385
44,Tackling climate change with machine learning,one,0.1448
44,Tackling climate change with machine learning,tackling,0.2024
44,Tackling climate change with machine learning,the,0.0391
44,Tackling climate change with machine learning,we,0.2424
44,Tackling climate change with machine learning,with,0.0801
44,Tackling climate change with machine learning,wonder,0.2024
45,Machine learning algorithms for social media analysis: A survey,after,0.2018
45,Machine learning algorithms for social media analysis: A survey,algorithms,0.3038
45,Machine learning algorithms for social media analysis: A survey,analysis,0.2378
45,Machine learning algorithms for social media analysis: A survey,and,0.0456
45,Machine learning algorithms for social media analysis: A survey,are,0.1155
45,Machine learning algorithms for social media analysis: A survey,benefits,0.1872
45,Machine learning algorithms for social media analysis: A survey,challenges,0.1247
45,Machine learning algorithms for social media analysis: A survey,detailed,0.1872
45,Machine learning algorithms for social media analysis: A survey,for,0.0668
45,Machine learning algorithms for social media analysis: A survey,in,0.1076
45,Machine learning algorithms for social media analysis: A survey,learning,0.3103
45,Machine learning algorithms for social media analysis: A survey,machine,0.3352
45,Machine learning algorithms for social media analysis: A survey,media,0.2018
45,Machine learning algorithms for social media analysis: A survey,of,0.1294
45,Machine learning algorithms for social media analysis: A survey,provide,0.1622
45,Machine learning algorithms for social media analysis: A survey,sm,0.4535
45,Machine learning algorithms for social media analysis: A survey,social,0.1768
45,Machine learning algorithms for social media analysis: A survey,survey,0.2585
45,Machine learning algorithms for social media analysis: A survey,that,0.0889
45,Machine learning algorithms for social media analysis: A survey,usages,0.2267
45,Machine learning algorithms for social media analysis: A survey,used,0.1227
45,Machine learning algorithms for social media analysis: A survey,we,0.0905
45,Machine learning algorithms for social media analysis: A survey,which,0.1207
46,Machine Learning for industrial applications: A comprehensive literature review,able,0.2186
46,Machine Learning for industrial applications: A comprehensive literature review,abstract,0.2028
46,Machine Learning for industrial applications: A comprehensive literature review,algorithms,0.1645
46,Machine Learning for industrial applications: A comprehensive literature review,applications,0.1018
46,Machine Learning for industrial applications: A comprehensive literature review,artificial,0.1645
46,Machine Learning for industrial applications: A comprehensive literature review,autonomously,0.2456
46,Machine Learning for industrial applications: A comprehensive literature review,branch,0.2186
46,Machine Learning for industrial applications: A comprehensive literature review,comprehensive,0.1599
46,Machine Learning for industrial applications: A comprehensive literature review,data,0.14
46,Machine Learning for industrial applications: A comprehensive literature review,decade,0.2456
46,Machine Learning for industrial applications: A comprehensive literature review,directly,0.2456
46,Machine Learning for industrial applications: A comprehensive literature review,for,0.0724
46,Machine Learning for industrial applications: A comprehensive literature review,from,0.1329
46,Machine Learning for industrial applications: A comprehensive literature review,industrial,0.2028
46,Machine Learning for industrial applications: A comprehensive literature review,input,0.2456
46,Machine Learning for industrial applications: A comprehensive literature review,intelligence,0.1697
46,Machine Learning for industrial applications: A comprehensive literature review,is,0.0908
46,Machine Learning for industrial applications: A comprehensive literature review,last,0.2186
46,Machine Learning for industrial applications: A comprehensive literature review,learn,0.2456
46,Machine Learning for industrial applications: A comprehensive literature review,learning,0.1681
46,Machine Learning for industrial applications: A comprehensive literature review,literature,0.1697
46,Machine Learning for industrial applications: A comprehensive literature review,machine,0.1816
46,Machine Learning for industrial applications: A comprehensive literature review,ml,0.2974
46,Machine Learning for industrial applications: A comprehensive literature review,of,0.0467
46,Machine Learning for industrial applications: A comprehensive literature review,over,0.1916
46,Machine Learning for industrial applications: A comprehensive literature review,review,0.1093
46,Machine Learning for industrial applications: A comprehensive literature review,studies,0.1645
46,Machine Learning for industrial applications: A comprehensive literature review,techniques,0.1558
46,Machine Learning for industrial applications: A comprehensive literature review,that,0.0963
46,Machine Learning for industrial applications: A comprehensive literature review,the,0.0949
46,Machine Learning for industrial applications: A comprehensive literature review,to,0.0638
47,Evolutionary machine learning: A survey,and,0.0902
47,Evolutionary machine learning: A survey,article,0.1548
47,Evolutionary machine learning: A survey,association,0.224
47,Evolutionary machine learning: A survey,category,0.185
47,Evolutionary machine learning: A survey,clustering,0.1994
47,Evolutionary machine learning: A survey,discuss,0.1603
47,Evolutionary machine learning: A survey,each,0.224
47,Evolutionary machine learning: A survey,ensemble,0.4481
47,Evolutionary machine learning: A survey,evolutionary,0.4481
47,Evolutionary machine learning: A survey,for,0.066
47,Evolutionary machine learning: A survey,learning,0.3066
47,Evolutionary machine learning: A survey,machine,0.1656
47,Evolutionary machine learning: A survey,methods,0.1387
47,Evolutionary machine learning: A survey,mining,0.1994
47,Evolutionary machine learning: A survey,pruning,0.224
47,Evolutionary machine learning: A survey,rule,0.224
47,Evolutionary machine learning: A survey,survey,0.1277
47,Evolutionary machine learning: A survey,this,0.0815
47,Evolutionary machine learning: A survey,vectors,0.224
47,Evolutionary machine learning: A survey,we,0.0894
48,Machine learning in manufacturing and industry 4.0 applications,and,0.1045
48,Machine learning in manufacturing and industry 4.0 applications,application,0.1286
48,Machine learning in manufacturing and industry 4.0 applications,applications,0.1076
48,Machine learning in manufacturing and industry 4.0 applications,been,0.1739
48,Machine learning in manufacturing and industry 4.0 applications,data,0.148
48,Machine learning in manufacturing and industry 4.0 applications,decisions,0.2596
48,Machine learning in manufacturing and industry 4.0 applications,detect,0.2143
48,Machine learning in manufacturing and industry 4.0 applications,from,0.1405
48,Machine learning in manufacturing and industry 4.0 applications,have,0.1508
48,Machine learning in manufacturing and industry 4.0 applications,in,0.1232
48,Machine learning in manufacturing and industry 4.0 applications,industries,0.2143
48,Machine learning in manufacturing and industry 4.0 applications,industry,0.1933
48,Machine learning in manufacturing and industry 4.0 applications,informed,0.2596
48,Machine learning in manufacturing and industry 4.0 applications,learning,0.3553
48,Machine learning in manufacturing and industry 4.0 applications,machine,0.2879
48,Machine learning in manufacturing and industry 4.0 applications,mainly,0.2143
48,Machine learning in manufacturing and industry 4.0 applications,make,0.1794
48,Machine learning in manufacturing and industry 4.0 applications,manufacturing,0.2596
48,Machine learning in manufacturing and industry 4.0 applications,of,0.0494
48,Machine learning in manufacturing and industry 4.0 applications,patterns,0.231
48,Machine learning in manufacturing and industry 4.0 applications,prevalent,0.231
48,Machine learning in manufacturing and industry 4.0 applications,successful,0.2596
48,Machine learning in manufacturing and industry 4.0 applications,the,0.0502
48,Machine learning in manufacturing and industry 4.0 applications,underlying,0.231
49,Enhancing computational fluid dynamics with machine learning,also,0.1442
49,Enhancing computational fluid dynamics with machine learning,are,0.1213
49,Enhancing computational fluid dynamics with machine learning,areas,0.212
49,Enhancing computational fluid dynamics with machine learning,becoming,0.212
49,Enhancing computational fluid dynamics with machine learning,computational,0.4764
49,Enhancing computational fluid dynamics with machine learning,computing,0.1858
49,Enhancing computational fluid dynamics with machine learning,core,0.1966
49,Enhancing computational fluid dynamics with machine learning,discuss,0.1704
49,Enhancing computational fluid dynamics with machine learning,dynamics,0.2382
49,Enhancing computational fluid dynamics with machine learning,emerging,0.1966
49,Enhancing computational fluid dynamics with machine learning,enhancing,0.1646
49,Enhancing computational fluid dynamics with machine learning,fluid,0.212
49,Enhancing computational fluid dynamics with machine learning,for,0.1404
49,Enhancing computational fluid dynamics with machine learning,is,0.088
49,Enhancing computational fluid dynamics with machine learning,learning,0.2445
49,Enhancing computational fluid dynamics with machine learning,machine,0.2641
49,Enhancing computational fluid dynamics with machine learning,of,0.0453
49,Enhancing computational fluid dynamics with machine learning,promising,0.212
49,Enhancing computational fluid dynamics with machine learning,rapidly,0.2382
49,Enhancing computational fluid dynamics with machine learning,scientific,0.212
49,Enhancing computational fluid dynamics with machine learning,technology,0.1384
49,Enhancing computational fluid dynamics with machine learning,that,0.0934
49,Enhancing computational fluid dynamics with machine learning,we,0.0951
49,Enhancing computational fluid dynamics with machine learning,with,0.1885
50,Machine learning in environmental research: common pitfalls and best practices,analyzing,0.1839
50,Machine learning in environmental research: common pitfalls and best practices,and,0.0949
50,Machine learning in environmental research: common pitfalls and best practices,best,0.1946
50,Machine learning in environmental research: common pitfalls and best practices,by,0.1085
50,Machine learning in environmental research: common pitfalls and best practices,common,0.1839
50,Machine learning in environmental research: common pitfalls and best practices,data,0.1344
50,Machine learning in environmental research: common pitfalls and best practices,environmental,0.4196
50,Machine learning in environmental research: common pitfalls and best practices,examples,0.2358
50,Machine learning in environmental research: common pitfalls and best practices,good,0.1946
50,Machine learning in environmental research: common pitfalls and best practices,in,0.1119
50,Machine learning in environmental research: common pitfalls and best practices,increasingly,0.1946
50,Machine learning in environmental research: common pitfalls and best practices,is,0.0871
50,Machine learning in environmental research: common pitfalls and best practices,large,0.1946
50,Machine learning in environmental research: common pitfalls and best practices,learning,0.242
50,Machine learning in environmental research: common pitfalls and best practices,machine,0.1743
50,Machine learning in environmental research: common pitfalls and best practices,ml,0.1428
50,Machine learning in environmental research: common pitfalls and best practices,modeling,0.1946
50,Machine learning in environmental research: common pitfalls and best practices,on,0.0858
50,Machine learning in environmental research: common pitfalls and best practices,paradigms,0.2358
50,Machine learning in environmental research: common pitfalls and best practices,pitfalls,0.2358
50,Machine learning in environmental research: common pitfalls and best practices,practices,0.1839
50,Machine learning in environmental research: common pitfalls and best practices,process,0.1839
50,Machine learning in environmental research: common pitfalls and best practices,reference,0.1946
50,Machine learning in environmental research: common pitfalls and best practices,research,0.2551
50,Machine learning in environmental research: common pitfalls and best practices,supervised,0.1839
50,Machine learning in environmental research: common pitfalls and best practices,to,0.0612
50,Machine learning in environmental research: common pitfalls and best practices,used,0.1276
51,An empirical study of web services topics in web developer discussions on stack overflow,an,0.0866
51,An empirical study of web services topics in web developer discussions on stack overflow,and,0.04
51,An empirical study of web services topics in web developer discussions on stack overflow,application,0.0985
51,An empirical study of web services topics in web developer discussions on stack overflow,applications,0.0824
51,An empirical study of web services topics in web developer discussions on stack overflow,by,0.183
51,An empirical study of web services topics in web developer discussions on stack overflow,client,0.3978
51,An empirical study of web services topics in web developer discussions on stack overflow,develop,0.1551
51,An empirical study of web services topics in web developer discussions on stack overflow,developer,0.1232
51,An empirical study of web services topics in web developer discussions on stack overflow,developers,0.3082
51,An empirical study of web services topics in web developer discussions on stack overflow,discussions,0.1989
51,An empirical study of web services topics in web developer discussions on stack overflow,due,0.177
51,An empirical study of web services topics in web developer discussions on stack overflow,empirical,0.1989
51,An empirical study of web services topics in web developer discussions on stack overflow,face,0.1989
51,An empirical study of web services topics in web developer discussions on stack overflow,in,0.0472
51,An empirical study of web services topics in web developer discussions on stack overflow,mobile,0.0729
51,An empirical study of web services topics in web developer discussions on stack overflow,of,0.0378
51,An empirical study of web services topics in web developer discussions on stack overflow,on,0.1447
51,An empirical study of web services topics in web developer discussions on stack overflow,overflow,0.1989
51,An empirical study of web services topics in web developer discussions on stack overflow,posted,0.1989
51,An empirical study of web services topics in web developer discussions on stack overflow,questions,0.177
51,An empirical study of web services topics in web developer discussions on stack overflow,services,0.1989
51,An empirical study of web services topics in web developer discussions on stack overflow,so,0.177
51,An empirical study of web services topics in web developer discussions on stack overflow,stack,0.177
51,An empirical study of web services topics in web developer discussions on stack overflow,study,0.0985
51,An empirical study of web services topics in web developer discussions on stack overflow,that,0.078
51,An empirical study of web services topics in web developer discussions on stack overflow,the,0.1537
51,An empirical study of web services topics in web developer discussions on stack overflow,to,0.1032
51,An empirical study of web services topics in web developer discussions on stack overflow,topics,0.177
51,An empirical study of web services topics in web developer discussions on stack overflow,using,0.1896
51,An empirical study of web services topics in web developer discussions on stack overflow,web,0.3147
51,An empirical study of web services topics in web developer discussions on stack overflow,wss,0.1989
52,Educational content of modern web developer training,addition,0.1874
52,Educational content of modern web developer training,and,0.0457
52,Educational content of modern web developer training,aspires,0.227
52,Educational content of modern web developer training,by,0.1044
52,Educational content of modern web developer training,content,0.1771
52,Educational content of modern web developer training,design,0.1069
52,Educational content of modern web developer training,developer,0.1406
52,Educational content of modern web developer training,developers,0.1173
52,Educational content of modern web developer training,development,0.1918
52,Educational content of modern web developer training,educational,0.202
52,Educational content of modern web developer training,employers,0.227
52,Educational content of modern web developer training,field,0.3541
52,Educational content of modern web developer training,for,0.0669
52,Educational content of modern web developer training,groups,0.227
52,Educational content of modern web developer training,in,0.1616
52,Educational content of modern web developer training,main,0.1874
52,Educational content of modern web developer training,modern,0.169
52,Educational content of modern web developer training,of,0.1296
52,Educational content of modern web developer training,out,0.202
52,Educational content of modern web developer training,paper,0.1406
52,Educational content of modern web developer training,set,0.1874
52,Educational content of modern web developer training,six,0.202
52,Educational content of modern web developer training,skill,0.202
52,Educational content of modern web developer training,the,0.1316
52,Educational content of modern web developer training,to,0.0589
52,Educational content of modern web developer training,training,0.1771
52,Educational content of modern web developer training,web,0.3593
52,Educational content of modern web developer training,who,0.1624
52,Educational content of modern web developer training,work,0.1478
53,Web Developer and Tech Preneurs,and,0.048
53,Web Developer and Tech Preneurs,are,0.1213
53,Web Developer and Tech Preneurs,as,0.1017
53,Web Developer and Tech Preneurs,by,0.1096
53,Web Developer and Tech Preneurs,components,0.2382
53,Web Developer and Tech Preneurs,creating,0.1858
53,Web Developer and Tech Preneurs,describe,0.1774
53,Web Developer and Tech Preneurs,developer,0.1475
53,Web Developer and Tech Preneurs,development,0.2013
53,Web Developer and Tech Preneurs,duties,0.2382
53,Web Developer and Tech Preneurs,experts,0.212
53,Web Developer and Tech Preneurs,is,0.0881
53,Web Developer and Tech Preneurs,main,0.1967
53,Web Developer and Tech Preneurs,nondesign,0.2382
53,Web Developer and Tech Preneurs,of,0.0907
53,Web Developer and Tech Preneurs,often,0.1967
53,Web Developer and Tech Preneurs,preneurs,0.2382
53,Web Developer and Tech Preneurs,referred,0.2382
53,Web Developer and Tech Preneurs,tech,0.2382
53,Web Developer and Tech Preneurs,term,0.1967
53,Web Developer and Tech Preneurs,that,0.0934
53,Web Developer and Tech Preneurs,the,0.046
53,Web Developer and Tech Preneurs,to,0.1237
53,Web Developer and Tech Preneurs,two,0.1858
53,Web Developer and Tech Preneurs,used,0.1289
53,Web Developer and Tech Preneurs,web,0.377
53,Web Developer and Tech Preneurs,websites,0.1967
53,Web Developer and Tech Preneurs,writing,0.2382
54,Accessible web development: Opportunities to improve the education and practice of web development with a screen reader,accessible,0.2008
54,Accessible web development: Opportunities to improve the education and practice of web development with a screen reader,and,0.1817
54,Accessible web development: Opportunities to improve the education and practice of web development with a screen reader,avoidance,0.2256
54,Accessible web development: Opportunities to improve the education and practice of web development with a screen reader,blind,0.2008
54,Accessible web development: Opportunities to improve the education and practice of web development with a screen reader,colleagues,0.2256
54,Accessible web development: Opportunities to improve the education and practice of web development with a screen reader,contributes,0.2256
54,Accessible web development: Opportunities to improve the education and practice of web development with a screen reader,design,0.1062
54,Accessible web development: Opportunities to improve the education and practice of web development with a screen reader,developers,0.1165
54,Accessible web development: Opportunities to improve the education and practice of web development with a screen reader,development,0.3812
54,Accessible web development: Opportunities to improve the education and practice of web development with a screen reader,education,0.1469
54,Accessible web development: Opportunities to improve the education and practice of web development with a screen reader,employ,0.2008
54,Accessible web development: Opportunities to improve the education and practice of web development with a screen reader,frontend,0.168
54,Accessible web development: Opportunities to improve the education and practice of web development with a screen reader,improve,0.1614
54,Accessible web development: Opportunities to improve the education and practice of web development with a screen reader,in,0.0535
54,Accessible web development: Opportunities to improve the education and practice of web development with a screen reader,issues,0.1511
54,Accessible web development: Opportunities to improve the education and practice of web development with a screen reader,of,0.0859
54,Accessible web development: Opportunities to improve the education and practice of web development with a screen reader,opportunities,0.1614
54,Accessible web development: Opportunities to improve the education and practice of web development with a screen reader,practice,0.2008
54,Accessible web development: Opportunities to improve the education and practice of web development with a screen reader,reader,0.2008
54,Accessible web development: Opportunities to improve the education and practice of web development with a screen reader,screen,0.1862
54,Accessible web development: Opportunities to improve the education and practice of web development with a screen reader,specific,0.168
54,Accessible web development: Opportunities to improve the education and practice of web development with a screen reader,strategies,0.1862
54,Accessible web development: Opportunities to improve the education and practice of web development with a screen reader,that,0.0885
54,Accessible web development: Opportunities to improve the education and practice of web development with a screen reader,the,0.0872
54,Accessible web development: Opportunities to improve the education and practice of web development with a screen reader,this,0.0821
54,Accessible web development: Opportunities to improve the education and practice of web development with a screen reader,to,0.1757
54,Accessible web development: Opportunities to improve the education and practice of web development with a screen reader,web,0.357
54,Accessible web development: Opportunities to improve the education and practice of web development with a screen reader,with,0.0892
54,Accessible web development: Opportunities to improve the education and practice of web development with a screen reader,work,0.1469
55,Chatgpt as a full-stack web developer,and,0.0551
55,Chatgpt as a full-stack web developer,as,0.2335
55,Chatgpt as a full-stack web developer,by,0.1258
55,Chatgpt as a full-stack web developer,chatgpt,0.4267
55,Chatgpt as a full-stack web developer,description,0.2435
55,Chatgpt as a full-stack web developer,design,0.1288
55,Chatgpt as a full-stack web developer,detailed,0.2259
55,Chatgpt as a full-stack web developer,developer,0.1694
55,Chatgpt as a full-stack web developer,development,0.2311
55,Chatgpt as a full-stack web developer,experience,0.1656
55,Chatgpt as a full-stack web developer,fullstack,0.2435
55,Chatgpt as a full-stack web developer,in,0.1298
55,Chatgpt as a full-stack web developer,is,0.1011
55,Chatgpt as a full-stack web developer,of,0.1041
55,Chatgpt as a full-stack web developer,project,0.2259
55,Chatgpt as a full-stack web developer,providing,0.2259
55,Chatgpt as a full-stack web developer,research,0.148
55,Chatgpt as a full-stack web developer,results,0.2037
55,Chatgpt as a full-stack web developer,sect,0.2435
55,Chatgpt as a full-stack web developer,software,0.2037
55,Chatgpt as a full-stack web developer,the,0.1057
55,Chatgpt as a full-stack web developer,tool,0.2134
55,Chatgpt as a full-stack web developer,using,0.1304
55,Chatgpt as a full-stack web developer,valuable,0.2435
55,Chatgpt as a full-stack web developer,web,0.1082
56,Jsanalyzer: A web developer tool for simplifying mobile web pages through non-critical javascript elimination,an,0.0743
56,Jsanalyzer: A web developer tool for simplifying mobile web pages through non-critical javascript elimination,developer,0.1056
56,Jsanalyzer: A web developer tool for simplifying mobile web pages through non-critical javascript elimination,developers,0.0881
56,Jsanalyzer: A web developer tool for simplifying mobile web pages through non-critical javascript elimination,devices,0.133
56,Jsanalyzer: A web developer tool for simplifying mobile web pages through non-critical javascript elimination,easytouse,0.1705
56,Jsanalyzer: A web developer tool for simplifying mobile web pages through non-critical javascript elimination,elimination,0.1705
56,Jsanalyzer: A web developer tool for simplifying mobile web pages through non-critical javascript elimination,enables,0.1408
56,Jsanalyzer: A web developer tool for simplifying mobile web pages through non-critical javascript elimination,for,0.1005
56,Jsanalyzer: A web developer tool for simplifying mobile web pages through non-critical javascript elimination,is,0.063
56,Jsanalyzer: A web developer tool for simplifying mobile web pages through non-critical javascript elimination,javascript,0.1408
56,Jsanalyzer: A web developer tool for simplifying mobile web pages through non-critical javascript elimination,jsanalyzer,0.5115
56,Jsanalyzer: A web developer tool for simplifying mobile web pages through non-critical javascript elimination,lowend,0.1705
56,Jsanalyzer: A web developer tool for simplifying mobile web pages through non-critical javascript elimination,mobile,0.125
56,Jsanalyzer: A web developer tool for simplifying mobile web pages through non-critical javascript elimination,motivated,0.1705
56,Jsanalyzer: A web developer tool for simplifying mobile web pages through non-critical javascript elimination,noncritical,0.1705
56,Jsanalyzer: A web developer tool for simplifying mobile web pages through non-critical javascript elimination,of,0.0324
56,Jsanalyzer: A web developer tool for simplifying mobile web pages through non-critical javascript elimination,on,0.062
56,Jsanalyzer: A web developer tool for simplifying mobile web pages through non-critical javascript elimination,pages,0.3035
56,Jsanalyzer: A web developer tool for simplifying mobile web pages through non-critical javascript elimination,propose,0.1517
56,Jsanalyzer: A web developer tool for simplifying mobile web pages through non-critical javascript elimination,rely,0.1705
56,Jsanalyzer: A web developer tool for simplifying mobile web pages through non-critical javascript elimination,simplifying,0.1705
56,Jsanalyzer: A web developer tool for simplifying mobile web pages through non-critical javascript elimination,solely,0.1705
56,Jsanalyzer: A web developer tool for simplifying mobile web pages through non-critical javascript elimination,that,0.0669
56,Jsanalyzer: A web developer tool for simplifying mobile web pages through non-critical javascript elimination,these,0.1032
56,Jsanalyzer: A web developer tool for simplifying mobile web pages through non-critical javascript elimination,through,0.1032
56,Jsanalyzer: A web developer tool for simplifying mobile web pages through non-critical javascript elimination,tool,0.2659
56,Jsanalyzer: A web developer tool for simplifying mobile web pages through non-critical javascript elimination,users,0.2112
56,Jsanalyzer: A web developer tool for simplifying mobile web pages through non-critical javascript elimination,we,0.0681
56,Jsanalyzer: A web developer tool for simplifying mobile web pages through non-critical javascript elimination,web,0.3373
56,Jsanalyzer: A web developer tool for simplifying mobile web pages through non-critical javascript elimination,who,0.122
57,Pembahasan Mengenai Front-End Web Developer dalam Ruang Lingkup Web Development,adapun,0.2008
57,Pembahasan Mengenai Front-End Web Developer dalam Ruang Lingkup Web Development,apa,0.2008
57,Pembahasan Mengenai Front-End Web Developer dalam Ruang Lingkup Web Development,bagi,0.2008
57,Pembahasan Mengenai Front-End Web Developer dalam Ruang Lingkup Web Development,bahas,0.2008
57,Pembahasan Mengenai Front-End Web Developer dalam Ruang Lingkup Web Development,developer,0.2487
57,Pembahasan Mengenai Front-End Web Developer dalam Ruang Lingkup Web Development,development,0.0848
57,Pembahasan Mengenai Front-End Web Developer dalam Ruang Lingkup Web Development,frameworknya,0.2008
57,Pembahasan Mengenai Front-End Web Developer dalam Ruang Lingkup Web Development,frontend,0.1495
57,Pembahasan Mengenai Front-End Web Developer dalam Ruang Lingkup Web Development,fundamental,0.4016
57,Pembahasan Mengenai Front-End Web Developer dalam Ruang Lingkup Web Development,jadi,0.2008
57,Pembahasan Mengenai Front-End Web Developer dalam Ruang Lingkup Web Development,kena,0.1787
57,Pembahasan Mengenai Front-End Web Developer dalam Ruang Lingkup Web Development,kuasa,0.2008
57,Pembahasan Mengenai Front-End Web Developer dalam Ruang Lingkup Web Development,lingkup,0.2008
57,Pembahasan Mengenai Front-End Web Developer dalam Ruang Lingkup Web Development,orang,0.2008
57,Pembahasan Mengenai Front-End Web Developer dalam Ruang Lingkup Web Development,paham,0.3574
57,Pembahasan Mengenai Front-End Web Developer dalam Ruang Lingkup Web Development,ruang,0.2008
57,Pembahasan Mengenai Front-End Web Developer dalam Ruang Lingkup Web Development,skill,0.3574
57,Pembahasan Mengenai Front-End Web Developer dalam Ruang Lingkup Web Development,web,0.2383
58,Chatgpt as a fullstack web developer-early results,and,0.0507
58,Chatgpt as a fullstack web developer-early results,as,0.2148
58,Chatgpt as a fullstack web developer-early results,by,0.1158
58,Chatgpt as a fullstack web developer-early results,chatgpt,0.3926
58,Chatgpt as a fullstack web developer-early results,description,0.224
58,Chatgpt as a fullstack web developer-early results,design,0.1185
58,Chatgpt as a fullstack web developer-early results,detailed,0.2078
58,Chatgpt as a fullstack web developer-early results,developerearly,0.2517
58,Chatgpt as a fullstack web developer-early results,development,0.2127
58,Chatgpt as a fullstack web developer-early results,experience,0.1524
58,Chatgpt as a fullstack web developer-early results,fullstack,0.224
58,Chatgpt as a fullstack web developer-early results,in,0.1791
58,Chatgpt as a fullstack web developer-early results,of,0.0958
58,Chatgpt as a fullstack web developer-early results,project,0.2078
58,Chatgpt as a fullstack web developer-early results,providing,0.2078
58,Chatgpt as a fullstack web developer-early results,research,0.1362
58,Chatgpt as a fullstack web developer-early results,results,0.3748
58,Chatgpt as a fullstack web developer-early results,sect,0.224
58,Chatgpt as a fullstack web developer-early results,software,0.1874
58,Chatgpt as a fullstack web developer-early results,the,0.0973
58,Chatgpt as a fullstack web developer-early results,tool,0.1963
58,Chatgpt as a fullstack web developer-early results,using,0.12
58,Chatgpt as a fullstack web developer-early results,valuable,0.224
58,Chatgpt as a fullstack web developer-early results,web,0.0996
59,Python for web development,aided,0.1987
59,Python for web development,and,0.045
59,Python for web development,applications,0.0925
59,Python for web development,being,0.1742
59,Python for web development,by,0.1027
59,Python for web development,cgi,0.2233
59,Python for web development,development,0.3774
59,Python for web development,fast,0.1987
59,Python for web development,flexible,0.2233
59,Python for web development,for,0.0658
59,Python for web development,in,0.053
59,Python for web development,is,0.0825
59,Python for web development,it,0.2307
59,Python for web development,language,0.1663
59,Python for web development,of,0.0425
59,Python for web development,offers,0.3975
59,Python for web development,powerful,0.1987
59,Python for web development,python,0.4466
59,Python for web development,the,0.0431
59,Python for web development,using,0.1065
59,Python for web development,web,0.1767
59,Python for web development,webbased,0.1987
59,Python for web development,wsgi,0.2233
60,AI-Assisted Code Generation and Optimization in. NET Web Development,advancements,0.1921
60,AI-Assisted Code Generation and Optimization in. NET Web Development,aiassisted,0.2326
60,AI-Assisted Code Generation and Optimization in. NET Web Development,aidriven,0.207
60,AI-Assisted Code Generation and Optimization in. NET Web Development,and,0.1405
60,AI-Assisted Code Generation and Optimization in. NET Web Development,benefit,0.2326
60,AI-Assisted Code Generation and Optimization in. NET Web Development,code,0.1814
60,AI-Assisted Code Generation and Optimization in. NET Web Development,continuous,0.2326
60,AI-Assisted Code Generation and Optimization in. NET Web Development,developers,0.1202
60,AI-Assisted Code Generation and Optimization in. NET Web Development,development,0.2948
60,AI-Assisted Code Generation and Optimization in. NET Web Development,from,0.1259
60,AI-Assisted Code Generation and Optimization in. NET Web Development,generation,0.207
60,AI-Assisted Code Generation and Optimization in. NET Web Development,in,0.1656
60,AI-Assisted Code Generation and Optimization in. NET Web Development,is,0.086
60,AI-Assisted Code Generation and Optimization in. NET Web Development,learning,0.0796
60,AI-Assisted Code Generation and Optimization in. NET Web Development,machine,0.086
60,AI-Assisted Code Generation and Optimization in. NET Web Development,more,0.1665
60,AI-Assisted Code Generation and Optimization in. NET Web Development,net,0.4653
60,AI-Assisted Code Generation and Optimization in. NET Web Development,optimization,0.3464
60,AI-Assisted Code Generation and Optimization in. NET Web Development,promising,0.207
60,AI-Assisted Code Generation and Optimization in. NET Web Development,tools,0.1558
60,AI-Assisted Code Generation and Optimization in. NET Web Development,web,0.1841
60,AI-Assisted Code Generation and Optimization in. NET Web Development,will,0.1515
60,AI-Assisted Code Generation and Optimization in. NET Web Development,with,0.092
61,Evaluating chatgpt: Generative ai in ux design and web development pedagogy,ai,0.1586
61,Evaluating chatgpt: Generative ai in ux design and web development pedagogy,and,0.2231
61,Evaluating chatgpt: Generative ai in ux design and web development pedagogy,brainstorming,0.2217
61,Evaluating chatgpt: Generative ai in ux design and web development pedagogy,chatgpt,0.1729
61,Evaluating chatgpt: Generative ai in ux design and web development pedagogy,coding,0.1729
61,Evaluating chatgpt: Generative ai in ux design and web development pedagogy,design,0.3132
61,Evaluating chatgpt: Generative ai in ux design and web development pedagogy,designer,0.1973
61,Evaluating chatgpt: Generative ai in ux design and web development pedagogy,developer,0.1373
61,Evaluating chatgpt: Generative ai in ux design and web development pedagogy,development,0.1873
61,Evaluating chatgpt: Generative ai in ux design and web development pedagogy,evaluating,0.165
61,Evaluating chatgpt: Generative ai in ux design and web development pedagogy,experience,0.1342
61,Evaluating chatgpt: Generative ai in ux design and web development pedagogy,generative,0.1973
61,Evaluating chatgpt: Generative ai in ux design and web development pedagogy,in,0.0526
61,Evaluating chatgpt: Generative ai in ux design and web development pedagogy,junior,0.2217
61,Evaluating chatgpt: Generative ai in ux design and web development pedagogy,might,0.1973
61,Evaluating chatgpt: Generative ai in ux design and web development pedagogy,of,0.0422
61,Evaluating chatgpt: Generative ai in ux design and web development pedagogy,or,0.2746
61,Evaluating chatgpt: Generative ai in ux design and web development pedagogy,pedagogies,0.2217
61,Evaluating chatgpt: Generative ai in ux design and web development pedagogy,pedagogy,0.2217
61,Evaluating chatgpt: Generative ai in ux design and web development pedagogy,prompts,0.2217
61,Evaluating chatgpt: Generative ai in ux design and web development pedagogy,sometimes,0.2217
61,Evaluating chatgpt: Generative ai in ux design and web development pedagogy,student,0.1973
61,Evaluating chatgpt: Generative ai in ux design and web development pedagogy,to,0.0575
61,Evaluating chatgpt: Generative ai in ux design and web development pedagogy,user,0.1264
61,Evaluating chatgpt: Generative ai in ux design and web development pedagogy,ux,0.2217
61,Evaluating chatgpt: Generative ai in ux design and web development pedagogy,web,0.2631
62,Codea11y: Making ai coding assistants useful for accessible web development,accessibility,0.1755
62,Codea11y: Making ai coding assistants useful for accessible web development,accessible,0.2003
62,Codea11y: Making ai coding assistants useful for accessible web development,ai,0.161
62,Codea11y: Making ai coding assistants useful for accessible web development,and,0.0453
62,Codea11y: Making ai coding assistants useful for accessible web development,assistants,0.2251
62,Codea11y: Making ai coding assistants useful for accessible web development,code,0.1755
62,Codea11y: Making ai coding assistants useful for accessible web development,codeay,0.2251
62,Codea11y: Making ai coding assistants useful for accessible web development,coding,0.1755
62,Codea11y: Making ai coding assistants useful for accessible web development,designers,0.1755
62,Codea11y: Making ai coding assistants useful for accessible web development,determine,0.2003
62,Codea11y: Making ai coding assistants useful for accessible web development,developers,0.2325
62,Codea11y: Making ai coding assistants useful for accessible web development,development,0.0951
62,Codea11y: Making ai coding assistants useful for accessible web development,for,0.0663
62,Codea11y: Making ai coding assistants useful for accessible web development,frontend,0.1676
62,Codea11y: Making ai coding assistants useful for accessible web development,getting,0.2003
62,Codea11y: Making ai coding assistants useful for accessible web development,help,0.161
62,Codea11y: Making ai coding assistants useful for accessible web development,inaccessibility,0.2251
62,Codea11y: Making ai coding assistants useful for accessible web development,make,0.1555
62,Codea11y: Making ai coding assistants useful for accessible web development,making,0.1858
62,Codea11y: Making ai coding assistants useful for accessible web development,of,0.0428
62,Codea11y: Making ai coding assistants useful for accessible web development,or,0.1394
62,Codea11y: Making ai coding assistants useful for accessible web development,that,0.0883
62,Codea11y: Making ai coding assistants useful for accessible web development,the,0.087
62,Codea11y: Making ai coding assistants useful for accessible web development,their,0.1283
62,Codea11y: Making ai coding assistants useful for accessible web development,they,0.161
62,Codea11y: Making ai coding assistants useful for accessible web development,to,0.1168
62,Codea11y: Making ai coding assistants useful for accessible web development,ui,0.2251
62,Codea11y: Making ai coding assistants useful for accessible web development,ultimately,0.2251
62,Codea11y: Making ai coding assistants useful for accessible web development,useful,0.2003
62,Codea11y: Making ai coding assistants useful for accessible web development,web,0.2671
62,Codea11y: Making ai coding assistants useful for accessible web development,webmasters,0.2003
62,Codea11y: Making ai coding assistants useful for accessible web development,write,0.2251
63,"Web design and trust as moderators in the relationship between e-service quality, customer satisfaction and customer loyalty",and,0.1445
63,"Web design and trust as moderators in the relationship between e-service quality, customer satisfaction and customer loyalty",argues,0.1794
63,"Web design and trust as moderators in the relationship between e-service quality, customer satisfaction and customer loyalty",as,0.1531
63,"Web design and trust as moderators in the relationship between e-service quality, customer satisfaction and customer loyalty",attracting,0.1794
63,"Web design and trust as moderators in the relationship between e-service quality, customer satisfaction and customer loyalty",between,0.1111
63,"Web design and trust as moderators in the relationship between e-service quality, customer satisfaction and customer loyalty",crucial,0.1794
63,"Web design and trust as moderators in the relationship between e-service quality, customer satisfaction and customer loyalty",customer,0.2798
63,"Web design and trust as moderators in the relationship between e-service quality, customer satisfaction and customer loyalty",customers,0.1597
63,"Web design and trust as moderators in the relationship between e-service quality, customer satisfaction and customer loyalty",design,0.3379
63,"Web design and trust as moderators in the relationship between e-service quality, customer satisfaction and customer loyalty",dimension,0.1597
63,"Web design and trust as moderators in the relationship between e-service quality, customer satisfaction and customer loyalty",eservice,0.3588
63,"Web design and trust as moderators in the relationship between e-service quality, customer satisfaction and customer loyalty",in,0.1277
63,"Web design and trust as moderators in the relationship between e-service quality, customer satisfaction and customer loyalty",is,0.0663
63,"Web design and trust as moderators in the relationship between e-service quality, customer satisfaction and customer loyalty",lee,0.1794
63,"Web design and trust as moderators in the relationship between e-service quality, customer satisfaction and customer loyalty",lin,0.1794
63,"Web design and trust as moderators in the relationship between e-service quality, customer satisfaction and customer loyalty",loyalty,0.1597
63,"Web design and trust as moderators in the relationship between e-service quality, customer satisfaction and customer loyalty",moderators,0.1794
63,"Web design and trust as moderators in the relationship between e-service quality, customer satisfaction and customer loyalty",of,0.0341
63,"Web design and trust as moderators in the relationship between e-service quality, customer satisfaction and customer loyalty",one,0.1284
63,"Web design and trust as moderators in the relationship between e-service quality, customer satisfaction and customer loyalty",online,0.124
63,"Web design and trust as moderators in the relationship between e-service quality, customer satisfaction and customer loyalty",quality,0.2671
63,"Web design and trust as moderators in the relationship between e-service quality, customer satisfaction and customer loyalty",relationship,0.1597
63,"Web design and trust as moderators in the relationship between e-service quality, customer satisfaction and customer loyalty",research,0.0971
63,"Web design and trust as moderators in the relationship between e-service quality, customer satisfaction and customer loyalty",retaining,0.1794
63,"Web design and trust as moderators in the relationship between e-service quality, customer satisfaction and customer loyalty",satisfaction,0.1481
63,"Web design and trust as moderators in the relationship between e-service quality, customer satisfaction and customer loyalty",stores,0.1597
63,"Web design and trust as moderators in the relationship between e-service quality, customer satisfaction and customer loyalty",that,0.0703
63,"Web design and trust as moderators in the relationship between e-service quality, customer satisfaction and customer loyalty",the,0.0347
63,"Web design and trust as moderators in the relationship between e-service quality, customer satisfaction and customer loyalty",this,0.0653
63,"Web design and trust as moderators in the relationship between e-service quality, customer satisfaction and customer loyalty",trust,0.1481
63,"Web design and trust as moderators in the relationship between e-service quality, customer satisfaction and customer loyalty",web,0.2839
64,"Building e-trust and e-retention in online shopping: the role of website design, reliability and perceived ease of use",addressing,0.1332
64,"Building e-trust and e-retention in online shopping: the role of website design, reliability and perceived ease of use",aims,0.1395
64,"Building e-trust and e-retention in online shopping: the role of website design, reliability and perceived ease of use",an,0.0779
64,"Building e-trust and e-retention in online shopping: the role of website design, reliability and perceived ease of use",and,0.1441
64,"Building e-trust and e-retention in online shopping: the role of website design, reliability and perceived ease of use",as,0.0763
64,"Building e-trust and e-retention in online shopping: the role of website design, reliability and perceived ease of use",building,0.1789
64,"Building e-trust and e-retention in online shopping: the role of website design, reliability and perceived ease of use",customer,0.1395
64,"Building e-trust and e-retention in online shopping: the role of website design, reliability and perceived ease of use",design,0.1685
64,"Building e-trust and e-retention in online shopping: the role of website design, reliability and perceived ease of use",ease,0.3578
64,"Building e-trust and e-retention in online shopping: the role of website design, reliability and perceived ease of use",engagement,0.128
64,"Building e-trust and e-retention in online shopping: the role of website design, reliability and perceived ease of use",eretention,0.1789
64,"Building e-trust and e-retention in online shopping: the role of website design, reliability and perceived ease of use",etrust,0.3578
64,"Building e-trust and e-retention in online shopping: the role of website design, reliability and perceived ease of use",examine,0.1477
64,"Building e-trust and e-retention in online shopping: the role of website design, reliability and perceived ease of use",factor,0.1789
64,"Building e-trust and e-retention in online shopping: the role of website design, reliability and perceived ease of use",gaps,0.1592
64,"Building e-trust and e-retention in online shopping: the role of website design, reliability and perceived ease of use",impact,0.1083
64,"Building e-trust and e-retention in online shopping: the role of website design, reliability and perceived ease of use",in,0.0424
64,"Building e-trust and e-retention in online shopping: the role of website design, reliability and perceived ease of use",motivational,0.1789
64,"Building e-trust and e-retention in online shopping: the role of website design, reliability and perceived ease of use",of,0.1362
64,"Building e-trust and e-retention in online shopping: the role of website design, reliability and perceived ease of use",on,0.0651
64,"Building e-trust and e-retention in online shopping: the role of website design, reliability and perceived ease of use",online,0.1236
64,"Building e-trust and e-retention in online shopping: the role of website design, reliability and perceived ease of use",perceived,0.3184
64,"Building e-trust and e-retention in online shopping: the role of website design, reliability and perceived ease of use",reliability,0.3578
64,"Building e-trust and e-retention in online shopping: the role of website design, reliability and perceived ease of use",role,0.102
64,"Building e-trust and e-retention in online shopping: the role of website design, reliability and perceived ease of use",shopping,0.1395
64,"Building e-trust and e-retention in online shopping: the role of website design, reliability and perceived ease of use",study,0.0886
64,"Building e-trust and e-retention in online shopping: the role of website design, reliability and perceived ease of use",the,0.0691
64,"Building e-trust and e-retention in online shopping: the role of website design, reliability and perceived ease of use",these,0.1083
64,"Building e-trust and e-retention in online shopping: the role of website design, reliability and perceived ease of use",this,0.0651
64,"Building e-trust and e-retention in online shopping: the role of website design, reliability and perceived ease of use",to,0.0464
64,"Building e-trust and e-retention in online shopping: the role of website design, reliability and perceived ease of use",use,0.1969
64,"Building e-trust and e-retention in online shopping: the role of website design, reliability and perceived ease of use",website,0.233
65,DesignChecker: Visual design support for blind and low vision web developers,and,0.0402
65,DesignChecker: Visual design support for blind and low vision web developers,assess,0.1778
65,DesignChecker: Visual design support for blind and low vision web developers,blind,0.1778
65,DesignChecker: Visual design support for blind and low vision web developers,blv,0.1998
65,DesignChecker: Visual design support for blind and low vision web developers,by,0.0919
65,DesignChecker: Visual design support for blind and low vision web developers,can,0.1081
65,DesignChecker: Visual design support for blind and low vision web developers,comparing,0.1778
65,DesignChecker: Visual design support for blind and low vision web developers,current,0.1559
65,DesignChecker: Visual design support for blind and low vision web developers,design,0.2823
65,DesignChecker: Visual design support for blind and low vision web developers,designchecker,0.3997
65,DesignChecker: Visual design support for blind and low vision web developers,designs,0.1778
65,DesignChecker: Visual design support for blind and low vision web developers,developers,0.2065
65,DesignChecker: Visual design support for blind and low vision web developers,for,0.0589
65,DesignChecker: Visual design support for blind and low vision web developers,guidelines,0.165
65,DesignChecker: Visual design support for blind and low vision web developers,helps,0.1778
65,DesignChecker: Visual design support for blind and low vision web developers,improve,0.143
65,DesignChecker: Visual design support for blind and low vision web developers,it,0.1032
65,DesignChecker: Visual design support for blind and low vision web developers,low,0.1998
65,DesignChecker: Visual design support for blind and low vision web developers,of,0.038
65,DesignChecker: Visual design support for blind and low vision web developers,reference,0.165
65,DesignChecker: Visual design support for blind and low vision web developers,support,0.1778
65,DesignChecker: Visual design support for blind and low vision web developers,their,0.3417
65,DesignChecker: Visual design support for blind and low vision web developers,to,0.0519
65,DesignChecker: Visual design support for blind and low vision web developers,users,0.1238
65,DesignChecker: Visual design support for blind and low vision web developers,vision,0.1778
65,DesignChecker: Visual design support for blind and low vision web developers,visual,0.3117
65,DesignChecker: Visual design support for blind and low vision web developers,web,0.1581
65,DesignChecker: Visual design support for blind and low vision web developers,website,0.1301
65,DesignChecker: Visual design support for blind and low vision web developers,with,0.0791
66,Llms in web development: Evaluating llm-generated php code unveiling vulnerabilities and limitations,and,0.043
66,Llms in web development: Evaluating llm-generated php code unveiling vulnerabilities and limitations,application,0.1057
66,Llms in web development: Evaluating llm-generated php code unveiling vulnerabilities and limitations,code,0.1665
66,Llms in web development: Evaluating llm-generated php code unveiling vulnerabilities and limitations,development,0.2705
66,Llms in web development: Evaluating llm-generated php code unveiling vulnerabilities and limitations,essential,0.1762
66,Llms in web development: Evaluating llm-generated php code unveiling vulnerabilities and limitations,evaluating,0.1589
66,Llms in web development: Evaluating llm-generated php code unveiling vulnerabilities and limitations,in,0.1013
66,Llms in web development: Evaluating llm-generated php code unveiling vulnerabilities and limitations,integral,0.2134
66,Llms in web development: Evaluating llm-generated php code unveiling vulnerabilities and limitations,is,0.0789
66,Llms in web development: Evaluating llm-generated php code unveiling vulnerabilities and limitations,its,0.139
66,Llms in web development: Evaluating llm-generated php code unveiling vulnerabilities and limitations,landscape,0.1762
66,Llms in web development: Evaluating llm-generated php code unveiling vulnerabilities and limitations,language,0.1589
66,Llms in web development: Evaluating llm-generated php code unveiling vulnerabilities and limitations,limitations,0.2134
66,Llms in web development: Evaluating llm-generated php code unveiling vulnerabilities and limitations,llmgenerated,0.2134
66,Llms in web development: Evaluating llm-generated php code unveiling vulnerabilities and limitations,llms,0.1762
66,Llms in web development: Evaluating llm-generated php code unveiling vulnerabilities and limitations,ongoing,0.2134
66,Llms in web development: Evaluating llm-generated php code unveiling vulnerabilities and limitations,php,0.3799
66,Llms in web development: Evaluating llm-generated php code unveiling vulnerabilities and limitations,relevance,0.2134
66,Llms in web development: Evaluating llm-generated php code unveiling vulnerabilities and limitations,remains,0.2134
66,Llms in web development: Evaluating llm-generated php code unveiling vulnerabilities and limitations,scripting,0.1899
66,Llms in web development: Evaluating llm-generated php code unveiling vulnerabilities and limitations,security,0.083
66,Llms in web development: Evaluating llm-generated php code unveiling vulnerabilities and limitations,serverside,0.2134
66,Llms in web development: Evaluating llm-generated php code unveiling vulnerabilities and limitations,the,0.0825
66,Llms in web development: Evaluating llm-generated php code unveiling vulnerabilities and limitations,to,0.0554
66,Llms in web development: Evaluating llm-generated php code unveiling vulnerabilities and limitations,unveiling,0.2134
66,Llms in web development: Evaluating llm-generated php code unveiling vulnerabilities and limitations,vulnerabilities,0.1762
66,Llms in web development: Evaluating llm-generated php code unveiling vulnerabilities and limitations,web,0.3377
67,Web accessibility and web developer attitudes towards accessibility in Mozambique,accessibility,0.3236
67,Web accessibility and web developer attitudes towards accessibility in Mozambique,and,0.0418
67,Web accessibility and web developer attitudes towards accessibility in Mozambique,are,0.1056
67,Web accessibility and web developer attitudes towards accessibility in Mozambique,assumes,0.2074
67,Web accessibility and web developer attitudes towards accessibility in Mozambique,attitudes,0.2074
67,Web accessibility and web developer attitudes towards accessibility in Mozambique,chosen,0.2074
67,Web accessibility and web developer attitudes towards accessibility in Mozambique,designer,0.1846
67,Web accessibility and web developer attitudes towards accessibility in Mozambique,developer,0.3854
67,Web accessibility and web developer attitudes towards accessibility in Mozambique,developers,0.1072
67,Web accessibility and web developer attitudes towards accessibility in Mozambique,for,0.0611
67,Web accessibility and web developer attitudes towards accessibility in Mozambique,have,0.1205
67,Web accessibility and web developer attitudes towards accessibility in Mozambique,in,0.0984
67,Web accessibility and web developer attitudes towards accessibility in Mozambique,job,0.2074
67,Web accessibility and web developer attitudes towards accessibility in Mozambique,mozambique,0.2074
67,Web accessibility and web developer attitudes towards accessibility in Mozambique,of,0.0395
67,Web accessibility and web developer attitudes towards accessibility in Mozambique,paper,0.1285
67,Web accessibility and web developer attitudes towards accessibility in Mozambique,professionals,0.1713
67,Web accessibility and web developer attitudes towards accessibility in Mozambique,research,0.1122
67,Web accessibility and web developer attitudes towards accessibility in Mozambique,role,0.1183
67,Web accessibility and web developer attitudes towards accessibility in Mozambique,software,0.1544
67,Web accessibility and web developer attitudes towards accessibility in Mozambique,the,0.1603
67,Web accessibility and web developer attitudes towards accessibility in Mozambique,these,0.1256
67,Web accessibility and web developer attitudes towards accessibility in Mozambique,towards,0.1713
67,Web accessibility and web developer attitudes towards accessibility in Mozambique,web,0.4924
67,Web accessibility and web developer attitudes towards accessibility in Mozambique,webmasters,0.1846
68,Impact of shopping website design on customer satisfaction and loyalty: The mediating role of usability and the moderating role of trust,and,0.0736
68,Impact of shopping website design on customer satisfaction and loyalty: The mediating role of usability and the moderating role of trust,are,0.0932
68,Impact of shopping website design on customer satisfaction and loyalty: The mediating role of usability and the moderating role of trust,attributes,0.151
68,Impact of shopping website design on customer satisfaction and loyalty: The mediating role of usability and the moderating role of trust,based,0.1191
68,Impact of shopping website design on customer satisfaction and loyalty: The mediating role of usability and the moderating role of trust,be,0.1006
68,Impact of shopping website design on customer satisfaction and loyalty: The mediating role of usability and the moderating role of trust,by,0.0841
68,Impact of shopping website design on customer satisfaction and loyalty: The mediating role of usability and the moderating role of trust,conducted,0.1362
68,Impact of shopping website design on customer satisfaction and loyalty: The mediating role of usability and the moderating role of trust,could,0.1829
68,Impact of shopping website design on customer satisfaction and loyalty: The mediating role of usability and the moderating role of trust,customer,0.1427
68,Impact of shopping website design on customer satisfaction and loyalty: The mediating role of usability and the moderating role of trust,design,0.3446
68,Impact of shopping website design on customer satisfaction and loyalty: The mediating role of usability and the moderating role of trust,different,0.1264
68,Impact of shopping website design on customer satisfaction and loyalty: The mediating role of usability and the moderating role of trust,emphasizes,0.1829
68,Impact of shopping website design on customer satisfaction and loyalty: The mediating role of usability and the moderating role of trust,for,0.1078
68,Impact of shopping website design on customer satisfaction and loyalty: The mediating role of usability and the moderating role of trust,further,0.1628
68,Impact of shopping website design on customer satisfaction and loyalty: The mediating role of usability and the moderating role of trust,how,0.1133
68,Impact of shopping website design on customer satisfaction and loyalty: The mediating role of usability and the moderating role of trust,impact,0.1108
68,Impact of shopping website design on customer satisfaction and loyalty: The mediating role of usability and the moderating role of trust,loyalty,0.1628
68,Impact of shopping website design on customer satisfaction and loyalty: The mediating role of usability and the moderating role of trust,mediating,0.1628
68,Impact of shopping website design on customer satisfaction and loyalty: The mediating role of usability and the moderating role of trust,moderating,0.1628
68,Impact of shopping website design on customer satisfaction and loyalty: The mediating role of usability and the moderating role of trust,of,0.1044
68,Impact of shopping website design on customer satisfaction and loyalty: The mediating role of usability and the moderating role of trust,on,0.1331
68,Impact of shopping website design on customer satisfaction and loyalty: The mediating role of usability and the moderating role of trust,research,0.099
68,Impact of shopping website design on customer satisfaction and loyalty: The mediating role of usability and the moderating role of trust,role,0.2085
68,Impact of shopping website design on customer satisfaction and loyalty: The mediating role of usability and the moderating role of trust,satisfaction,0.151
68,Impact of shopping website design on customer satisfaction and loyalty: The mediating role of usability and the moderating role of trust,shopping,0.2853
68,Impact of shopping website design on customer satisfaction and loyalty: The mediating role of usability and the moderating role of trust,the,0.0707
68,Impact of shopping website design on customer satisfaction and loyalty: The mediating role of usability and the moderating role of trust,trust,0.151
68,Impact of shopping website design on customer satisfaction and loyalty: The mediating role of usability and the moderating role of trust,usability,0.1628
68,Impact of shopping website design on customer satisfaction and loyalty: The mediating role of usability and the moderating role of trust,using,0.0872
68,Impact of shopping website design on customer satisfaction and loyalty: The mediating role of usability and the moderating role of trust,various,0.2528
68,Impact of shopping website design on customer satisfaction and loyalty: The mediating role of usability and the moderating role of trust,website,0.4764
68,Impact of shopping website design on customer satisfaction and loyalty: The mediating role of usability and the moderating role of trust,which,0.0974
69,JavaScript for Web Developers,and,0.0424
69,JavaScript for Web Developers,at,0.1506
69,JavaScript for Web Developers,be,0.1158
69,JavaScript for Web Developers,developers,0.1088
69,JavaScript for Web Developers,five,0.1873
69,JavaScript for Web Developers,for,0.062
69,JavaScript for Web Developers,happening,0.2105
69,JavaScript for Web Developers,have,0.1223
69,JavaScript for Web Developers,it,0.1088
69,JavaScript for Web Developers,javascript,0.1738
69,JavaScript for Web Developers,ll,0.2105
69,JavaScript for Web Developers,load,0.2105
69,JavaScript for Web Developers,occurred,0.2105
69,JavaScript for Web Developers,of,0.0801
69,JavaScript for Web Developers,page,0.2105
69,JavaScript for Web Developers,possible,0.1738
69,JavaScript for Web Developers,quite,0.2105
69,JavaScript for Web Developers,result,0.2105
69,JavaScript for Web Developers,see,0.1873
69,JavaScript for Web Developers,server,0.2105
69,JavaScript for Web Developers,technologies,0.1455
69,JavaScript for Web Developers,that,0.0825
69,JavaScript for Web Developers,the,0.0813
69,JavaScript for Web Developers,these,0.1275
69,JavaScript for Web Developers,three,0.1455
69,JavaScript for Web Developers,to,0.0546
69,JavaScript for Web Developers,two,0.1642
69,JavaScript for Web Developers,up,0.1873
69,JavaScript for Web Developers,web,0.2498
69,JavaScript for Web Developers,when,0.1455
69,JavaScript for Web Developers,will,0.2741
69,JavaScript for Web Developers,within,0.1567
69,JavaScript for Web Developers,you,0.3283
70,The rise of disappearing frameworks in web development,addressing,0.1565
70,The rise of disappearing frameworks in web development,as,0.0897
70,The rise of disappearing frameworks in web development,development,0.3552
70,The rise of disappearing frameworks in web development,disappearing,0.2102
70,The rise of disappearing frameworks in web development,for,0.0619
70,The rise of disappearing frameworks in web development,frameworks,0.1735
70,The rise of disappearing frameworks in web development,in,0.1496
70,The rise of disappearing frameworks in web development,mainstream,0.2102
70,The rise of disappearing frameworks in web development,major,0.2102
70,The rise of disappearing frameworks in web development,next,0.3471
70,The rise of disappearing frameworks in web development,of,0.04
70,The rise of disappearing frameworks in web development,phase,0.3741
70,The rise of disappearing frameworks in web development,potential,0.1453
70,The rise of disappearing frameworks in web development,rather,0.2102
70,The rise of disappearing frameworks in web development,rise,0.1735
70,The rise of disappearing frameworks in web development,rq,0.2102
70,The rise of disappearing frameworks in web development,technologies,0.1453
70,The rise of disappearing frameworks in web development,than,0.2102
70,The rise of disappearing frameworks in web development,the,0.1218
70,The rise of disappearing frameworks in web development,to,0.0546
70,The rise of disappearing frameworks in web development,trying,0.2102
70,The rise of disappearing frameworks in web development,used,0.1137
70,The rise of disappearing frameworks in web development,web,0.3326
71,Machine learning for web development: A fusion,also,0.1469
71,Machine learning for web development: A fusion,animations,0.2426
71,Machine learning for web development: A fusion,be,0.1335
71,Machine learning for web development: A fusion,but,0.1892
71,Machine learning for web development: A fusion,changing,0.2159
71,Machine learning for web development: A fusion,development,0.3075
71,Machine learning for web development: A fusion,dynamic,0.1892
71,Machine learning for web development: A fusion,earlier,0.2426
71,Machine learning for web development: A fusion,for,0.143
71,Machine learning for web development: A fusion,fusion,0.2426
71,Machine learning for web development: A fusion,in,0.0576
71,Machine learning for web development: A fusion,interactive,0.2003
71,Machine learning for web development: A fusion,it,0.1253
71,Machine learning for web development: A fusion,language,0.1806
71,Machine learning for web development: A fusion,learning,0.083
71,Machine learning for web development: A fusion,machine,0.0897
71,Machine learning for web development: A fusion,making,0.2003
71,Machine learning for web development: A fusion,maps,0.2426
71,Machine learning for web development: A fusion,of,0.0462
71,Machine learning for web development: A fusion,pages,0.2159
71,Machine learning for web development: A fusion,scripting,0.2159
71,Machine learning for web development: A fusion,seems,0.2426
71,Machine learning for web development: A fusion,the,0.0469
71,Machine learning for web development: A fusion,time,0.2159
71,Machine learning for web development: A fusion,to,0.063
71,Machine learning for web development: A fusion,use,0.1335
71,Machine learning for web development: A fusion,was,0.1677
71,Machine learning for web development: A fusion,web,0.288
71,Machine learning for web development: A fusion,with,0.096
72,Review on study and usage of mern stack for web development,across,0.185
72,Review on study and usage of mern stack for web development,and,0.1255
72,Review on study and usage of mern stack for web development,android,0.1716
72,Review on study and usage of mern stack for web development,based,0.1354
72,Review on study and usage of mern stack for web development,both,0.185
72,Review on study and usage of mern stack for web development,create,0.2079
72,Review on study and usage of mern stack for web development,developers,0.1074
72,Review on study and usage of mern stack for web development,development,0.2634
72,Review on study and usage of mern stack for web development,don,0.2079
72,Review on study and usage of mern stack for web development,for,0.0612
72,Review on study and usage of mern stack for web development,framework,0.1436
72,Review on study and usage of mern stack for web development,helps,0.185
72,Review on study and usage of mern stack for web development,ios,0.2079
72,Review on study and usage of mern stack for web development,is,0.0768
72,Review on study and usage of mern stack for web development,mern,0.2079
72,Review on study and usage of mern stack for web development,mobile,0.0762
72,Review on study and usage of mern stack for web development,need,0.1716
72,Review on study and usage of mern stack for web development,of,0.0396
72,Review on study and usage of mern stack for web development,on,0.0756
72,Review on study and usage of mern stack for web development,review,0.0925
72,Review on study and usage of mern stack for web development,stack,0.555
72,Review on study and usage of mern stack for web development,study,0.103
72,Review on study and usage of mern stack for web development,that,0.0815
72,Review on study and usage of mern stack for web development,the,0.0402
72,Review on study and usage of mern stack for web development,throughout,0.2079
72,Review on study and usage of mern stack for web development,to,0.054
72,Review on study and usage of mern stack for web development,usage,0.1621
72,Review on study and usage of mern stack for web development,web,0.2467
72,Review on study and usage of mern stack for web development,which,0.1107
72,Review on study and usage of mern stack for web development,you,0.1621
167,Augmented reality advertising via a mobile app,advertising,0.5901
167,Augmented reality advertising via a mobile app,aim,0.1056
167,Augmented reality advertising via a mobile app,app,0.2963
167,Augmented reality advertising via a mobile app,ar,0.3939
167,Augmented reality advertising via a mobile app,augmented,0.2301
167,Augmented reality advertising via a mobile app,brand,0.2626
167,Augmented reality advertising via a mobile app,can,0.0798
167,Augmented reality advertising via a mobile app,engagement,0.1056
167,Augmented reality advertising via a mobile app,how,0.0914
167,Augmented reality advertising via a mobile app,light,0.1475
167,Augmented reality advertising via a mobile app,mobile,0.2164
167,Augmented reality advertising via a mobile app,new,0.0826
167,Augmented reality advertising via a mobile app,offers,0.1313
167,Augmented reality advertising via a mobile app,on,0.0537
167,Augmented reality advertising via a mobile app,prior,0.1475
167,Augmented reality advertising via a mobile app,reality,0.2301
167,Augmented reality advertising via a mobile app,shed,0.1475
167,Augmented reality advertising via a mobile app,to,0.0383
167,Augmented reality advertising via a mobile app,via,0.2301
167,Augmented reality advertising via a mobile app,we,0.0589
73,The role of APIs in modern web development: Enhancing system integrations,abstract,0.1882
73,The role of APIs in modern web development: Enhancing system integrations,account,0.228
73,The role of APIs in modern web development: Enhancing system integrations,and,0.0459
73,The role of APIs in modern web development: Enhancing system integrations,apis,0.228
73,The role of APIs in modern web development: Enhancing system integrations,developers,0.1178
73,The role of APIs in modern web development: Enhancing system integrations,development,0.2889
73,The role of APIs in modern web development: Enhancing system integrations,enhancing,0.1575
73,The role of APIs in modern web development: Enhancing system integrations,facets,0.228
73,The role of APIs in modern web development: Enhancing system integrations,growth,0.228
73,The role of APIs in modern web development: Enhancing system integrations,have,0.1325
73,The role of APIs in modern web development: Enhancing system integrations,improvement,0.2029
73,The role of APIs in modern web development: Enhancing system integrations,in,0.1082
73,The role of APIs in modern web development: Enhancing system integrations,integrations,0.228
73,The role of APIs in modern web development: Enhancing system integrations,into,0.1485
73,The role of APIs in modern web development: Enhancing system integrations,life,0.1778
73,The role of APIs in modern web development: Enhancing system integrations,many,0.1778
73,The role of APIs in modern web development: Enhancing system integrations,modern,0.1697
73,The role of APIs in modern web development: Enhancing system integrations,need,0.1882
73,The role of APIs in modern web development: Enhancing system integrations,of,0.0868
73,The role of APIs in modern web development: Enhancing system integrations,prompted,0.2029
73,The role of APIs in modern web development: Enhancing system integrations,rapid,0.1882
73,The role of APIs in modern web development: Enhancing system integrations,role,0.13
73,The role of APIs in modern web development: Enhancing system integrations,software,0.3395
73,The role of APIs in modern web development: Enhancing system integrations,solutions,0.1778
73,The role of APIs in modern web development: Enhancing system integrations,system,0.1631
73,The role of APIs in modern web development: Enhancing system integrations,take,0.2029
73,The role of APIs in modern web development: Enhancing system integrations,the,0.1322
73,The role of APIs in modern web development: Enhancing system integrations,to,0.0592
73,The role of APIs in modern web development: Enhancing system integrations,use,0.1254
73,The role of APIs in modern web development: Enhancing system integrations,web,0.0902
74,Evolution of popularity and multiaspectual comparison of widely used web development frameworks,and,0.0381
74,Evolution of popularity and multiaspectual comparison of widely used web development frameworks,at,0.1355
74,Evolution of popularity and multiaspectual comparison of widely used web development frameworks,by,0.0871
74,Evolution of popularity and multiaspectual comparison of widely used web development frameworks,century,0.1893
74,Evolution of popularity and multiaspectual comparison of widely used web development frameworks,changing,0.1685
74,Evolution of popularity and multiaspectual comparison of widely used web development frameworks,comparison,0.1685
74,Evolution of popularity and multiaspectual comparison of widely used web development frameworks,development,0.2399
74,Evolution of popularity and multiaspectual comparison of widely used web development frameworks,emergence,0.1685
74,Evolution of popularity and multiaspectual comparison of widely used web development frameworks,evolution,0.1685
74,Evolution of popularity and multiaspectual comparison of widely used web development frameworks,first,0.1409
74,Evolution of popularity and multiaspectual comparison of widely used web development frameworks,frameworks,0.4689
74,Evolution of popularity and multiaspectual comparison of widely used web development frameworks,multiaspectual,0.1893
74,Evolution of popularity and multiaspectual comparison of widely used web development frameworks,number,0.1563
74,Evolution of popularity and multiaspectual comparison of widely used web development frameworks,observing,0.1893
74,Evolution of popularity and multiaspectual comparison of widely used web development frameworks,of,0.2162
74,Evolution of popularity and multiaspectual comparison of widely used web development frameworks,popularity,0.337
74,Evolution of popularity and multiaspectual comparison of widely used web development frameworks,since,0.1563
74,Evolution of popularity and multiaspectual comparison of widely used web development frameworks,st,0.1893
74,Evolution of popularity and multiaspectual comparison of widely used web development frameworks,the,0.2195
74,Evolution of popularity and multiaspectual comparison of widely used web development frameworks,turn,0.1893
74,Evolution of popularity and multiaspectual comparison of widely used web development frameworks,used,0.1024
74,Evolution of popularity and multiaspectual comparison of widely used web development frameworks,web,0.2247
74,Evolution of popularity and multiaspectual comparison of widely used web development frameworks,widely,0.1893
74,Evolution of popularity and multiaspectual comparison of widely used web development frameworks,years,0.1685
75,Development of Gamification-Based E-Learning on Web Design Topic.,acronym,0.2109
75,Development of Gamification-Based E-Learning on Web Design Topic.,an,0.1837
75,Development of Gamification-Based E-Learning on Web Design Topic.,and,0.0425
75,Development of Gamification-Based E-Learning on Web Design Topic.,as,0.09
75,Development of Gamification-Based E-Learning on Web Design Topic.,called,0.2109
75,Development of Gamification-Based E-Learning on Web Design Topic.,css,0.1645
75,Development of Gamification-Based E-Learning on Web Design Topic.,design,0.298
75,Development of Gamification-Based E-Learning on Web Design Topic.,development,0.0891
75,Development of Gamification-Based E-Learning on Web Design Topic.,elearning,0.2109
75,Development of Gamification-Based E-Learning on Web Design Topic.,fields,0.1741
75,Development of Gamification-Based E-Learning on Web Design Topic.,gamificationbased,0.2109
75,Development of Gamification-Based E-Learning on Web Design Topic.,hss,0.4218
75,Development of Gamification-Based E-Learning on Web Design Topic.,html,0.1741
75,Development of Gamification-Based E-Learning on Web Design Topic.,in,0.05
75,Development of Gamification-Based E-Learning on Web Design Topic.,interactive,0.1741
75,Development of Gamification-Based E-Learning on Web Design Topic.,is,0.078
75,Development of Gamification-Based E-Learning on Web Design Topic.,learning,0.2887
75,Development of Gamification-Based E-Learning on Web Design Topic.,media,0.1877
75,Development of Gamification-Based E-Learning on Web Design Topic.,of,0.0401
75,Development of Gamification-Based E-Learning on Web Design Topic.,on,0.0767
75,Development of Gamification-Based E-Learning on Web Design Topic.,programming,0.2109
75,Development of Gamification-Based E-Learning on Web Design Topic.,research,0.1141
75,Development of Gamification-Based E-Learning on Web Design Topic.,such,0.157
75,Development of Gamification-Based E-Learning on Web Design Topic.,topic,0.2109
75,Development of Gamification-Based E-Learning on Web Design Topic.,used,0.1141
75,Development of Gamification-Based E-Learning on Web Design Topic.,web,0.3338
76,Sketch2code: Evaluating vision-language models for interactive web design prototyping,an,0.0946
76,Sketch2code: Evaluating vision-language models for interactive web design prototyping,and,0.0437
76,Sketch2code: Evaluating vision-language models for interactive web design prototyping,concepts,0.1793
76,Sketch2code: Evaluating vision-language models for interactive web design prototyping,css,0.1693
76,Sketch2code: Evaluating vision-language models for interactive web design prototyping,design,0.3068
76,Sketch2code: Evaluating vision-language models for interactive web design prototyping,developer,0.1345
76,Sketch2code: Evaluating vision-language models for interactive web design prototyping,evaluating,0.1617
76,Sketch2code: Evaluating vision-language models for interactive web design prototyping,for,0.064
76,Sketch2code: Evaluating vision-language models for interactive web design prototyping,html,0.1793
76,Sketch2code: Evaluating vision-language models for interactive web design prototyping,in,0.0515
76,Sketch2code: Evaluating vision-language models for interactive web design prototyping,initial,0.2171
76,Sketch2code: Evaluating vision-language models for interactive web design prototyping,interactive,0.1793
76,Sketch2code: Evaluating vision-language models for interactive web design prototyping,is,0.0803
76,Sketch2code: Evaluating vision-language models for interactive web design prototyping,iterative,0.2171
76,Sketch2code: Evaluating vision-language models for interactive web design prototyping,models,0.1315
76,Sketch2code: Evaluating vision-language models for interactive web design prototyping,multiple,0.1793
76,Sketch2code: Evaluating vision-language models for interactive web design prototyping,of,0.0413
76,Sketch2code: Evaluating vision-language models for interactive web design prototyping,process,0.1693
76,Sketch2code: Evaluating vision-language models for interactive web design prototyping,prototyping,0.2171
76,Sketch2code: Evaluating vision-language models for interactive web design prototyping,provide,0.1554
76,Sketch2code: Evaluating vision-language models for interactive web design prototyping,realworld,0.1932
76,Sketch2code: Evaluating vision-language models for interactive web design prototyping,sketch,0.2171
76,Sketch2code: Evaluating vision-language models for interactive web design prototyping,sketchcode,0.2171
76,Sketch2code: Evaluating vision-language models for interactive web design prototyping,specializes,0.2171
76,Sketch2code: Evaluating vision-language models for interactive web design prototyping,undergo,0.2171
76,Sketch2code: Evaluating vision-language models for interactive web design prototyping,user,0.1238
76,Sketch2code: Evaluating vision-language models for interactive web design prototyping,visionlanguage,0.2171
76,Sketch2code: Evaluating vision-language models for interactive web design prototyping,web,0.2577
76,Sketch2code: Evaluating vision-language models for interactive web design prototyping,where,0.1793
76,Sketch2code: Evaluating vision-language models for interactive web design prototyping,who,0.1554
76,Sketch2code: Evaluating vision-language models for interactive web design prototyping,will,0.1414
76,Sketch2code: Evaluating vision-language models for interactive web design prototyping,with,0.0859
76,Sketch2code: Evaluating vision-language models for interactive web design prototyping,you,0.1693
77,Web development system project report,agile,0.2442
77,Web development system project report,and,0.0983
77,Web development system project report,businesses,0.2173
77,Web development system project report,can,0.1321
77,Web development system project report,consist,0.2173
77,Web development system project report,developers,0.1262
77,Web development system project report,development,0.2063
77,Web development system project report,follow,0.2442
77,Web development system project report,for,0.072
77,Web development system project report,hundreds,0.2442
77,Web development system project report,larger,0.2173
77,Web development system project report,like,0.2016
77,Web development system project report,methodologies,0.2442
77,Web development system project report,methods,0.1512
77,Web development system project report,of,0.0929
77,Web development system project report,organizations,0.2173
77,Web development system project report,people,0.2016
77,Web development system project report,project,0.2016
77,Web development system project report,report,0.2442
77,Web development system project report,standard,0.2442
77,Web development system project report,system,0.1747
77,Web development system project report,teams,0.2173
77,Web development system project report,web,0.2898
77,Web development system project report,while,0.2173
78,A Study on a Project-based Blockchain Web Developer Education Model Customized for Companies,an,0.096
78,A Study on a Project-based Blockchain Web Developer Education Model Customized for Companies,and,0.0888
78,A Study on a Project-based Blockchain Web Developer Education Model Customized for Companies,blockchain,0.4411
78,A Study on a Project-based Blockchain Web Developer Education Model Customized for Companies,companies,0.1963
78,A Study on a Project-based Blockchain Web Developer Education Model Customized for Companies,companycustomized,0.2205
78,A Study on a Project-based Blockchain Web Developer Education Model Customized for Companies,curriculum,0.2205
78,A Study on a Project-based Blockchain Web Developer Education Model Customized for Companies,customized,0.2205
78,A Study on a Project-based Blockchain Web Developer Education Model Customized for Companies,design,0.1039
78,A Study on a Project-based Blockchain Web Developer Education Model Customized for Companies,developer,0.1366
78,A Study on a Project-based Blockchain Web Developer Education Model Customized for Companies,developers,0.1139
78,A Study on a Project-based Blockchain Web Developer Education Model Customized for Companies,development,0.0932
78,A Study on a Project-based Blockchain Web Developer Education Model Customized for Companies,direction,0.1821
78,A Study on a Project-based Blockchain Web Developer Education Model Customized for Companies,education,0.2872
78,A Study on a Project-based Blockchain Web Developer Education Model Customized for Companies,for,0.13
78,A Study on a Project-based Blockchain Web Developer Education Model Customized for Companies,industryoriented,0.2205
78,A Study on a Project-based Blockchain Web Developer Education Model Customized for Companies,model,0.4432
78,A Study on a Project-based Blockchain Web Developer Education Model Customized for Companies,of,0.042
78,A Study on a Project-based Blockchain Web Developer Education Model Customized for Companies,on,0.0802
78,A Study on a Project-based Blockchain Web Developer Education Model Customized for Companies,projectbased,0.2205
78,A Study on a Project-based Blockchain Web Developer Education Model Customized for Companies,study,0.1093
78,A Study on a Project-based Blockchain Web Developer Education Model Customized for Companies,suggest,0.2205
78,A Study on a Project-based Blockchain Web Developer Education Model Customized for Companies,the,0.0426
78,A Study on a Project-based Blockchain Web Developer Education Model Customized for Companies,through,0.1335
78,A Study on a Project-based Blockchain Web Developer Education Model Customized for Companies,we,0.088
78,A Study on a Project-based Blockchain Web Developer Education Model Customized for Companies,web,0.1745
79,Getting started modern web development with next. js: an indispensable react framework,advantages,0.1784
79,Getting started modern web development with next. js: an indispensable react framework,an,0.1746
79,Getting started modern web development with next. js: an indispensable react framework,and,0.0404
79,Getting started modern web development with next. js: an indispensable react framework,apps,0.0892
79,Getting started modern web development with next. js: an indispensable react framework,developers,0.1036
79,Getting started modern web development with next. js: an indispensable react framework,development,0.1694
79,Getting started modern web development with next. js: an indispensable react framework,divides,0.2005
79,Getting started modern web development with next. js: an indispensable react framework,experience,0.1214
79,Getting started modern web development with next. js: an indispensable react framework,extraordinary,0.2005
79,Getting started modern web development with next. js: an indispensable react framework,framework,0.1385
79,Getting started modern web development with next. js: an indispensable react framework,game,0.1655
79,Getting started modern web development with next. js: an indispensable react framework,getting,0.1784
79,Getting started modern web development with next. js: an indispensable react framework,has,0.1103
79,Getting started modern web development with next. js: an indispensable react framework,improved,0.2005
79,Getting started modern web development with next. js: an indispensable react framework,in,0.0476
79,Getting started modern web development with next. js: an indispensable react framework,indispensable,0.2005
79,Getting started modern web development with next. js: an indispensable react framework,is,0.0741
79,Getting started modern web development with next. js: an indispensable react framework,js,0.2005
79,Getting started modern web development with next. js: an indispensable react framework,main,0.1655
79,Getting started modern web development with next. js: an indispensable react framework,modern,0.1493
79,Getting started modern web development with next. js: an indispensable react framework,next,0.1655
79,Getting started modern web development with next. js: an indispensable react framework,nextjs,0.401
79,Getting started modern web development with next. js: an indispensable react framework,of,0.0381
79,Getting started modern web development with next. js: an indispensable react framework,our,0.1305
79,Getting started modern web development with next. js: an indispensable react framework,performance,0.1435
79,Getting started modern web development with next. js: an indispensable react framework,react,0.401
79,Getting started modern web development with next. js: an indispensable react framework,started,0.2005
79,Getting started modern web development with next. js: an indispensable react framework,the,0.0387
79,Getting started modern web development with next. js: an indispensable react framework,three,0.1385
79,Getting started modern web development with next. js: an indispensable react framework,user,0.1143
79,Getting started modern web development with next. js: an indispensable react framework,web,0.2379
79,Getting started modern web development with next. js: an indispensable react framework,with,0.0793
80,Responsive web design and its impact on user experience,adjust,0.2198
80,Responsive web design and its impact on user experience,advance,0.2198
80,Responsive web design and its impact on user experience,and,0.0442
80,Responsive web design and its impact on user experience,applications,0.091
80,Responsive web design and its impact on user experience,be,0.1209
80,Responsive web design and its impact on user experience,browsers,0.2198
80,Responsive web design and its impact on user experience,conceptualise,0.2198
80,Responsive web design and its impact on user experience,design,0.207
80,Responsive web design and its impact on user experience,designers,0.1714
80,Responsive web design and its impact on user experience,enables,0.1814
80,Responsive web design and its impact on user experience,experience,0.1331
80,Responsive web design and its impact on user experience,impact,0.1331
80,Responsive web design and its impact on user experience,in,0.0521
80,Responsive web design and its impact on user experience,its,0.1431
80,Responsive web design and its impact on user experience,knowing,0.2198
80,Responsive web design and its impact on user experience,must,0.1814
80,Responsive web design and its impact on user experience,on,0.0799
80,Responsive web design and its impact on user experience,responsive,0.3911
80,Responsive web design and its impact on user experience,the,0.0425
80,Responsive web design and its impact on user experience,to,0.1141
80,Responsive web design and its impact on user experience,used,0.1189
80,Responsive web design and its impact on user experience,user,0.1253
80,Responsive web design and its impact on user experience,web,0.4347
80,Responsive web design and its impact on user experience,website,0.1431
80,Responsive web design and its impact on user experience,which,0.234
80,Responsive web design and its impact on user experience,will,0.1431
80,Responsive web design and its impact on user experience,without,0.2198
81,Conversations with deviant website developers: A case study of online shopping fraud enablers,ancestral,0.1783
81,Conversations with deviant website developers: A case study of online shopping fraud enablers,case,0.1472
81,Conversations with deviant website developers: A case study of online shopping fraud enablers,conversations,0.1783
81,Conversations with deviant website developers: A case study of online shopping fraud enablers,creating,0.1391
81,Conversations with deviant website developers: A case study of online shopping fraud enablers,deter,0.1783
81,Conversations with deviant website developers: A case study of online shopping fraud enablers,developers,0.3685
81,Conversations with deviant website developers: A case study of online shopping fraud enablers,deviant,0.1783
81,Conversations with deviant website developers: A case study of online shopping fraud enablers,direct,0.1783
81,Conversations with deviant website developers: A case study of online shopping fraud enablers,enablers,0.1783
81,Conversations with deviant website developers: A case study of online shopping fraud enablers,fraud,0.535
81,Conversations with deviant website developers: A case study of online shopping fraud enablers,from,0.0965
81,Conversations with deviant website developers: A case study of online shopping fraud enablers,in,0.0423
81,Conversations with deviant website developers: A case study of online shopping fraud enablers,interviews,0.1783
81,Conversations with deviant website developers: A case study of online shopping fraud enablers,involved,0.1587
81,Conversations with deviant website developers: A case study of online shopping fraud enablers,nondelivery,0.1783
81,Conversations with deviant website developers: A case study of online shopping fraud enablers,of,0.0339
81,Conversations with deviant website developers: A case study of online shopping fraud enablers,offending,0.1783
81,Conversations with deviant website developers: A case study of online shopping fraud enablers,online,0.1232
81,Conversations with deviant website developers: A case study of online shopping fraud enablers,semistructured,0.1783
81,Conversations with deviant website developers: A case study of online shopping fraud enablers,shopping,0.1391
81,Conversations with deviant website developers: A case study of online shopping fraud enablers,spirits,0.1783
81,Conversations with deviant website developers: A case study of online shopping fraud enablers,study,0.0884
81,Conversations with deviant website developers: A case study of online shopping fraud enablers,through,0.108
81,Conversations with deviant website developers: A case study of online shopping fraud enablers,website,0.2323
81,Conversations with deviant website developers: A case study of online shopping fraud enablers,websites,0.1472
81,Conversations with deviant website developers: A case study of online shopping fraud enablers,with,0.1411
82,Cognitive and affective effects of teachers' annotations and talking heads on asynchronous video lectures in a web development course,affective,0.1888
82,Cognitive and affective effects of teachers' annotations and talking heads on asynchronous video lectures in a web development course,and,0.152
82,Cognitive and affective effects of teachers' annotations and talking heads on asynchronous video lectures in a web development course,annotations,0.1888
82,Cognitive and affective effects of teachers' annotations and talking heads on asynchronous video lectures in a web development course,asynchronous,0.1888
82,Cognitive and affective effects of teachers' annotations and talking heads on asynchronous video lectures in a web development course,cognitive,0.168
82,Cognitive and affective effects of teachers' annotations and talking heads on asynchronous video lectures in a web development course,composed,0.1888
82,Cognitive and affective effects of teachers' annotations and talking heads on asynchronous video lectures in a web development course,course,0.3776
82,Cognitive and affective effects of teachers' annotations and talking heads on asynchronous video lectures in a web development course,covering,0.168
82,Cognitive and affective effects of teachers' annotations and talking heads on asynchronous video lectures in a web development course,css,0.1472
82,Cognitive and affective effects of teachers' annotations and talking heads on asynchronous video lectures in a web development course,design,0.0889
82,Cognitive and affective effects of teachers' annotations and talking heads on asynchronous video lectures in a web development course,development,0.1595
82,Cognitive and affective effects of teachers' annotations and talking heads on asynchronous video lectures in a web development course,effects,0.1888
82,Cognitive and affective effects of teachers' annotations and talking heads on asynchronous video lectures in a web development course,followed,0.1888
82,Cognitive and affective effects of teachers' annotations and talking heads on asynchronous video lectures in a web development course,heads,0.1888
82,Cognitive and affective effects of teachers' annotations and talking heads on asynchronous video lectures in a web development course,html,0.1558
82,Cognitive and affective effects of teachers' annotations and talking heads on asynchronous video lectures in a web development course,in,0.0448
82,Cognitive and affective effects of teachers' annotations and talking heads on asynchronous video lectures in a web development course,introductory,0.1888
82,Cognitive and affective effects of teachers' annotations and talking heads on asynchronous video lectures in a web development course,is,0.0698
82,Cognitive and affective effects of teachers' annotations and talking heads on asynchronous video lectures in a web development course,javascript,0.1558
82,Cognitive and affective effects of teachers' annotations and talking heads on asynchronous video lectures in a web development course,languages,0.1888
82,Cognitive and affective effects of teachers' annotations and talking heads on asynchronous video lectures in a web development course,lectures,0.1888
82,Cognitive and affective effects of teachers' annotations and talking heads on asynchronous video lectures in a web development course,modules,0.1888
82,Cognitive and affective effects of teachers' annotations and talking heads on asynchronous video lectures in a web development course,of,0.1078
82,Cognitive and affective effects of teachers' annotations and talking heads on asynchronous video lectures in a web development course,on,0.0687
82,Cognitive and affective effects of teachers' annotations and talking heads on asynchronous video lectures in a web development course,seven,0.1888
82,Cognitive and affective effects of teachers' annotations and talking heads on asynchronous video lectures in a web development course,syllabus,0.1888
82,Cognitive and affective effects of teachers' annotations and talking heads on asynchronous video lectures in a web development course,talking,0.1888
82,Cognitive and affective effects of teachers' annotations and talking heads on asynchronous video lectures in a web development course,teachers,0.1888
82,Cognitive and affective effects of teachers' annotations and talking heads on asynchronous video lectures in a web development course,the,0.0729
82,Cognitive and affective effects of teachers' annotations and talking heads on asynchronous video lectures in a web development course,three,0.1305
82,Cognitive and affective effects of teachers' annotations and talking heads on asynchronous video lectures in a web development course,video,0.168
82,Cognitive and affective effects of teachers' annotations and talking heads on asynchronous video lectures in a web development course,we,0.0754
82,Cognitive and affective effects of teachers' annotations and talking heads on asynchronous video lectures in a web development course,web,0.224
82,Cognitive and affective effects of teachers' annotations and talking heads on asynchronous video lectures in a web development course,which,0.1005
83,Program Pelatihan Web Development untuk Komunitas Maya,ajar,0.177
83,Program Pelatihan Web Development untuk Komunitas Maya,beri,0.177
83,Program Pelatihan Web Development untuk Komunitas Maya,cara,0.3978
83,Program Pelatihan Web Development untuk Komunitas Maya,development,0.2521
83,Program Pelatihan Web Development untuk Komunitas Maya,gratis,0.3978
83,Program Pelatihan Web Development untuk Komunitas Maya,kembang,0.1989
83,Program Pelatihan Web Development untuk Komunitas Maya,kena,0.177
83,Program Pelatihan Web Development untuk Komunitas Maya,komunitas,0.1989
83,Program Pelatihan Web Development untuk Komunitas Maya,kursus,0.1989
83,Program Pelatihan Web Development untuk Komunitas Maya,latih,0.3978
83,Program Pelatihan Web Development untuk Komunitas Maya,maya,0.1989
83,Program Pelatihan Web Development untuk Komunitas Maya,paham,0.177
83,Program Pelatihan Web Development untuk Komunitas Maya,program,0.1989
83,Program Pelatihan Web Development untuk Komunitas Maya,sehingga,0.1989
83,Program Pelatihan Web Development untuk Komunitas Maya,web,0.3147
84,Analyzing the impact of visual elements in website design on user experience and interaction,analyzing,0.145
84,Analyzing the impact of visual elements in website design on user experience and interaction,and,0.0749
84,Analyzing the impact of visual elements in website design on user experience and interaction,design,0.3502
84,Analyzing the impact of visual elements in website design on user experience and interaction,elements,0.1655
84,Analyzing the impact of visual elements in website design on user experience and interaction,experience,0.2251
84,Analyzing the impact of visual elements in website design on user experience and interaction,have,0.108
84,Analyzing the impact of visual elements in website design on user experience and interaction,highlighting,0.1655
84,Analyzing the impact of visual elements in website design on user experience and interaction,impact,0.2251
84,Analyzing the impact of visual elements in website design on user experience and interaction,importance,0.1859
84,Analyzing the impact of visual elements in website design on user experience and interaction,in,0.0882
84,Analyzing the impact of visual elements in website design on user experience and interaction,interaction,0.3309
84,Analyzing the impact of visual elements in website design on user experience and interaction,it,0.0961
84,Analyzing the impact of visual elements in website design on user experience and interaction,of,0.1061
84,Analyzing the impact of visual elements in website design on user experience and interaction,on,0.2029
84,Analyzing the impact of visual elements in website design on user experience and interaction,significant,0.1535
84,Analyzing the impact of visual elements in website design on user experience and interaction,the,0.1796
84,Analyzing the impact of visual elements in website design on user experience and interaction,therefore,0.1655
84,Analyzing the impact of visual elements in website design on user experience and interaction,user,0.212
84,Analyzing the impact of visual elements in website design on user experience and interaction,visual,0.435
84,Analyzing the impact of visual elements in website design on user experience and interaction,website,0.3632
84,Analyzing the impact of visual elements in website design on user experience and interaction,will,0.1211
84,Analyzing the impact of visual elements in website design on user experience and interaction,with,0.0736
85,Comparative analysis of chatbots using large language models for web development tasks,analysis,0.123
85,Comparative analysis of chatbots using large language models for web development tasks,and,0.0472
85,Comparative analysis of chatbots using large language models for web development tasks,chatbot,0.2346
85,Comparative analysis of chatbots using large language models for web development tasks,chatbots,0.2346
85,Comparative analysis of chatbots using large language models for web development tasks,coding,0.183
85,Comparative analysis of chatbots using large language models for web development tasks,comparative,0.183
85,Comparative analysis of chatbots using large language models for web development tasks,context,0.183
85,Comparative analysis of chatbots using large language models for web development tasks,developers,0.2424
85,Comparative analysis of chatbots using large language models for web development tasks,development,0.1983
85,Comparative analysis of chatbots using large language models for web development tasks,effective,0.183
85,Comparative analysis of chatbots using large language models for web development tasks,for,0.2074
85,Comparative analysis of chatbots using large language models for web development tasks,guiding,0.2088
85,Comparative analysis of chatbots using large language models for web development tasks,highlighting,0.2088
85,Comparative analysis of chatbots using large language models for web development tasks,improvements,0.2346
85,Comparative analysis of chatbots using large language models for web development tasks,in,0.1113
85,Comparative analysis of chatbots using large language models for web development tasks,language,0.1747
85,Comparative analysis of chatbots using large language models for web development tasks,large,0.1937
85,Comparative analysis of chatbots using large language models for web development tasks,models,0.1421
85,Comparative analysis of chatbots using large language models for web development tasks,most,0.183
85,Comparative analysis of chatbots using large language models for web development tasks,of,0.0893
85,Comparative analysis of chatbots using large language models for web development tasks,potential,0.1622
85,Comparative analysis of chatbots using large language models for web development tasks,selecting,0.2346
85,Comparative analysis of chatbots using large language models for web development tasks,tasks,0.366
85,Comparative analysis of chatbots using large language models for web development tasks,the,0.0907
85,Comparative analysis of chatbots using large language models for web development tasks,their,0.1338
85,Comparative analysis of chatbots using large language models for web development tasks,tools,0.1572
85,Comparative analysis of chatbots using large language models for web development tasks,using,0.1119
85,Comparative analysis of chatbots using large language models for web development tasks,web,0.1857
86,AI AND WEB DEVELOPMENT,ai,0.5178
86,AI AND WEB DEVELOPMENT,analysis,0.1265
86,AI AND WEB DEVELOPMENT,and,0.1457
86,AI AND WEB DEVELOPMENT,better,0.1881
86,AI AND WEB DEVELOPMENT,critical,0.1796
86,AI AND WEB DEVELOPMENT,development,0.4076
86,AI AND WEB DEVELOPMENT,faster,0.2147
86,AI AND WEB DEVELOPMENT,future,0.153
86,AI AND WEB DEVELOPMENT,in,0.1145
86,AI AND WEB DEVELOPMENT,involved,0.2147
86,AI AND WEB DEVELOPMENT,is,0.0892
86,AI AND WEB DEVELOPMENT,of,0.0459
86,AI AND WEB DEVELOPMENT,practices,0.1881
86,AI AND WEB DEVELOPMENT,projects,0.1991
86,AI AND WEB DEVELOPMENT,shaping,0.2147
86,AI AND WEB DEVELOPMENT,shows,0.2412
86,AI AND WEB DEVELOPMENT,study,0.1195
86,AI AND WEB DEVELOPMENT,technologies,0.1667
86,AI AND WEB DEVELOPMENT,that,0.0946
86,AI AND WEB DEVELOPMENT,the,0.0466
86,AI AND WEB DEVELOPMENT,this,0.0877
86,AI AND WEB DEVELOPMENT,web,0.2863
87,"Exploring the website object layout of responsive web design: results of eye tracking evaluations: JC Hung, C.-C. Wang",as,0.0812
87,"Exploring the website object layout of responsive web design: results of eye tracking evaluations: JC Hung, C.-C. Wang",available,0.1416
87,"Exploring the website object layout of responsive web design: results of eye tracking evaluations: JC Hung, C.-C. Wang",be,0.1047
87,"Exploring the website object layout of responsive web design: results of eye tracking evaluations: JC Hung, C.-C. Wang",cc,0.1902
87,"Exploring the website object layout of responsive web design: results of eye tracking evaluations: JC Hung, C.-C. Wang",design,0.1792
87,"Exploring the website object layout of responsive web design: results of eye tracking evaluations: JC Hung, C.-C. Wang",designers,0.1484
87,"Exploring the website object layout of responsive web design: results of eye tracking evaluations: JC Hung, C.-C. Wang",evaluations,0.1902
87,"Exploring the website object layout of responsive web design: results of eye tracking evaluations: JC Hung, C.-C. Wang",expected,0.157
87,"Exploring the website object layout of responsive web design: results of eye tracking evaluations: JC Hung, C.-C. Wang",exploring,0.157
87,"Exploring the website object layout of responsive web design: results of eye tracking evaluations: JC Hung, C.-C. Wang",eye,0.1902
87,"Exploring the website object layout of responsive web design: results of eye tracking evaluations: JC Hung, C.-C. Wang",hopefully,0.1902
87,"Exploring the website object layout of responsive web design: results of eye tracking evaluations: JC Hung, C.-C. Wang",hung,0.1902
87,"Exploring the website object layout of responsive web design: results of eye tracking evaluations: JC Hung, C.-C. Wang",jc,0.1902
87,"Exploring the website object layout of responsive web design: results of eye tracking evaluations: JC Hung, C.-C. Wang",layout,0.1902
87,"Exploring the website object layout of responsive web design: results of eye tracking evaluations: JC Hung, C.-C. Wang",mobile,0.1395
87,"Exploring the website object layout of responsive web design: results of eye tracking evaluations: JC Hung, C.-C. Wang",object,0.1902
87,"Exploring the website object layout of responsive web design: results of eye tracking evaluations: JC Hung, C.-C. Wang",of,0.1086
87,"Exploring the website object layout of responsive web design: results of eye tracking evaluations: JC Hung, C.-C. Wang",paper,0.1178
87,"Exploring the website object layout of responsive web design: results of eye tracking evaluations: JC Hung, C.-C. Wang",reference,0.157
87,"Exploring the website object layout of responsive web design: results of eye tracking evaluations: JC Hung, C.-C. Wang",regarding,0.1902
87,"Exploring the website object layout of responsive web design: results of eye tracking evaluations: JC Hung, C.-C. Wang",responsive,0.1693
87,"Exploring the website object layout of responsive web design: results of eye tracking evaluations: JC Hung, C.-C. Wang",results,0.4248
87,"Exploring the website object layout of responsive web design: results of eye tracking evaluations: JC Hung, C.-C. Wang",rwd,0.1902
87,"Exploring the website object layout of responsive web design: results of eye tracking evaluations: JC Hung, C.-C. Wang",technology,0.1105
87,"Exploring the website object layout of responsive web design: results of eye tracking evaluations: JC Hung, C.-C. Wang",the,0.1103
87,"Exploring the website object layout of responsive web design: results of eye tracking evaluations: JC Hung, C.-C. Wang",this,0.0692
87,"Exploring the website object layout of responsive web design: results of eye tracking evaluations: JC Hung, C.-C. Wang",to,0.0988
87,"Exploring the website object layout of responsive web design: results of eye tracking evaluations: JC Hung, C.-C. Wang",tracking,0.1902
87,"Exploring the website object layout of responsive web design: results of eye tracking evaluations: JC Hung, C.-C. Wang",wang,0.1902
87,"Exploring the website object layout of responsive web design: results of eye tracking evaluations: JC Hung, C.-C. Wang",web,0.1505
87,"Exploring the website object layout of responsive web design: results of eye tracking evaluations: JC Hung, C.-C. Wang",website,0.1239
87,"Exploring the website object layout of responsive web design: results of eye tracking evaluations: JC Hung, C.-C. Wang",websites,0.157
87,"Exploring the website object layout of responsive web design: results of eye tracking evaluations: JC Hung, C.-C. Wang",were,0.1416
87,"Exploring the website object layout of responsive web design: results of eye tracking evaluations: JC Hung, C.-C. Wang",who,0.1361
87,"Exploring the website object layout of responsive web design: results of eye tracking evaluations: JC Hung, C.-C. Wang",with,0.0753
88,Demonstrating and negotiating the adoption of web design technologies: Cascading Style Sheets and the CSS Zen Garden,adoption,0.2738
88,Demonstrating and negotiating the adoption of web design technologies: Cascading Style Sheets and the CSS Zen Garden,and,0.2221
88,Demonstrating and negotiating the adoption of web design technologies: Cascading Style Sheets and the CSS Zen Garden,between,0.1139
88,Demonstrating and negotiating the adoption of web design technologies: Cascading Style Sheets and the CSS Zen Garden,by,0.0846
88,Demonstrating and negotiating the adoption of web design technologies: Cascading Style Sheets and the CSS Zen Garden,cascading,0.1839
88,Demonstrating and negotiating the adoption of web design technologies: Cascading Style Sheets and the CSS Zen Garden,content,0.2868
88,Demonstrating and negotiating the adoption of web design technologies: Cascading Style Sheets and the CSS Zen Garden,css,0.2868
88,Demonstrating and negotiating the adoption of web design technologies: Cascading Style Sheets and the CSS Zen Garden,defining,0.1518
88,Demonstrating and negotiating the adoption of web design technologies: Cascading Style Sheets and the CSS Zen Garden,demonstrating,0.1839
88,Demonstrating and negotiating the adoption of web design technologies: Cascading Style Sheets and the CSS Zen Garden,design,0.2598
88,Demonstrating and negotiating the adoption of web design technologies: Cascading Style Sheets and the CSS Zen Garden,designers,0.1434
88,Demonstrating and negotiating the adoption of web design technologies: Cascading Style Sheets and the CSS Zen Garden,development,0.0777
88,Demonstrating and negotiating the adoption of web design technologies: Cascading Style Sheets and the CSS Zen Garden,garden,0.1839
88,Demonstrating and negotiating the adoption of web design technologies: Cascading Style Sheets and the CSS Zen Garden,history,0.1839
88,Demonstrating and negotiating the adoption of web design technologies: Cascading Style Sheets and the CSS Zen Garden,less,0.1839
88,Demonstrating and negotiating the adoption of web design technologies: Cascading Style Sheets and the CSS Zen Garden,much,0.1518
88,Demonstrating and negotiating the adoption of web design technologies: Cascading Style Sheets and the CSS Zen Garden,negotiating,0.1839
88,Demonstrating and negotiating the adoption of web design technologies: Cascading Style Sheets and the CSS Zen Garden,of,0.105
88,Demonstrating and negotiating the adoption of web design technologies: Cascading Style Sheets and the CSS Zen Garden,on,0.1338
88,Demonstrating and negotiating the adoption of web design technologies: Cascading Style Sheets and the CSS Zen Garden,rise,0.1518
88,Demonstrating and negotiating the adoption of web design technologies: Cascading Style Sheets and the CSS Zen Garden,sheets,0.1839
88,Demonstrating and negotiating the adoption of web design technologies: Cascading Style Sheets and the CSS Zen Garden,split,0.1839
88,Demonstrating and negotiating the adoption of web design technologies: Cascading Style Sheets and the CSS Zen Garden,style,0.1839
88,Demonstrating and negotiating the adoption of web design technologies: Cascading Style Sheets and the CSS Zen Garden,technologies,0.1271
88,Demonstrating and negotiating the adoption of web design technologies: Cascading Style Sheets and the CSS Zen Garden,the,0.2132
88,Demonstrating and negotiating the adoption of web design technologies: Cascading Style Sheets and the CSS Zen Garden,web,0.291
88,Demonstrating and negotiating the adoption of web design technologies: Cascading Style Sheets and the CSS Zen Garden,work,0.1197
88,Demonstrating and negotiating the adoption of web design technologies: Cascading Style Sheets and the CSS Zen Garden,zen,0.1839
89,Impact of website design features on experiential value and patronage intention toward online mass customization sites,and,0.1111
89,Impact of website design features on experiential value and patronage intention toward online mass customization sites,cues,0.1839
89,Impact of website design features on experiential value and patronage intention toward online mass customization sites,customization,0.1839
89,Impact of website design features on experiential value and patronage intention toward online mass customization sites,design,0.3464
89,Impact of website design features on experiential value and patronage intention toward online mass customization sites,experiential,0.1637
89,Impact of website design features on experiential value and patronage intention toward online mass customization sites,feature,0.1839
89,Impact of website design features on experiential value and patronage intention toward online mass customization sites,features,0.2738
89,Impact of website design features on experiential value and patronage intention toward online mass customization sites,found,0.1637
89,Impact of website design features on experiential value and patronage intention toward online mass customization sites,impact,0.1113
89,Impact of website design features on experiential value and patronage intention toward online mass customization sites,intention,0.2632
89,Impact of website design features on experiential value and patronage intention toward online mass customization sites,mass,0.1839
89,Impact of website design features on experiential value and patronage intention toward online mass customization sites,mediate,0.1839
89,Impact of website design features on experiential value and patronage intention toward online mass customization sites,of,0.07
89,Impact of website design features on experiential value and patronage intention toward online mass customization sites,omc,0.1839
89,Impact of website design features on experiential value and patronage intention toward online mass customization sites,on,0.0669
89,Impact of website design features on experiential value and patronage intention toward online mass customization sites,online,0.1271
89,Impact of website design features on experiential value and patronage intention toward online mass customization sites,patronage,0.1839
89,Impact of website design features on experiential value and patronage intention toward online mass customization sites,present,0.1316
89,Impact of website design features on experiential value and patronage intention toward online mass customization sites,purchase,0.1518
89,Impact of website design features on experiential value and patronage intention toward online mass customization sites,relationships,0.1637
89,Impact of website design features on experiential value and patronage intention toward online mass customization sites,sites,0.1637
89,Impact of website design features on experiential value and patronage intention toward online mass customization sites,study,0.0911
89,Impact of website design features on experiential value and patronage intention toward online mass customization sites,that,0.1442
89,Impact of website design features on experiential value and patronage intention toward online mass customization sites,the,0.0711
89,Impact of website design features on experiential value and patronage intention toward online mass customization sites,toward,0.1637
89,Impact of website design features on experiential value and patronage intention toward online mass customization sites,value,0.1518
89,Impact of website design features on experiential value and patronage intention toward online mass customization sites,variables,0.1839
89,Impact of website design features on experiential value and patronage intention toward online mass customization sites,visual,0.1434
89,Impact of website design features on experiential value and patronage intention toward online mass customization sites,website,0.3592
89,Impact of website design features on experiential value and patronage intention toward online mass customization sites,whereas,0.1839
90,Study on mvc framework for web development in php,advances,0.2067
90,Study on mvc framework for web development in php,and,0.0467
90,Study on mvc framework for web development in php,contains,0.2322
90,Study on mvc framework for web development in php,development,0.2943
90,Study on mvc framework for web development in php,for,0.1368
90,Study on mvc framework for web development in php,framework,0.321
90,Study on mvc framework for web development in php,in,0.1102
90,Study on mvc framework for web development in php,initially,0.2322
90,Study on mvc framework for web development in php,methods,0.1438
90,Study on mvc framework for web development in php,modelviewcontroller,0.2322
90,Study on mvc framework for web development in php,mvc,0.2322
90,Study on mvc framework for web development in php,on,0.0845
90,Study on mvc framework for web development in php,php,0.4133
90,Study on mvc framework for web development in php,societal,0.2322
90,Study on mvc framework for web development in php,study,0.2301
90,Study on mvc framework for web development in php,substantial,0.2322
90,Study on mvc framework for web development in php,systematic,0.1406
90,Study on mvc framework for web development in php,this,0.0845
90,Study on mvc framework for web development in php,through,0.1406
90,Study on mvc framework for web development in php,value,0.1917
90,Study on mvc framework for web development in php,web,0.2756
91,Progressive web apps (PWAs): Enhancing user experience through modern web development,and,0.0404
91,Progressive web apps (PWAs): Enhancing user experience through modern web development,applications,0.0831
91,Progressive web apps (PWAs): Enhancing user experience through modern web development,apps,0.1785
91,Progressive web apps (PWAs): Enhancing user experience through modern web development,as,0.0856
91,Progressive web apps (PWAs): Enhancing user experience through modern web development,because,0.2006
91,Progressive web apps (PWAs): Enhancing user experience through modern web development,between,0.1242
91,Progressive web apps (PWAs): Enhancing user experience through modern web development,development,0.1695
91,Progressive web apps (PWAs): Enhancing user experience through modern web development,enhancing,0.1386
91,Progressive web apps (PWAs): Enhancing user experience through modern web development,experience,0.1215
91,Progressive web apps (PWAs): Enhancing user experience through modern web development,in,0.0476
91,Progressive web apps (PWAs): Enhancing user experience through modern web development,is,0.0742
91,Progressive web apps (PWAs): Enhancing user experience through modern web development,mainly,0.1656
91,Progressive web apps (PWAs): Enhancing user experience through modern web development,modern,0.1494
91,Progressive web apps (PWAs): Enhancing user experience through modern web development,native,0.2006
91,Progressive web apps (PWAs): Enhancing user experience through modern web development,occupy,0.2006
91,Progressive web apps (PWAs): Enhancing user experience through modern web development,of,0.0382
91,Progressive web apps (PWAs): Enhancing user experience through modern web development,progressive,0.4013
91,Progressive web apps (PWAs): Enhancing user experience through modern web development,pwas,0.4013
91,Progressive web apps (PWAs): Enhancing user experience through modern web development,regarded,0.2006
91,Progressive web apps (PWAs): Enhancing user experience through modern web development,revolutionary,0.2006
91,Progressive web apps (PWAs): Enhancing user experience through modern web development,solution,0.1656
91,Progressive web apps (PWAs): Enhancing user experience through modern web development,territory,0.2006
91,Progressive web apps (PWAs): Enhancing user experience through modern web development,the,0.0775
91,Progressive web apps (PWAs): Enhancing user experience through modern web development,they,0.1436
91,Progressive web apps (PWAs): Enhancing user experience through modern web development,through,0.1215
91,Progressive web apps (PWAs): Enhancing user experience through modern web development,use,0.1104
91,Progressive web apps (PWAs): Enhancing user experience through modern web development,user,0.1144
91,Progressive web apps (PWAs): Enhancing user experience through modern web development,web,0.3969
92,“Tom had us all doing front-end web development”: a nostalgic (re) imagining of Myspace,all,0.1094
92,“Tom had us all doing front-end web development”: a nostalgic (re) imagining of Myspace,an,0.0689
92,“Tom had us all doing front-end web development”: a nostalgic (re) imagining of Myspace,analysis,0.083
92,“Tom had us all doing front-end web development”: a nostalgic (re) imagining of Myspace,as,0.0675
92,“Tom had us all doing front-end web development”: a nostalgic (re) imagining of Myspace,contradicts,0.1583
92,“Tom had us all doing front-end web development”: a nostalgic (re) imagining of Myspace,development,0.0669
92,“Tom had us all doing front-end web development”: a nostalgic (re) imagining of Myspace,discourse,0.3166
92,“Tom had us all doing front-end web development”: a nostalgic (re) imagining of Myspace,doing,0.1583
92,“Tom had us all doing front-end web development”: a nostalgic (re) imagining of Myspace,dominant,0.1583
92,“Tom had us all doing front-end web development”: a nostalgic (re) imagining of Myspace,especially,0.1307
92,“Tom had us all doing front-end web development”: a nostalgic (re) imagining of Myspace,failed,0.1583
92,“Tom had us all doing front-end web development”: a nostalgic (re) imagining of Myspace,frontend,0.1178
92,“Tom had us all doing front-end web development”: a nostalgic (re) imagining of Myspace,had,0.1409
92,“Tom had us all doing front-end web development”: a nostalgic (re) imagining of Myspace,imagining,0.1583
92,“Tom had us all doing front-end web development”: a nostalgic (re) imagining of Myspace,is,0.0585
92,“Tom had us all doing front-end web development”: a nostalgic (re) imagining of Myspace,myspace,0.6332
92,“Tom had us all doing front-end web development”: a nostalgic (re) imagining of Myspace,narrative,0.1583
92,“Tom had us all doing front-end web development”: a nostalgic (re) imagining of Myspace,nostalgia,0.1583
92,“Tom had us all doing front-end web development”: a nostalgic (re) imagining of Myspace,nostalgic,0.3166
92,“Tom had us all doing front-end web development”: a nostalgic (re) imagining of Myspace,of,0.0904
92,“Tom had us all doing front-end web development”: a nostalgic (re) imagining of Myspace,paper,0.098
92,“Tom had us all doing front-end web development”: a nostalgic (re) imagining of Myspace,platform,0.1409
92,“Tom had us all doing front-end web development”: a nostalgic (re) imagining of Myspace,provides,0.1178
92,“Tom had us all doing front-end web development”: a nostalgic (re) imagining of Myspace,re,0.1409
92,“Tom had us all doing front-end web development”: a nostalgic (re) imagining of Myspace,that,0.0621
92,“Tom had us all doing front-end web development”: a nostalgic (re) imagining of Myspace,the,0.0612
92,“Tom had us all doing front-end web development”: a nostalgic (re) imagining of Myspace,this,0.0576
92,“Tom had us all doing front-end web development”: a nostalgic (re) imagining of Myspace,tom,0.1583
92,“Tom had us all doing front-end web development”: a nostalgic (re) imagining of Myspace,us,0.1583
92,“Tom had us all doing front-end web development”: a nostalgic (re) imagining of Myspace,web,0.0626
93,A comparative analysis of component-based architectures in web design for scalable applications,aim,0.161
93,A comparative analysis of component-based architectures in web design for scalable applications,allowing,0.225
93,A comparative analysis of component-based architectures in web design for scalable applications,analysis,0.236
93,A comparative analysis of component-based architectures in web design for scalable applications,applications,0.2797
93,A comparative analysis of component-based architectures in web design for scalable applications,architectures,0.1755
93,A comparative analysis of component-based architectures in web design for scalable applications,as,0.096
93,A comparative analysis of component-based architectures in web design for scalable applications,build,0.1858
93,A comparative analysis of component-based architectures in web design for scalable applications,by,0.1035
93,A comparative analysis of component-based architectures in web design for scalable applications,cba,0.225
93,A comparative analysis of component-based architectures in web design for scalable applications,comparative,0.351
93,A comparative analysis of component-based architectures in web design for scalable applications,componentbased,0.225
93,A comparative analysis of component-based architectures in web design for scalable applications,conduct,0.225
93,A comparative analysis of component-based architectures in web design for scalable applications,design,0.2119
93,A comparative analysis of component-based architectures in web design for scalable applications,developers,0.1163
93,A comparative analysis of component-based architectures in web design for scalable applications,dividing,0.225
93,A comparative analysis of component-based architectures in web design for scalable applications,for,0.0663
93,A comparative analysis of component-based architectures in web design for scalable applications,in,0.1068
93,A comparative analysis of component-based architectures in web design for scalable applications,into,0.1465
93,A comparative analysis of component-based architectures in web design for scalable applications,of,0.1285
93,A comparative analysis of component-based architectures in web design for scalable applications,paper,0.1394
93,A comparative analysis of component-based architectures in web design for scalable applications,powerful,0.2003
93,A comparative analysis of component-based architectures in web design for scalable applications,scalable,0.225
93,A comparative analysis of component-based architectures in web design for scalable applications,solution,0.1858
93,A comparative analysis of component-based architectures in web design for scalable applications,the,0.0435
93,A comparative analysis of component-based architectures in web design for scalable applications,them,0.1675
93,A comparative analysis of component-based architectures in web design for scalable applications,this,0.0819
93,A comparative analysis of component-based architectures in web design for scalable applications,to,0.1168
93,A comparative analysis of component-based architectures in web design for scalable applications,web,0.2671
94,Current web development technologies: a comparative review,and,0.0998
94,Current web development technologies: a comparative review,applications,0.1027
94,Current web development technologies: a comparative review,comparative,0.1933
94,Current web development technologies: a comparative review,creating,0.1933
94,Current web development technologies: a comparative review,current,0.3866
94,Current web development technologies: a comparative review,developers,0.1281
94,Current web development technologies: a comparative review,development,0.2094
94,Current web development technologies: a comparative review,evaluate,0.2206
94,Current web development technologies: a comparative review,for,0.073
94,Current web development technologies: a comparative review,identify,0.1933
94,Current web development technologies: a comparative review,in,0.0588
94,Current web development technologies: a comparative review,industry,0.1845
94,Current web development technologies: a comparative review,investigate,0.2479
94,Current web development technologies: a comparative review,it,0.1281
94,Current web development technologies: a comparative review,its,0.1614
94,Current web development technologies: a comparative review,measure,0.2206
94,Current web development technologies: a comparative review,of,0.0472
94,Current web development technologies: a comparative review,review,0.1103
94,Current web development technologies: a comparative review,technologies,0.3426
94,Current web development technologies: a comparative review,technology,0.144
94,Current web development technologies: a comparative review,they,0.3547
94,Current web development technologies: a comparative review,web,0.2942
94,Current web development technologies: a comparative review,webbased,0.2206
95,Rancang bangun game 3D edukasi basic web development menggunakan Unity 3D,ajar,0.3252
95,Rancang bangun game 3D edukasi basic web development menggunakan Unity 3D,bangun,0.1827
95,Rancang bangun game 3D edukasi basic web development menggunakan Unity 3D,basic,0.3252
95,Rancang bangun game 3D edukasi basic web development menggunakan Unity 3D,beri,0.1626
95,Rancang bangun game 3D edukasi basic web development menggunakan Unity 3D,buah,0.1827
95,Rancang bangun game 3D edukasi basic web development menggunakan Unity 3D,dasar,0.1827
95,Rancang bangun game 3D edukasi basic web development menggunakan Unity 3D,development,0.2315
95,Rancang bangun game 3D edukasi basic web development menggunakan Unity 3D,edukasi,0.3654
95,Rancang bangun game 3D edukasi basic web development menggunakan Unity 3D,game,0.3016
95,Rancang bangun game 3D edukasi basic web development menggunakan Unity 3D,guna,0.1827
95,Rancang bangun game 3D edukasi basic web development menggunakan Unity 3D,kalang,0.1827
95,Rancang bangun game 3D edukasi basic web development menggunakan Unity 3D,kepada,0.1827
95,Rancang bangun game 3D edukasi basic web development menggunakan Unity 3D,mana,0.1827
95,Rancang bangun game 3D edukasi basic web development menggunakan Unity 3D,rancang,0.1827
95,Rancang bangun game 3D edukasi basic web development menggunakan Unity 3D,tentang,0.1827
95,Rancang bangun game 3D edukasi basic web development menggunakan Unity 3D,tuju,0.1827
95,Rancang bangun game 3D edukasi basic web development menggunakan Unity 3D,umum,0.1827
95,Rancang bangun game 3D edukasi basic web development menggunakan Unity 3D,unity,0.1827
95,Rancang bangun game 3D edukasi basic web development menggunakan Unity 3D,web,0.2891
96,Analyzing the impact of search engine optimization techniques on web development using experiential and collaborative learning techniques,analyzing,0.1519
96,Analyzing the impact of search engine optimization techniques on web development using experiential and collaborative learning techniques,and,0.0392
96,Analyzing the impact of search engine optimization techniques on web development using experiential and collaborative learning techniques,as,0.0831
96,Analyzing the impact of search engine optimization techniques on web development using experiential and collaborative learning techniques,be,0.1071
96,Analyzing the impact of search engine optimization techniques on web development using experiential and collaborative learning techniques,being,0.1519
96,Analyzing the impact of search engine optimization techniques on web development using experiential and collaborative learning techniques,collaborative,0.1947
96,Analyzing the impact of search engine optimization techniques on web development using experiential and collaborative learning techniques,concept,0.145
96,Analyzing the impact of search engine optimization techniques on web development using experiential and collaborative learning techniques,designed,0.1608
96,Analyzing the impact of search engine optimization techniques on web development using experiential and collaborative learning techniques,developer,0.1206
96,Analyzing the impact of search engine optimization techniques on web development using experiential and collaborative learning techniques,development,0.0823
96,Analyzing the impact of search engine optimization techniques on web development using experiential and collaborative learning techniques,drafted,0.1947
96,Analyzing the impact of search engine optimization techniques on web development using experiential and collaborative learning techniques,engine,0.1947
96,Analyzing the impact of search engine optimization techniques on web development using experiential and collaborative learning techniques,enough,0.1947
96,Analyzing the impact of search engine optimization techniques on web development using experiential and collaborative learning techniques,experiential,0.1733
96,Analyzing the impact of search engine optimization techniques on web development using experiential and collaborative learning techniques,future,0.1235
96,Analyzing the impact of search engine optimization techniques on web development using experiential and collaborative learning techniques,impact,0.1179
96,Analyzing the impact of search engine optimization techniques on web development using experiential and collaborative learning techniques,in,0.0924
96,Analyzing the impact of search engine optimization techniques on web development using experiential and collaborative learning techniques,is,0.144
96,Analyzing the impact of search engine optimization techniques on web development using experiential and collaborative learning techniques,learning,0.1333
96,Analyzing the impact of search engine optimization techniques on web development using experiential and collaborative learning techniques,not,0.1179
96,Analyzing the impact of search engine optimization techniques on web development using experiential and collaborative learning techniques,of,0.1112
96,Analyzing the impact of search engine optimization techniques on web development using experiential and collaborative learning techniques,on,0.0708
96,Analyzing the impact of search engine optimization techniques on web development using experiential and collaborative learning techniques,optimization,0.145
96,Analyzing the impact of search engine optimization techniques on web development using experiential and collaborative learning techniques,per,0.1947
96,Analyzing the impact of search engine optimization techniques on web development using experiential and collaborative learning techniques,purpose,0.1608
96,Analyzing the impact of search engine optimization techniques on web development using experiential and collaborative learning techniques,search,0.145
96,Analyzing the impact of search engine optimization techniques on web development using experiential and collaborative learning techniques,seo,0.3895
96,Analyzing the impact of search engine optimization techniques on web development using experiential and collaborative learning techniques,strategy,0.1733
96,Analyzing the impact of search engine optimization techniques on web development using experiential and collaborative learning techniques,techniques,0.2471
96,Analyzing the impact of search engine optimization techniques on web development using experiential and collaborative learning techniques,the,0.1505
96,Analyzing the impact of search engine optimization techniques on web development using experiential and collaborative learning techniques,theoretical,0.1733
96,Analyzing the impact of search engine optimization techniques on web development using experiential and collaborative learning techniques,using,0.0928
96,Analyzing the impact of search engine optimization techniques on web development using experiential and collaborative learning techniques,varies,0.1947
96,Analyzing the impact of search engine optimization techniques on web development using experiential and collaborative learning techniques,way,0.1733
96,Analyzing the impact of search engine optimization techniques on web development using experiential and collaborative learning techniques,web,0.1541
96,Analyzing the impact of search engine optimization techniques on web development using experiential and collaborative learning techniques,website,0.2536
96,Analyzing the impact of search engine optimization techniques on web development using experiential and collaborative learning techniques,which,0.1037
97,Cognitive disabilities and web accessibility: a survey into the Brazilian web development community,about,0.1659
97,Cognitive disabilities and web accessibility: a survey into the Brazilian web development community,accessibility,0.3318
97,Cognitive disabilities and web accessibility: a survey into the Brazilian web development community,and,0.0856
97,Cognitive disabilities and web accessibility: a survey into the Brazilian web development community,brazilian,0.2127
97,Cognitive disabilities and web accessibility: a survey into the Brazilian web development community,cognitive,0.1893
97,Cognitive disabilities and web accessibility: a survey into the Brazilian web development community,community,0.1893
97,Cognitive disabilities and web accessibility: a survey into the Brazilian web development community,conducted,0.1584
97,Cognitive disabilities and web accessibility: a survey into the Brazilian web development community,confirmed,0.2127
97,Cognitive disabilities and web accessibility: a survey into the Brazilian web development community,devel,0.2127
97,Cognitive disabilities and web accessibility: a survey into the Brazilian web development community,development,0.1797
97,Cognitive disabilities and web accessibility: a survey into the Brazilian web development community,different,0.147
97,Cognitive disabilities and web accessibility: a survey into the Brazilian web development community,disabilities,0.2127
97,Cognitive disabilities and web accessibility: a survey into the Brazilian web development community,exploratory,0.2127
97,Cognitive disabilities and web accessibility: a survey into the Brazilian web development community,from,0.1151
97,Cognitive disabilities and web accessibility: a survey into the Brazilian web development community,gap,0.1756
97,Cognitive disabilities and web accessibility: a survey into the Brazilian web development community,guidelines,0.1756
97,Cognitive disabilities and web accessibility: a survey into the Brazilian web development community,into,0.1385
97,Cognitive disabilities and web accessibility: a survey into the Brazilian web development community,online,0.147
97,Cognitive disabilities and web accessibility: a survey into the Brazilian web development community,our,0.1385
97,Cognitive disabilities and web accessibility: a survey into the Brazilian web development community,principles,0.1893
97,Cognitive disabilities and web accessibility: a survey into the Brazilian web development community,professionals,0.1756
97,Cognitive disabilities and web accessibility: a survey into the Brazilian web development community,results,0.1584
97,Cognitive disabilities and web accessibility: a survey into the Brazilian web development community,survey,0.2425
97,Cognitive disabilities and web accessibility: a survey into the Brazilian web development community,that,0.0834
97,Cognitive disabilities and web accessibility: a survey into the Brazilian web development community,the,0.0411
97,Cognitive disabilities and web accessibility: a survey into the Brazilian web development community,web,0.4207
97,Cognitive disabilities and web accessibility: a survey into the Brazilian web development community,with,0.0841
98,"Tangible progress: Tools, techniques, and impacts of teaching web development to screen reader users",and,0.1245
98,"Tangible progress: Tools, techniques, and impacts of teaching web development to screen reader users",design,0.0971
98,"Tangible progress: Tools, techniques, and impacts of teaching web development to screen reader users",designing,0.1835
98,"Tangible progress: Tools, techniques, and impacts of teaching web development to screen reader users",development,0.2613
98,"Tangible progress: Tools, techniques, and impacts of teaching web development to screen reader users",education,0.1342
98,"Tangible progress: Tools, techniques, and impacts of teaching web development to screen reader users",fields,0.1702
98,"Tangible progress: Tools, techniques, and impacts of teaching web development to screen reader users",for,0.0607
98,"Tangible progress: Tools, techniques, and impacts of teaching web development to screen reader users",impacts,0.2061
98,"Tangible progress: Tools, techniques, and impacts of teaching web development to screen reader users",implementing,0.2061
98,"Tangible progress: Tools, techniques, and impacts of teaching web development to screen reader users",inclusive,0.2061
98,"Tangible progress: Tools, techniques, and impacts of teaching web development to screen reader users",of,0.0784
98,"Tangible progress: Tools, techniques, and impacts of teaching web development to screen reader users",our,0.1342
98,"Tangible progress: Tools, techniques, and impacts of teaching web development to screen reader users",present,0.1475
98,"Tangible progress: Tools, techniques, and impacts of teaching web development to screen reader users",progress,0.2061
98,"Tangible progress: Tools, techniques, and impacts of teaching web development to screen reader users",reader,0.3669
98,"Tangible progress: Tools, techniques, and impacts of teaching web development to screen reader users",remote,0.2061
98,"Tangible progress: Tools, techniques, and impacts of teaching web development to screen reader users",science,0.1835
98,"Tangible progress: Tools, techniques, and impacts of teaching web development to screen reader users",screen,0.3404
98,"Tangible progress: Tools, techniques, and impacts of teaching web development to screen reader users",tangible,0.2061
98,"Tangible progress: Tools, techniques, and impacts of teaching web development to screen reader users",teaching,0.1702
98,"Tangible progress: Tools, techniques, and impacts of teaching web development to screen reader users",techniques,0.1308
98,"Tangible progress: Tools, techniques, and impacts of teaching web development to screen reader users",the,0.0398
98,"Tangible progress: Tools, techniques, and impacts of teaching web development to screen reader users",then,0.2061
98,"Tangible progress: Tools, techniques, and impacts of teaching web development to screen reader users",to,0.0535
98,"Tangible progress: Tools, techniques, and impacts of teaching web development to screen reader users",tools,0.1381
98,"Tangible progress: Tools, techniques, and impacts of teaching web development to screen reader users",users,0.1277
98,"Tangible progress: Tools, techniques, and impacts of teaching web development to screen reader users",we,0.0823
98,"Tangible progress: Tools, techniques, and impacts of teaching web development to screen reader users",web,0.2447
98,"Tangible progress: Tools, techniques, and impacts of teaching web development to screen reader users",workshop,0.2061
99,Web Design Focusing on Users Viewing Experience with Respect to Static and Dynamic Nature of Web Sites,and,0.1113
99,Web Design Focusing on Users Viewing Experience with Respect to Static and Dynamic Nature of Web Sites,are,0.1878
99,Web Design Focusing on Users Viewing Experience with Respect to Static and Dynamic Nature of Web Sites,based,0.12
99,Web Design Focusing on Users Viewing Experience with Respect to Static and Dynamic Nature of Web Sites,been,0.1235
99,Web Design Focusing on Users Viewing Experience with Respect to Static and Dynamic Nature of Web Sites,better,0.1438
99,Web Design Focusing on Users Viewing Experience with Respect to Static and Dynamic Nature of Web Sites,design,0.2605
99,Web Design Focusing on Users Viewing Experience with Respect to Static and Dynamic Nature of Web Sites,developing,0.1641
99,Web Design Focusing on Users Viewing Experience with Respect to Static and Dynamic Nature of Web Sites,dynamic,0.1438
99,Web Design Focusing on Users Viewing Experience with Respect to Static and Dynamic Nature of Web Sites,experience,0.1116
99,Web Design Focusing on Users Viewing Experience with Respect to Static and Dynamic Nature of Web Sites,focusing,0.1844
99,Web Design Focusing on Users Viewing Experience with Respect to Static and Dynamic Nature of Web Sites,has,0.1014
99,Web Design Focusing on Users Viewing Experience with Respect to Static and Dynamic Nature of Web Sites,influence,0.3282
99,Web Design Focusing on Users Viewing Experience with Respect to Static and Dynamic Nature of Web Sites,into,0.12
99,Web Design Focusing on Users Viewing Experience with Respect to Static and Dynamic Nature of Web Sites,it,0.0952
99,Web Design Focusing on Users Viewing Experience with Respect to Static and Dynamic Nature of Web Sites,nature,0.1844
99,Web Design Focusing on Users Viewing Experience with Respect to Static and Dynamic Nature of Web Sites,of,0.0351
99,Web Design Focusing on Users Viewing Experience with Respect to Static and Dynamic Nature of Web Sites,on,0.2683
99,Web Design Focusing on Users Viewing Experience with Respect to Static and Dynamic Nature of Web Sites,our,0.12
99,Web Design Focusing on Users Viewing Experience with Respect to Static and Dynamic Nature of Web Sites,papers,0.1844
99,Web Design Focusing on Users Viewing Experience with Respect to Static and Dynamic Nature of Web Sites,respect,0.1844
99,Web Design Focusing on Users Viewing Experience with Respect to Static and Dynamic Nature of Web Sites,sites,0.1641
99,Web Design Focusing on Users Viewing Experience with Respect to Static and Dynamic Nature of Web Sites,static,0.1844
99,Web Design Focusing on Users Viewing Experience with Respect to Static and Dynamic Nature of Web Sites,taken,0.1522
99,Web Design Focusing on Users Viewing Experience with Respect to Static and Dynamic Nature of Web Sites,the,0.1425
99,Web Design Focusing on Users Viewing Experience with Respect to Static and Dynamic Nature of Web Sites,to,0.0957
99,Web Design Focusing on Users Viewing Experience with Respect to Static and Dynamic Nature of Web Sites,use,0.1014
99,Web Design Focusing on Users Viewing Experience with Respect to Static and Dynamic Nature of Web Sites,user,0.1051
99,Web Design Focusing on Users Viewing Experience with Respect to Static and Dynamic Nature of Web Sites,users,0.2284
99,Web Design Focusing on Users Viewing Experience with Respect to Static and Dynamic Nature of Web Sites,viewing,0.1844
99,Web Design Focusing on Users Viewing Experience with Respect to Static and Dynamic Nature of Web Sites,way,0.1641
99,Web Design Focusing on Users Viewing Experience with Respect to Static and Dynamic Nature of Web Sites,we,0.0736
99,Web Design Focusing on Users Viewing Experience with Respect to Static and Dynamic Nature of Web Sites,web,0.3647
99,Web Design Focusing on Users Viewing Experience with Respect to Static and Dynamic Nature of Web Sites,who,0.1319
99,Web Design Focusing on Users Viewing Experience with Respect to Static and Dynamic Nature of Web Sites,with,0.0729
100,Automated front-end code generation using OpenAI: empowering web development efficiency,attractive,0.219
100,Automated front-end code generation using OpenAI: empowering web development efficiency,automated,0.1949
100,Automated front-end code generation using OpenAI: empowering web development efficiency,can,0.1185
100,Automated front-end code generation using OpenAI: empowering web development efficiency,choice,0.1949
100,Automated front-end code generation using OpenAI: empowering web development efficiency,code,0.1708
100,Automated front-end code generation using OpenAI: empowering web development efficiency,coding,0.1708
100,Automated front-end code generation using OpenAI: empowering web development efficiency,developers,0.2262
100,Automated front-end code generation using OpenAI: empowering web development efficiency,development,0.2775
100,Automated front-end code generation using OpenAI: empowering web development efficiency,efficiency,0.1808
100,Automated front-end code generation using OpenAI: empowering web development efficiency,efforts,0.219
100,Automated front-end code generation using OpenAI: empowering web development efficiency,empowering,0.219
100,Automated front-end code generation using OpenAI: empowering web development efficiency,enhance,0.219
100,Automated front-end code generation using OpenAI: empowering web development efficiency,for,0.0645
100,Automated front-end code generation using OpenAI: empowering web development efficiency,frontend,0.163
100,Automated front-end code generation using OpenAI: empowering web development efficiency,generation,0.1949
100,Automated front-end code generation using OpenAI: empowering web development efficiency,manual,0.219
100,Automated front-end code generation using OpenAI: empowering web development efficiency,openai,0.219
100,Automated front-end code generation using OpenAI: empowering web development efficiency,reduce,0.219
100,Automated front-end code generation using OpenAI: empowering web development efficiency,seeking,0.1949
100,Automated front-end code generation using OpenAI: empowering web development efficiency,significantly,0.219
100,Automated front-end code generation using OpenAI: empowering web development efficiency,streamline,0.219
100,Automated front-end code generation using OpenAI: empowering web development efficiency,their,0.1248
100,Automated front-end code generation using OpenAI: empowering web development efficiency,to,0.0568
100,Automated front-end code generation using OpenAI: empowering web development efficiency,using,0.1044
100,Automated front-end code generation using OpenAI: empowering web development efficiency,web,0.2599
100,Automated front-end code generation using OpenAI: empowering web development efficiency,with,0.0866
100,Automated front-end code generation using OpenAI: empowering web development efficiency,workflows,0.219
101,The recent trends in cyber security: A review,acquainted,0.2184
101,The recent trends in cyber security: A review,advanced,0.1943
101,The recent trends in cyber security: A review,advancements,0.1803
101,The recent trends in cyber security: A review,along,0.1943
101,The recent trends in cyber security: A review,by,0.1005
101,The recent trends in cyber security: A review,challenges,0.1201
101,The recent trends in cyber security: A review,cyber,0.3395
101,The recent trends in cyber security: A review,domain,0.4368
101,The recent trends in cyber security: A review,faced,0.2184
101,The recent trends in cyber security: A review,get,0.2184
101,The recent trends in cyber security: A review,in,0.1036
101,The recent trends in cyber security: A review,new,0.1222
101,The recent trends in cyber security: A review,recent,0.3406
101,The recent trends in cyber security: A review,researchers,0.1803
101,The recent trends in cyber security: A review,review,0.0971
101,The recent trends in cyber security: A review,security,0.3395
101,The recent trends in cyber security: A review,standards,0.1943
101,The recent trends in cyber security: A review,the,0.1266
101,The recent trends in cyber security: A review,to,0.0567
101,The recent trends in cyber security: A review,trends,0.1803
101,The recent trends in cyber security: A review,with,0.1728
102,"Cyber security: State of the art, challenges and future directions",address,0.1742
102,"Cyber security: State of the art, challenges and future directions",an,0.0973
102,"Cyber security: State of the art, challenges and future directions",and,0.045
102,"Cyber security: State of the art, challenges and future directions",art,0.3689
102,"Cyber security: State of the art, challenges and future directions",article,0.1544
102,"Cyber security: State of the art, challenges and future directions",challenges,0.1229
102,"Cyber security: State of the art, challenges and future directions",cyber,0.3474
102,"Cyber security: State of the art, challenges and future directions",direction,0.1845
102,"Cyber security: State of the art, challenges and future directions",directions,0.1845
102,"Cyber security: State of the art, challenges and future directions",future,0.2835
102,"Cyber security: State of the art, challenges and future directions",in,0.053
102,"Cyber security: State of the art, challenges and future directions",moreover,0.1988
102,"Cyber security: State of the art, challenges and future directions",of,0.1701
102,"Cyber security: State of the art, challenges and future directions",overview,0.1497
102,"Cyber security: State of the art, challenges and future directions",possible,0.1845
102,"Cyber security: State of the art, challenges and future directions",presenting,0.2234
102,"Cyber security: State of the art, challenges and future directions",provides,0.1663
102,"Cyber security: State of the art, challenges and future directions",security,0.2605
102,"Cyber security: State of the art, challenges and future directions",shifting,0.2234
102,"Cyber security: State of the art, challenges and future directions",state,0.3327
102,"Cyber security: State of the art, challenges and future directions",the,0.2158
102,"Cyber security: State of the art, challenges and future directions",this,0.0813
102,"Cyber security: State of the art, challenges and future directions",threats,0.1384
102,"Cyber security: State of the art, challenges and future directions",we,0.0892
103,"Cyber security, cyber threats, implications and future perspectives: A Review",achieve,0.2292
103,"Cyber security, cyber threats, implications and future perspectives: A Review",all,0.1584
103,"Cyber security, cyber threats, implications and future perspectives: A Review",and,0.0461
103,"Cyber security, cyber threats, implications and future perspectives: A Review",businesses,0.204
103,"Cyber security, cyber threats, implications and future perspectives: A Review",but,0.1787
103,"Cyber security, cyber threats, implications and future perspectives: A Review",cyber,0.3563
103,"Cyber security, cyber threats, implications and future perspectives: A Review",cybersecurity,0.1202
103,"Cyber security, cyber threats, implications and future perspectives: A Review",entire,0.2292
103,"Cyber security, cyber threats, implications and future perspectives: A Review",from,0.124
103,"Cyber security, cyber threats, implications and future perspectives: A Review",future,0.1454
103,"Cyber security, cyber threats, implications and future perspectives: A Review",high,0.204
103,"Cyber security, cyber threats, implications and future perspectives: A Review",implications,0.204
103,"Cyber security, cyber threats, implications and future perspectives: A Review",in,0.0544
103,"Cyber security, cyber threats, implications and future perspectives: A Review",industries,0.1892
103,"Cyber security, cyber threats, implications and future perspectives: A Review",just,0.2292
103,"Cyber security, cyber threats, implications and future perspectives: A Review",not,0.1388
103,"Cyber security, cyber threats, implications and future perspectives: A Review",of,0.0872
103,"Cyber security, cyber threats, implications and future perspectives: A Review",perspectives,0.1892
103,"Cyber security, cyber threats, implications and future perspectives: A Review",proactive,0.2292
103,"Cyber security, cyber threats, implications and future perspectives: A Review",prospects,0.2292
103,"Cyber security, cyber threats, implications and future perspectives: A Review",requires,0.2292
103,"Cyber security, cyber threats, implications and future perspectives: A Review",review,0.102
103,"Cyber security, cyber threats, implications and future perspectives: A Review",security,0.2673
103,"Cyber security, cyber threats, implications and future perspectives: A Review",society,0.1892
103,"Cyber security, cyber threats, implications and future perspectives: A Review",study,0.1135
103,"Cyber security, cyber threats, implications and future perspectives: A Review",the,0.0886
103,"Cyber security, cyber threats, implications and future perspectives: A Review",this,0.0834
103,"Cyber security, cyber threats, implications and future perspectives: A Review",threats,0.1419
103,"Cyber security, cyber threats, implications and future perspectives: A Review",to,0.0595
103,"Cyber security, cyber threats, implications and future perspectives: A Review",viewpoints,0.2292
104,A comprehensive review study of cyber-attacks and cyber security; Emerging trends and recent developments,addition,0.1708
104,A comprehensive review study of cyber-attacks and cyber security; Emerging trends and recent developments,and,0.2082
104,A comprehensive review study of cyber-attacks and cyber security; Emerging trends and recent developments,be,0.1138
104,A comprehensive review study of cyber-attacks and cyber security; Emerging trends and recent developments,comprehensive,0.1347
104,A comprehensive review study of cyber-attacks and cyber security; Emerging trends and recent developments,cyber,0.2412
104,A comprehensive review study of cyber-attacks and cyber security; Emerging trends and recent developments,cyberattacks,0.1385
104,A comprehensive review study of cyber-attacks and cyber security; Emerging trends and recent developments,cybersecurity,0.1085
104,A comprehensive review study of cyber-attacks and cyber security; Emerging trends and recent developments,developments,0.3681
104,A comprehensive review study of cyber-attacks and cyber security; Emerging trends and recent developments,emerging,0.3415
104,A comprehensive review study of cyber-attacks and cyber security; Emerging trends and recent developments,for,0.0609
104,A comprehensive review study of cyber-attacks and cyber security; Emerging trends and recent developments,in,0.0491
104,A comprehensive review study of cyber-attacks and cyber security; Emerging trends and recent developments,it,0.1068
104,A comprehensive review study of cyber-attacks and cyber security; Emerging trends and recent developments,methods,0.1281
104,A comprehensive review study of cyber-attacks and cyber security; Emerging trends and recent developments,of,0.0787
104,A comprehensive review study of cyber-attacks and cyber security; Emerging trends and recent developments,presented,0.1841
104,A comprehensive review study of cyber-attacks and cyber security; Emerging trends and recent developments,recent,0.3226
104,A comprehensive review study of cyber-attacks and cyber security; Emerging trends and recent developments,researchers,0.1708
104,A comprehensive review study of cyber-attacks and cyber security; Emerging trends and recent developments,review,0.184
104,A comprehensive review study of cyber-attacks and cyber security; Emerging trends and recent developments,security,0.3216
104,A comprehensive review study of cyber-attacks and cyber security; Emerging trends and recent developments,study,0.2049
104,A comprehensive review study of cyber-attacks and cyber security; Emerging trends and recent developments,trends,0.3415
104,A comprehensive review study of cyber-attacks and cyber security; Emerging trends and recent developments,useful,0.1841
104,A comprehensive review study of cyber-attacks and cyber security; Emerging trends and recent developments,will,0.1347
105,Cyber security,age,0.2182
105,Cyber security,and,0.0494
105,Cyber security,as,0.1046
105,Cyber security,becoming,0.2182
105,Cyber security,challenge,0.2182
105,Cyber security,challenges,0.1349
105,Cyber security,cyber,0.1906
105,Cyber security,cybersecurity,0.1286
105,Cyber security,emerged,0.2452
105,Cyber security,expose,0.2452
105,Cyber security,for,0.0723
105,Cyber security,global,0.2025
105,Cyber security,has,0.1349
105,Cyber security,is,0.0906
105,Cyber security,modernday,0.2452
105,Cyber security,nation,0.2452
105,Cyber security,new,0.1373
105,Cyber security,one,0.1755
105,Cyber security,security,0.1906
105,Cyber security,states,0.4905
105,Cyber security,the,0.0474
105,Cyber security,threat,0.2025
105,Cyber security,tier,0.2452
105,Cyber security,to,0.0637
105,Cyber security,will,0.1597
106,A systematic literature review on the cyber security,and,0.0847
106,A systematic literature review on the cyber security,computing,0.1641
106,A systematic literature review on the cyber security,cyber,0.5725
106,A systematic literature review on the cyber security,data,0.1199
106,A systematic literature review on the cyber security,framework,0.1454
106,A systematic literature review on the cyber security,important,0.1737
106,A systematic literature review on the cyber security,integrity,0.2104
106,A systematic literature review on the cyber security,is,0.0778
106,A systematic literature review on the cyber security,kinds,0.1737
106,A systematic literature review on the cyber security,literature,0.1454
106,A systematic literature review on the cyber security,of,0.0801
106,A systematic literature review on the cyber security,on,0.0765
106,A systematic literature review on the cyber security,review,0.0936
106,A systematic literature review on the cyber security,safeguards,0.2104
106,A systematic literature review on the cyber security,security,0.5725
106,A systematic literature review on the cyber security,systematic,0.1274
106,A systematic literature review on the cyber security,the,0.0813
106,A systematic literature review on the cyber security,tools,0.1409
106,A systematic literature review on the cyber security,why,0.1872
107,Cyber security in the metaverse,aims,0.1807
107,Cyber security in the metaverse,an,0.1009
107,Cyber security in the metaverse,and,0.0466
107,Cyber security in the metaverse,approach,0.2062
107,Cyber security in the metaverse,chapter,0.2317
107,Cyber security in the metaverse,cyber,0.1801
107,Cyber security in the metaverse,cybersecurity,0.1215
107,Cyber security in the metaverse,discussed,0.2062
107,Cyber security in the metaverse,foster,0.2317
107,Cyber security in the metaverse,in,0.1649
107,Cyber security in the metaverse,is,0.0856
107,Cyber security in the metaverse,it,0.1197
107,Cyber security in the metaverse,metaverse,0.4634
107,Cyber security in the metaverse,of,0.0441
107,Cyber security in the metaverse,overview,0.1552
107,Cyber security in the metaverse,provide,0.1658
107,Cyber security in the metaverse,realm,0.2317
107,Cyber security in the metaverse,safeguard,0.2317
107,Cyber security in the metaverse,security,0.1801
107,Cyber security in the metaverse,stacks,0.2317
107,Cyber security in the metaverse,the,0.1343
107,Cyber security in the metaverse,this,0.0843
107,Cyber security in the metaverse,to,0.1804
107,Cyber security in the metaverse,trust,0.1913
107,Cyber security in the metaverse,various,0.1601
107,Cyber security in the metaverse,virtual,0.2062
107,Cyber security in the metaverse,vital,0.2062
108,Counterattacking cyber threats: A framework for the future of cybersecurity,aims,0.1831
108,Counterattacking cyber threats: A framework for the future of cybersecurity,article,0.1623
108,Counterattacking cyber threats: A framework for the future of cybersecurity,complexities,0.2348
108,Counterattacking cyber threats: A framework for the future of cybersecurity,comprehensive,0.1529
108,Counterattacking cyber threats: A framework for the future of cybersecurity,counterattacking,0.2348
108,Counterattacking cyber threats: A framework for the future of cybersecurity,cyber,0.2738
108,Counterattacking cyber threats: A framework for the future of cybersecurity,cybersecurity,0.1231
108,Counterattacking cyber threats: A framework for the future of cybersecurity,for,0.1384
108,Counterattacking cyber threats: A framework for the future of cybersecurity,framework,0.4868
108,Counterattacking cyber threats: A framework for the future of cybersecurity,future,0.2979
108,Counterattacking cyber threats: A framework for the future of cybersecurity,modern,0.1748
108,Counterattacking cyber threats: A framework for the future of cybersecurity,of,0.134
108,Counterattacking cyber threats: A framework for the future of cybersecurity,organizational,0.2348
108,Counterattacking cyber threats: A framework for the future of cybersecurity,presents,0.209
108,Counterattacking cyber threats: A framework for the future of cybersecurity,responds,0.2348
108,Counterattacking cyber threats: A framework for the future of cybersecurity,security,0.1825
108,Counterattacking cyber threats: A framework for the future of cybersecurity,shape,0.209
108,Counterattacking cyber threats: A framework for the future of cybersecurity,that,0.0921
108,Counterattacking cyber threats: A framework for the future of cybersecurity,the,0.1361
108,Counterattacking cyber threats: A framework for the future of cybersecurity,this,0.1708
108,Counterattacking cyber threats: A framework for the future of cybersecurity,threats,0.1454
108,Counterattacking cyber threats: A framework for the future of cybersecurity,to,0.1219
109,Cyber governance studies in ensuring cybersecurity: an overview of cybersecurity governance,against,0.3317
109,Cyber governance studies in ensuring cybersecurity: an overview of cybersecurity governance,also,0.1128
109,Cyber governance studies in ensuring cybersecurity: an overview of cybersecurity governance,an,0.0812
109,Cyber governance studies in ensuring cybersecurity: an overview of cybersecurity governance,by,0.0857
109,Cyber governance studies in ensuring cybersecurity: an overview of cybersecurity governance,countries,0.1863
109,Cyber governance studies in ensuring cybersecurity: an overview of cybersecurity governance,cyber,0.2897
109,Cyber governance studies in ensuring cybersecurity: an overview of cybersecurity governance,cybersecurity,0.1954
109,Cyber governance studies in ensuring cybersecurity: an overview of cybersecurity governance,developed,0.1658
109,Cyber governance studies in ensuring cybersecurity: an overview of cybersecurity governance,ensuring,0.1538
109,Cyber governance studies in ensuring cybersecurity: an overview of cybersecurity governance,european,0.1863
109,Cyber governance studies in ensuring cybersecurity: an overview of cybersecurity governance,for,0.0549
109,Cyber governance studies in ensuring cybersecurity: an overview of cybersecurity governance,governance,0.3727
109,Cyber governance studies in ensuring cybersecurity: an overview of cybersecurity governance,has,0.1025
109,Cyber governance studies in ensuring cybersecurity: an overview of cybersecurity governance,in,0.0884
109,Cyber governance studies in ensuring cybersecurity: an overview of cybersecurity governance,incidents,0.2907
109,Cyber governance studies in ensuring cybersecurity: an overview of cybersecurity governance,of,0.0355
109,Cyber governance studies in ensuring cybersecurity: an overview of cybersecurity governance,overview,0.1248
109,Cyber governance studies in ensuring cybersecurity: an overview of cybersecurity governance,policies,0.1658
109,Cyber governance studies in ensuring cybersecurity: an overview of cybersecurity governance,publishing,0.1863
109,Cyber governance studies in ensuring cybersecurity: an overview of cybersecurity governance,security,0.0724
109,Cyber governance studies in ensuring cybersecurity: an overview of cybersecurity governance,stated,0.1863
109,Cyber governance studies in ensuring cybersecurity: an overview of cybersecurity governance,steps,0.3077
109,Cyber governance studies in ensuring cybersecurity: an overview of cybersecurity governance,studies,0.1248
109,Cyber governance studies in ensuring cybersecurity: an overview of cybersecurity governance,taken,0.3077
109,Cyber governance studies in ensuring cybersecurity: an overview of cybersecurity governance,that,0.0731
109,Cyber governance studies in ensuring cybersecurity: an overview of cybersecurity governance,the,0.036
109,Cyber governance studies in ensuring cybersecurity: an overview of cybersecurity governance,they,0.1333
109,Cyber governance studies in ensuring cybersecurity: an overview of cybersecurity governance,turkey,0.1658
110,Cyber security in the age of COVID-19: A timeline and analysis of cyber-crime and cyber-attacks during the pandemic,age,0.1755
110,Cyber security in the age of COVID-19: A timeline and analysis of cyber-crime and cyber-attacks during the pandemic,analysis,0.2068
110,Cyber security in the age of COVID-19: A timeline and analysis of cyber-crime and cyber-attacks during the pandemic,and,0.1191
110,Cyber security in the age of COVID-19: A timeline and analysis of cyber-crime and cyber-attacks during the pandemic,campaigns,0.1972
110,Cyber security in the age of COVID-19: A timeline and analysis of cyber-crime and cyber-attacks during the pandemic,covid,0.1411
110,Cyber security in the age of COVID-19: A timeline and analysis of cyber-crime and cyber-attacks during the pandemic,cyber,0.1533
110,Cyber security in the age of COVID-19: A timeline and analysis of cyber-crime and cyber-attacks during the pandemic,cyberattack,0.1755
110,Cyber security in the age of COVID-19: A timeline and analysis of cyber-crime and cyber-attacks during the pandemic,cyberattacks,0.2642
110,Cyber security in the age of COVID-19: A timeline and analysis of cyber-crime and cyber-attacks during the pandemic,cybercrime,0.3944
110,Cyber security in the age of COVID-19: A timeline and analysis of cyber-crime and cyber-attacks during the pandemic,during,0.2936
110,Cyber security in the age of COVID-19: A timeline and analysis of cyber-crime and cyber-attacks during the pandemic,experienced,0.1972
110,Cyber security in the age of COVID-19: A timeline and analysis of cyber-crime and cyber-attacks during the pandemic,globally,0.1972
110,Cyber security in the age of COVID-19: A timeline and analysis of cyber-crime and cyber-attacks during the pandemic,highlights,0.1972
110,Cyber security in the age of COVID-19: A timeline and analysis of cyber-crime and cyber-attacks during the pandemic,in,0.0468
110,Cyber security in the age of COVID-19: A timeline and analysis of cyber-crime and cyber-attacks during the pandemic,modusoperandi,0.1972
110,Cyber security in the age of COVID-19: A timeline and analysis of cyber-crime and cyber-attacks during the pandemic,of,0.1501
110,Cyber security in the age of COVID-19: A timeline and analysis of cyber-crime and cyber-attacks during the pandemic,pandemic,0.3256
110,Cyber security in the age of COVID-19: A timeline and analysis of cyber-crime and cyber-attacks during the pandemic,perspective,0.1628
110,Cyber security in the age of COVID-19: A timeline and analysis of cyber-crime and cyber-attacks during the pandemic,range,0.1972
110,Cyber security in the age of COVID-19: A timeline and analysis of cyber-crime and cyber-attacks during the pandemic,reveal,0.1972
110,Cyber security in the age of COVID-19: A timeline and analysis of cyber-crime and cyber-attacks during the pandemic,security,0.0767
110,Cyber security in the age of COVID-19: A timeline and analysis of cyber-crime and cyber-attacks during the pandemic,the,0.2286
110,Cyber security in the age of COVID-19: A timeline and analysis of cyber-crime and cyber-attacks during the pandemic,timeline,0.1972
111,Analysis of cyber security knowledge gaps based on cyber security body of knowledge,an,0.0871
111,Analysis of cyber security knowledge gaps based on cyber security body of knowledge,analysis,0.1048
111,Analysis of cyber security knowledge gaps based on cyber security body of knowledge,and,0.0805
111,Analysis of cyber security knowledge gaps based on cyber security body of knowledge,based,0.1302
111,Analysis of cyber security knowledge gaps based on cyber security body of knowledge,between,0.1238
111,Analysis of cyber security knowledge gaps based on cyber security body of knowledge,body,0.1999
111,Analysis of cyber security knowledge gaps based on cyber security body of knowledge,by,0.0919
111,Analysis of cyber security knowledge gaps based on cyber security body of knowledge,cyber,0.4662
111,Analysis of cyber security knowledge gaps based on cyber security body of knowledge,designed,0.165
111,Analysis of cyber security knowledge gaps based on cyber security body of knowledge,education,0.1302
111,Analysis of cyber security knowledge gaps based on cyber security body of knowledge,gap,0.165
111,Analysis of cyber security knowledge gaps based on cyber security body of knowledge,gaps,0.1779
111,Analysis of cyber security knowledge gaps based on cyber security body of knowledge,graduates,0.1999
111,Analysis of cyber security knowledge gaps based on cyber security body of knowledge,in,0.0474
111,Analysis of cyber security knowledge gaps based on cyber security body of knowledge,join,0.1999
111,Analysis of cyber security knowledge gaps based on cyber security body of knowledge,knowledge,0.2976
111,Analysis of cyber security knowledge gaps based on cyber security body of knowledge,of,0.0761
111,Analysis of cyber security knowledge gaps based on cyber security body of knowledge,on,0.0727
111,Analysis of cyber security knowledge gaps based on cyber security body of knowledge,opinion,0.1999
111,Analysis of cyber security knowledge gaps based on cyber security body of knowledge,performed,0.1999
111,Analysis of cyber security knowledge gaps based on cyber security body of knowledge,security,0.4662
111,Analysis of cyber security knowledge gaps based on cyber security body of knowledge,survey,0.1139
111,Analysis of cyber security knowledge gaps based on cyber security body of knowledge,the,0.0772
111,Analysis of cyber security knowledge gaps based on cyber security body of knowledge,using,0.0953
111,Analysis of cyber security knowledge gaps based on cyber security body of knowledge,we,0.0798
111,Analysis of cyber security knowledge gaps based on cyber security body of knowledge,who,0.143
111,Analysis of cyber security knowledge gaps based on cyber security body of knowledge,workforce,0.1999
112,LLMs for cyber security: New opportunities,addressing,0.1692
112,LLMs for cyber security: New opportunities,and,0.0915
112,LLMs for cyber security: New opportunities,at,0.1627
112,LLMs for cyber security: New opportunities,challenging,0.2273
112,LLMs for cyber security: New opportunities,cyber,0.1767
112,LLMs for cyber security: New opportunities,emergence,0.2023
112,LLMs for cyber security: New opportunities,exploring,0.1877
112,LLMs for cyber security: New opportunities,for,0.067
112,LLMs for cyber security: New opportunities,fresh,0.2273
112,LLMs for cyber security: New opportunities,in,0.1079
112,LLMs for cyber security: New opportunities,llms,0.563
112,LLMs for cyber security: New opportunities,look,0.2273
112,LLMs for cyber security: New opportunities,new,0.1273
112,LLMs for cyber security: New opportunities,of,0.0865
112,LLMs for cyber security: New opportunities,opportunities,0.1627
112,LLMs for cyber security: New opportunities,potential,0.1571
112,LLMs for cyber security: New opportunities,problems,0.1692
112,LLMs for cyber security: New opportunities,security,0.2651
112,LLMs for cyber security: New opportunities,specifically,0.2023
112,LLMs for cyber security: New opportunities,summarizing,0.2273
112,LLMs for cyber security: New opportunities,take,0.2023
112,LLMs for cyber security: New opportunities,the,0.1318
112,LLMs for cyber security: New opportunities,we,0.0907
112,LLMs for cyber security: New opportunities,with,0.0899
113,Cybersecurity of industrial cyber-physical systems: A review,allows,0.2394
113,Cybersecurity of industrial cyber-physical systems: A review,and,0.0541
113,Cybersecurity of industrial cyber-physical systems: A review,being,0.2098
113,Cybersecurity of industrial cyber-physical systems: A review,by,0.1237
113,Cybersecurity of industrial cyber-physical systems: A review,companies,0.2394
113,Cybersecurity of industrial cyber-physical systems: A review,councils,0.269
113,Cybersecurity of industrial cyber-physical systems: A review,cyber,0.1046
113,Cybersecurity of industrial cyber-physical systems: A review,cyberphysical,0.2394
113,Cybersecurity of industrial cyber-physical systems: A review,cybersecurity,0.2821
113,Cybersecurity of industrial cyber-physical systems: A review,development,0.1136
113,Cybersecurity of industrial cyber-physical systems: A review,establishments,0.269
113,Cybersecurity of industrial cyber-physical systems: A review,for,0.0793
113,Cybersecurity of industrial cyber-physical systems: A review,funded,0.269
113,Cybersecurity of industrial cyber-physical systems: A review,industrial,0.2221
113,Cybersecurity of industrial cyber-physical systems: A review,of,0.1536
113,Cybersecurity of industrial cyber-physical systems: A review,rapid,0.2221
113,Cybersecurity of industrial cyber-physical systems: A review,research,0.2911
113,Cybersecurity of industrial cyber-physical systems: A review,review,0.1197
113,Cybersecurity of industrial cyber-physical systems: A review,security,0.3137
113,Cybersecurity of industrial cyber-physical systems: A review,state,0.2003
113,Cybersecurity of industrial cyber-physical systems: A review,studies,0.1802
113,Cybersecurity of industrial cyber-physical systems: A review,systems,0.1859
113,Cybersecurity of industrial cyber-physical systems: A review,the,0.052
113,Cybersecurity of industrial cyber-physical systems: A review,this,0.0978
114,"Artificial intelligence in cyber security: Research advances, challenges, and opportunities.",advances,0.1973
114,"Artificial intelligence in cyber security: Research advances, challenges, and opportunities.",and,0.0893
114,"Artificial intelligence in cyber security: Research advances, challenges, and opportunities.",artificial,0.1485
114,"Artificial intelligence in cyber security: Research advances, challenges, and opportunities.",as,0.1892
114,"Artificial intelligence in cyber security: Research advances, challenges, and opportunities.",challenges,0.122
114,"Artificial intelligence in cyber security: Research advances, challenges, and opportunities.",cyber,0.2586
114,"Artificial intelligence in cyber security: Research advances, challenges, and opportunities.",from,0.12
114,"Artificial intelligence in cyber security: Research advances, challenges, and opportunities.",goal,0.1973
114,"Artificial intelligence in cyber security: Research advances, challenges, and opportunities.",in,0.1052
114,"Artificial intelligence in cyber security: Research advances, challenges, and opportunities.",includes,0.2217
114,"Artificial intelligence in cyber security: Research advances, challenges, and opportunities.",intelligence,0.1532
114,"Artificial intelligence in cyber security: Research advances, challenges, and opportunities.",is,0.082
114,"Artificial intelligence in cyber security: Research advances, challenges, and opportunities.",known,0.1973
114,"Artificial intelligence in cyber security: Research advances, challenges, and opportunities.",mentioned,0.2217
114,"Artificial intelligence in cyber security: Research advances, challenges, and opportunities.",much,0.1831
114,"Artificial intelligence in cyber security: Research advances, challenges, and opportunities.",network,0.1532
114,"Artificial intelligence in cyber security: Research advances, challenges, and opportunities.",of,0.0422
114,"Artificial intelligence in cyber security: Research advances, challenges, and opportunities.",opportunities,0.1587
114,"Artificial intelligence in cyber security: Research advances, challenges, and opportunities.",outside,0.2217
114,"Artificial intelligence in cyber security: Research advances, challenges, and opportunities.",paper,0.1373
114,"Artificial intelligence in cyber security: Research advances, challenges, and opportunities.",protect,0.2217
114,"Artificial intelligence in cyber security: Research advances, challenges, and opportunities.",research,0.12
114,"Artificial intelligence in cyber security: Research advances, challenges, and opportunities.",security,0.3448
114,"Artificial intelligence in cyber security: Research advances, challenges, and opportunities.",so,0.1973
114,"Artificial intelligence in cyber security: Research advances, challenges, and opportunities.",systems,0.3065
114,"Artificial intelligence in cyber security: Research advances, challenges, and opportunities.",the,0.0428
114,"Artificial intelligence in cyber security: Research advances, challenges, and opportunities.",this,0.0807
114,"Artificial intelligence in cyber security: Research advances, challenges, and opportunities.",threats,0.2746
114,"Artificial intelligence in cyber security: Research advances, challenges, and opportunities.",to,0.0576
114,"Artificial intelligence in cyber security: Research advances, challenges, and opportunities.",within,0.1651
115,Cyber security: New realities for industry 4.0 and society 5.0,also,0.1501
115,Cyber security: New realities for industry 4.0 and society 5.0,and,0.0998
115,Cyber security: New realities for industry 4.0 and society 5.0,are,0.1262
115,Cyber security: New realities for industry 4.0 and society 5.0,attack,0.2479
115,Cyber security: New realities for industry 4.0 and society 5.0,automate,0.2479
115,Cyber security: New realities for industry 4.0 and society 5.0,combine,0.2479
115,Cyber security: New realities for industry 4.0 and society 5.0,cyber,0.0964
115,Cyber security: New realities for industry 4.0 and society 5.0,cybersecurity,0.26
115,Cyber security: New realities for industry 4.0 and society 5.0,detection,0.2047
115,Cyber security: New realities for industry 4.0 and society 5.0,for,0.073
115,Cyber security: New realities for industry 4.0 and society 5.0,in,0.0588
115,Cyber security: New realities for industry 4.0 and society 5.0,industry,0.1845
115,Cyber security: New realities for industry 4.0 and society 5.0,may,0.1933
115,Cyber security: New realities for industry 4.0 and society 5.0,multiple,0.2047
115,Cyber security: New realities for industry 4.0 and society 5.0,new,0.1388
115,Cyber security: New realities for industry 4.0 and society 5.0,paradigm,0.2047
115,Cyber security: New realities for industry 4.0 and society 5.0,platform,0.2206
115,Cyber security: New realities for industry 4.0 and society 5.0,prevention,0.2479
115,Cyber security: New realities for industry 4.0 and society 5.0,realities,0.2479
115,Cyber security: New realities for industry 4.0 and society 5.0,security,0.1927
115,Cyber security: New realities for industry 4.0 and society 5.0,simply,0.2479
115,Cyber security: New realities for industry 4.0 and society 5.0,society,0.2047
115,Cyber security: New realities for industry 4.0 and society 5.0,surface,0.2206
115,Cyber security: New realities for industry 4.0 and society 5.0,teams,0.2206
115,Cyber security: New realities for industry 4.0 and society 5.0,the,0.0479
115,Cyber security: New realities for industry 4.0 and society 5.0,to,0.0643
115,Cyber security: New realities for industry 4.0 and society 5.0,used,0.1341
115,Cyber security: New realities for industry 4.0 and society 5.0,using,0.1182
115,Cyber security: New realities for industry 4.0 and society 5.0,which,0.132
116,Deep reinforcement learning for cyber security,and,0.0507
116,Deep reinforcement learning for cyber security,article,0.1741
116,Deep reinforcement learning for cyber security,aspects,0.1964
116,Deep reinforcement learning for cyber security,cyber,0.3916
116,Deep reinforcement learning for cyber security,deep,0.156
116,Deep reinforcement learning for cyber security,defense,0.2241
116,Deep reinforcement learning for cyber security,different,0.1741
116,Deep reinforcement learning for cyber security,drlbased,0.2519
116,Deep reinforcement learning for cyber security,especially,0.2079
116,Deep reinforcement learning for cyber security,for,0.2226
116,Deep reinforcement learning for cyber security,highdimensional,0.2519
116,Deep reinforcement learning for cyber security,including,0.2079
116,Deep reinforcement learning for cyber security,learning,0.0862
116,Deep reinforcement learning for cyber security,methods,0.156
116,Deep reinforcement learning for cyber security,on,0.0916
116,Deep reinforcement learning for cyber security,presents,0.2241
116,Deep reinforcement learning for cyber security,problems,0.1875
116,Deep reinforcement learning for cyber security,reinforcement,0.2519
116,Deep reinforcement learning for cyber security,security,0.2937
116,Deep reinforcement learning for cyber security,this,0.0916
116,Deep reinforcement learning for cyber security,touch,0.2519
116,Deep reinforcement learning for cyber security,vital,0.2241
116,Deep reinforcement learning for cyber security,we,0.1005
117,The role of user behaviour in improving cyber security management,behaviour,0.2174
117,The role of user behaviour in improving cyber security management,behaviours,0.2174
117,The role of user behaviour in improving cyber security management,by,0.1
117,The role of user behaviour in improving cyber security management,complying,0.2174
117,The role of user behaviour in improving cyber security management,computer,0.1934
117,The role of user behaviour in improving cyber security management,cyber,0.2535
117,The role of user behaviour in improving cyber security management,differences,0.1794
117,The role of user behaviour in improving cyber security management,discuss,0.311
117,The role of user behaviour in improving cyber security management,done,0.2174
117,The role of user behaviour in improving cyber security management,errors,0.2174
117,The role of user behaviour in improving cyber security management,improving,0.2174
117,The role of user behaviour in improving cyber security management,in,0.1031
117,The role of user behaviour in improving cyber security management,individual,0.2174
117,The role of user behaviour in improving cyber security management,kinds,0.1794
117,The role of user behaviour in improving cyber security management,management,0.1794
117,The role of user behaviour in improving cyber security management,of,0.0827
117,The role of user behaviour in improving cyber security management,policies,0.1934
117,The role of user behaviour in improving cyber security management,role,0.1239
117,The role of user behaviour in improving cyber security management,second,0.1934
117,The role of user behaviour in improving cyber security management,security,0.3379
117,The role of user behaviour in improving cyber security management,the,0.042
117,The role of user behaviour in improving cyber security management,third,0.2174
117,The role of user behaviour in improving cyber security management,to,0.0564
117,The role of user behaviour in improving cyber security management,underlying,0.1934
117,The role of user behaviour in improving cyber security management,user,0.1239
117,The role of user behaviour in improving cyber security management,we,0.1735
117,The role of user behaviour in improving cyber security management,with,0.086
118,Cyber security in New Space: M. Manulis et al.,advancements,0.1897
118,Cyber security in New Space: M. Manulis et al.,al,0.2045
118,Cyber security in New Space: M. Manulis et al.,analyses,0.2298
118,Cyber security in New Space: M. Manulis et al.,and,0.1388
118,Cyber security in New Space: M. Manulis et al.,article,0.1588
118,Cyber security in New Space: M. Manulis et al.,assess,0.2045
118,Cyber security in New Space: M. Manulis et al.,cyber,0.0893
118,Cyber security in New Space: M. Manulis et al.,et,0.2045
118,Cyber security in New Space: M. Manulis et al.,in,0.109
118,Cyber security in New Space: M. Manulis et al.,incidents,0.1792
118,Cyber security in New Space: M. Manulis et al.,industry,0.1711
118,Cyber security in New Space: M. Manulis et al.,issues,0.1539
118,Cyber security in New Space: M. Manulis et al.,key,0.1644
118,Cyber security in New Space: M. Manulis et al.,manulis,0.2298
118,Cyber security in New Space: M. Manulis et al.,motivations,0.2298
118,Cyber security in New Space: M. Manulis et al.,new,0.1286
118,Cyber security in New Space: M. Manulis et al.,open,0.1792
118,Cyber security in New Space: M. Manulis et al.,past,0.1897
118,Cyber security in New Space: M. Manulis et al.,related,0.1644
118,Cyber security in New Space: M. Manulis et al.,satellite,0.4596
118,Cyber security in New Space: M. Manulis et al.,security,0.268
118,Cyber security in New Space: M. Manulis et al.,space,0.2045
118,Cyber security in New Space: M. Manulis et al.,technology,0.1335
118,Cyber security in New Space: M. Manulis et al.,the,0.0888
118,Cyber security in New Space: M. Manulis et al.,this,0.0836
118,Cyber security in New Space: M. Manulis et al.,threats,0.1423
118,Cyber security in New Space: M. Manulis et al.,to,0.1193
119,Artificial intelligence-based cyber security in the context of industry 4.0—a survey,analyze,0.1936
119,Artificial intelligence-based cyber security in the context of industry 4.0—a survey,and,0.05
119,Artificial intelligence-based cyber security in the context of industry 4.0—a survey,artificial,0.1662
119,Artificial intelligence-based cyber security in the context of industry 4.0—a survey,based,0.1616
119,Artificial intelligence-based cyber security in the context of industry 4.0—a survey,context,0.1936
119,Artificial intelligence-based cyber security in the context of industry 4.0—a survey,criminals,0.2209
119,Artificial intelligence-based cyber security in the context of industry 4.0—a survey,cyber,0.3859
119,Artificial intelligence-based cyber security in the context of industry 4.0—a survey,cyberattack,0.2209
119,Artificial intelligence-based cyber security in the context of industry 4.0—a survey,cyberattacks,0.1662
119,Artificial intelligence-based cyber security in the context of industry 4.0—a survey,deriving,0.2482
119,Artificial intelligence-based cyber security in the context of industry 4.0—a survey,develop,0.1936
119,Artificial intelligence-based cyber security in the context of industry 4.0—a survey,for,0.1462
119,Artificial intelligence-based cyber security in the context of industry 4.0—a survey,has,0.1365
119,Artificial intelligence-based cyber security in the context of industry 4.0—a survey,in,0.1178
119,Artificial intelligence-based cyber security in the context of industry 4.0—a survey,increased,0.2482
119,Artificial intelligence-based cyber security in the context of industry 4.0—a survey,industry,0.1848
119,Artificial intelligence-based cyber security in the context of industry 4.0—a survey,intelligencebased,0.2482
119,Artificial intelligence-based cyber security in the context of industry 4.0—a survey,knowledge,0.1848
119,Artificial intelligence-based cyber security in the context of industry 4.0—a survey,of,0.0944
119,Artificial intelligence-based cyber security in the context of industry 4.0—a survey,security,0.2894
119,Artificial intelligence-based cyber security in the context of industry 4.0—a survey,surface,0.2209
119,Artificial intelligence-based cyber security in the context of industry 4.0—a survey,survey,0.1415
119,Artificial intelligence-based cyber security in the context of industry 4.0—a survey,technology,0.1442
119,Artificial intelligence-based cyber security in the context of industry 4.0—a survey,the,0.0959
119,Artificial intelligence-based cyber security in the context of industry 4.0—a survey,them,0.1848
119,Artificial intelligence-based cyber security in the context of industry 4.0—a survey,this,0.0903
119,Artificial intelligence-based cyber security in the context of industry 4.0—a survey,to,0.1288
120,"Navigating the cyber security landscape: A comprehensive review of cyber-attacks, emerging trends, and recent developments",and,0.0438
120,"Navigating the cyber security landscape: A comprehensive review of cyber-attacks, emerging trends, and recent developments",attacks,0.1795
120,"Navigating the cyber security landscape: A comprehensive review of cyber-attacks, emerging trends, and recent developments",comprehensive,0.1416
120,"Navigating the cyber security landscape: A comprehensive review of cyber-attacks, emerging trends, and recent developments",concerns,0.1935
120,"Navigating the cyber security landscape: A comprehensive review of cyber-attacks, emerging trends, and recent developments",criminals,0.1935
120,"Navigating the cyber security landscape: A comprehensive review of cyber-attacks, emerging trends, and recent developments",cyber,0.2535
120,"Navigating the cyber security landscape: A comprehensive review of cyber-attacks, emerging trends, and recent developments",cyberattacks,0.1456
120,"Navigating the cyber security landscape: A comprehensive review of cyber-attacks, emerging trends, and recent developments",cybersecurity,0.114
120,"Navigating the cyber security landscape: A comprehensive review of cyber-attacks, emerging trends, and recent developments",cyberspace,0.2174
120,"Navigating the cyber security landscape: A comprehensive review of cyber-attacks, emerging trends, and recent developments",defenses,0.1935
120,"Navigating the cyber security landscape: A comprehensive review of cyber-attacks, emerging trends, and recent developments",developments,0.1935
120,"Navigating the cyber security landscape: A comprehensive review of cyber-attacks, emerging trends, and recent developments",emerging,0.1795
120,"Navigating the cyber security landscape: A comprehensive review of cyber-attacks, emerging trends, and recent developments",emphasizing,0.2174
120,"Navigating the cyber security landscape: A comprehensive review of cyber-attacks, emerging trends, and recent developments",for,0.0641
120,"Navigating the cyber security landscape: A comprehensive review of cyber-attacks, emerging trends, and recent developments",has,0.1196
120,"Navigating the cyber security landscape: A comprehensive review of cyber-attacks, emerging trends, and recent developments",heightened,0.2174
120,"Navigating the cyber security landscape: A comprehensive review of cyber-attacks, emerging trends, and recent developments",in,0.0516
120,"Navigating the cyber security landscape: A comprehensive review of cyber-attacks, emerging trends, and recent developments",landscape,0.359
120,"Navigating the cyber security landscape: A comprehensive review of cyber-attacks, emerging trends, and recent developments",navigating,0.2174
120,"Navigating the cyber security landscape: A comprehensive review of cyber-attacks, emerging trends, and recent developments",need,0.1795
120,"Navigating the cyber security landscape: A comprehensive review of cyber-attacks, emerging trends, and recent developments",of,0.1655
120,"Navigating the cyber security landscape: A comprehensive review of cyber-attacks, emerging trends, and recent developments",offering,0.1935
120,"Navigating the cyber security landscape: A comprehensive review of cyber-attacks, emerging trends, and recent developments",recent,0.1696
120,"Navigating the cyber security landscape: A comprehensive review of cyber-attacks, emerging trends, and recent developments",review,0.0967
120,"Navigating the cyber security landscape: A comprehensive review of cyber-attacks, emerging trends, and recent developments",robust,0.1935
120,"Navigating the cyber security landscape: A comprehensive review of cyber-attacks, emerging trends, and recent developments",security,0.169
120,"Navigating the cyber security landscape: A comprehensive review of cyber-attacks, emerging trends, and recent developments",the,0.168
120,"Navigating the cyber security landscape: A comprehensive review of cyber-attacks, emerging trends, and recent developments",these,0.1316
120,"Navigating the cyber security landscape: A comprehensive review of cyber-attacks, emerging trends, and recent developments",trend,0.2174
120,"Navigating the cyber security landscape: A comprehensive review of cyber-attacks, emerging trends, and recent developments",trends,0.1795
121,Evaluating the cyber security readiness of organizations and its influence on performance,and,0.1226
121,Evaluating the cyber security readiness of organizations and its influence on performance,but,0.1583
121,Evaluating the cyber security readiness of organizations and its influence on performance,combat,0.203
121,Evaluating the cyber security readiness of organizations and its influence on performance,cyber,0.3156
121,Evaluating the cyber security readiness of organizations and its influence on performance,cyberattacks,0.136
121,Evaluating the cyber security readiness of organizations and its influence on performance,evaluating,0.1511
121,Evaluating the cyber security readiness of organizations and its influence on performance,factors,0.2905
121,Evaluating the cyber security readiness of organizations and its influence on performance,impacting,0.203
121,Evaluating the cyber security readiness of organizations and its influence on performance,influence,0.1807
121,Evaluating the cyber security readiness of organizations and its influence on performance,influencing,0.1676
121,Evaluating the cyber security readiness of organizations and its influence on performance,its,0.1322
121,Evaluating the cyber security readiness of organizations and its influence on performance,of,0.1545
121,Evaluating the cyber security readiness of organizations and its influence on performance,on,0.0738
121,Evaluating the cyber security readiness of organizations and its influence on performance,organizations,0.3613
121,Evaluating the cyber security readiness of organizations and its influence on performance,performance,0.1452
121,Evaluating the cyber security readiness of organizations and its influence on performance,prevent,0.203
121,Evaluating the cyber security readiness of organizations and its influence on performance,readiness,0.406
121,Evaluating the cyber security readiness of organizations and its influence on performance,security,0.3156
121,Evaluating the cyber security readiness of organizations and its influence on performance,set,0.1676
121,Evaluating the cyber security readiness of organizations and its influence on performance,studies,0.136
121,Evaluating the cyber security readiness of organizations and its influence on performance,the,0.1569
121,Evaluating the cyber security readiness of organizations and its influence on performance,their,0.1157
121,Evaluating the cyber security readiness of organizations and its influence on performance,to,0.0527
122,Cybersecurity risk,analysis,0.1197
122,Cybersecurity risk,and,0.0459
122,Cybersecurity risk,based,0.1486
122,Cybersecurity risk,comparison,0.2031
122,Cybersecurity risk,cybersecurity,0.359
122,Cybersecurity risk,disclosures,0.2282
122,Cybersecurity risk,firmlevel,0.2282
122,Cybersecurity risk,firms,0.2282
122,Cybersecurity risk,hacked,0.2282
122,Cybersecurity risk,measure,0.2031
122,Cybersecurity risk,not,0.1382
122,Cybersecurity risk,novel,0.2282
122,Cybersecurity risk,of,0.1303
122,Cybersecurity risk,on,0.083
122,Cybersecurity risk,others,0.2282
122,Cybersecurity risk,propose,0.2031
122,Cybersecurity risk,risk,0.3768
122,Cybersecurity risk,textual,0.2282
122,Cybersecurity risk,that,0.179
122,Cybersecurity risk,to,0.0592
122,Cybersecurity risk,we,0.0911
122,Cybersecurity risk,were,0.3398
123,Cyber resilience and cyber security issues of intelligent cloud computing systems,according,0.2068
123,Cyber resilience and cyber security issues of intelligent cloud computing systems,accurately,0.2068
123,Cyber resilience and cyber security issues of intelligent cloud computing systems,and,0.0416
123,Cyber resilience and cyber security issues of intelligent cloud computing systems,cloud,0.368
123,Cyber resilience and cyber security issues of intelligent cloud computing systems,computing,0.3225
123,Cyber resilience and cyber security issues of intelligent cloud computing systems,cyber,0.4018
123,Cyber resilience and cyber security issues of intelligent cloud computing systems,identify,0.1613
123,Cyber resilience and cyber security issues of intelligent cloud computing systems,in,0.0491
123,Cyber resilience and cyber security issues of intelligent cloud computing systems,intelligent,0.2068
123,Cyber resilience and cyber security issues of intelligent cloud computing systems,is,0.1528
123,Cyber resilience and cyber security issues of intelligent cloud computing systems,issues,0.1385
123,Cyber resilience and cyber security issues of intelligent cloud computing systems,it,0.1068
123,Cyber resilience and cyber security issues of intelligent cloud computing systems,its,0.1346
123,Cyber resilience and cyber security issues of intelligent cloud computing systems,necessary,0.2068
123,Cyber resilience and cyber security issues of intelligent cloud computing systems,new,0.1157
123,Cyber resilience and cyber security issues of intelligent cloud computing systems,of,0.118
123,Cyber resilience and cyber security issues of intelligent cloud computing systems,paper,0.128
123,Cyber resilience and cyber security issues of intelligent cloud computing systems,provide,0.1479
123,Cyber resilience and cyber security issues of intelligent cloud computing systems,resilience,0.2068
123,Cyber resilience and cyber security issues of intelligent cloud computing systems,security,0.3215
123,Cyber resilience and cyber security issues of intelligent cloud computing systems,systems,0.1429
123,Cyber resilience and cyber security issues of intelligent cloud computing systems,technology,0.1201
123,Cyber resilience and cyber security issues of intelligent cloud computing systems,the,0.1198
123,Cyber resilience and cyber security issues of intelligent cloud computing systems,this,0.1504
123,Cyber resilience and cyber security issues of intelligent cloud computing systems,threats,0.128
123,Cyber resilience and cyber security issues of intelligent cloud computing systems,to,0.161
124,Artificial intelligence in cyber security,and,0.0499
124,Artificial intelligence in cyber security,artificial,0.1661
124,Artificial intelligence in cyber security,collection,0.248
124,Artificial intelligence in cyber security,cyber,0.1928
124,Artificial intelligence in cyber security,device,0.2207
124,Artificial intelligence in cyber security,enables,0.2047
124,Artificial intelligence in cyber security,for,0.0731
124,Artificial intelligence in cyber security,in,0.0588
124,Artificial intelligence in cyber security,initiatives,0.248
124,Artificial intelligence in cyber security,instance,0.248
124,Artificial intelligence in cyber security,instruction,0.248
124,Artificial intelligence in cyber security,intelligence,0.1714
124,Artificial intelligence in cyber security,is,0.0917
124,Artificial intelligence in cyber security,of,0.0944
124,Artificial intelligence in cyber security,one,0.1774
124,Artificial intelligence in cyber security,optimize,0.248
124,Artificial intelligence in cyber security,preparation,0.248
124,Artificial intelligence in cyber security,security,0.3856
124,Artificial intelligence in cyber security,skilled,0.248
124,Artificial intelligence in cyber security,specialist,0.248
124,Artificial intelligence in cyber security,substantially,0.248
124,Artificial intelligence in cyber security,system,0.1774
124,Artificial intelligence in cyber security,the,0.0958
124,Artificial intelligence in cyber security,this,0.0902
124,Artificial intelligence in cyber security,to,0.0644
125,Role of AI and its impact on the development of cyber security applications,ai,0.4446
125,Role of AI and its impact on the development of cyber security applications,and,0.1251
125,Role of AI and its impact on the development of cyber security applications,applications,0.1716
125,Role of AI and its impact on the development of cyber security applications,artificial,0.1387
125,Role of AI and its impact on the development of cyber security applications,as,0.1767
125,Role of AI and its impact on the development of cyber security applications,better,0.1615
125,Role of AI and its impact on the development of cyber security applications,cyber,0.322
125,Role of AI and its impact on the development of cyber security applications,detail,0.1843
125,Role of AI and its impact on the development of cyber security applications,development,0.0875
125,Role of AI and its impact on the development of cyber security applications,discuss,0.1482
125,Role of AI and its impact on the development of cyber security applications,evolved,0.2071
125,Role of AI and its impact on the development of cyber security applications,has,0.1139
125,Role of AI and its impact on the development of cyber security applications,how,0.1283
125,Role of AI and its impact on the development of cyber security applications,impact,0.2508
125,Role of AI and its impact on the development of cyber security applications,in,0.1474
125,Role of AI and its impact on the development of cyber security applications,intelligence,0.1431
125,Role of AI and its impact on the development of cyber security applications,its,0.2697
125,Role of AI and its impact on the development of cyber security applications,of,0.1182
125,Role of AI and its impact on the development of cyber security applications,on,0.226
125,Role of AI and its impact on the development of cyber security applications,providing,0.171
125,Role of AI and its impact on the development of cyber security applications,role,0.1181
125,Role of AI and its impact on the development of cyber security applications,security,0.322
125,Role of AI and its impact on the development of cyber security applications,the,0.04
125,Role of AI and its impact on the development of cyber security applications,various,0.1431
125,Role of AI and its impact on the development of cyber security applications,well,0.171
126,"Review on cyber-physical and cyber-security system in smart grid: Standards, protocols, constraints, and recommendations",and,0.1618
126,"Review on cyber-physical and cyber-security system in smart grid: Standards, protocols, constraints, and recommendations",challenges,0.1106
126,"Review on cyber-physical and cyber-security system in smart grid: Standards, protocols, constraints, and recommendations",constraints,0.201
126,"Review on cyber-physical and cyber-security system in smart grid: Standards, protocols, constraints, and recommendations",cyber,0.2344
126,"Review on cyber-physical and cyber-security system in smart grid: Standards, protocols, constraints, and recommendations",cyberattacks,0.1346
126,"Review on cyber-physical and cyber-security system in smart grid: Standards, protocols, constraints, and recommendations",cyberphysical,0.3577
126,"Review on cyber-physical and cyber-security system in smart grid: Standards, protocols, constraints, and recommendations",cybersecurity,0.1054
126,"Review on cyber-physical and cyber-security system in smart grid: Standards, protocols, constraints, and recommendations",discuss,0.1438
126,"Review on cyber-physical and cyber-security system in smart grid: Standards, protocols, constraints, and recommendations",finally,0.1567
126,"Review on cyber-physical and cyber-security system in smart grid: Standards, protocols, constraints, and recommendations",for,0.0592
126,"Review on cyber-physical and cyber-security system in smart grid: Standards, protocols, constraints, and recommendations",grid,0.1789
126,"Review on cyber-physical and cyber-security system in smart grid: Standards, protocols, constraints, and recommendations",in,0.0477
126,"Review on cyber-physical and cyber-security system in smart grid: Standards, protocols, constraints, and recommendations",of,0.0382
126,"Review on cyber-physical and cyber-security system in smart grid: Standards, protocols, constraints, and recommendations",on,0.0731
126,"Review on cyber-physical and cyber-security system in smart grid: Standards, protocols, constraints, and recommendations",principles,0.1789
126,"Review on cyber-physical and cyber-security system in smart grid: Standards, protocols, constraints, and recommendations",protocols,0.402
126,"Review on cyber-physical and cyber-security system in smart grid: Standards, protocols, constraints, and recommendations",recommendations,0.1789
126,"Review on cyber-physical and cyber-security system in smart grid: Standards, protocols, constraints, and recommendations",review,0.0894
126,"Review on cyber-physical and cyber-security system in smart grid: Standards, protocols, constraints, and recommendations",security,0.2344
126,"Review on cyber-physical and cyber-security system in smart grid: Standards, protocols, constraints, and recommendations",sg,0.201
126,"Review on cyber-physical and cyber-security system in smart grid: Standards, protocols, constraints, and recommendations",smart,0.1567
126,"Review on cyber-physical and cyber-security system in smart grid: Standards, protocols, constraints, and recommendations",some,0.1789
126,"Review on cyber-physical and cyber-security system in smart grid: Standards, protocols, constraints, and recommendations",standards,0.3577
126,"Review on cyber-physical and cyber-security system in smart grid: Standards, protocols, constraints, and recommendations",system,0.1438
126,"Review on cyber-physical and cyber-security system in smart grid: Standards, protocols, constraints, and recommendations",systems,0.2778
126,"Review on cyber-physical and cyber-security system in smart grid: Standards, protocols, constraints, and recommendations",the,0.0388
126,"Review on cyber-physical and cyber-security system in smart grid: Standards, protocols, constraints, and recommendations",we,0.0802
127,Cyber risk and cybersecurity: a systematic review of data availability,and,0.0847
127,Cyber risk and cybersecurity: a systematic review of data availability,availability,0.4206
127,Cyber risk and cybersecurity: a systematic review of data availability,available,0.1565
127,Cyber risk and cybersecurity: a systematic review of data availability,cyber,0.3269
127,Cyber risk and cybersecurity: a systematic review of data availability,cybersecurity,0.2205
127,Cyber risk and cybersecurity: a systematic review of data availability,data,0.3596
127,Cyber risk and cybersecurity: a systematic review of data availability,focus,0.164
127,Cyber risk and cybersecurity: a systematic review of data availability,from,0.1138
127,Cyber risk and cybersecurity: a systematic review of data availability,in,0.0499
127,Cyber risk and cybersecurity: a systematic review of data availability,lack,0.2103
127,Cyber risk and cybersecurity: a systematic review of data availability,management,0.1736
127,Cyber risk and cybersecurity: a systematic review of data availability,of,0.08
127,Cyber risk and cybersecurity: a systematic review of data availability,on,0.153
127,Cyber risk and cybersecurity: a systematic review of data availability,particular,0.1871
127,Cyber risk and cybersecurity: a systematic review of data availability,posit,0.2103
127,Cyber risk and cybersecurity: a systematic review of data availability,preliminary,0.2103
127,Cyber risk and cybersecurity: a systematic review of data availability,resulting,0.2103
127,Cyber risk and cybersecurity: a systematic review of data availability,review,0.0935
127,Cyber risk and cybersecurity: a systematic review of data availability,risk,0.3472
127,Cyber risk and cybersecurity: a systematic review of data availability,search,0.1565
127,Cyber risk and cybersecurity: a systematic review of data availability,systematic,0.1273
127,Cyber risk and cybersecurity: a systematic review of data availability,that,0.0825
127,Cyber risk and cybersecurity: a systematic review of data availability,the,0.0406
127,Cyber risk and cybersecurity: a systematic review of data availability,we,0.0839
127,Cyber risk and cybersecurity: a systematic review of data availability,with,0.0832
128,"A comprehensive review on cyber-attacks in power systems: Impact analysis, detection, and cyber security",advanced,0.1938
128,"A comprehensive review on cyber-attacks in power systems: Impact analysis, detection, and cyber security",analysis,0.1142
128,"A comprehensive review on cyber-attacks in power systems: Impact analysis, detection, and cyber security",and,0.0877
128,"A comprehensive review on cyber-attacks in power systems: Impact analysis, detection, and cyber security",as,0.0929
128,"A comprehensive review on cyber-attacks in power systems: Impact analysis, detection, and cyber security",challenges,0.1198
128,"A comprehensive review on cyber-attacks in power systems: Impact analysis, detection, and cyber security",comprehensive,0.1418
128,"A comprehensive review on cyber-attacks in power systems: Impact analysis, detection, and cyber security",computation,0.2178
128,"A comprehensive review on cyber-attacks in power systems: Impact analysis, detection, and cyber security",cyber,0.254
128,"A comprehensive review on cyber-attacks in power systems: Impact analysis, detection, and cyber security",cyberattacks,0.2918
128,"A comprehensive review on cyber-attacks in power systems: Impact analysis, detection, and cyber security",detection,0.3596
128,"A comprehensive review on cyber-attacks in power systems: Impact analysis, detection, and cyber security",electricity,0.2178
128,"A comprehensive review on cyber-attacks in power systems: Impact analysis, detection, and cyber security",endusers,0.2178
128,"A comprehensive review on cyber-attacks in power systems: Impact analysis, detection, and cyber security",impact,0.1319
128,"A comprehensive review on cyber-attacks in power systems: Impact analysis, detection, and cyber security",in,0.0517
128,"A comprehensive review on cyber-attacks in power systems: Impact analysis, detection, and cyber security",meter,0.2178
128,"A comprehensive review on cyber-attacks in power systems: Impact analysis, detection, and cyber security",mitigation,0.2178
128,"A comprehensive review on cyber-attacks in power systems: Impact analysis, detection, and cyber security",of,0.0414
128,"A comprehensive review on cyber-attacks in power systems: Impact analysis, detection, and cyber security",on,0.0792
128,"A comprehensive review on cyber-attacks in power systems: Impact analysis, detection, and cyber security",power,0.2178
128,"A comprehensive review on cyber-attacks in power systems: Impact analysis, detection, and cyber security",privacy,0.1798
128,"A comprehensive review on cyber-attacks in power systems: Impact analysis, detection, and cyber security",review,0.0969
128,"A comprehensive review on cyber-attacks in power systems: Impact analysis, detection, and cyber security",security,0.254
128,"A comprehensive review on cyber-attacks in power systems: Impact analysis, detection, and cyber security",smart,0.1699
128,"A comprehensive review on cyber-attacks in power systems: Impact analysis, detection, and cyber security",such,0.1621
128,"A comprehensive review on cyber-attacks in power systems: Impact analysis, detection, and cyber security",systems,0.1505
128,"A comprehensive review on cyber-attacks in power systems: Impact analysis, detection, and cyber security",theft,0.2178
128,"A comprehensive review on cyber-attacks in power systems: Impact analysis, detection, and cyber security",these,0.1319
128,"A comprehensive review on cyber-attacks in power systems: Impact analysis, detection, and cyber security",using,0.1038
128,"A comprehensive review on cyber-attacks in power systems: Impact analysis, detection, and cyber security",vulnerable,0.2178
129,"A comprehensive review of cyber security vulnerabilities, threats, attacks, and solutions",and,0.0432
129,"A comprehensive review of cyber security vulnerabilities, threats, attacks, and solutions",attacks,0.1773
129,"A comprehensive review of cyber security vulnerabilities, threats, attacks, and solutions",comprehensive,0.1398
129,"A comprehensive review of cyber security vulnerabilities, threats, attacks, and solutions",cyber,0.4174
129,"A comprehensive review of cyber security vulnerabilities, threats, attacks, and solutions",data,0.1224
129,"A comprehensive review of cyber security vulnerabilities, threats, attacks, and solutions",ensures,0.2148
129,"A comprehensive review of cyber security vulnerabilities, threats, attacks, and solutions",in,0.051
129,"A comprehensive review of cyber security vulnerabilities, threats, attacks, and solutions",is,0.0794
129,"A comprehensive review of cyber security vulnerabilities, threats, attacks, and solutions",life,0.1675
129,"A comprehensive review of cyber security vulnerabilities, threats, attacks, and solutions",name,0.1911
129,"A comprehensive review of cyber security vulnerabilities, threats, attacks, and solutions",networks,0.1773
129,"A comprehensive review of cyber security vulnerabilities, threats, attacks, and solutions",of,0.2043
129,"A comprehensive review of cyber security vulnerabilities, threats, attacks, and solutions",on,0.0781
129,"A comprehensive review of cyber security vulnerabilities, threats, attacks, and solutions",primary,0.2148
129,"A comprehensive review of cyber security vulnerabilities, threats, attacks, and solutions",purpose,0.1773
129,"A comprehensive review of cyber security vulnerabilities, threats, attacks, and solutions",review,0.0955
129,"A comprehensive review of cyber security vulnerabilities, threats, attacks, and solutions",secure,0.2148
129,"A comprehensive review of cyber security vulnerabilities, threats, attacks, and solutions",security,0.4174
129,"A comprehensive review of cyber security vulnerabilities, threats, attacks, and solutions",solutions,0.1675
129,"A comprehensive review of cyber security vulnerabilities, threats, attacks, and solutions",summary,0.2148
129,"A comprehensive review of cyber security vulnerabilities, threats, attacks, and solutions",the,0.2075
129,"A comprehensive review of cyber security vulnerabilities, threats, attacks, and solutions",threats,0.133
129,"A comprehensive review of cyber security vulnerabilities, threats, attacks, and solutions",to,0.0557
129,"A comprehensive review of cyber security vulnerabilities, threats, attacks, and solutions",under,0.2148
129,"A comprehensive review of cyber security vulnerabilities, threats, attacks, and solutions",virtual,0.1911
129,"A comprehensive review of cyber security vulnerabilities, threats, attacks, and solutions",vulnerabilities,0.1773
130,"Cyber security techniques, architectures, and design",all,0.1571
130,"Cyber security techniques, architectures, and design",also,0.1377
130,"Cyber security techniques, architectures, and design",and,0.0458
130,"Cyber security techniques, architectures, and design",architectures,0.1773
130,"Cyber security techniques, architectures, and design",are,0.1158
130,"Cyber security techniques, architectures, and design",below,0.2274
130,"Cyber security techniques, architectures, and design",concerned,0.2274
130,"Cyber security techniques, architectures, and design",consequently,0.2274
130,"Cyber security techniques, architectures, and design",critical,0.1693
130,"Cyber security techniques, architectures, and design",cyber,0.1768
130,"Cyber security techniques, architectures, and design",design,0.1071
130,"Cyber security techniques, architectures, and design",discussed,0.2024
130,"Cyber security techniques, architectures, and design",every,0.2274
130,"Cyber security techniques, architectures, and design",is,0.2521
130,"Cyber security techniques, architectures, and design",issue,0.2024
130,"Cyber security techniques, architectures, and design",it,0.1175
130,"Cyber security techniques, architectures, and design",networks,0.1877
130,"Cyber security techniques, architectures, and design",of,0.0433
130,"Cyber security techniques, architectures, and design",related,0.3254
130,"Cyber security techniques, architectures, and design",security,0.4419
130,"Cyber security techniques, architectures, and design",spheres,0.2274
130,"Cyber security techniques, architectures, and design",techniques,0.1443
130,"Cyber security techniques, architectures, and design",the,0.0879
130,"Cyber security techniques, architectures, and design",to,0.059
130,"Cyber security techniques, architectures, and design",where,0.1877
130,"Cyber security techniques, architectures, and design",which,0.1211
131,Cyber security as a threat to health care,aided,0.2227
131,Cyber security as a threat to health care,an,0.109
131,Cyber security as a threat to health care,and,0.0504
131,Cyber security as a threat to health care,are,0.1274
131,Cyber security as a threat to health care,as,0.1068
131,Cyber security as a threat to health care,avoid,0.2502
131,Cyber security as a threat to health care,care,0.2227
131,Cyber security as a threat to health care,cyber,0.1945
131,Cyber security as a threat to health care,cybersecurity,0.2624
131,Cyber security as a threat to health care,eight,0.2502
131,Cyber security as a threat to health care,ensuring,0.2066
131,Cyber security as a threat to health care,facilities,0.2502
131,Cyber security as a threat to health care,health,0.1676
131,Cyber security as a threat to health care,in,0.0594
131,Cyber security as a threat to health care,incidents,0.3902
131,Cyber security as a threat to health care,increasing,0.2502
131,Cyber security as a threat to health care,posing,0.2502
131,Cyber security as a threat to health care,purpose,0.2066
131,Cyber security as a threat to health care,security,0.1945
131,Cyber security as a threat to health care,the,0.0483
131,Cyber security as a threat to health care,threat,0.2066
131,Cyber security as a threat to health care,to,0.1299
131,Cyber security as a threat to health care,vulnerabilities,0.2066
131,Cyber security as a threat to health care,which,0.1332
131,Cyber security as a threat to health care,with,0.099
132,The difference between cyber security vs information security,and,0.0726
132,The difference between cyber security vs information security,are,0.0919
132,The difference between cyber security vs information security,between,0.3352
132,The difference between cyber security vs information security,cyber,0.2805
132,The difference between cyber security vs information security,difference,0.3609
132,The difference between cyber security vs information security,differences,0.149
132,The difference between cyber security vs information security,information,0.4469
132,The difference between cyber security vs information security,of,0.0687
132,The difference between cyber security vs information security,part,0.149
132,The difference between cyber security vs information security,security,0.5611
132,The difference between cyber security vs information security,term,0.149
132,The difference between cyber security vs information security,the,0.0697
132,The difference between cyber security vs information security,umbrella,0.1804
132,The difference between cyber security vs information security,vs,0.1804
132,The difference between cyber security vs information security,which,0.0961
133,Internet of things meet internet of threats: New concern cyber security issues of critical cyber infrastructure,also,0.1192
133,Internet of things meet internet of threats: New concern cyber security issues of critical cyber infrastructure,an,0.0858
133,Internet of things meet internet of threats: New concern cyber security issues of critical cyber infrastructure,another,0.1752
133,Internet of things meet internet of threats: New concern cyber security issues of critical cyber infrastructure,art,0.1626
133,Internet of things meet internet of threats: New concern cyber security issues of critical cyber infrastructure,be,0.1083
133,Internet of things meet internet of threats: New concern cyber security issues of critical cyber infrastructure,breach,0.1969
133,Internet of things meet internet of threats: New concern cyber security issues of critical cyber infrastructure,can,0.1065
133,Internet of things meet internet of threats: New concern cyber security issues of critical cyber infrastructure,clearly,0.1969
133,Internet of things meet internet of threats: New concern cyber security issues of critical cyber infrastructure,concern,0.1969
133,Internet of things meet internet of threats: New concern cyber security issues of critical cyber infrastructure,critical,0.1466
133,Internet of things meet internet of threats: New concern cyber security issues of critical cyber infrastructure,cyber,0.2296
133,Internet of things meet internet of threats: New concern cyber security issues of critical cyber infrastructure,dimension,0.1752
133,Internet of things meet internet of threats: New concern cyber security issues of critical cyber infrastructure,evident,0.1752
133,Internet of things meet internet of threats: New concern cyber security issues of critical cyber infrastructure,harmful,0.1752
133,Internet of things meet internet of threats: New concern cyber security issues of critical cyber infrastructure,has,0.1083
133,Internet of things meet internet of threats: New concern cyber security issues of critical cyber infrastructure,how,0.1219
133,Internet of things meet internet of threats: New concern cyber security issues of critical cyber infrastructure,impactful,0.1969
133,Internet of things meet internet of threats: New concern cyber security issues of critical cyber infrastructure,incidents,0.1536
133,Internet of things meet internet of threats: New concern cyber security issues of critical cyber infrastructure,infrastructure,0.1752
133,Internet of things meet internet of threats: New concern cyber security issues of critical cyber infrastructure,internet,0.3251
133,Internet of things meet internet of threats: New concern cyber security issues of critical cyber infrastructure,is,0.0728
133,Internet of things meet internet of threats: New concern cyber security issues of critical cyber infrastructure,issues,0.1319
133,Internet of things meet internet of threats: New concern cyber security issues of critical cyber infrastructure,it,0.2035
133,Internet of things meet internet of threats: New concern cyber security issues of critical cyber infrastructure,meet,0.1752
133,Internet of things meet internet of threats: New concern cyber security issues of critical cyber infrastructure,new,0.1102
133,Internet of things meet internet of threats: New concern cyber security issues of critical cyber infrastructure,of,0.1873
133,Internet of things meet internet of threats: New concern cyber security issues of critical cyber infrastructure,security,0.2296
133,Internet of things meet internet of threats: New concern cyber security issues of critical cyber infrastructure,shifted,0.1969
133,Internet of things meet internet of threats: New concern cyber security issues of critical cyber infrastructure,show,0.1626
133,Internet of things meet internet of threats: New concern cyber security issues of critical cyber infrastructure,state,0.1466
133,Internet of things meet internet of threats: New concern cyber security issues of critical cyber infrastructure,that,0.0772
133,Internet of things meet internet of threats: New concern cyber security issues of critical cyber infrastructure,the,0.0761
133,Internet of things meet internet of threats: New concern cyber security issues of critical cyber infrastructure,these,0.1192
133,Internet of things meet internet of threats: New concern cyber security issues of critical cyber infrastructure,things,0.1969
133,Internet of things meet internet of threats: New concern cyber security issues of critical cyber infrastructure,threats,0.1219
133,Internet of things meet internet of threats: New concern cyber security issues of critical cyber infrastructure,to,0.0511
133,Internet of things meet internet of threats: New concern cyber security issues of critical cyber infrastructure,where,0.1626
134,The role of national cybersecurity strategies on the improvement of cybersecurity education,analyzes,0.2162
134,The role of national cybersecurity strategies on the improvement of cybersecurity education,and,0.087
134,The role of national cybersecurity strategies on the improvement of cybersecurity education,associated,0.1785
134,The role of national cybersecurity strategies on the improvement of cybersecurity education,creation,0.2162
134,The role of national cybersecurity strategies on the improvement of cybersecurity education,cyber,0.084
134,The role of national cybersecurity strategies on the improvement of cybersecurity education,cybersecurity,0.5668
134,The role of national cybersecurity strategies on the improvement of cybersecurity education,ecosystem,0.2162
134,The role of national cybersecurity strategies on the improvement of cybersecurity education,education,0.1408
134,The role of national cybersecurity strategies on the improvement of cybersecurity education,existing,0.1785
134,The role of national cybersecurity strategies on the improvement of cybersecurity education,improvement,0.1924
134,The role of national cybersecurity strategies on the improvement of cybersecurity education,in,0.0513
134,The role of national cybersecurity strategies on the improvement of cybersecurity education,national,0.1924
134,The role of national cybersecurity strategies on the improvement of cybersecurity education,ncsps,0.2162
134,The role of national cybersecurity strategies on the improvement of cybersecurity education,of,0.1234
134,The role of national cybersecurity strategies on the improvement of cybersecurity education,on,0.0786
134,The role of national cybersecurity strategies on the improvement of cybersecurity education,plans,0.2162
134,The role of national cybersecurity strategies on the improvement of cybersecurity education,resilient,0.2162
134,The role of national cybersecurity strategies on the improvement of cybersecurity education,role,0.1232
134,The role of national cybersecurity strategies on the improvement of cybersecurity education,sovereignty,0.2162
134,The role of national cybersecurity strategies on the improvement of cybersecurity education,strategic,0.1924
134,The role of national cybersecurity strategies on the improvement of cybersecurity education,strategies,0.1785
134,The role of national cybersecurity strategies on the improvement of cybersecurity education,supporting,0.1924
134,The role of national cybersecurity strategies on the improvement of cybersecurity education,the,0.1671
134,The role of national cybersecurity strategies on the improvement of cybersecurity education,this,0.0786
135,"Generative AI for cyber security: Analyzing the potential of ChatGPT, DALL-E, and other models for enhancing the security space",ability,0.1627
135,"Generative AI for cyber security: Analyzing the potential of ChatGPT, DALL-E, and other models for enhancing the security space",ai,0.141
135,"Generative AI for cyber security: Analyzing the potential of ChatGPT, DALL-E, and other models for enhancing the security space",also,0.1193
135,"Generative AI for cyber security: Analyzing the potential of ChatGPT, DALL-E, and other models for enhancing the security space",an,0.0858
135,"Generative AI for cyber security: Analyzing the potential of ChatGPT, DALL-E, and other models for enhancing the security space",analyzing,0.1537
135,"Generative AI for cyber security: Analyzing the potential of ChatGPT, DALL-E, and other models for enhancing the security space",and,0.0793
135,"Generative AI for cyber security: Analyzing the potential of ChatGPT, DALL-E, and other models for enhancing the security space",between,0.122
135,"Generative AI for cyber security: Analyzing the potential of ChatGPT, DALL-E, and other models for enhancing the security space",bridge,0.1971
135,"Generative AI for cyber security: Analyzing the potential of ChatGPT, DALL-E, and other models for enhancing the security space",can,0.1066
135,"Generative AI for cyber security: Analyzing the potential of ChatGPT, DALL-E, and other models for enhancing the security space",chatgpt,0.1537
135,"Generative AI for cyber security: Analyzing the potential of ChatGPT, DALL-E, and other models for enhancing the security space",cyber,0.3064
135,"Generative AI for cyber security: Analyzing the potential of ChatGPT, DALL-E, and other models for enhancing the security space",dalle,0.1971
135,"Generative AI for cyber security: Analyzing the potential of ChatGPT, DALL-E, and other models for enhancing the security space",enhancing,0.1362
135,"Generative AI for cyber security: Analyzing the potential of ChatGPT, DALL-E, and other models for enhancing the security space",explanations,0.1971
135,"Generative AI for cyber security: Analyzing the potential of ChatGPT, DALL-E, and other models for enhancing the security space",for,0.1742
135,"Generative AI for cyber security: Analyzing the potential of ChatGPT, DALL-E, and other models for enhancing the security space",gai,0.1971
135,"Generative AI for cyber security: Analyzing the potential of ChatGPT, DALL-E, and other models for enhancing the security space",gap,0.1627
135,"Generative AI for cyber security: Analyzing the potential of ChatGPT, DALL-E, and other models for enhancing the security space",generative,0.1754
135,"Generative AI for cyber security: Analyzing the potential of ChatGPT, DALL-E, and other models for enhancing the security space",help,0.141
135,"Generative AI for cyber security: Analyzing the potential of ChatGPT, DALL-E, and other models for enhancing the security space",helping,0.1971
135,"Generative AI for cyber security: Analyzing the potential of ChatGPT, DALL-E, and other models for enhancing the security space",hence,0.1971
135,"Generative AI for cyber security: Analyzing the potential of ChatGPT, DALL-E, and other models for enhancing the security space",issues,0.264
135,"Generative AI for cyber security: Analyzing the potential of ChatGPT, DALL-E, and other models for enhancing the security space",models,0.1193
135,"Generative AI for cyber security: Analyzing the potential of ChatGPT, DALL-E, and other models for enhancing the security space",of,0.075
135,"Generative AI for cyber security: Analyzing the potential of ChatGPT, DALL-E, and other models for enhancing the security space",organization,0.1971
135,"Generative AI for cyber security: Analyzing the potential of ChatGPT, DALL-E, and other models for enhancing the security space",other,0.1754
135,"Generative AI for cyber security: Analyzing the potential of ChatGPT, DALL-E, and other models for enhancing the security space",potential,0.1362
135,"Generative AI for cyber security: Analyzing the potential of ChatGPT, DALL-E, and other models for enhancing the security space",security,0.3064
135,"Generative AI for cyber security: Analyzing the potential of ChatGPT, DALL-E, and other models for enhancing the security space",space,0.1754
135,"Generative AI for cyber security: Analyzing the potential of ChatGPT, DALL-E, and other models for enhancing the security space",the,0.1142
135,"Generative AI for cyber security: Analyzing the potential of ChatGPT, DALL-E, and other models for enhancing the security space",them,0.1467
135,"Generative AI for cyber security: Analyzing the potential of ChatGPT, DALL-E, and other models for enhancing the security space",this,0.0717
135,"Generative AI for cyber security: Analyzing the potential of ChatGPT, DALL-E, and other models for enhancing the security space",understood,0.1971
135,"Generative AI for cyber security: Analyzing the potential of ChatGPT, DALL-E, and other models for enhancing the security space",various,0.1362
136,Cyber security threats: A never-ending challenge for e-commerce,and,0.0837
136,Cyber security threats: A never-ending challenge for e-commerce,challenge,0.5553
136,Cyber security threats: A never-ending challenge for e-commerce,challenges,0.1144
136,Cyber security threats: A never-ending challenge for e-commerce,concerns,0.1851
136,Cyber security threats: A never-ending challenge for e-commerce,cyber,0.3234
136,Cyber security threats: A never-ending challenge for e-commerce,ecommerce,0.416
136,Cyber security threats: A never-ending challenge for e-commerce,explores,0.1717
136,Cyber security threats: A never-ending challenge for e-commerce,for,0.0613
136,Cyber security threats: A never-ending challenge for e-commerce,have,0.1208
136,Cyber security threats: A never-ending challenge for e-commerce,is,0.0769
136,Cyber security threats: A never-ending challenge for e-commerce,neverending,0.208
136,Cyber security threats: A never-ending challenge for e-commerce,of,0.0792
136,Cyber security threats: A never-ending challenge for e-commerce,one,0.1488
136,Cyber security threats: A never-ending challenge for e-commerce,security,0.3234
136,Cyber security threats: A never-ending challenge for e-commerce,study,0.103
136,Cyber security threats: A never-ending challenge for e-commerce,technology,0.1208
136,Cyber security threats: A never-ending challenge for e-commerce,that,0.0816
136,Cyber security threats: A never-ending challenge for e-commerce,the,0.0402
136,Cyber security threats: A never-ending challenge for e-commerce,them,0.1548
136,Cyber security threats: A never-ending challenge for e-commerce,this,0.0757
136,Cyber security threats: A never-ending challenge for e-commerce,threats,0.2576
137,Defining cyber security and cyber security risk within a multidisciplinary context using expert elicitation,and,0.0703
137,Defining cyber security and cyber security risk within a multidisciplinary context using expert elicitation,comprehensive,0.1136
137,Defining cyber security and cyber security risk within a multidisciplinary context using expert elicitation,context,0.1361
137,Defining cyber security and cyber security risk within a multidisciplinary context using expert elicitation,cyber,0.407
137,Defining cyber security and cyber security risk within a multidisciplinary context using expert elicitation,cybersecurity,0.0915
137,Defining cyber security and cyber security risk within a multidisciplinary context using expert elicitation,defining,0.1441
137,Defining cyber security and cyber security risk within a multidisciplinary context using expert elicitation,definitions,0.1553
137,Defining cyber security and cyber security risk within a multidisciplinary context using expert elicitation,develop,0.1361
137,Defining cyber security and cyber security risk within a multidisciplinary context using expert elicitation,elicitation,0.349
137,Defining cyber security and cyber security risk within a multidisciplinary context using expert elicitation,expert,0.349
137,Defining cyber security and cyber security risk within a multidisciplinary context using expert elicitation,factors,0.1249
137,Defining cyber security and cyber security risk within a multidisciplinary context using expert elicitation,multidisciplinary,0.1745
137,Defining cyber security and cyber security risk within a multidisciplinary context using expert elicitation,of,0.0332
137,Defining cyber security and cyber security risk within a multidisciplinary context using expert elicitation,process,0.1361
137,Defining cyber security and cyber security risk within a multidisciplinary context using expert elicitation,risk,0.4322
137,Defining cyber security and cyber security risk within a multidisciplinary context using expert elicitation,security,0.407
137,Defining cyber security and cyber security risk within a multidisciplinary context using expert elicitation,significant,0.1441
137,Defining cyber security and cyber security risk within a multidisciplinary context using expert elicitation,this,0.0635
137,Defining cyber security and cyber security risk within a multidisciplinary context using expert elicitation,to,0.0453
137,Defining cyber security and cyber security risk within a multidisciplinary context using expert elicitation,used,0.0944
137,Defining cyber security and cyber security risk within a multidisciplinary context using expert elicitation,using,0.0832
137,Defining cyber security and cyber security risk within a multidisciplinary context using expert elicitation,we,0.0697
137,Defining cyber security and cyber security risk within a multidisciplinary context using expert elicitation,within,0.1299
138,"Study of smart grid cyber-security, examining architectures, communication networks, cyber-attacks, countermeasure techniques, and challenges",all,0.1424
138,"Study of smart grid cyber-security, examining architectures, communication networks, cyber-attacks, countermeasure techniques, and challenges",and,0.083
138,"Study of smart grid cyber-security, examining architectures, communication networks, cyber-attacks, countermeasure techniques, and challenges",architectures,0.1607
138,"Study of smart grid cyber-security, examining architectures, communication networks, cyber-attacks, countermeasure techniques, and challenges",as,0.0879
138,"Study of smart grid cyber-security, examining architectures, communication networks, cyber-attacks, countermeasure techniques, and challenges",assure,0.2061
138,"Study of smart grid cyber-security, examining architectures, communication networks, cyber-attacks, countermeasure techniques, and challenges",assuring,0.2061
138,"Study of smart grid cyber-security, examining architectures, communication networks, cyber-attacks, countermeasure techniques, and challenges",by,0.0948
138,"Study of smart grid cyber-security, examining architectures, communication networks, cyber-attacks, countermeasure techniques, and challenges",challenges,0.1134
138,"Study of smart grid cyber-security, examining architectures, communication networks, cyber-attacks, countermeasure techniques, and challenges",communication,0.2061
138,"Study of smart grid cyber-security, examining architectures, communication networks, cyber-attacks, countermeasure techniques, and challenges",concentrating,0.2061
138,"Study of smart grid cyber-security, examining architectures, communication networks, cyber-attacks, countermeasure techniques, and challenges",countermeasure,0.2061
138,"Study of smart grid cyber-security, examining architectures, communication networks, cyber-attacks, countermeasure techniques, and challenges",covering,0.1834
138,"Study of smart grid cyber-security, examining architectures, communication networks, cyber-attacks, countermeasure techniques, and challenges",cyberattacks,0.138
138,"Study of smart grid cyber-security, examining architectures, communication networks, cyber-attacks, countermeasure techniques, and challenges",cybersecurity,0.3241
138,"Study of smart grid cyber-security, examining architectures, communication networks, cyber-attacks, countermeasure techniques, and challenges",examining,0.1701
138,"Study of smart grid cyber-security, examining architectures, communication networks, cyber-attacks, countermeasure techniques, and challenges",framework,0.1424
138,"Study of smart grid cyber-security, examining architectures, communication networks, cyber-attacks, countermeasure techniques, and challenges",grid,0.1834
138,"Study of smart grid cyber-security, examining architectures, communication networks, cyber-attacks, countermeasure techniques, and challenges",in,0.0489
138,"Study of smart grid cyber-security, examining architectures, communication networks, cyber-attacks, countermeasure techniques, and challenges",level,0.2061
138,"Study of smart grid cyber-security, examining architectures, communication networks, cyber-attacks, countermeasure techniques, and challenges",networks,0.1701
138,"Study of smart grid cyber-security, examining architectures, communication networks, cyber-attacks, countermeasure techniques, and challenges",nist,0.2061
138,"Study of smart grid cyber-security, examining architectures, communication networks, cyber-attacks, countermeasure techniques, and challenges",not,0.1248
138,"Study of smart grid cyber-security, examining architectures, communication networks, cyber-attacks, countermeasure techniques, and challenges",of,0.1176
138,"Study of smart grid cyber-security, examining architectures, communication networks, cyber-attacks, countermeasure techniques, and challenges",on,0.075
138,"Study of smart grid cyber-security, examining architectures, communication networks, cyber-attacks, countermeasure techniques, and challenges",only,0.1701
138,"Study of smart grid cyber-security, examining architectures, communication networks, cyber-attacks, countermeasure techniques, and challenges",order,0.1834
138,"Study of smart grid cyber-security, examining architectures, communication networks, cyber-attacks, countermeasure techniques, and challenges",reasonable,0.2061
138,"Study of smart grid cyber-security, examining architectures, communication networks, cyber-attacks, countermeasure techniques, and challenges",security,0.0801
138,"Study of smart grid cyber-security, examining architectures, communication networks, cyber-attacks, countermeasure techniques, and challenges",smart,0.1607
138,"Study of smart grid cyber-security, examining architectures, communication networks, cyber-attacks, countermeasure techniques, and challenges",specific,0.1534
138,"Study of smart grid cyber-security, examining architectures, communication networks, cyber-attacks, countermeasure techniques, and challenges",steps,0.3402
138,"Study of smart grid cyber-security, examining architectures, communication networks, cyber-attacks, countermeasure techniques, and challenges",study,0.1021
138,"Study of smart grid cyber-security, examining architectures, communication networks, cyber-attacks, countermeasure techniques, and challenges",techniques,0.1307
138,"Study of smart grid cyber-security, examining architectures, communication networks, cyber-attacks, countermeasure techniques, and challenges",the,0.0796
138,"Study of smart grid cyber-security, examining architectures, communication networks, cyber-attacks, countermeasure techniques, and challenges",to,0.0535
139,The role of cyber security in a digitalizing economy: a development perspective,an,0.0923
139,The role of cyber security in a digitalizing economy: a development perspective,and,0.0427
139,The role of cyber security in a digitalizing economy: a development perspective,are,0.108
139,The role of cyber security in a digitalizing economy: a development perspective,article,0.1465
139,The role of cyber security in a digitalizing economy: a development perspective,as,0.0905
139,The role of cyber security in a digitalizing economy: a development perspective,cyber,0.3297
139,The role of cyber security in a digitalizing economy: a development perspective,development,0.0896
139,The role of cyber security in a digitalizing economy: a development perspective,digitalizing,0.212
139,The role of cyber security in a digitalizing economy: a development perspective,economy,0.212
139,The role of cyber security in a digitalizing economy: a development perspective,from,0.1147
139,The role of cyber security in a digitalizing economy: a development perspective,in,0.1006
139,The role of cyber security in a digitalizing economy: a development perspective,information,0.3501
139,The role of cyber security in a digitalizing economy: a development perspective,not,0.1284
139,The role of cyber security in a digitalizing economy: a development perspective,of,0.0403
139,The role of cyber security in a digitalizing economy: a development perspective,perspective,0.1751
139,The role of cyber security in a digitalizing economy: a development perspective,primarily,0.212
139,The role of cyber security in a digitalizing economy: a development perspective,role,0.1209
139,The role of cyber security in a digitalizing economy: a development perspective,same,0.212
139,The role of cyber security in a digitalizing economy: a development perspective,security,0.4945
139,The role of cyber security in a digitalizing economy: a development perspective,spremi,0.212
139,The role of cyber security in a digitalizing economy: a development perspective,the,0.1229
139,The role of cyber security in a digitalizing economy: a development perspective,thing,0.212
139,The role of cyber security in a digitalizing economy: a development perspective,titled,0.212
139,The role of cyber security in a digitalizing economy: a development perspective,to,0.055
139,The role of cyber security in a digitalizing economy: a development perspective,transition,0.212
140,When llms meet cybersecurity: A systematic literature review,advancement,0.2262
140,When llms meet cybersecurity: A systematic literature review,and,0.0911
140,When llms meet cybersecurity: A systematic literature review,applicable,0.2262
140,When llms meet cybersecurity: A systematic literature review,applications,0.0937
140,When llms meet cybersecurity: A systematic literature review,are,0.1152
140,When llms meet cybersecurity: A systematic literature review,cybersecurity,0.3559
140,When llms meet cybersecurity: A systematic literature review,delve,0.2262
140,When llms meet cybersecurity: A systematic literature review,enhancing,0.1563
140,When llms meet cybersecurity: A systematic literature review,impact,0.137
140,When llms meet cybersecurity: A systematic literature review,in,0.0537
140,When llms meet cybersecurity: A systematic literature review,into,0.1473
140,When llms meet cybersecurity: A systematic literature review,its,0.1473
140,When llms meet cybersecurity: A systematic literature review,literature,0.1563
140,When llms meet cybersecurity: A systematic literature review,llms,0.5603
140,When llms meet cybersecurity: A systematic literature review,meet,0.2013
140,When llms meet cybersecurity: A systematic literature review,on,0.0823
140,When llms meet cybersecurity: A systematic literature review,potential,0.1563
140,When llms meet cybersecurity: A systematic literature review,practices,0.1764
140,When llms meet cybersecurity: A systematic literature review,review,0.1006
140,When llms meet cybersecurity: A systematic literature review,systematic,0.137
140,When llms meet cybersecurity: A systematic literature review,tasks,0.1764
140,When llms meet cybersecurity: A systematic literature review,the,0.0437
140,When llms meet cybersecurity: A systematic literature review,to,0.0587
140,When llms meet cybersecurity: A systematic literature review,various,0.1563
140,When llms meet cybersecurity: A systematic literature review,we,0.0903
140,When llms meet cybersecurity: A systematic literature review,when,0.1563
140,When llms meet cybersecurity: A systematic literature review,which,0.1205
140,When llms meet cybersecurity: A systematic literature review,will,0.1473
141,Evolution of the cyber security threat: an overview of the scale of cyber threat,about,0.1724
141,Evolution of the cyber security threat: an overview of the scale of cyber threat,an,0.0963
141,Evolution of the cyber security threat: an overview of the scale of cyber threat,and,0.089
141,Evolution of the cyber security threat: an overview of the scale of cyber threat,another,0.1967
141,Evolution of the cyber security threat: an overview of the scale of cyber threat,be,0.1216
141,Evolution of the cyber security threat: an overview of the scale of cyber threat,can,0.1196
141,Evolution of the cyber security threat: an overview of the scale of cyber threat,cyber,0.4296
141,Evolution of the cyber security threat: an overview of the scale of cyber threat,danger,0.221
141,Evolution of the cyber security threat: an overview of the scale of cyber threat,evolution,0.1967
141,Evolution of the cyber security threat: an overview of the scale of cyber threat,forwardlooking,0.221
141,Evolution of the cyber security threat: an overview of the scale of cyber threat,interchangeably,0.221
141,Evolution of the cyber security threat: an overview of the scale of cyber threat,is,0.0817
141,Evolution of the cyber security threat: an overview of the scale of cyber threat,measures,0.1825
141,Evolution of the cyber security threat: an overview of the scale of cyber threat,of,0.1262
141,Evolution of the cyber security threat: an overview of the scale of cyber threat,overview,0.1481
141,Evolution of the cyber security threat: an overview of the scale of cyber threat,perspectives,0.1825
141,Evolution of the cyber security threat: an overview of the scale of cyber threat,rapid,0.1825
141,Evolution of the cyber security threat: an overview of the scale of cyber threat,scale,0.1825
141,Evolution of the cyber security threat: an overview of the scale of cyber threat,security,0.3437
141,Evolution of the cyber security threat: an overview of the scale of cyber threat,technology,0.1284
141,Evolution of the cyber security threat: an overview of the scale of cyber threat,term,0.1825
141,Evolution of the cyber security threat: an overview of the scale of cyber threat,that,0.0867
141,Evolution of the cyber security threat: an overview of the scale of cyber threat,the,0.0854
141,Evolution of the cyber security threat: an overview of the scale of cyber threat,threat,0.3649
141,Evolution of the cyber security threat: an overview of the scale of cyber threat,used,0.1196
141,Evolution of the cyber security threat: an overview of the scale of cyber threat,with,0.0874
142,Cyber security training for critical infrastructure protection: A literature review,allow,0.1909
142,Cyber security training for critical infrastructure protection: A literature review,and,0.0432
142,Cyber security training for critical infrastructure protection: A literature review,critical,0.3193
142,Cyber security training for critical infrastructure protection: A literature review,current,0.1673
142,Cyber security training for critical infrastructure protection: A literature review,cyber,0.0834
142,Cyber security training for critical infrastructure protection: A literature review,cybersecurity,0.1125
142,Cyber security training for critical infrastructure protection: A literature review,establish,0.2145
142,Cyber security training for critical infrastructure protection: A literature review,for,0.1264
142,Cyber security training for critical infrastructure protection: A literature review,in,0.1018
142,Cyber security training for critical infrastructure protection: A literature review,indicators,0.2145
142,Cyber security training for critical infrastructure protection: A literature review,infrastructure,0.3817
142,Cyber security training for critical infrastructure protection: A literature review,key,0.1535
142,Cyber security training for critical infrastructure protection: A literature review,kpis,0.2145
142,Cyber security training for critical infrastructure protection: A literature review,literature,0.1482
142,Cyber security training for critical infrastructure protection: A literature review,offerings,0.2145
142,Cyber security training for critical infrastructure protection: A literature review,performance,0.1535
142,Cyber security training for critical infrastructure protection: A literature review,protection,0.3541
142,Cyber security training for critical infrastructure protection: A literature review,review,0.0954
142,Cyber security training for critical infrastructure protection: A literature review,security,0.0834
142,Cyber security training for critical infrastructure protection: A literature review,seek,0.2145
142,Cyber security training for critical infrastructure protection: A literature review,stateoftheart,0.2145
142,Cyber security training for critical infrastructure protection: A literature review,study,0.1062
142,Cyber security training for critical infrastructure protection: A literature review,that,0.0841
142,Cyber security training for critical infrastructure protection: A literature review,the,0.0829
142,Cyber security training for critical infrastructure protection: A literature review,this,0.078
142,Cyber security training for critical infrastructure protection: A literature review,to,0.0557
142,Cyber security training for critical infrastructure protection: A literature review,training,0.3345
142,Cyber security training for critical infrastructure protection: A literature review,we,0.0856
143,"Cyber security awareness, knowledge and behavior: A comparative study",and,0.1352
143,"Cyber security awareness, knowledge and behavior: A comparative study",as,0.0955
143,"Cyber security awareness, knowledge and behavior: A comparative study",awareness,0.4478
143,"Cyber security awareness, knowledge and behavior: A comparative study",behavior,0.2239
143,"Cyber security awareness, knowledge and behavior: A comparative study",between,0.1386
143,"Cyber security awareness, knowledge and behavior: A comparative study",comparative,0.1746
143,"Cyber security awareness, knowledge and behavior: A comparative study",consumption,0.2239
143,"Cyber security awareness, knowledge and behavior: A comparative study",continue,0.2239
143,"Cyber security awareness, knowledge and behavior: A comparative study",cyber,0.2611
143,"Cyber security awareness, knowledge and behavior: A comparative study",data,0.1276
143,"Cyber security awareness, knowledge and behavior: A comparative study",focuses,0.2239
143,"Cyber security awareness, knowledge and behavior: A comparative study",increase,0.1848
143,"Cyber security awareness, knowledge and behavior: A comparative study",internet,0.1848
143,"Cyber security awareness, knowledge and behavior: A comparative study",knowledge,0.3333
143,"Cyber security awareness, knowledge and behavior: A comparative study",of,0.0426
143,"Cyber security awareness, knowledge and behavior: A comparative study",on,0.0814
143,"Cyber security awareness, knowledge and behavior: A comparative study",rates,0.2239
143,"Cyber security awareness, knowledge and behavior: A comparative study",relationships,0.1992
143,"Cyber security awareness, knowledge and behavior: A comparative study",security,0.2611
143,"Cyber security awareness, knowledge and behavior: A comparative study",study,0.2218
143,"Cyber security awareness, knowledge and behavior: A comparative study",the,0.0433
143,"Cyber security awareness, knowledge and behavior: A comparative study",this,0.0814
143,"Cyber security awareness, knowledge and behavior: A comparative study",to,0.0581
143,"Cyber security awareness, knowledge and behavior: A comparative study",usage,0.1746
144,"Dynamic defenses in cyber security: Techniques, methods and challenges",and,0.1239
144,"Dynamic defenses in cyber security: Techniques, methods and challenges",basic,0.1825
144,"Dynamic defenses in cyber security: Techniques, methods and challenges",challenges,0.2257
144,"Dynamic defenses in cyber security: Techniques, methods and challenges",concepts,0.1693
144,"Dynamic defenses in cyber security: Techniques, methods and challenges",cyber,0.3189
144,"Dynamic defenses in cyber security: Techniques, methods and challenges",defense,0.3651
144,"Dynamic defenses in cyber security: Techniques, methods and challenges",defenses,0.1825
144,"Dynamic defenses in cyber security: Techniques, methods and challenges",define,0.2051
144,"Dynamic defenses in cyber security: Techniques, methods and challenges",dynamic,0.4799
144,"Dynamic defenses in cyber security: Techniques, methods and challenges",firstly,0.2051
144,"Dynamic defenses in cyber security: Techniques, methods and challenges",for,0.0604
144,"Dynamic defenses in cyber security: Techniques, methods and challenges",in,0.1946
144,"Dynamic defenses in cyber security: Techniques, methods and challenges",introduce,0.16
144,"Dynamic defenses in cyber security: Techniques, methods and challenges",methods,0.127
144,"Dynamic defenses in cyber security: Techniques, methods and challenges",open,0.16
144,"Dynamic defenses in cyber security: Techniques, methods and challenges",opportunities,0.1468
144,"Dynamic defenses in cyber security: Techniques, methods and challenges",security,0.3189
144,"Dynamic defenses in cyber security: Techniques, methods and challenges",specifically,0.1825
144,"Dynamic defenses in cyber security: Techniques, methods and challenges",techniques,0.1301
144,"Dynamic defenses in cyber security: Techniques, methods and challenges",we,0.0819
145,Artificial intelligence predictions in cyber security: Analysis and early detection of cyber attacks,addressing,0.1423
145,Artificial intelligence predictions in cyber security: Analysis and early detection of cyber attacks,aim,0.1367
145,Artificial intelligence predictions in cyber security: Analysis and early detection of cyber attacks,analysis,0.1002
145,Artificial intelligence predictions in cyber security: Analysis and early detection of cyber attacks,and,0.0769
145,Artificial intelligence predictions in cyber security: Analysis and early detection of cyber attacks,applied,0.1911
145,Artificial intelligence predictions in cyber security: Analysis and early detection of cyber attacks,artificial,0.128
145,Artificial intelligence predictions in cyber security: Analysis and early detection of cyber attacks,attacks,0.3156
145,Artificial intelligence predictions in cyber security: Analysis and early detection of cyber attacks,by,0.0879
145,Artificial intelligence predictions in cyber security: Analysis and early detection of cyber attacks,constantlyevolving,0.1911
145,Artificial intelligence predictions in cyber security: Analysis and early detection of cyber attacks,cyber,0.4457
145,Artificial intelligence predictions in cyber security: Analysis and early detection of cyber attacks,detection,0.3156
145,Artificial intelligence predictions in cyber security: Analysis and early detection of cyber attacks,dynamic,0.149
145,Artificial intelligence predictions in cyber security: Analysis and early detection of cyber attacks,early,0.3822
145,Artificial intelligence predictions in cyber security: Analysis and early detection of cyber attacks,in,0.0453
145,Artificial intelligence predictions in cyber security: Analysis and early detection of cyber attacks,intelligence,0.1321
145,Artificial intelligence predictions in cyber security: Analysis and early detection of cyber attacks,landscape,0.1578
145,Artificial intelligence predictions in cyber security: Analysis and early detection of cyber attacks,ml,0.1157
145,Artificial intelligence predictions in cyber security: Analysis and early detection of cyber attacks,of,0.1455
145,Artificial intelligence predictions in cyber security: Analysis and early detection of cyber attacks,predictions,0.3402
145,Artificial intelligence predictions in cyber security: Analysis and early detection of cyber attacks,security,0.2229
145,Artificial intelligence predictions in cyber security: Analysis and early detection of cyber attacks,solutions,0.149
145,Artificial intelligence predictions in cyber security: Analysis and early detection of cyber attacks,the,0.0739
145,Artificial intelligence predictions in cyber security: Analysis and early detection of cyber attacks,to,0.0992
146,Strategic cybersecurity,and,0.1086
146,Strategic cybersecurity,bolstering,0.2697
146,Strategic cybersecurity,cyber,0.2097
146,Strategic cybersecurity,cybersecurity,0.4242
146,Strategic cybersecurity,digital,0.2226
146,Strategic cybersecurity,ensuring,0.2226
146,Strategic cybersecurity,global,0.2226
146,Strategic cybersecurity,international,0.24
146,Strategic cybersecurity,national,0.24
146,Strategic cybersecurity,of,0.0513
146,Strategic cybersecurity,promoting,0.2697
146,Strategic cybersecurity,protection,0.2226
146,Strategic cybersecurity,robust,0.24
146,Strategic cybersecurity,security,0.1048
146,Strategic cybersecurity,stature,0.2697
146,Strategic cybersecurity,strategic,0.24
146,Strategic cybersecurity,strategies,0.2226
146,Strategic cybersecurity,the,0.0521
146,Strategic cybersecurity,their,0.1537
146,Strategic cybersecurity,threats,0.167
147,"Uniting cyber security and machine learning: Advantages, challenges and future research",advantages,0.3969
147,"Uniting cyber security and machine learning: Advantages, challenges and future research",also,0.135
147,"Uniting cyber security and machine learning: Advantages, challenges and future research",and,0.1795
147,"Uniting cyber security and machine learning: Advantages, challenges and future research",challenges,0.2453
147,"Uniting cyber security and machine learning: Advantages, challenges and future research",cyber,0.3467
147,"Uniting cyber security and machine learning: Advantages, challenges and future research",discuss,0.1595
147,"Uniting cyber security and machine learning: Advantages, challenges and future research",future,0.1415
147,"Uniting cyber security and machine learning: Advantages, challenges and future research",improves,0.223
147,"Uniting cyber security and machine learning: Advantages, challenges and future research",issues,0.1494
147,"Uniting cyber security and machine learning: Advantages, challenges and future research",learning,0.1526
147,"Uniting cyber security and machine learning: Advantages, challenges and future research",machine,0.1648
147,"Uniting cyber security and machine learning: Advantages, challenges and future research",ml,0.135
147,"Uniting cyber security and machine learning: Advantages, challenges and future research",models,0.135
147,"Uniting cyber security and machine learning: Advantages, challenges and future research",of,0.0849
147,"Uniting cyber security and machine learning: Advantages, challenges and future research",performance,0.1595
147,"Uniting cyber security and machine learning: Advantages, challenges and future research",research,0.1206
147,"Uniting cyber security and machine learning: Advantages, challenges and future research",security,0.3467
147,"Uniting cyber security and machine learning: Advantages, challenges and future research",the,0.1723
147,"Uniting cyber security and machine learning: Advantages, challenges and future research",to,0.0579
147,"Uniting cyber security and machine learning: Advantages, challenges and future research",uniting,0.446
147,"Uniting cyber security and machine learning: Advantages, challenges and future research",we,0.089
148,Cyber security threats on digital banking,also,0.1323
148,Cyber security threats on digital banking,associated,0.1803
148,Cyber security threats on digital banking,banking,0.4369
148,Cyber security threats on digital banking,cyber,0.1698
148,Cyber security threats on digital banking,digital,0.1803
148,Cyber security threats on digital banking,financial,0.1803
148,Cyber security threats on digital banking,important,0.1803
148,Cyber security threats on digital banking,in,0.0518
148,Cyber security threats on digital banking,internet,0.1803
148,Cyber security threats on digital banking,is,0.2422
148,Cyber security threats on digital banking,most,0.1704
148,Cyber security threats on digital banking,of,0.0416
148,Cyber security threats on digital banking,on,0.0795
148,Cyber security threats on digital banking,people,0.1803
148,Cyber security threats on digital banking,problem,0.3888
148,Cyber security threats on digital banking,security,0.3396
148,Cyber security threats on digital banking,since,0.1803
148,Cyber security threats on digital banking,the,0.0844
148,Cyber security threats on digital banking,this,0.1589
148,Cyber security threats on digital banking,threats,0.1353
148,Cyber security threats on digital banking,to,0.0567
148,Cyber security threats on digital banking,unknown,0.2184
148,Cyber security threats on digital banking,usually,0.2184
148,Cyber security threats on digital banking,which,0.1163
148,Cyber security threats on digital banking,with,0.0864
149,Cyber security and the Leviathan,and,0.1054
149,Cyber security and the Leviathan,by,0.1205
149,Cyber security and the Leviathan,conclude,0.2619
149,Cyber security and the Leviathan,cyber,0.3054
149,Cyber security and the Leviathan,cybersecurity,0.1373
149,Cyber security and the Leviathan,findings,0.2619
149,Cyber security and the Leviathan,for,0.0772
149,Cyber security and the Leviathan,implications,0.2331
149,Cyber security and the Leviathan,in,0.1243
149,Cyber security and the Leviathan,indicate,0.2331
149,Cyber security and the Leviathan,leviathan,0.2619
149,Cyber security and the Leviathan,of,0.0498
149,Cyber security and the Leviathan,our,0.1705
149,Cyber security and the Leviathan,particular,0.2331
149,Cyber security and the Leviathan,practitioners,0.2619
149,Cyber security and the Leviathan,security,0.3054
149,Cyber security and the Leviathan,society,0.2162
149,Cyber security and the Leviathan,suggesting,0.2619
149,Cyber security and the Leviathan,that,0.1027
149,Cyber security and the Leviathan,the,0.1012
149,Cyber security and the Leviathan,these,0.1586
149,Cyber security and the Leviathan,we,0.1045
149,Cyber security and the Leviathan,western,0.2619
149,Cyber security and the Leviathan,within,0.195
150,Artificial intelligence in the cyber security environment,and,0.0981
150,Artificial intelligence in the cyber security environment,are,0.1241
150,Artificial intelligence in the cyber security environment,areas,0.2169
150,Artificial intelligence in the cyber security environment,artificial,0.1632
150,Artificial intelligence in the cyber security environment,comprehend,0.2437
150,Artificial intelligence in the cyber security environment,cyber,0.2842
150,Artificial intelligence in the cyber security environment,dangers,0.2437
150,Artificial intelligence in the cyber security environment,data,0.1389
150,Artificial intelligence in the cyber security environment,digital,0.2012
150,Artificial intelligence in the cyber security environment,distinguish,0.2437
150,Artificial intelligence in the cyber security environment,environment,0.2169
150,Artificial intelligence in the cyber security environment,failures,0.2437
150,Artificial intelligence in the cyber security environment,foresee,0.2169
150,Artificial intelligence in the cyber security environment,in,0.0578
150,Artificial intelligence in the cyber security environment,intelligence,0.1684
150,Artificial intelligence in the cyber security environment,issues,0.1632
150,Artificial intelligence in the cyber security environment,measures,0.2012
150,Artificial intelligence in the cyber security environment,network,0.1684
150,Artificial intelligence in the cyber security environment,of,0.0464
150,Artificial intelligence in the cyber security environment,or,0.1509
150,Artificial intelligence in the cyber security environment,protection,0.2012
150,Artificial intelligence in the cyber security environment,related,0.1744
150,Artificial intelligence in the cyber security environment,safety,0.2169
150,Artificial intelligence in the cyber security environment,security,0.3789
150,Artificial intelligence in the cyber security environment,the,0.0471
150,Artificial intelligence in the cyber security environment,to,0.0633
150,Artificial intelligence in the cyber security environment,with,0.0964
151,"Marketing research on Mobile apps: past, present and future",advantage,0.2126
151,"Marketing research on Mobile apps: past, present and future",an,0.0926
151,"Marketing research on Mobile apps: past, present and future",and,0.1284
151,"Marketing research on Mobile apps: past, present and future",apps,0.473
151,"Marketing research on Mobile apps: past, present and future",around,0.2126
151,"Marketing research on Mobile apps: past, present and future",attached,0.2126
151,"Marketing research on Mobile apps: past, present and future",brand,0.1892
151,"Marketing research on Mobile apps: past, present and future",clarifying,0.2126
151,"Marketing research on Mobile apps: past, present and future",competitive,0.1892
151,"Marketing research on Mobile apps: past, present and future",existing,0.1756
151,"Marketing research on Mobile apps: past, present and future",expanding,0.2126
151,"Marketing research on Mobile apps: past, present and future",for,0.0627
151,"Marketing research on Mobile apps: past, present and future",future,0.1349
151,"Marketing research on Mobile apps: past, present and future",how,0.1317
151,"Marketing research on Mobile apps: past, present and future",in,0.0505
151,"Marketing research on Mobile apps: past, present and future",instances,0.2126
151,"Marketing research on Mobile apps: past, present and future",is,0.0786
151,"Marketing research on Mobile apps: past, present and future",known,0.1892
151,"Marketing research on Mobile apps: past, present and future",marketing,0.2126
151,"Marketing research on Mobile apps: past, present and future",mobile,0.1559
151,"Marketing research on Mobile apps: past, present and future",of,0.0405
151,"Marketing research on Mobile apps: past, present and future",on,0.1547
151,"Marketing research on Mobile apps: past, present and future",past,0.1756
151,"Marketing research on Mobile apps: past, present and future",present,0.1522
151,"Marketing research on Mobile apps: past, present and future",research,0.2301
151,"Marketing research on Mobile apps: past, present and future",shape,0.1892
151,"Marketing research on Mobile apps: past, present and future",to,0.0552
151,"Marketing research on Mobile apps: past, present and future",via,0.1658
151,"Marketing research on Mobile apps: past, present and future",what,0.1583
152,A survey of performance optimization for mobile applications,affect,0.2417
152,A survey of performance optimization for mobile applications,and,0.0973
152,A survey of performance optimization for mobile applications,applications,0.2003
152,A survey of performance optimization for mobile applications,are,0.1231
152,A survey of performance optimization for mobile applications,can,0.1308
152,A survey of performance optimization for mobile applications,consist,0.2151
152,A survey of performance optimization for mobile applications,devices,0.3771
152,A survey of performance optimization for mobile applications,embedded,0.2417
152,A survey of performance optimization for mobile applications,explain,0.2417
152,A survey of performance optimization for mobile applications,finally,0.1885
152,A survey of performance optimization for mobile applications,for,0.0712
152,A survey of performance optimization for mobile applications,function,0.2417
152,A survey of performance optimization for mobile applications,hardware,0.2151
152,A survey of performance optimization for mobile applications,how,0.1497
152,A survey of performance optimization for mobile applications,mobile,0.3545
152,A survey of performance optimization for mobile applications,of,0.138
152,A survey of performance optimization for mobile applications,optimization,0.18
152,A survey of performance optimization for mobile applications,performance,0.3459
152,A survey of performance optimization for mobile applications,survey,0.1378
152,A survey of performance optimization for mobile applications,systems,0.1671
152,A survey of performance optimization for mobile applications,that,0.0948
152,A survey of performance optimization for mobile applications,the,0.0467
152,A survey of performance optimization for mobile applications,users,0.1497
152,A survey of performance optimization for mobile applications,we,0.0965
168,What works best to engage participants in mobile app interventions and e-health: a scoping review,adult,0.2057
168,What works best to engage participants in mobile app interventions and e-health: a scoping review,after,0.1831
168,What works best to engage participants in mobile app interventions and e-health: a scoping review,and,0.1242
168,What works best to engage participants in mobile app interventions and e-health: a scoping review,app,0.1033
168,What works best to engage participants in mobile app interventions and e-health: a scoping review,applying,0.1698
168,What works best to engage participants in mobile app interventions and e-health: a scoping review,appmobile,0.2057
168,What works best to engage participants in mobile app interventions and e-health: a scoping review,apps,0.0915
168,What works best to engage participants in mobile app interventions and e-health: a scoping review,articles,0.2057
168,What works best to engage participants in mobile app interventions and e-health: a scoping review,benefits,0.1698
168,What works best to engage participants in mobile app interventions and e-health: a scoping review,best,0.1698
168,What works best to engage participants in mobile app interventions and e-health: a scoping review,ehealth,0.2057
168,What works best to engage participants in mobile app interventions and e-health: a scoping review,engage,0.2057
168,What works best to engage participants in mobile app interventions and e-health: a scoping review,engagement,0.1472
168,What works best to engage participants in mobile app interventions and e-health: a scoping review,featured,0.2057
168,What works best to engage participants in mobile app interventions and e-health: a scoping review,health,0.1378
168,What works best to engage participants in mobile app interventions and e-health: a scoping review,in,0.0488
168,What works best to engage participants in mobile app interventions and e-health: a scoping review,interventions,0.3396
168,What works best to engage participants in mobile app interventions and e-health: a scoping review,mobile,0.3017
168,What works best to engage participants in mobile app interventions and e-health: a scoping review,of,0.0391
168,What works best to engage participants in mobile app interventions and e-health: a scoping review,participants,0.2057
168,What works best to engage participants in mobile app interventions and e-health: a scoping review,review,0.183
168,What works best to engage participants in mobile app interventions and e-health: a scoping review,scoping,0.2057
168,What works best to engage participants in mobile app interventions and e-health: a scoping review,shift,0.2057
168,What works best to engage participants in mobile app interventions and e-health: a scoping review,terms,0.2057
168,What works best to engage participants in mobile app interventions and e-health: a scoping review,that,0.0807
168,What works best to engage participants in mobile app interventions and e-health: a scoping review,the,0.1192
168,What works best to engage participants in mobile app interventions and e-health: a scoping review,this,0.0748
168,What works best to engage participants in mobile app interventions and e-health: a scoping review,to,0.0534
168,What works best to engage participants in mobile app interventions and e-health: a scoping review,toward,0.1831
168,What works best to engage participants in mobile app interventions and e-health: a scoping review,using,0.0981
168,What works best to engage participants in mobile app interventions and e-health: a scoping review,what,0.1531
168,What works best to engage participants in mobile app interventions and e-health: a scoping review,works,0.2057
153,Why people choose Apps: An evaluation of the ecology and user experience of mobile applications,abandoned,0.2085
153,Why people choose Apps: An evaluation of the ecology and user experience of mobile applications,also,0.1262
153,Why people choose Apps: An evaluation of the ecology and user experience of mobile applications,an,0.0908
153,Why people choose Apps: An evaluation of the ecology and user experience of mobile applications,and,0.042
153,Why people choose Apps: An evaluation of the ecology and user experience of mobile applications,any,0.2085
153,Why people choose Apps: An evaluation of the ecology and user experience of mobile applications,applications,0.2591
153,Why people choose Apps: An evaluation of the ecology and user experience of mobile applications,apps,0.1855
153,Why people choose Apps: An evaluation of the ecology and user experience of mobile applications,choose,0.1855
153,Why people choose Apps: An evaluation of the ecology and user experience of mobile applications,completed,0.2085
153,Why people choose Apps: An evaluation of the ecology and user experience of mobile applications,ecology,0.2085
153,Why people choose Apps: An evaluation of the ecology and user experience of mobile applications,evaluation,0.1441
153,Why people choose Apps: An evaluation of the ecology and user experience of mobile applications,experience,0.1262
153,Why people choose Apps: An evaluation of the ecology and user experience of mobile applications,favourite,0.2085
153,Why people choose Apps: An evaluation of the ecology and user experience of mobile applications,four,0.371
153,Why people choose Apps: An evaluation of the ecology and user experience of mobile applications,mobile,0.1529
153,Why people choose Apps: An evaluation of the ecology and user experience of mobile applications,of,0.0793
153,Why people choose Apps: An evaluation of the ecology and user experience of mobile applications,people,0.1721
153,Why people choose Apps: An evaluation of the ecology and user experience of mobile applications,questionnaire,0.1855
153,Why people choose Apps: An evaluation of the ecology and user experience of mobile applications,recording,0.2085
153,Why people choose Apps: An evaluation of the ecology and user experience of mobile applications,reported,0.2085
153,Why people choose Apps: An evaluation of the ecology and user experience of mobile applications,respondents,0.2085
153,Why people choose Apps: An evaluation of the ecology and user experience of mobile applications,seventynine,0.2085
153,Why people choose Apps: An evaluation of the ecology and user experience of mobile applications,the,0.0806
153,Why people choose Apps: An evaluation of the ecology and user experience of mobile applications,their,0.1188
153,Why people choose Apps: An evaluation of the ecology and user experience of mobile applications,they,0.1492
153,Why people choose Apps: An evaluation of the ecology and user experience of mobile applications,to,0.0541
153,Why people choose Apps: An evaluation of the ecology and user experience of mobile applications,top,0.2085
153,Why people choose Apps: An evaluation of the ecology and user experience of mobile applications,up,0.1855
153,Why people choose Apps: An evaluation of the ecology and user experience of mobile applications,user,0.1188
153,Why people choose Apps: An evaluation of the ecology and user experience of mobile applications,why,0.1855
153,Why people choose Apps: An evaluation of the ecology and user experience of mobile applications,with,0.0825
154,A study of mobile app use for teaching and research in higher education,academia,0.2108
154,A study of mobile app use for teaching and research in higher education,and,0.0424
154,A study of mobile app use for teaching and research in higher education,app,0.3176
154,A study of mobile app use for teaching and research in higher education,apps,0.0938
154,A study of mobile app use for teaching and research in higher education,as,0.0899
154,A study of mobile app use for teaching and research in higher education,been,0.1412
154,A study of mobile app use for teaching and research in higher education,conducted,0.1569
154,A study of mobile app use for teaching and research in higher education,development,0.0891
154,A study of mobile app use for teaching and research in higher education,discusses,0.2108
154,A study of mobile app use for teaching and research in higher education,education,0.1373
154,A study of mobile app use for teaching and research in higher education,for,0.0621
154,A study of mobile app use for teaching and research in higher education,have,0.1225
154,A study of mobile app use for teaching and research in higher education,higher,0.2108
154,A study of mobile app use for teaching and research in higher education,identify,0.1644
154,A study of mobile app use for teaching and research in higher education,in,0.1
154,A study of mobile app use for teaching and research in higher education,library,0.2108
154,A study of mobile app use for teaching and research in higher education,mobile,0.3865
154,A study of mobile app use for teaching and research in higher education,of,0.0802
154,A study of mobile app use for teaching and research in higher education,on,0.0767
154,A study of mobile app use for teaching and research in higher education,opposed,0.2108
154,A study of mobile app use for teaching and research in higher education,or,0.1305
154,A study of mobile app use for teaching and research in higher education,research,0.1141
154,A study of mobile app use for teaching and research in higher education,selection,0.2108
154,A study of mobile app use for teaching and research in higher education,studies,0.1412
154,A study of mobile app use for teaching and research in higher education,study,0.1044
154,A study of mobile app use for teaching and research in higher education,teaching,0.174
154,A study of mobile app use for teaching and research in higher education,that,0.0827
154,A study of mobile app use for teaching and research in higher education,the,0.0407
154,A study of mobile app use for teaching and research in higher education,to,0.0547
154,A study of mobile app use for teaching and research in higher education,use,0.4639
154,A study of mobile app use for teaching and research in higher education,we,0.0841
155,Ethical issues of the use of AI-driven mobile apps for education,aidriven,0.5228
155,Ethical issues of the use of AI-driven mobile apps for education,apps,0.1742
155,Ethical issues of the use of AI-driven mobile apps for education,as,0.1671
155,Ethical issues of the use of AI-driven mobile apps for education,attention,0.1958
155,Ethical issues of the use of AI-driven mobile apps for education,education,0.3825
155,Ethical issues of the use of AI-driven mobile apps for education,ethical,0.1743
155,Ethical issues of the use of AI-driven mobile apps for education,for,0.0577
155,Ethical issues of the use of AI-driven mobile apps for education,in,0.0929
155,Ethical issues of the use of AI-driven mobile apps for education,issues,0.2623
155,Ethical issues of the use of AI-driven mobile apps for education,list,0.1958
155,Ethical issues of the use of AI-driven mobile apps for education,mobile,0.2154
155,Ethical issues of the use of AI-driven mobile apps for education,of,0.149
155,Ethical issues of the use of AI-driven mobile apps for education,related,0.1401
155,Ethical issues of the use of AI-driven mobile apps for education,some,0.1743
155,Ethical issues of the use of AI-driven mobile apps for education,special,0.1743
155,Ethical issues of the use of AI-driven mobile apps for education,stakeholders,0.1958
155,Ethical issues of the use of AI-driven mobile apps for education,technologies,0.1353
155,Ethical issues of the use of AI-driven mobile apps for education,the,0.1135
155,Ethical issues of the use of AI-driven mobile apps for education,to,0.1016
155,Ethical issues of the use of AI-driven mobile apps for education,use,0.2154
155,Ethical issues of the use of AI-driven mobile apps for education,using,0.0933
155,Ethical issues of the use of AI-driven mobile apps for education,well,0.1616
155,Ethical issues of the use of AI-driven mobile apps for education,when,0.1353
155,Ethical issues of the use of AI-driven mobile apps for education,with,0.0775
156,Design guidelines of mobile apps for older adults: systematic review and thematic analysis,adults,0.1886
156,Design guidelines of mobile apps for older adults: systematic review and thematic analysis,analysis,0.1111
156,Design guidelines of mobile apps for older adults: systematic review and thematic analysis,and,0.1279
156,Design guidelines of mobile apps for older adults: systematic review and thematic analysis,app,0.1064
156,Design guidelines of mobile apps for older adults: systematic review and thematic analysis,apps,0.377
156,Design guidelines of mobile apps for older adults: systematic review and thematic analysis,better,0.1652
156,Design guidelines of mobile apps for older adults: systematic review and thematic analysis,compiled,0.2119
156,Design guidelines of mobile apps for older adults: systematic review and thematic analysis,conclusions,0.2119
156,Design guidelines of mobile apps for older adults: systematic review and thematic analysis,design,0.2993
156,Design guidelines of mobile apps for older adults: systematic review and thematic analysis,for,0.0624
156,Design guidelines of mobile apps for older adults: systematic review and thematic analysis,guidelines,0.3498
156,Design guidelines of mobile apps for older adults: systematic review and thematic analysis,how,0.1312
156,Design guidelines of mobile apps for older adults: systematic review and thematic analysis,in,0.0503
156,Design guidelines of mobile apps for older adults: systematic review and thematic analysis,mind,0.2119
156,Design guidelines of mobile apps for older adults: systematic review and thematic analysis,mobile,0.3107
156,Design guidelines of mobile apps for older adults: systematic review and thematic analysis,of,0.0806
156,Design guidelines of mobile apps for older adults: systematic review and thematic analysis,older,0.2119
156,Design guidelines of mobile apps for older adults: systematic review and thematic analysis,on,0.0771
156,Design guidelines of mobile apps for older adults: systematic review and thematic analysis,review,0.0942
156,Design guidelines of mobile apps for older adults: systematic review and thematic analysis,specific,0.1577
156,Design guidelines of mobile apps for older adults: systematic review and thematic analysis,such,0.1577
156,Design guidelines of mobile apps for older adults: systematic review and thematic analysis,support,0.1886
156,Design guidelines of mobile apps for older adults: systematic review and thematic analysis,systematic,0.1283
156,Design guidelines of mobile apps for older adults: systematic review and thematic analysis,the,0.0819
156,Design guidelines of mobile apps for older adults: systematic review and thematic analysis,thematic,0.2119
156,Design guidelines of mobile apps for older adults: systematic review and thematic analysis,these,0.1283
156,Design guidelines of mobile apps for older adults: systematic review and thematic analysis,to,0.055
156,Design guidelines of mobile apps for older adults: systematic review and thematic analysis,users,0.1312
156,Design guidelines of mobile apps for older adults: systematic review and thematic analysis,were,0.1577
156,Design guidelines of mobile apps for older adults: systematic review and thematic analysis,with,0.0838
157,The role of mobile application acceptance in shaping e-customer service,acceptance,0.3141
157,The role of mobile application acceptance in shaping e-customer service,app,0.2866
157,The role of mobile application acceptance in shaping e-customer service,application,0.1885
157,The role of mobile application acceptance in shaping e-customer service,associated,0.157
157,The role of mobile application acceptance in shaping e-customer service,ecustomer,0.3805
157,The role of mobile application acceptance in shaping e-customer service,examining,0.157
157,The role of mobile application acceptance in shaping e-customer service,features,0.1416
157,The role of mobile application acceptance in shaping e-customer service,focused,0.1902
157,The role of mobile application acceptance in shaping e-customer service,in,0.0903
157,The role of mobile application acceptance in shaping e-customer service,mobile,0.279
157,The role of mobile application acceptance in shaping e-customer service,multiple,0.157
157,The role of mobile application acceptance in shaping e-customer service,of,0.1086
157,The role of mobile application acceptance in shaping e-customer service,on,0.0692
157,The role of mobile application acceptance in shaping e-customer service,role,0.3253
157,The role of mobile application acceptance in shaping e-customer service,service,0.3805
157,The role of mobile application acceptance in shaping e-customer service,shaping,0.3386
157,The role of mobile application acceptance in shaping e-customer service,study,0.0942
157,The role of mobile application acceptance in shaping e-customer service,the,0.147
157,The role of mobile application acceptance in shaping e-customer service,this,0.0692
157,The role of mobile application acceptance in shaping e-customer service,with,0.0753
158,Determinants of mobile apps adoption among young adults: theoretical extension and analysis,adoption,0.1645
158,Determinants of mobile apps adoption among young adults: theoretical extension and analysis,adults,0.1966
158,Determinants of mobile apps adoption among young adults: theoretical extension and analysis,among,0.2209
158,Determinants of mobile apps adoption among young adults: theoretical extension and analysis,an,0.0962
158,Determinants of mobile apps adoption among young adults: theoretical extension and analysis,analysis,0.1158
158,Determinants of mobile apps adoption among young adults: theoretical extension and analysis,analyze,0.1723
158,Determinants of mobile apps adoption among young adults: theoretical extension and analysis,and,0.0445
158,Determinants of mobile apps adoption among young adults: theoretical extension and analysis,applications,0.1831
158,Determinants of mobile apps adoption among young adults: theoretical extension and analysis,apps,0.2948
158,Determinants of mobile apps adoption among young adults: theoretical extension and analysis,are,0.1125
158,Determinants of mobile apps adoption among young adults: theoretical extension and analysis,context,0.1723
158,Determinants of mobile apps adoption among young adults: theoretical extension and analysis,daily,0.1966
158,Determinants of mobile apps adoption among young adults: theoretical extension and analysis,determinants,0.1966
158,Determinants of mobile apps adoption among young adults: theoretical extension and analysis,determining,0.2209
158,Determinants of mobile apps adoption among young adults: theoretical extension and analysis,essential,0.1824
158,Determinants of mobile apps adoption among young adults: theoretical extension and analysis,extension,0.2209
158,Determinants of mobile apps adoption among young adults: theoretical extension and analysis,factors,0.1581
158,Determinants of mobile apps adoption among young adults: theoretical extension and analysis,in,0.1048
158,Determinants of mobile apps adoption among young adults: theoretical extension and analysis,life,0.1723
158,Determinants of mobile apps adoption among young adults: theoretical extension and analysis,mobile,0.324
158,Determinants of mobile apps adoption among young adults: theoretical extension and analysis,most,0.1723
158,Determinants of mobile apps adoption among young adults: theoretical extension and analysis,now,0.1824
158,Determinants of mobile apps adoption among young adults: theoretical extension and analysis,of,0.1261
158,Determinants of mobile apps adoption among young adults: theoretical extension and analysis,part,0.1824
158,Determinants of mobile apps adoption among young adults: theoretical extension and analysis,the,0.1281
158,Determinants of mobile apps adoption among young adults: theoretical extension and analysis,theoretical,0.1966
158,Determinants of mobile apps adoption among young adults: theoretical extension and analysis,this,0.1607
158,Determinants of mobile apps adoption among young adults: theoretical extension and analysis,to,0.0573
158,Determinants of mobile apps adoption among young adults: theoretical extension and analysis,usage,0.1723
158,Determinants of mobile apps adoption among young adults: theoretical extension and analysis,use,0.1215
158,Determinants of mobile apps adoption among young adults: theoretical extension and analysis,young,0.2209
159,Deep learning methods for accurate skin cancer recognition and mobile application,able,0.343
159,Deep learning methods for accurate skin cancer recognition and mobile application,accurate,0.1927
159,Deep learning methods for accurate skin cancer recognition and mobile application,an,0.0839
159,Deep learning methods for accurate skin cancer recognition and mobile application,and,0.0388
159,Deep learning methods for accurate skin cancer recognition and mobile application,application,0.3818
159,Deep learning methods for accurate skin cancer recognition and mobile application,be,0.318
159,Deep learning methods for accurate skin cancer recognition and mobile application,build,0.1591
159,Deep learning methods for accurate skin cancer recognition and mobile application,cancer,0.1927
159,Deep learning methods for accurate skin cancer recognition and mobile application,classify,0.1715
159,Deep learning methods for accurate skin cancer recognition and mobile application,common,0.1503
159,Deep learning methods for accurate skin cancer recognition and mobile application,deep,0.1193
159,Deep learning methods for accurate skin cancer recognition and mobile application,effective,0.1503
159,Deep learning methods for accurate skin cancer recognition and mobile application,for,0.1135
159,Deep learning methods for accurate skin cancer recognition and mobile application,in,0.0457
159,Deep learning methods for accurate skin cancer recognition and mobile application,is,0.0712
159,Deep learning methods for accurate skin cancer recognition and mobile application,it,0.0995
159,Deep learning methods for accurate skin cancer recognition and mobile application,learning,0.0659
159,Deep learning methods for accurate skin cancer recognition and mobile application,lesions,0.1927
159,Deep learning methods for accurate skin cancer recognition and mobile application,methods,0.1193
159,Deep learning methods for accurate skin cancer recognition and mobile application,mobile,0.2826
159,Deep learning methods for accurate skin cancer recognition and mobile application,our,0.1255
159,Deep learning methods for accurate skin cancer recognition and mobile application,recognition,0.1435
159,Deep learning methods for accurate skin cancer recognition and mobile application,skin,0.343
159,Deep learning methods for accurate skin cancer recognition and mobile application,smartphone,0.1927
159,Deep learning methods for accurate skin cancer recognition and mobile application,to,0.2501
159,Deep learning methods for accurate skin cancer recognition and mobile application,used,0.1043
159,Deep learning methods for accurate skin cancer recognition and mobile application,using,0.0919
160,Features and Functionalities of Medical Mobile Applications for the Endemic Phase of COVID‐19: Review and Content Analysis,aid,0.2083
160,Features and Functionalities of Medical Mobile Applications for the Endemic Phase of COVID‐19: Review and Content Analysis,analysis,0.1092
160,Features and Functionalities of Medical Mobile Applications for the Endemic Phase of COVID‐19: Review and Content Analysis,and,0.0839
160,Features and Functionalities of Medical Mobile Applications for the Endemic Phase of COVID‐19: Review and Content Analysis,app,0.1046
160,Features and Functionalities of Medical Mobile Applications for the Endemic Phase of COVID‐19: Review and Content Analysis,apple,0.2083
160,Features and Functionalities of Medical Mobile Applications for the Endemic Phase of COVID‐19: Review and Content Analysis,applications,0.3452
160,Features and Functionalities of Medical Mobile Applications for the Endemic Phase of COVID‐19: Review and Content Analysis,available,0.1551
160,Features and Functionalities of Medical Mobile Applications for the Endemic Phase of COVID‐19: Review and Content Analysis,choosing,0.2083
160,Features and Functionalities of Medical Mobile Applications for the Endemic Phase of COVID‐19: Review and Content Analysis,content,0.1624
160,Features and Functionalities of Medical Mobile Applications for the Endemic Phase of COVID‐19: Review and Content Analysis,covid,0.2981
160,Features and Functionalities of Medical Mobile Applications for the Endemic Phase of COVID‐19: Review and Content Analysis,current,0.1624
160,Features and Functionalities of Medical Mobile Applications for the Endemic Phase of COVID‐19: Review and Content Analysis,endemic,0.2083
160,Features and Functionalities of Medical Mobile Applications for the Endemic Phase of COVID‐19: Review and Content Analysis,features,0.3101
160,Features and Functionalities of Medical Mobile Applications for the Endemic Phase of COVID‐19: Review and Content Analysis,for,0.0614
160,Features and Functionalities of Medical Mobile Applications for the Endemic Phase of COVID‐19: Review and Content Analysis,functionalities,0.2083
160,Features and Functionalities of Medical Mobile Applications for the Endemic Phase of COVID‐19: Review and Content Analysis,future,0.1321
160,Features and Functionalities of Medical Mobile Applications for the Endemic Phase of COVID‐19: Review and Content Analysis,improve,0.149
160,Features and Functionalities of Medical Mobile Applications for the Endemic Phase of COVID‐19: Review and Content Analysis,in,0.0988
160,Features and Functionalities of Medical Mobile Applications for the Endemic Phase of COVID‐19: Review and Content Analysis,medical,0.2083
160,Features and Functionalities of Medical Mobile Applications for the Endemic Phase of COVID‐19: Review and Content Analysis,mobile,0.3055
160,Features and Functionalities of Medical Mobile Applications for the Endemic Phase of COVID‐19: Review and Content Analysis,of,0.1585
160,Features and Functionalities of Medical Mobile Applications for the Endemic Phase of COVID‐19: Review and Content Analysis,or,0.129
160,Features and Functionalities of Medical Mobile Applications for the Endemic Phase of COVID‐19: Review and Content Analysis,phase,0.1854
160,Features and Functionalities of Medical Mobile Applications for the Endemic Phase of COVID‐19: Review and Content Analysis,quality,0.1551
160,Features and Functionalities of Medical Mobile Applications for the Endemic Phase of COVID‐19: Review and Content Analysis,review,0.0927
160,Features and Functionalities of Medical Mobile Applications for the Endemic Phase of COVID‐19: Review and Content Analysis,suitable,0.1719
160,Features and Functionalities of Medical Mobile Applications for the Endemic Phase of COVID‐19: Review and Content Analysis,the,0.0402
160,Features and Functionalities of Medical Mobile Applications for the Endemic Phase of COVID‐19: Review and Content Analysis,their,0.1187
160,Features and Functionalities of Medical Mobile Applications for the Endemic Phase of COVID‐19: Review and Content Analysis,to,0.1081
160,Features and Functionalities of Medical Mobile Applications for the Endemic Phase of COVID‐19: Review and Content Analysis,users,0.129
161,Enhancing user engagement: The role of gamification in mobile apps,analyzed,0.2176
161,Enhancing user engagement: The role of gamification in mobile apps,app,0.1093
161,Enhancing user engagement: The role of gamification in mobile apps,apps,0.2904
161,Enhancing user engagement: The role of gamification in mobile apps,data,0.124
161,Enhancing user engagement: The role of gamification in mobile apps,design,0.1025
161,Enhancing user engagement: The role of gamification in mobile apps,developers,0.1124
161,Enhancing user engagement: The role of gamification in mobile apps,effective,0.1697
161,Enhancing user engagement: The role of gamification in mobile apps,engagement,0.3114
161,Enhancing user engagement: The role of gamification in mobile apps,enhancing,0.1504
161,Enhancing user engagement: The role of gamification in mobile apps,from,0.1177
161,Enhancing user engagement: The role of gamification in mobile apps,gamification,0.1796
161,Enhancing user engagement: The role of gamification in mobile apps,gamified,0.4352
161,Enhancing user engagement: The role of gamification in mobile apps,help,0.1557
161,Enhancing user engagement: The role of gamification in mobile apps,however,0.2176
161,Enhancing user engagement: The role of gamification in mobile apps,in,0.0516
161,Enhancing user engagement: The role of gamification in mobile apps,mobile,0.3191
161,Enhancing user engagement: The role of gamification in mobile apps,more,0.3114
161,Enhancing user engagement: The role of gamification in mobile apps,of,0.0828
161,Enhancing user engagement: The role of gamification in mobile apps,role,0.124
161,Enhancing user engagement: The role of gamification in mobile apps,the,0.042
161,Enhancing user engagement: The role of gamification in mobile apps,their,0.124
161,Enhancing user engagement: The role of gamification in mobile apps,user,0.124
161,Enhancing user engagement: The role of gamification in mobile apps,users,0.2695
161,Enhancing user engagement: The role of gamification in mobile apps,were,0.162
161,Enhancing user engagement: The role of gamification in mobile apps,with,0.0861
162,Mobile apps for SME business sustainability during COVID-19 and onwards,actions,0.2048
162,Mobile apps for SME business sustainability during COVID-19 and onwards,aim,0.1466
162,Mobile apps for SME business sustainability during COVID-19 and onwards,and,0.0825
162,Mobile apps for SME business sustainability during COVID-19 and onwards,apps,0.1822
162,Mobile apps for SME business sustainability during COVID-19 and onwards,business,0.3646
162,Mobile apps for SME business sustainability during COVID-19 and onwards,by,0.0942
162,Mobile apps for SME business sustainability during COVID-19 and onwards,covid,0.1466
162,Mobile apps for SME business sustainability during COVID-19 and onwards,during,0.305
162,Mobile apps for SME business sustainability during COVID-19 and onwards,effective,0.1598
162,Mobile apps for SME business sustainability during COVID-19 and onwards,efficiency,0.1691
162,Mobile apps for SME business sustainability during COVID-19 and onwards,for,0.0604
162,Mobile apps for SME business sustainability during COVID-19 and onwards,have,0.119
162,Mobile apps for SME business sustainability during COVID-19 and onwards,improve,0.1466
162,Mobile apps for SME business sustainability during COVID-19 and onwards,measures,0.1691
162,Mobile apps for SME business sustainability during COVID-19 and onwards,mobile,0.1502
162,Mobile apps for SME business sustainability during COVID-19 and onwards,mobileapp,0.3646
162,Mobile apps for SME business sustainability during COVID-19 and onwards,onwards,0.2048
162,Mobile apps for SME business sustainability during COVID-19 and onwards,pandemic,0.1691
162,Mobile apps for SME business sustainability during COVID-19 and onwards,recognize,0.2048
162,Mobile apps for SME business sustainability during COVID-19 and onwards,sme,0.2048
162,Mobile apps for SME business sustainability during COVID-19 and onwards,smes,0.2048
162,Mobile apps for SME business sustainability during COVID-19 and onwards,sustainability,0.2048
162,Mobile apps for SME business sustainability during COVID-19 and onwards,taken,0.1691
162,Mobile apps for SME business sustainability during COVID-19 and onwards,that,0.0803
162,Mobile apps for SME business sustainability during COVID-19 and onwards,the,0.0396
162,Mobile apps for SME business sustainability during COVID-19 and onwards,their,0.1168
162,Mobile apps for SME business sustainability during COVID-19 and onwards,to,0.1595
162,Mobile apps for SME business sustainability during COVID-19 and onwards,turned,0.2048
162,Mobile apps for SME business sustainability during COVID-19 and onwards,we,0.0818
163,Evaluating the quality and safety of health-related apps and e-tools: Adapting the Mobile App Rating Scale and developing a quality assurance protocol,adapting,0.158
163,Evaluating the quality and safety of health-related apps and e-tools: Adapting the Mobile App Rating Scale and developing a quality assurance protocol,and,0.159
163,Evaluating the quality and safety of health-related apps and e-tools: Adapting the Mobile App Rating Scale and developing a quality assurance protocol,app,0.1586
163,Evaluating the quality and safety of health-related apps and e-tools: Adapting the Mobile App Rating Scale and developing a quality assurance protocol,applications,0.0654
163,Evaluating the quality and safety of health-related apps and e-tools: Adapting the Mobile App Rating Scale and developing a quality assurance protocol,appropriate,0.158
163,Evaluating the quality and safety of health-related apps and e-tools: Adapting the Mobile App Rating Scale and developing a quality assurance protocol,apps,0.1405
163,Evaluating the quality and safety of health-related apps and e-tools: Adapting the Mobile App Rating Scale and developing a quality assurance protocol,as,0.0674
163,Evaluating the quality and safety of health-related apps and e-tools: Adapting the Mobile App Rating Scale and developing a quality assurance protocol,assurance,0.158
163,Evaluating the quality and safety of health-related apps and e-tools: Adapting the Mobile App Rating Scale and developing a quality assurance protocol,be,0.0869
163,Evaluating the quality and safety of health-related apps and e-tools: Adapting the Mobile App Rating Scale and developing a quality assurance protocol,both,0.1406
163,Evaluating the quality and safety of health-related apps and e-tools: Adapting the Mobile App Rating Scale and developing a quality assurance protocol,determine,0.1406
163,Evaluating the quality and safety of health-related apps and e-tools: Adapting the Mobile App Rating Scale and developing a quality assurance protocol,developing,0.1406
163,Evaluating the quality and safety of health-related apps and e-tools: Adapting the Mobile App Rating Scale and developing a quality assurance protocol,etools,0.3159
163,Evaluating the quality and safety of health-related apps and e-tools: Adapting the Mobile App Rating Scale and developing a quality assurance protocol,evaluating,0.1176
163,Evaluating the quality and safety of health-related apps and e-tools: Adapting the Mobile App Rating Scale and developing a quality assurance protocol,evaluation,0.1092
163,Evaluating the quality and safety of health-related apps and e-tools: Adapting the Mobile App Rating Scale and developing a quality assurance protocol,for,0.0931
163,Evaluating the quality and safety of health-related apps and e-tools: Adapting the Mobile App Rating Scale and developing a quality assurance protocol,healthrelated,0.158
163,Evaluating the quality and safety of health-related apps and e-tools: Adapting the Mobile App Rating Scale and developing a quality assurance protocol,identifying,0.158
163,Evaluating the quality and safety of health-related apps and e-tools: Adapting the Mobile App Rating Scale and developing a quality assurance protocol,in,0.0375
163,Evaluating the quality and safety of health-related apps and e-tools: Adapting the Mobile App Rating Scale and developing a quality assurance protocol,mars,0.158
163,Evaluating the quality and safety of health-related apps and e-tools: Adapting the Mobile App Rating Scale and developing a quality assurance protocol,mobile,0.1737
163,Evaluating the quality and safety of health-related apps and e-tools: Adapting the Mobile App Rating Scale and developing a quality assurance protocol,new,0.0884
163,Evaluating the quality and safety of health-related apps and e-tools: Adapting the Mobile App Rating Scale and developing a quality assurance protocol,of,0.0601
163,Evaluating the quality and safety of health-related apps and e-tools: Adapting the Mobile App Rating Scale and developing a quality assurance protocol,order,0.1406
163,Evaluating the quality and safety of health-related apps and e-tools: Adapting the Mobile App Rating Scale and developing a quality assurance protocol,phone,0.158
163,Evaluating the quality and safety of health-related apps and e-tools: Adapting the Mobile App Rating Scale and developing a quality assurance protocol,protocol,0.3159
163,Evaluating the quality and safety of health-related apps and e-tools: Adapting the Mobile App Rating Scale and developing a quality assurance protocol,quality,0.2352
163,Evaluating the quality and safety of health-related apps and e-tools: Adapting the Mobile App Rating Scale and developing a quality assurance protocol,rating,0.4739
163,Evaluating the quality and safety of health-related apps and e-tools: Adapting the Mobile App Rating Scale and developing a quality assurance protocol,safety,0.1406
163,Evaluating the quality and safety of health-related apps and e-tools: Adapting the Mobile App Rating Scale and developing a quality assurance protocol,scale,0.2608
163,Evaluating the quality and safety of health-related apps and e-tools: Adapting the Mobile App Rating Scale and developing a quality assurance protocol,the,0.0916
163,Evaluating the quality and safety of health-related apps and e-tools: Adapting the Mobile App Rating Scale and developing a quality assurance protocol,to,0.082
164,Augmented reality technology adoption: Case of a mobile application in Turkey,adoption,0.1701
164,Augmented reality technology adoption: Case of a mobile application in Turkey,affecting,0.2285
164,Augmented reality technology adoption: Case of a mobile application in Turkey,application,0.1132
164,Augmented reality technology adoption: Case of a mobile application in Turkey,applications,0.1893
164,Augmented reality technology adoption: Case of a mobile application in Turkey,as,0.0975
164,Augmented reality technology adoption: Case of a mobile application in Turkey,augmented,0.3564
164,Augmented reality technology adoption: Case of a mobile application in Turkey,become,0.1887
164,Augmented reality technology adoption: Case of a mobile application in Turkey,case,0.1887
164,Augmented reality technology adoption: Case of a mobile application in Turkey,devices,0.1782
164,Augmented reality technology adoption: Case of a mobile application in Turkey,factors,0.1635
164,Augmented reality technology adoption: Case of a mobile application in Turkey,has,0.1257
164,Augmented reality technology adoption: Case of a mobile application in Turkey,in,0.2169
164,Augmented reality technology adoption: Case of a mobile application in Turkey,mar,0.2285
164,Augmented reality technology adoption: Case of a mobile application in Turkey,mobile,0.3351
164,Augmented reality technology adoption: Case of a mobile application in Turkey,of,0.1304
164,Augmented reality technology adoption: Case of a mobile application in Turkey,reality,0.3564
164,Augmented reality technology adoption: Case of a mobile application in Turkey,study,0.1132
164,Augmented reality technology adoption: Case of a mobile application in Turkey,technology,0.2655
164,Augmented reality technology adoption: Case of a mobile application in Turkey,the,0.0883
164,Augmented reality technology adoption: Case of a mobile application in Turkey,this,0.0831
164,Augmented reality technology adoption: Case of a mobile application in Turkey,turkey,0.2034
164,Augmented reality technology adoption: Case of a mobile application in Turkey,use,0.1257
164,Augmented reality technology adoption: Case of a mobile application in Turkey,user,0.1303
164,Augmented reality technology adoption: Case of a mobile application in Turkey,widespread,0.2285
164,Augmented reality technology adoption: Case of a mobile application in Turkey,with,0.0904
165,Faster segment anything: Towards lightweight sam for mobile applications,aim,0.148
165,Faster segment anything: Towards lightweight sam for mobile applications,anything,0.2068
165,Faster segment anything: Towards lightweight sam for mobile applications,applications,0.1714
165,Faster segment anything: Towards lightweight sam for mobile applications,by,0.0951
165,Faster segment anything: Towards lightweight sam for mobile applications,can,0.1119
165,Faster segment anything: Towards lightweight sam for mobile applications,devices,0.1613
165,Faster segment anything: Towards lightweight sam for mobile applications,edge,0.1841
165,Faster segment anything: Towards lightweight sam for mobile applications,faster,0.1841
165,Faster segment anything: Towards lightweight sam for mobile applications,for,0.1219
165,Faster segment anything: Towards lightweight sam for mobile applications,in,0.0491
165,Faster segment anything: Towards lightweight sam for mobile applications,it,0.1068
165,Faster segment anything: Towards lightweight sam for mobile applications,lightweight,0.2068
165,Faster segment anything: Towards lightweight sam for mobile applications,like,0.1707
165,Faster segment anything: Towards lightweight sam for mobile applications,make,0.1429
165,Faster segment anything: Towards lightweight sam for mobile applications,making,0.1707
165,Faster segment anything: Towards lightweight sam for mobile applications,mobile,0.2275
165,Faster segment anything: Towards lightweight sam for mobile applications,mobilefriendly,0.2068
165,Faster segment anything: Towards lightweight sam for mobile applications,mobilesam,0.2068
165,Faster segment anything: Towards lightweight sam for mobile applications,more,0.148
165,Faster segment anything: Towards lightweight sam for mobile applications,moreover,0.1841
165,Faster segment anything: Towards lightweight sam for mobile applications,phones,0.2068
165,Faster segment anything: Towards lightweight sam for mobile applications,sam,0.4136
165,Faster segment anything: Towards lightweight sam for mobile applications,segment,0.2068
165,Faster segment anything: Towards lightweight sam for mobile applications,show,0.1707
165,Faster segment anything: Towards lightweight sam for mobile applications,smaller,0.2068
165,Faster segment anything: Towards lightweight sam for mobile applications,suitable,0.1707
165,Faster segment anything: Towards lightweight sam for mobile applications,that,0.0811
165,Faster segment anything: Towards lightweight sam for mobile applications,this,0.0752
165,Faster segment anything: Towards lightweight sam for mobile applications,to,0.0537
165,Faster segment anything: Towards lightweight sam for mobile applications,towards,0.1707
165,Faster segment anything: Towards lightweight sam for mobile applications,we,0.1651
165,Faster segment anything: Towards lightweight sam for mobile applications,work,0.1347
166,Towards a new learning experience through a mobile application with augmented reality in engineering education,an,0.0814
166,Towards a new learning experience through a mobile application with augmented reality in engineering education,application,0.3706
166,Towards a new learning experience through a mobile application with augmented reality in engineering education,ar,0.1664
166,Towards a new learning experience through a mobile application with augmented reality in engineering education,augmented,0.4376
166,Towards a new learning experience through a mobile application with augmented reality in engineering education,education,0.2435
166,Towards a new learning experience through a mobile application with augmented reality in engineering education,effect,0.187
166,Towards a new learning experience through a mobile application with augmented reality in engineering education,engineering,0.1459
166,Towards a new learning experience through a mobile application with augmented reality in engineering education,established,0.187
166,Towards a new learning experience through a mobile application with augmented reality in engineering education,experience,0.1132
166,Towards a new learning experience through a mobile application with augmented reality in engineering education,for,0.1102
166,Towards a new learning experience through a mobile application with augmented reality in engineering education,in,0.0887
166,Towards a new learning experience through a mobile application with augmented reality in engineering education,learning,0.064
166,Towards a new learning experience through a mobile application with augmented reality in engineering education,mobile,0.1371
166,Towards a new learning experience through a mobile application with augmented reality in engineering education,netar,0.187
166,Towards a new learning experience through a mobile application with augmented reality in engineering education,new,0.1047
166,Towards a new learning experience through a mobile application with augmented reality in engineering education,of,0.0712
166,Towards a new learning experience through a mobile application with augmented reality in engineering education,reality,0.4376
166,Towards a new learning experience through a mobile application with augmented reality in engineering education,that,0.0733
166,Towards a new learning experience through a mobile application with augmented reality in engineering education,the,0.0723
166,Towards a new learning experience through a mobile application with augmented reality in engineering education,three,0.2585
166,Towards a new learning experience through a mobile application with augmented reality in engineering education,through,0.1132
166,Towards a new learning experience through a mobile application with augmented reality in engineering education,to,0.0485
166,Towards a new learning experience through a mobile application with augmented reality in engineering education,towards,0.1544
166,Towards a new learning experience through a mobile application with augmented reality in engineering education,weeks,0.187
166,Towards a new learning experience through a mobile application with augmented reality in engineering education,with,0.148
166,Towards a new learning experience through a mobile application with augmented reality in engineering education,work,0.1218
169,Combating against potentially harmful mobile apps,against,0.1777
169,Combating against potentially harmful mobile apps,an,0.087
169,Combating against potentially harmful mobile apps,and,0.0402
169,Combating against potentially harmful mobile apps,applications,0.0827
169,Combating against potentially harmful mobile apps,apps,0.2664
169,Combating against potentially harmful mobile apps,aspects,0.1557
169,Combating against potentially harmful mobile apps,combating,0.1997
169,Combating against potentially harmful mobile apps,easier,0.1997
169,Combating against potentially harmful mobile apps,exponential,0.1997
169,Combating against potentially harmful mobile apps,few,0.1777
169,Combating against potentially harmful mobile apps,harmful,0.3554
169,Combating against potentially harmful mobile apps,has,0.1098
169,Combating against potentially harmful mobile apps,in,0.0474
169,Combating against potentially harmful mobile apps,increase,0.1648
169,Combating against potentially harmful mobile apps,life,0.1557
169,Combating against potentially harmful mobile apps,make,0.138
169,Combating against potentially harmful mobile apps,mobile,0.2196
169,Combating against potentially harmful mobile apps,much,0.1648
169,Combating against potentially harmful mobile apps,number,0.3297
169,Combating against potentially harmful mobile apps,of,0.076
169,Combating against potentially harmful mobile apps,other,0.1777
169,Combating against potentially harmful mobile apps,our,0.13
169,Combating against potentially harmful mobile apps,over,0.1557
169,Combating against potentially harmful mobile apps,past,0.1648
169,Combating against potentially harmful mobile apps,potentially,0.3993
169,Combating against potentially harmful mobile apps,simple,0.1997
169,Combating against potentially harmful mobile apps,the,0.0772
170,Mobile apps to improve medication adherence in cardiovascular disease: systematic review and meta-analysis,adherence,0.4189
170,Mobile apps to improve medication adherence in cardiovascular disease: systematic review and meta-analysis,and,0.0422
170,Mobile apps to improve medication adherence in cardiovascular disease: systematic review and meta-analysis,app,0.1052
170,Mobile apps to improve medication adherence in cardiovascular disease: systematic review and meta-analysis,apps,0.0932
170,Mobile apps to improve medication adherence in cardiovascular disease: systematic review and meta-analysis,assessed,0.2095
170,Mobile apps to improve medication adherence in cardiovascular disease: systematic review and meta-analysis,based,0.1364
170,Mobile apps to improve medication adherence in cardiovascular disease: systematic review and meta-analysis,cardiovascular,0.2095
170,Mobile apps to improve medication adherence in cardiovascular disease: systematic review and meta-analysis,disease,0.1864
170,Mobile apps to improve medication adherence in cardiovascular disease: systematic review and meta-analysis,effectiveness,0.1559
170,Mobile apps to improve medication adherence in cardiovascular disease: systematic review and meta-analysis,improve,0.1499
170,Mobile apps to improve medication adherence in cardiovascular disease: systematic review and meta-analysis,in,0.0497
170,Mobile apps to improve medication adherence in cardiovascular disease: systematic review and meta-analysis,included,0.2095
170,Mobile apps to improve medication adherence in cardiovascular disease: systematic review and meta-analysis,interventions,0.1729
170,Mobile apps to improve medication adherence in cardiovascular disease: systematic review and meta-analysis,medication,0.4189
170,Mobile apps to improve medication adherence in cardiovascular disease: systematic review and meta-analysis,metaanalysis,0.1864
170,Mobile apps to improve medication adherence in cardiovascular disease: systematic review and meta-analysis,mobile,0.1536
170,Mobile apps to improve medication adherence in cardiovascular disease: systematic review and meta-analysis,of,0.0797
170,Mobile apps to improve medication adherence in cardiovascular disease: systematic review and meta-analysis,on,0.0762
170,Mobile apps to improve medication adherence in cardiovascular disease: systematic review and meta-analysis,rcts,0.2095
170,Mobile apps to improve medication adherence in cardiovascular disease: systematic review and meta-analysis,review,0.0932
170,Mobile apps to improve medication adherence in cardiovascular disease: systematic review and meta-analysis,showed,0.2095
170,Mobile apps to improve medication adherence in cardiovascular disease: systematic review and meta-analysis,significant,0.1729
170,Mobile apps to improve medication adherence in cardiovascular disease: systematic review and meta-analysis,statistically,0.2095
170,Mobile apps to improve medication adherence in cardiovascular disease: systematic review and meta-analysis,study,0.1038
170,Mobile apps to improve medication adherence in cardiovascular disease: systematic review and meta-analysis,systematic,0.1268
170,Mobile apps to improve medication adherence in cardiovascular disease: systematic review and meta-analysis,that,0.0821
170,Mobile apps to improve medication adherence in cardiovascular disease: systematic review and meta-analysis,the,0.0405
170,Mobile apps to improve medication adherence in cardiovascular disease: systematic review and meta-analysis,this,0.0762
170,Mobile apps to improve medication adherence in cardiovascular disease: systematic review and meta-analysis,to,0.0544
170,Mobile apps to improve medication adherence in cardiovascular disease: systematic review and meta-analysis,total,0.2095
170,Mobile apps to improve medication adherence in cardiovascular disease: systematic review and meta-analysis,trials,0.1864
171,Engaging shoppers through mobile apps: the role of gamification,and,0.0407
171,Engaging shoppers through mobile apps: the role of gamification,app,0.3043
171,Engaging shoppers through mobile apps: the role of gamification,apps,0.0898
171,Engaging shoppers through mobile apps: the role of gamification,as,0.0862
171,Engaging shoppers through mobile apps: the role of gamification,buy,0.4039
171,Engaging shoppers through mobile apps: the role of gamification,consumers,0.1797
171,Engaging shoppers through mobile apps: the role of gamification,driving,0.202
171,Engaging shoppers through mobile apps: the role of gamification,engagement,0.1445
171,Engaging shoppers through mobile apps: the role of gamification,engaging,0.202
171,Engaging shoppers through mobile apps: the role of gamification,gamification,0.3335
171,Engaging shoppers through mobile apps: the role of gamification,intention,0.289
171,Engaging shoppers through mobile apps: the role of gamification,mobile,0.2962
171,Engaging shoppers through mobile apps: the role of gamification,moderator,0.202
171,Engaging shoppers through mobile apps: the role of gamification,namely,0.202
171,Engaging shoppers through mobile apps: the role of gamification,of,0.0769
171,Engaging shoppers through mobile apps: the role of gamification,role,0.1151
171,Engaging shoppers through mobile apps: the role of gamification,shoppers,0.202
171,Engaging shoppers through mobile apps: the role of gamification,shopping,0.315
171,Engaging shoppers through mobile apps: the role of gamification,the,0.078
171,Engaging shoppers through mobile apps: the role of gamification,through,0.1223
171,Engaging shoppers through mobile apps: the role of gamification,to,0.1048
171,Engaging shoppers through mobile apps: the role of gamification,using,0.1926
172,A review of mobile applications available in the app and google play stores used during the COVID-19 outbreak,adopted,0.1794
172,A review of mobile applications available in the app and google play stores used during the COVID-19 outbreak,and,0.0722
172,A review of mobile applications available in the app and google play stores used during the COVID-19 outbreak,app,0.1802
172,A review of mobile applications available in the app and google play stores used during the COVID-19 outbreak,applications,0.1486
172,A review of mobile applications available in the app and google play stores used during the COVID-19 outbreak,as,0.0765
172,A review of mobile applications available in the app and google play stores used during the COVID-19 outbreak,available,0.2671
172,A review of mobile applications available in the app and google play stores used during the COVID-19 outbreak,covid,0.2567
172,A review of mobile applications available in the app and google play stores used during the COVID-19 outbreak,during,0.1335
172,A review of mobile applications available in the app and google play stores used during the COVID-19 outbreak,free,0.1596
172,A review of mobile applications available in the app and google play stores used during the COVID-19 outbreak,google,0.3588
172,A review of mobile applications available in the app and google play stores used during the COVID-19 outbreak,identify,0.1399
172,A review of mobile applications available in the app and google play stores used during the COVID-19 outbreak,in,0.0851
172,A review of mobile applications available in the app and google play stores used during the COVID-19 outbreak,keywords,0.1794
172,A review of mobile applications available in the app and google play stores used during the COVID-19 outbreak,mobile,0.1315
172,A review of mobile applications available in the app and google play stores used during the COVID-19 outbreak,of,0.0341
172,A review of mobile applications available in the app and google play stores used during the COVID-19 outbreak,outbreak,0.3588
172,A review of mobile applications available in the app and google play stores used during the COVID-19 outbreak,play,0.3588
172,A review of mobile applications available in the app and google play stores used during the COVID-19 outbreak,related,0.1284
172,A review of mobile applications available in the app and google play stores used during the COVID-19 outbreak,review,0.0798
172,A review of mobile applications available in the app and google play stores used during the COVID-19 outbreak,search,0.1335
172,A review of mobile applications available in the app and google play stores used during the COVID-19 outbreak,stores,0.3193
172,A review of mobile applications available in the app and google play stores used during the COVID-19 outbreak,strategy,0.1596
172,A review of mobile applications available in the app and google play stores used during the COVID-19 outbreak,study,0.0889
172,A review of mobile applications available in the app and google play stores used during the COVID-19 outbreak,such,0.1335
172,A review of mobile applications available in the app and google play stores used during the COVID-19 outbreak,systematic,0.1086
172,A review of mobile applications available in the app and google play stores used during the COVID-19 outbreak,the,0.1733
172,A review of mobile applications available in the app and google play stores used during the COVID-19 outbreak,this,0.0653
172,A review of mobile applications available in the app and google play stores used during the COVID-19 outbreak,to,0.0931
172,A review of mobile applications available in the app and google play stores used during the COVID-19 outbreak,used,0.0971
173,"Hydrogen storage technologies for stationary and mobile applications: Review, analysis and perspectives",about,0.1696
173,"Hydrogen storage technologies for stationary and mobile applications: Review, analysis and perspectives",analysis,0.114
173,"Hydrogen storage technologies for stationary and mobile applications: Review, analysis and perspectives",and,0.1751
173,"Hydrogen storage technologies for stationary and mobile applications: Review, analysis and perspectives",application,0.1077
173,"Hydrogen storage technologies for stationary and mobile applications: Review, analysis and perspectives",applications,0.2703
173,"Hydrogen storage technologies for stationary and mobile applications: Review, analysis and perspectives",automotive,0.2174
173,"Hydrogen storage technologies for stationary and mobile applications: Review, analysis and perspectives",be,0.1196
173,"Hydrogen storage technologies for stationary and mobile applications: Review, analysis and perspectives",critical,0.1619
173,"Hydrogen storage technologies for stationary and mobile applications: Review, analysis and perspectives",for,0.0641
173,"Hydrogen storage technologies for stationary and mobile applications: Review, analysis and perspectives",hydrogen,0.2174
173,"Hydrogen storage technologies for stationary and mobile applications: Review, analysis and perspectives",inside,0.2174
173,"Hydrogen storage technologies for stationary and mobile applications: Review, analysis and perspectives",insights,0.1795
173,"Hydrogen storage technologies for stationary and mobile applications: Review, analysis and perspectives",may,0.1696
173,"Hydrogen storage technologies for stationary and mobile applications: Review, analysis and perspectives",mobile,0.0797
173,"Hydrogen storage technologies for stationary and mobile applications: Review, analysis and perspectives",needs,0.2174
173,"Hydrogen storage technologies for stationary and mobile applications: Review, analysis and perspectives",perspectives,0.1795
173,"Hydrogen storage technologies for stationary and mobile applications: Review, analysis and perspectives",recommendations,0.1935
173,"Hydrogen storage technologies for stationary and mobile applications: Review, analysis and perspectives",review,0.1935
173,"Hydrogen storage technologies for stationary and mobile applications: Review, analysis and perspectives",stationary,0.4349
173,"Hydrogen storage technologies for stationary and mobile applications: Review, analysis and perspectives",storage,0.2174
173,"Hydrogen storage technologies for stationary and mobile applications: Review, analysis and perspectives",suitable,0.1795
173,"Hydrogen storage technologies for stationary and mobile applications: Review, analysis and perspectives",technologies,0.1503
173,"Hydrogen storage technologies for stationary and mobile applications: Review, analysis and perspectives",the,0.042
173,"Hydrogen storage technologies for stationary and mobile applications: Review, analysis and perspectives",therefore,0.1935
173,"Hydrogen storage technologies for stationary and mobile applications: Review, analysis and perspectives",this,0.0791
173,"Hydrogen storage technologies for stationary and mobile applications: Review, analysis and perspectives",time,0.1935
173,"Hydrogen storage technologies for stationary and mobile applications: Review, analysis and perspectives",variant,0.2174
173,"Hydrogen storage technologies for stationary and mobile applications: Review, analysis and perspectives",which,0.1158
174,"Would you like to shop via mobile app technology? The technology acceptance model, social factors and purchase intention",acceptance,0.1596
174,"Would you like to shop via mobile app technology? The technology acceptance model, social factors and purchase intention",and,0.0778
174,"Would you like to shop via mobile app technology? The technology acceptance model, social factors and purchase intention",app,0.0971
174,"Would you like to shop via mobile app technology? The technology acceptance model, social factors and purchase intention",apps,0.172
174,"Would you like to shop via mobile app technology? The technology acceptance model, social factors and purchase intention",are,0.1969
174,"Would you like to shop via mobile app technology? The technology acceptance model, social factors and purchase intention",as,0.0825
174,"Would you like to shop via mobile app technology? The technology acceptance model, social factors and purchase intention",close,0.1933
174,"Would you like to shop via mobile app technology? The technology acceptance model, social factors and purchase intention",do,0.172
174,"Would you like to shop via mobile app technology? The technology acceptance model, social factors and purchase intention",expected,0.1596
174,"Would you like to shop via mobile app technology? The technology acceptance model, social factors and purchase intention",experience,0.117
174,"Would you like to shop via mobile app technology? The technology acceptance model, social factors and purchase intention",experiences,0.1933
174,"Would you like to shop via mobile app technology? The technology acceptance model, social factors and purchase intention",factors,0.1383
174,"Would you like to shop via mobile app technology? The technology acceptance model, social factors and purchase intention",first,0.1439
174,"Would you like to shop via mobile app technology? The technology acceptance model, social factors and purchase intention",highly,0.172
174,"Would you like to shop via mobile app technology? The technology acceptance model, social factors and purchase intention",intention,0.1383
174,"Would you like to shop via mobile app technology? The technology acceptance model, social factors and purchase intention",interruptive,0.1933
174,"Would you like to shop via mobile app technology? The technology acceptance model, social factors and purchase intention",like,0.1596
174,"Would you like to shop via mobile app technology? The technology acceptance model, social factors and purchase intention",mobile,0.2835
174,"Would you like to shop via mobile app technology? The technology acceptance model, social factors and purchase intention",model,0.1295
174,"Would you like to shop via mobile app technology? The technology acceptance model, social factors and purchase intention",not,0.117
174,"Would you like to shop via mobile app technology? The technology acceptance model, social factors and purchase intention",of,0.0368
174,"Would you like to shop via mobile app technology? The technology acceptance model, social factors and purchase intention",offer,0.1933
174,"Would you like to shop via mobile app technology? The technology acceptance model, social factors and purchase intention",purchase,0.1596
174,"Would you like to shop via mobile app technology? The technology acceptance model, social factors and purchase intention",second,0.172
174,"Would you like to shop via mobile app technology? The technology acceptance model, social factors and purchase intention",shop,0.1933
174,"Would you like to shop via mobile app technology? The technology acceptance model, social factors and purchase intention",social,0.1508
174,"Would you like to shop via mobile app technology? The technology acceptance model, social factors and purchase intention",targetable,0.1933
174,"Would you like to shop via mobile app technology? The technology acceptance model, social factors and purchase intention",technology,0.2246
174,"Would you like to shop via mobile app technology? The technology acceptance model, social factors and purchase intention",that,0.0758
174,"Would you like to shop via mobile app technology? The technology acceptance model, social factors and purchase intention",the,0.0373
174,"Would you like to shop via mobile app technology? The technology acceptance model, social factors and purchase intention",their,0.1102
174,"Would you like to shop via mobile app technology? The technology acceptance model, social factors and purchase intention",to,0.1004
174,"Would you like to shop via mobile app technology? The technology acceptance model, social factors and purchase intention",typically,0.1933
174,"Would you like to shop via mobile app technology? The technology acceptance model, social factors and purchase intention",users,0.2394
174,"Would you like to shop via mobile app technology? The technology acceptance model, social factors and purchase intention",via,0.1508
174,"Would you like to shop via mobile app technology? The technology acceptance model, social factors and purchase intention",view,0.172
174,"Would you like to shop via mobile app technology? The technology acceptance model, social factors and purchase intention",would,0.1933
174,"Would you like to shop via mobile app technology? The technology acceptance model, social factors and purchase intention",you,0.1508
175,Mobile apps for healthy living: Factors influencing continuance intention for health apps,analysis,0.0964
175,Mobile apps for healthy living: Factors influencing continuance intention for health apps,and,0.037
175,Mobile apps for healthy living: Factors influencing continuance intention for health apps,app,0.0923
175,Mobile apps for healthy living: Factors influencing continuance intention for health apps,apps,0.3271
175,Mobile apps for healthy living: Factors influencing continuance intention for health apps,but,0.1434
175,Mobile apps for healthy living: Factors influencing continuance intention for health apps,ci,0.1838
175,Mobile apps for healthy living: Factors influencing continuance intention for health apps,consider,0.1838
175,Mobile apps for healthy living: Factors influencing continuance intention for health apps,continuance,0.3272
175,Mobile apps for healthy living: Factors influencing continuance intention for health apps,data,0.1048
175,Mobile apps for healthy living: Factors influencing continuance intention for health apps,drawing,0.1838
175,Mobile apps for healthy living: Factors influencing continuance intention for health apps,factors,0.1315
175,Mobile apps for healthy living: Factors influencing continuance intention for health apps,few,0.1636
175,Mobile apps for healthy living: Factors influencing continuance intention for health apps,for,0.1625
175,Mobile apps for healthy living: Factors influencing continuance intention for health apps,from,0.0995
175,Mobile apps for healthy living: Factors influencing continuance intention for health apps,health,0.4926
175,Mobile apps for healthy living: Factors influencing continuance intention for health apps,healthy,0.1838
175,Mobile apps for healthy living: Factors influencing continuance intention for health apps,influencing,0.1518
175,Mobile apps for healthy living: Factors influencing continuance intention for health apps,intention,0.2631
175,Mobile apps for healthy living: Factors influencing continuance intention for health apps,is,0.068
175,Mobile apps for healthy living: Factors influencing continuance intention for health apps,living,0.1838
175,Mobile apps for healthy living: Factors influencing continuance intention for health apps,mobile,0.1348
175,Mobile apps for healthy living: Factors influencing continuance intention for health apps,model,0.1231
175,Mobile apps for healthy living: Factors influencing continuance intention for health apps,on,0.0669
175,Mobile apps for healthy living: Factors influencing continuance intention for health apps,pls,0.1838
175,Mobile apps for healthy living: Factors influencing continuance intention for health apps,studies,0.1231
175,Mobile apps for healthy living: Factors influencing continuance intention for health apps,the,0.071
175,Mobile apps for healthy living: Factors influencing continuance intention for health apps,users,0.1139
175,Mobile apps for healthy living: Factors influencing continuance intention for health apps,using,0.0876
175,Mobile apps for healthy living: Factors influencing continuance intention for health apps,validated,0.1838
176,Consumer adoption of the Uber mobile application: Insights from diffusion of innovation theory and technology acceptance model,acceptance,0.1688
176,Consumer adoption of the Uber mobile application: Insights from diffusion of innovation theory and technology acceptance model,adoption,0.1522
176,Consumer adoption of the Uber mobile application: Insights from diffusion of innovation theory and technology acceptance model,and,0.0412
176,Consumer adoption of the Uber mobile application: Insights from diffusion of innovation theory and technology acceptance model,application,0.3039
176,Consumer adoption of the Uber mobile application: Insights from diffusion of innovation theory and technology acceptance model,applications,0.0847
176,Consumer adoption of the Uber mobile application: Insights from diffusion of innovation theory and technology acceptance model,are,0.1041
176,Consumer adoption of the Uber mobile application: Insights from diffusion of innovation theory and technology acceptance model,been,0.137
176,Consumer adoption of the Uber mobile application: Insights from diffusion of innovation theory and technology acceptance model,by,0.0941
176,Consumer adoption of the Uber mobile application: Insights from diffusion of innovation theory and technology acceptance model,comparing,0.182
176,Consumer adoption of the Uber mobile application: Insights from diffusion of innovation theory and technology acceptance model,consumer,0.182
176,Consumer adoption of the Uber mobile application: Insights from diffusion of innovation theory and technology acceptance model,diffusion,0.2045
176,Consumer adoption of the Uber mobile application: Insights from diffusion of innovation theory and technology acceptance model,evaluation,0.1413
176,Consumer adoption of the Uber mobile application: Insights from diffusion of innovation theory and technology acceptance model,from,0.1106
176,Consumer adoption of the Uber mobile application: Insights from diffusion of innovation theory and technology acceptance model,have,0.1188
176,Consumer adoption of the Uber mobile application: Insights from diffusion of innovation theory and technology acceptance model,innovation,0.2045
176,Consumer adoption of the Uber mobile application: Insights from diffusion of innovation theory and technology acceptance model,insights,0.1688
176,Consumer adoption of the Uber mobile application: Insights from diffusion of innovation theory and technology acceptance model,introduced,0.182
176,Consumer adoption of the Uber mobile application: Insights from diffusion of innovation theory and technology acceptance model,it,0.1056
176,Consumer adoption of the Uber mobile application: Insights from diffusion of innovation theory and technology acceptance model,methods,0.1266
176,Consumer adoption of the Uber mobile application: Insights from diffusion of innovation theory and technology acceptance model,mobile,0.2999
176,Consumer adoption of the Uber mobile application: Insights from diffusion of innovation theory and technology acceptance model,model,0.137
176,Consumer adoption of the Uber mobile application: Insights from diffusion of innovation theory and technology acceptance model,of,0.1167
176,Consumer adoption of the Uber mobile application: Insights from diffusion of innovation theory and technology acceptance model,overall,0.2045
176,Consumer adoption of the Uber mobile application: Insights from diffusion of innovation theory and technology acceptance model,previous,0.182
176,Consumer adoption of the Uber mobile application: Insights from diffusion of innovation theory and technology acceptance model,technology,0.1188
176,Consumer adoption of the Uber mobile application: Insights from diffusion of innovation theory and technology acceptance model,that,0.0802
176,Consumer adoption of the Uber mobile application: Insights from diffusion of innovation theory and technology acceptance model,the,0.158
176,Consumer adoption of the Uber mobile application: Insights from diffusion of innovation theory and technology acceptance model,theory,0.2045
176,Consumer adoption of the Uber mobile application: Insights from diffusion of innovation theory and technology acceptance model,to,0.0531
176,Consumer adoption of the Uber mobile application: Insights from diffusion of innovation theory and technology acceptance model,uber,0.4089
176,Consumer adoption of the Uber mobile application: Insights from diffusion of innovation theory and technology acceptance model,users,0.1266
176,Consumer adoption of the Uber mobile application: Insights from diffusion of innovation theory and technology acceptance model,utilizing,0.182
176,Consumer adoption of the Uber mobile application: Insights from diffusion of innovation theory and technology acceptance model,was,0.1413
177,Predicting consumers' purchase intention through fast fashion mobile apps: The mediating role of attitude and the moderating role of COVID-19,activities,0.1961
177,Predicting consumers' purchase intention through fast fashion mobile apps: The mediating role of attitude and the moderating role of COVID-19,and,0.1184
177,Predicting consumers' purchase intention through fast fashion mobile apps: The mediating role of attitude and the moderating role of COVID-19,applications,0.0812
177,Predicting consumers' purchase intention through fast fashion mobile apps: The mediating role of attitude and the moderating role of COVID-19,apps,0.2617
177,Predicting consumers' purchase intention through fast fashion mobile apps: The mediating role of attitude and the moderating role of COVID-19,attitude,0.1961
177,Predicting consumers' purchase intention through fast fashion mobile apps: The mediating role of attitude and the moderating role of COVID-19,attributes,0.1619
177,Predicting consumers' purchase intention through fast fashion mobile apps: The mediating role of attitude and the moderating role of COVID-19,consumers,0.349
177,Predicting consumers' purchase intention through fast fashion mobile apps: The mediating role of attitude and the moderating role of COVID-19,conveniently,0.1961
177,Predicting consumers' purchase intention through fast fashion mobile apps: The mediating role of attitude and the moderating role of COVID-19,covid,0.1403
177,Predicting consumers' purchase intention through fast fashion mobile apps: The mediating role of attitude and the moderating role of COVID-19,daily,0.1745
177,Predicting consumers' purchase intention through fast fashion mobile apps: The mediating role of attitude and the moderating role of COVID-19,different,0.1355
177,Predicting consumers' purchase intention through fast fashion mobile apps: The mediating role of attitude and the moderating role of COVID-19,efficiently,0.1961
177,Predicting consumers' purchase intention through fast fashion mobile apps: The mediating role of attitude and the moderating role of COVID-19,fashion,0.1961
177,Predicting consumers' purchase intention through fast fashion mobile apps: The mediating role of attitude and the moderating role of COVID-19,fast,0.1745
177,Predicting consumers' purchase intention through fast fashion mobile apps: The mediating role of attitude and the moderating role of COVID-19,for,0.0578
177,Predicting consumers' purchase intention through fast fashion mobile apps: The mediating role of attitude and the moderating role of COVID-19,intention,0.1403
177,Predicting consumers' purchase intention through fast fashion mobile apps: The mediating role of attitude and the moderating role of COVID-19,manage,0.1745
177,Predicting consumers' purchase intention through fast fashion mobile apps: The mediating role of attitude and the moderating role of COVID-19,mediating,0.1745
177,Predicting consumers' purchase intention through fast fashion mobile apps: The mediating role of attitude and the moderating role of COVID-19,mobile,0.2876
177,Predicting consumers' purchase intention through fast fashion mobile apps: The mediating role of attitude and the moderating role of COVID-19,moderating,0.1745
177,Predicting consumers' purchase intention through fast fashion mobile apps: The mediating role of attitude and the moderating role of COVID-19,more,0.1403
177,Predicting consumers' purchase intention through fast fashion mobile apps: The mediating role of attitude and the moderating role of COVID-19,of,0.1119
177,Predicting consumers' purchase intention through fast fashion mobile apps: The mediating role of attitude and the moderating role of COVID-19,on,0.0713
177,Predicting consumers' purchase intention through fast fashion mobile apps: The mediating role of attitude and the moderating role of COVID-19,predicting,0.1745
177,Predicting consumers' purchase intention through fast fashion mobile apps: The mediating role of attitude and the moderating role of COVID-19,purchase,0.1619
177,Predicting consumers' purchase intention through fast fashion mobile apps: The mediating role of attitude and the moderating role of COVID-19,purposes,0.1745
177,Predicting consumers' purchase intention through fast fashion mobile apps: The mediating role of attitude and the moderating role of COVID-19,role,0.2235
177,Predicting consumers' purchase intention through fast fashion mobile apps: The mediating role of attitude and the moderating role of COVID-19,social,0.1529
177,Predicting consumers' purchase intention through fast fashion mobile apps: The mediating role of attitude and the moderating role of COVID-19,the,0.0758
177,Predicting consumers' purchase intention through fast fashion mobile apps: The mediating role of attitude and the moderating role of COVID-19,their,0.1118
177,Predicting consumers' purchase intention through fast fashion mobile apps: The mediating role of attitude and the moderating role of COVID-19,through,0.1187
177,Predicting consumers' purchase intention through fast fashion mobile apps: The mediating role of attitude and the moderating role of COVID-19,thus,0.1745
177,Predicting consumers' purchase intention through fast fashion mobile apps: The mediating role of attitude and the moderating role of COVID-19,to,0.0509
177,Predicting consumers' purchase intention through fast fashion mobile apps: The mediating role of attitude and the moderating role of COVID-19,use,0.1079
178,The impact of mobile application features on children's language and literacy learning: a systematic review,and,0.0413
178,The impact of mobile application features on children's language and literacy learning: a systematic review,application,0.1017
178,The impact of mobile application features on children's language and literacy learning: a systematic review,applications,0.2552
178,The impact of mobile application features on children's language and literacy learning: a systematic review,children,0.2053
178,The impact of mobile application features on children's language and literacy learning: a systematic review,childrens,0.2053
178,The impact of mobile application features on children's language and literacy learning: a systematic review,features,0.4586
178,The impact of mobile application features on children's language and literacy learning: a systematic review,four,0.1827
178,The impact of mobile application features on children's language and literacy learning: a systematic review,impact,0.2486
178,The impact of mobile application features on children's language and literacy learning: a systematic review,inbuilt,0.2053
178,The impact of mobile application features on children's language and literacy learning: a systematic review,language,0.1529
178,The impact of mobile application features on children's language and literacy learning: a systematic review,learning,0.0703
178,The impact of mobile application features on children's language and literacy learning: a systematic review,literacy,0.2053
178,The impact of mobile application features on children's language and literacy learning: a systematic review,mobile,0.3011
178,The impact of mobile application features on children's language and literacy learning: a systematic review,new,0.1149
178,The impact of mobile application features on children's language and literacy learning: a systematic review,of,0.1563
178,The impact of mobile application features on children's language and literacy learning: a systematic review,on,0.2241
178,The impact of mobile application features on children's language and literacy learning: a systematic review,opportunities,0.1469
178,The impact of mobile application features on children's language and literacy learning: a systematic review,present,0.1469
178,The impact of mobile application features on children's language and literacy learning: a systematic review,review,0.0913
178,The impact of mobile application features on children's language and literacy learning: a systematic review,systematic,0.1243
178,The impact of mobile application features on children's language and literacy learning: a systematic review,the,0.0793
178,The impact of mobile application features on children's language and literacy learning: a systematic review,touchscreen,0.4106
179,Consistency analysis of data-usage purposes in mobile apps,also,0.1408
179,Consistency analysis of data-usage purposes in mobile apps,analysis,0.2438
179,Consistency analysis of data-usage purposes in mobile apps,android,0.1919
179,Consistency analysis of data-usage purposes in mobile apps,apps,0.4137
179,Consistency analysis of data-usage purposes in mobile apps,consistency,0.2325
179,Consistency analysis of data-usage purposes in mobile apps,contradictions,0.2325
179,Consistency analysis of data-usage purposes in mobile apps,data,0.1325
179,Consistency analysis of data-usage purposes in mobile apps,datausage,0.2325
179,Consistency analysis of data-usage purposes in mobile apps,detect,0.1919
179,Consistency analysis of data-usage purposes in mobile apps,has,0.1279
179,Consistency analysis of data-usage purposes in mobile apps,in,0.1655
179,Consistency analysis of data-usage purposes in mobile apps,inconsistencies,0.2325
179,Consistency analysis of data-usage purposes in mobile apps,indicating,0.2325
179,Consistency analysis of data-usage purposes in mobile apps,mobile,0.1705
179,Consistency analysis of data-usage purposes in mobile apps,of,0.2212
179,Consistency analysis of data-usage purposes in mobile apps,our,0.1514
179,Consistency analysis of data-usage purposes in mobile apps,practices,0.1813
179,Consistency analysis of data-usage purposes in mobile apps,prevalence,0.2325
179,Consistency analysis of data-usage purposes in mobile apps,purpliance,0.2325
179,Consistency analysis of data-usage purposes in mobile apps,purposes,0.2069
179,Consistency analysis of data-usage purposes in mobile apps,shown,0.2325
179,Consistency analysis of data-usage purposes in mobile apps,the,0.0449
179,Consistency analysis of data-usage purposes in mobile apps,to,0.0603
180,Understanding and predicting the adoption of fitness mobile apps: evidence from China,adoption,0.1391
180,Understanding and predicting the adoption of fitness mobile apps: evidence from China,and,0.0752
180,Understanding and predicting the adoption of fitness mobile apps: evidence from China,app,0.2815
180,Understanding and predicting the adoption of fitness mobile apps: evidence from China,applications,0.0774
180,Understanding and predicting the adoption of fitness mobile apps: evidence from China,apps,0.1662
180,Understanding and predicting the adoption of fitness mobile apps: evidence from China,behaviors,0.1869
180,Understanding and predicting the adoption of fitness mobile apps: evidence from China,by,0.086
180,Understanding and predicting the adoption of fitness mobile apps: evidence from China,category,0.1543
180,Understanding and predicting the adoption of fitness mobile apps: evidence from China,china,0.1869
180,Understanding and predicting the adoption of fitness mobile apps: evidence from China,combining,0.1869
180,Understanding and predicting the adoption of fitness mobile apps: evidence from China,diet,0.1869
180,Understanding and predicting the adoption of fitness mobile apps: evidence from China,evidence,0.1869
180,Understanding and predicting the adoption of fitness mobile apps: evidence from China,first,0.1391
180,Understanding and predicting the adoption of fitness mobile apps: evidence from China,fitness,0.5606
180,Understanding and predicting the adoption of fitness mobile apps: evidence from China,from,0.1011
180,Understanding and predicting the adoption of fitness mobile apps: evidence from China,has,0.1028
180,Understanding and predicting the adoption of fitness mobile apps: evidence from China,in,0.0887
180,Understanding and predicting the adoption of fitness mobile apps: evidence from China,mobile,0.137
180,Understanding and predicting the adoption of fitness mobile apps: evidence from China,of,0.0356
180,Understanding and predicting the adoption of fitness mobile apps: evidence from China,on,0.1359
180,Understanding and predicting the adoption of fitness mobile apps: evidence from China,predicting,0.1663
180,Understanding and predicting the adoption of fitness mobile apps: evidence from China,prompted,0.1663
180,Understanding and predicting the adoption of fitness mobile apps: evidence from China,ranked,0.1869
180,Understanding and predicting the adoption of fitness mobile apps: evidence from China,specific,0.1391
180,Understanding and predicting the adoption of fitness mobile apps: evidence from China,store,0.1663
180,Understanding and predicting the adoption of fitness mobile apps: evidence from China,the,0.1444
180,Understanding and predicting the adoption of fitness mobile apps: evidence from China,understanding,0.1663
180,Understanding and predicting the adoption of fitness mobile apps: evidence from China,unified,0.1869
180,Understanding and predicting the adoption of fitness mobile apps: evidence from China,weightloss,0.1869
181,A new mobile application of agricultural pests recognition using deep learning in cloud computing system,agricultural,0.1811
181,A new mobile application of agricultural pests recognition using deep learning in cloud computing system,and,0.041
181,A new mobile application of agricultural pests recognition using deep learning in cloud computing system,application,0.4032
181,A new mobile application of agricultural pests recognition using deep learning in cloud computing system,automatically,0.2035
181,A new mobile application of agricultural pests recognition using deep learning in cloud computing system,classify,0.1811
181,A new mobile application of agricultural pests recognition using deep learning in cloud computing system,cloud,0.1811
181,A new mobile application of agricultural pests recognition using deep learning in cloud computing system,computing,0.1587
181,A new mobile application of agricultural pests recognition using deep learning in cloud computing system,deep,0.126
181,A new mobile application of agricultural pests recognition using deep learning in cloud computing system,deeplearning,0.2035
181,A new mobile application of agricultural pests recognition using deep learning in cloud computing system,developed,0.3621
181,A new mobile application of agricultural pests recognition using deep learning in cloud computing system,farmers,0.2035
181,A new mobile application of agricultural pests recognition using deep learning in cloud computing system,for,0.1199
181,A new mobile application of agricultural pests recognition using deep learning in cloud computing system,in,0.0483
181,A new mobile application of agricultural pests recognition using deep learning in cloud computing system,learning,0.0696
181,A new mobile application of agricultural pests recognition using deep learning in cloud computing system,mobile,0.1492
181,A new mobile application of agricultural pests recognition using deep learning in cloud computing system,new,0.1139
181,A new mobile application of agricultural pests recognition using deep learning in cloud computing system,of,0.0387
181,A new mobile application of agricultural pests recognition using deep learning in cloud computing system,online,0.1406
181,A new mobile application of agricultural pests recognition using deep learning in cloud computing system,our,0.1325
181,A new mobile application of agricultural pests recognition using deep learning in cloud computing system,pests,0.4069
181,A new mobile application of agricultural pests recognition using deep learning in cloud computing system,recognition,0.1515
181,A new mobile application of agricultural pests recognition using deep learning in cloud computing system,solution,0.168
181,A new mobile application of agricultural pests recognition using deep learning in cloud computing system,specialists,0.1811
181,A new mobile application of agricultural pests recognition using deep learning in cloud computing system,supporting,0.1811
181,A new mobile application of agricultural pests recognition using deep learning in cloud computing system,system,0.1456
181,A new mobile application of agricultural pests recognition using deep learning in cloud computing system,the,0.0393
181,A new mobile application of agricultural pests recognition using deep learning in cloud computing system,to,0.0528
181,A new mobile application of agricultural pests recognition using deep learning in cloud computing system,using,0.194
182,Text mining approach to explore determinants of grocery mobile app satisfaction using online customer reviews,app,0.1571
182,Text mining approach to explore determinants of grocery mobile app satisfaction using online customer reviews,approach,0.1392
182,Text mining approach to explore determinants of grocery mobile app satisfaction using online customer reviews,apps,0.2087
182,Text mining approach to explore determinants of grocery mobile app satisfaction using online customer reviews,business,0.1392
182,Text mining approach to explore determinants of grocery mobile app satisfaction using online customer reviews,competitive,0.1392
182,Text mining approach to explore determinants of grocery mobile app satisfaction using online customer reviews,customer,0.122
182,Text mining approach to explore determinants of grocery mobile app satisfaction using online customer reviews,decision,0.1392
182,Text mining approach to explore determinants of grocery mobile app satisfaction using online customer reviews,determinants,0.1392
182,Text mining approach to explore determinants of grocery mobile app satisfaction using online customer reviews,explore,0.1392
182,Text mining approach to explore determinants of grocery mobile app satisfaction using online customer reviews,for,0.1382
182,Text mining approach to explore determinants of grocery mobile app satisfaction using online customer reviews,grocery,0.6256
182,Text mining approach to explore determinants of grocery mobile app satisfaction using online customer reviews,highly,0.1392
182,Text mining approach to explore determinants of grocery mobile app satisfaction using online customer reviews,in,0.0371
182,Text mining approach to explore determinants of grocery mobile app satisfaction using online customer reviews,managers,0.1564
182,Text mining approach to explore determinants of grocery mobile app satisfaction using online customer reviews,market,0.1564
182,Text mining approach to explore determinants of grocery mobile app satisfaction using online customer reviews,mining,0.1392
182,Text mining approach to explore determinants of grocery mobile app satisfaction using online customer reviews,mobile,0.2294
182,Text mining approach to explore determinants of grocery mobile app satisfaction using online customer reviews,of,0.0595
182,Text mining approach to explore determinants of grocery mobile app satisfaction using online customer reviews,online,0.2161
182,Text mining approach to explore determinants of grocery mobile app satisfaction using online customer reviews,reviews,0.2784
182,Text mining approach to explore determinants of grocery mobile app satisfaction using online customer reviews,satisfaction,0.2582
182,Text mining approach to explore determinants of grocery mobile app satisfaction using online customer reviews,text,0.1564
182,Text mining approach to explore determinants of grocery mobile app satisfaction using online customer reviews,the,0.0302
182,Text mining approach to explore determinants of grocery mobile app satisfaction using online customer reviews,to,0.0812
182,Text mining approach to explore determinants of grocery mobile app satisfaction using online customer reviews,using,0.1491
183,… benefits and ethical challenges in the rise of mHealth (mobile healthcare) technology for the common good: An analysis of mobile applications for health specialists,accompany,0.2
183,… benefits and ethical challenges in the rise of mHealth (mobile healthcare) technology for the common good: An analysis of mobile applications for health specialists,address,0.156
183,… benefits and ethical challenges in the rise of mHealth (mobile healthcare) technology for the common good: An analysis of mobile applications for health specialists,an,0.0871
183,… benefits and ethical challenges in the rise of mHealth (mobile healthcare) technology for the common good: An analysis of mobile applications for health specialists,analysis,0.1049
183,… benefits and ethical challenges in the rise of mHealth (mobile healthcare) technology for the common good: An analysis of mobile applications for health specialists,and,0.0805
183,… benefits and ethical challenges in the rise of mHealth (mobile healthcare) technology for the common good: An analysis of mobile applications for health specialists,applications,0.0828
183,… benefits and ethical challenges in the rise of mHealth (mobile healthcare) technology for the common good: An analysis of mobile applications for health specialists,apps,0.2669
183,… benefits and ethical challenges in the rise of mHealth (mobile healthcare) technology for the common good: An analysis of mobile applications for health specialists,benefits,0.1651
183,… benefits and ethical challenges in the rise of mHealth (mobile healthcare) technology for the common good: An analysis of mobile applications for health specialists,challenges,0.22
183,… benefits and ethical challenges in the rise of mHealth (mobile healthcare) technology for the common good: An analysis of mobile applications for health specialists,common,0.156
183,… benefits and ethical challenges in the rise of mHealth (mobile healthcare) technology for the common good: An analysis of mobile applications for health specialists,developers,0.1033
183,… benefits and ethical challenges in the rise of mHealth (mobile healthcare) technology for the common good: An analysis of mobile applications for health specialists,ethical,0.3559
183,… benefits and ethical challenges in the rise of mHealth (mobile healthcare) technology for the common good: An analysis of mobile applications for health specialists,expectations,0.2
183,… benefits and ethical challenges in the rise of mHealth (mobile healthcare) technology for the common good: An analysis of mobile applications for health specialists,for,0.2357
183,… benefits and ethical challenges in the rise of mHealth (mobile healthcare) technology for the common good: An analysis of mobile applications for health specialists,good,0.1651
183,… benefits and ethical challenges in the rise of mHealth (mobile healthcare) technology for the common good: An analysis of mobile applications for health specialists,health,0.1339
183,… benefits and ethical challenges in the rise of mHealth (mobile healthcare) technology for the common good: An analysis of mobile applications for health specialists,healthcare,0.2
183,… benefits and ethical challenges in the rise of mHealth (mobile healthcare) technology for the common good: An analysis of mobile applications for health specialists,in,0.0474
183,… benefits and ethical challenges in the rise of mHealth (mobile healthcare) technology for the common good: An analysis of mobile applications for health specialists,increase,0.1651
183,… benefits and ethical challenges in the rise of mHealth (mobile healthcare) technology for the common good: An analysis of mobile applications for health specialists,indicate,0.178
183,… benefits and ethical challenges in the rise of mHealth (mobile healthcare) technology for the common good: An analysis of mobile applications for health specialists,it,0.1033
183,… benefits and ethical challenges in the rise of mHealth (mobile healthcare) technology for the common good: An analysis of mobile applications for health specialists,mhealth,0.2
183,… benefits and ethical challenges in the rise of mHealth (mobile healthcare) technology for the common good: An analysis of mobile applications for health specialists,mobile,0.22
183,… benefits and ethical challenges in the rise of mHealth (mobile healthcare) technology for the common good: An analysis of mobile applications for health specialists,more,0.1431
183,… benefits and ethical challenges in the rise of mHealth (mobile healthcare) technology for the common good: An analysis of mobile applications for health specialists,must,0.1651
183,… benefits and ethical challenges in the rise of mHealth (mobile healthcare) technology for the common good: An analysis of mobile applications for health specialists,of,0.0761
183,… benefits and ethical challenges in the rise of mHealth (mobile healthcare) technology for the common good: An analysis of mobile applications for health specialists,professionals,0.1651
183,… benefits and ethical challenges in the rise of mHealth (mobile healthcare) technology for the common good: An analysis of mobile applications for health specialists,requirements,0.2
183,… benefits and ethical challenges in the rise of mHealth (mobile healthcare) technology for the common good: An analysis of mobile applications for health specialists,rise,0.1651
183,… benefits and ethical challenges in the rise of mHealth (mobile healthcare) technology for the common good: An analysis of mobile applications for health specialists,specialists,0.178
183,… benefits and ethical challenges in the rise of mHealth (mobile healthcare) technology for the common good: An analysis of mobile applications for health specialists,technology,0.1162
183,… benefits and ethical challenges in the rise of mHealth (mobile healthcare) technology for the common good: An analysis of mobile applications for health specialists,that,0.0784
183,… benefits and ethical challenges in the rise of mHealth (mobile healthcare) technology for the common good: An analysis of mobile applications for health specialists,the,0.1545
183,… benefits and ethical challenges in the rise of mHealth (mobile healthcare) technology for the common good: An analysis of mobile applications for health specialists,them,0.1489
183,… benefits and ethical challenges in the rise of mHealth (mobile healthcare) technology for the common good: An analysis of mobile applications for health specialists,to,0.0519
183,… benefits and ethical challenges in the rise of mHealth (mobile healthcare) technology for the common good: An analysis of mobile applications for health specialists,with,0.0791
184,The role of utilitarian and hedonic aspects in the continuance intention to use social mobile apps,aim,0.1
184,The role of utilitarian and hedonic aspects in the continuance intention to use social mobile apps,and,0.0563
184,The role of utilitarian and hedonic aspects in the continuance intention to use social mobile apps,apps,0.3108
184,The role of utilitarian and hedonic aspects in the continuance intention to use social mobile apps,as,0.0596
184,The role of utilitarian and hedonic aspects in the continuance intention to use social mobile apps,aspects,0.109
184,The role of utilitarian and hedonic aspects in the continuance intention to use social mobile apps,be,0.0769
184,The role of utilitarian and hedonic aspects in the continuance intention to use social mobile apps,considering,0.1397
184,The role of utilitarian and hedonic aspects in the continuance intention to use social mobile apps,continuance,0.1244
184,The role of utilitarian and hedonic aspects in the continuance intention to use social mobile apps,hedonic,0.4192
184,The role of utilitarian and hedonic aspects in the continuance intention to use social mobile apps,ie,0.2795
184,The role of utilitarian and hedonic aspects in the continuance intention to use social mobile apps,in,0.0663
184,The role of utilitarian and hedonic aspects in the continuance intention to use social mobile apps,intention,0.2
184,The role of utilitarian and hedonic aspects in the continuance intention to use social mobile apps,may,0.109
184,The role of utilitarian and hedonic aspects in the continuance intention to use social mobile apps,mobile,0.1537
184,The role of utilitarian and hedonic aspects in the continuance intention to use social mobile apps,of,0.0266
184,The role of utilitarian and hedonic aspects in the continuance intention to use social mobile apps,or,0.0865
184,The role of utilitarian and hedonic aspects in the continuance intention to use social mobile apps,role,0.0797
184,The role of utilitarian and hedonic aspects in the continuance intention to use social mobile apps,social,0.3269
184,The role of utilitarian and hedonic aspects in the continuance intention to use social mobile apps,the,0.054
184,The role of utilitarian and hedonic aspects in the continuance intention to use social mobile apps,to,0.0725
184,The role of utilitarian and hedonic aspects in the continuance intention to use social mobile apps,tripadvisor,0.1397
184,The role of utilitarian and hedonic aspects in the continuance intention to use social mobile apps,two,0.109
184,The role of utilitarian and hedonic aspects in the continuance intention to use social mobile apps,use,0.1538
184,The role of utilitarian and hedonic aspects in the continuance intention to use social mobile apps,utilitarian,0.5589
184,The role of utilitarian and hedonic aspects in the continuance intention to use social mobile apps,we,0.0558
185,Screen recognition: Creating accessibility metadata for mobile applications from pixels,accessibility,0.2732
185,Screen recognition: Creating accessibility metadata for mobile applications from pixels,an,0.0763
185,Screen recognition: Creating accessibility metadata for mobile applications from pixels,app,0.088
185,Screen recognition: Creating accessibility metadata for mobile applications from pixels,applications,0.0726
185,Screen recognition: Creating accessibility metadata for mobile applications from pixels,apps,0.1558
185,Screen recognition: Creating accessibility metadata for mobile applications from pixels,as,0.0747
185,Screen recognition: Creating accessibility metadata for mobile applications from pixels,best,0.1446
185,Screen recognition: Creating accessibility metadata for mobile applications from pixels,cient,0.1752
185,Screen recognition: Creating accessibility metadata for mobile applications from pixels,creating,0.1366
185,Screen recognition: Creating accessibility metadata for mobile applications from pixels,do,0.1559
185,Screen recognition: Creating accessibility metadata for mobile applications from pixels,ect,0.1752
185,Screen recognition: Creating accessibility metadata for mobile applications from pixels,features,0.1304
185,Screen recognition: Creating accessibility metadata for mobile applications from pixels,for,0.1548
185,Screen recognition: Creating accessibility metadata for mobile applications from pixels,from,0.1895
185,Screen recognition: Creating accessibility metadata for mobile applications from pixels,interfaces,0.1752
185,Screen recognition: Creating accessibility metadata for mobile applications from pixels,many,0.1366
185,Screen recognition: Creating accessibility metadata for mobile applications from pixels,metadata,0.5255
185,Screen recognition: Creating accessibility metadata for mobile applications from pixels,mobile,0.1284
185,Screen recognition: Creating accessibility metadata for mobile applications from pixels,not,0.106
185,Screen recognition: Creating accessibility metadata for mobile applications from pixels,often,0.1446
185,Screen recognition: Creating accessibility metadata for mobile applications from pixels,pixels,0.3503
185,Screen recognition: Creating accessibility metadata for mobile applications from pixels,provide,0.1253
185,Screen recognition: Creating accessibility metadata for mobile applications from pixels,re,0.1559
185,Screen recognition: Creating accessibility metadata for mobile applications from pixels,recognition,0.1304
185,Screen recognition: Creating accessibility metadata for mobile applications from pixels,screen,0.1446
185,Screen recognition: Creating accessibility metadata for mobile applications from pixels,su,0.1752
185,Screen recognition: Creating accessibility metadata for mobile applications from pixels,the,0.0338
185,Screen recognition: Creating accessibility metadata for mobile applications from pixels,their,0.0998
185,Screen recognition: Creating accessibility metadata for mobile applications from pixels,to,0.0455
185,Screen recognition: Creating accessibility metadata for mobile applications from pixels,unfortunately,0.1559
185,Screen recognition: Creating accessibility metadata for mobile applications from pixels,visual,0.1366
185,Screen recognition: Creating accessibility metadata for mobile applications from pixels,work,0.114
186,User interface design & evaluation of mobile applications,application,0.3082
186,User interface design & evaluation of mobile applications,applications,0.0859
186,User interface design & evaluation of mobile applications,besides,0.2074
186,User interface design & evaluation of mobile applications,design,0.293
186,User interface design & evaluation of mobile applications,designs,0.1845
186,User interface design & evaluation of mobile applications,different,0.1433
186,User interface design & evaluation of mobile applications,evaluation,0.2866
186,User interface design & evaluation of mobile applications,for,0.1222
186,User interface design & evaluation of mobile applications,interface,0.4147
186,User interface design & evaluation of mobile applications,mobile,0.3041
186,User interface design & evaluation of mobile applications,of,0.1578
186,User interface design & evaluation of mobile applications,projects,0.3424
186,User interface design & evaluation of mobile applications,solve,0.2074
186,User interface design & evaluation of mobile applications,student,0.3691
186,User interface design & evaluation of mobile applications,the,0.1202
186,User interface design & evaluation of mobile applications,to,0.0538
186,User interface design & evaluation of mobile applications,user,0.1182
187,"Technology, privacy, and user opinions of COVID-19 mobile apps for contact tracing: Systematic search and content analysis",analysis,0.0941
187,"Technology, privacy, and user opinions of COVID-19 mobile apps for contact tracing: Systematic search and content analysis",and,0.0723
187,"Technology, privacy, and user opinions of COVID-19 mobile apps for contact tracing: Systematic search and content analysis",app,0.1803
187,"Technology, privacy, and user opinions of COVID-19 mobile apps for contact tracing: Systematic search and content analysis",apps,0.0799
187,"Technology, privacy, and user opinions of COVID-19 mobile apps for contact tracing: Systematic search and content analysis",contact,0.359
187,"Technology, privacy, and user opinions of COVID-19 mobile apps for contact tracing: Systematic search and content analysis",content,0.14
187,"Technology, privacy, and user opinions of COVID-19 mobile apps for contact tracing: Systematic search and content analysis",corona,0.1795
187,"Technology, privacy, and user opinions of COVID-19 mobile apps for contact tracing: Systematic search and content analysis",country,0.1795
187,"Technology, privacy, and user opinions of COVID-19 mobile apps for contact tracing: Systematic search and content analysis",covid,0.2569
187,"Technology, privacy, and user opinions of COVID-19 mobile apps for contact tracing: Systematic search and content analysis",during,0.1336
187,"Technology, privacy, and user opinions of COVID-19 mobile apps for contact tracing: Systematic search and content analysis",first,0.1336
187,"Technology, privacy, and user opinions of COVID-19 mobile apps for contact tracing: Systematic search and content analysis",for,0.1058
187,"Technology, privacy, and user opinions of COVID-19 mobile apps for contact tracing: Systematic search and content analysis",korea,0.1795
187,"Technology, privacy, and user opinions of COVID-19 mobile apps for contact tracing: Systematic search and content analysis",korean,0.1795
187,"Technology, privacy, and user opinions of COVID-19 mobile apps for contact tracing: Systematic search and content analysis",mobile,0.1316
187,"Technology, privacy, and user opinions of COVID-19 mobile apps for contact tracing: Systematic search and content analysis",of,0.0683
187,"Technology, privacy, and user opinions of COVID-19 mobile apps for contact tracing: Systematic search and content analysis",opinions,0.1795
187,"Technology, privacy, and user opinions of COVID-19 mobile apps for contact tracing: Systematic search and content analysis",pandemic,0.1482
187,"Technology, privacy, and user opinions of COVID-19 mobile apps for contact tracing: Systematic search and content analysis",privacy,0.1482
187,"Technology, privacy, and user opinions of COVID-19 mobile apps for contact tracing: Systematic search and content analysis",results,0.1336
187,"Technology, privacy, and user opinions of COVID-19 mobile apps for contact tracing: Systematic search and content analysis",search,0.1336
187,"Technology, privacy, and user opinions of COVID-19 mobile apps for contact tracing: Systematic search and content analysis",show,0.1482
187,"Technology, privacy, and user opinions of COVID-19 mobile apps for contact tracing: Systematic search and content analysis",south,0.359
187,"Technology, privacy, and user opinions of COVID-19 mobile apps for contact tracing: Systematic search and content analysis",study,0.0889
187,"Technology, privacy, and user opinions of COVID-19 mobile apps for contact tracing: Systematic search and content analysis",systematic,0.1087
187,"Technology, privacy, and user opinions of COVID-19 mobile apps for contact tracing: Systematic search and content analysis",technology,0.1043
187,"Technology, privacy, and user opinions of COVID-19 mobile apps for contact tracing: Systematic search and content analysis",that,0.0704
187,"Technology, privacy, and user opinions of COVID-19 mobile apps for contact tracing: Systematic search and content analysis",the,0.1387
187,"Technology, privacy, and user opinions of COVID-19 mobile apps for contact tracing: Systematic search and content analysis",this,0.0653
187,"Technology, privacy, and user opinions of COVID-19 mobile apps for contact tracing: Systematic search and content analysis",to,0.0466
187,"Technology, privacy, and user opinions of COVID-19 mobile apps for contact tracing: Systematic search and content analysis",tracing,0.359
187,"Technology, privacy, and user opinions of COVID-19 mobile apps for contact tracing: Systematic search and content analysis",use,0.0988
187,"Technology, privacy, and user opinions of COVID-19 mobile apps for contact tracing: Systematic search and content analysis",user,0.1023
187,"Technology, privacy, and user opinions of COVID-19 mobile apps for contact tracing: Systematic search and content analysis",was,0.2481
188,Breathing: A powerfull tool for physical & neuropsychological regulation. The role of mobile apps,addition,0.165
188,Breathing: A powerfull tool for physical & neuropsychological regulation. The role of mobile apps,applications,0.1656
188,Breathing: A powerfull tool for physical & neuropsychological regulation. The role of mobile apps,apps,0.0889
188,Breathing: A powerfull tool for physical & neuropsychological regulation. The role of mobile apps,as,0.0853
188,Breathing: A powerfull tool for physical & neuropsychological regulation. The role of mobile apps,aspects,0.1559
188,Breathing: A powerfull tool for physical & neuropsychological regulation. The role of mobile apps,breathing,0.5997
188,Breathing: A powerfull tool for physical & neuropsychological regulation. The role of mobile apps,effectiveness,0.1488
188,Breathing: A powerfull tool for physical & neuropsychological regulation. The role of mobile apps,examine,0.165
188,Breathing: A powerfull tool for physical & neuropsychological regulation. The role of mobile apps,for,0.0589
188,Breathing: A powerfull tool for physical & neuropsychological regulation. The role of mobile apps,health,0.1339
188,Breathing: A powerfull tool for physical & neuropsychological regulation. The role of mobile apps,human,0.165
188,Breathing: A powerfull tool for physical & neuropsychological regulation. The role of mobile apps,in,0.0949
188,Breathing: A powerfull tool for physical & neuropsychological regulation. The role of mobile apps,method,0.1999
188,Breathing: A powerfull tool for physical & neuropsychological regulation. The role of mobile apps,mobile,0.2199
188,Breathing: A powerfull tool for physical & neuropsychological regulation. The role of mobile apps,neuropsychological,0.1999
188,Breathing: A powerfull tool for physical & neuropsychological regulation. The role of mobile apps,of,0.1522
188,Breathing: A powerfull tool for physical & neuropsychological regulation. The role of mobile apps,physical,0.1999
188,Breathing: A powerfull tool for physical & neuropsychological regulation. The role of mobile apps,powerfull,0.1999
188,Breathing: A powerfull tool for physical & neuropsychological regulation. The role of mobile apps,regulation,0.1999
188,Breathing: A powerfull tool for physical & neuropsychological regulation. The role of mobile apps,role,0.2279
188,Breathing: A powerfull tool for physical & neuropsychological regulation. The role of mobile apps,the,0.1545
188,Breathing: A powerfull tool for physical & neuropsychological regulation. The role of mobile apps,tool,0.1559
188,Breathing: A powerfull tool for physical & neuropsychological regulation. The role of mobile apps,tools,0.1339
188,Breathing: A powerfull tool for physical & neuropsychological regulation. The role of mobile apps,training,0.1559
188,Breathing: A powerfull tool for physical & neuropsychological regulation. The role of mobile apps,various,0.1381
188,Breathing: A powerfull tool for physical & neuropsychological regulation. The role of mobile apps,we,0.0798
189,Effectiveness of mobile apps to promote health and manage disease: systematic review and meta-analysis of randomized controlled trials,an,0.0866
189,Effectiveness of mobile apps to promote health and manage disease: systematic review and meta-analysis of randomized controlled trials,and,0.0801
189,Effectiveness of mobile apps to promote health and manage disease: systematic review and meta-analysis of randomized controlled trials,app,0.0999
189,Effectiveness of mobile apps to promote health and manage disease: systematic review and meta-analysis of randomized controlled trials,apps,0.354
189,Effectiveness of mobile apps to promote health and manage disease: systematic review and meta-analysis of randomized controlled trials,become,0.1642
189,Effectiveness of mobile apps to promote health and manage disease: systematic review and meta-analysis of randomized controlled trials,care,0.1771
189,Effectiveness of mobile apps to promote health and manage disease: systematic review and meta-analysis of randomized controlled trials,common,0.1552
189,Effectiveness of mobile apps to promote health and manage disease: systematic review and meta-analysis of randomized controlled trials,controlled,0.1989
189,Effectiveness of mobile apps to promote health and manage disease: systematic review and meta-analysis of randomized controlled trials,disease,0.1771
189,Effectiveness of mobile apps to promote health and manage disease: systematic review and meta-analysis of randomized controlled trials,effectiveness,0.2962
189,Effectiveness of mobile apps to promote health and manage disease: systematic review and meta-analysis of randomized controlled trials,estimated,0.1989
189,Effectiveness of mobile apps to promote health and manage disease: systematic review and meta-analysis of randomized controlled trials,existence,0.1989
189,Effectiveness of mobile apps to promote health and manage disease: systematic review and meta-analysis of randomized controlled trials,for,0.0586
189,Effectiveness of mobile apps to promote health and manage disease: systematic review and meta-analysis of randomized controlled trials,global,0.1642
189,Effectiveness of mobile apps to promote health and manage disease: systematic review and meta-analysis of randomized controlled trials,has,0.1095
189,Effectiveness of mobile apps to promote health and manage disease: systematic review and meta-analysis of randomized controlled trials,health,0.3998
189,Effectiveness of mobile apps to promote health and manage disease: systematic review and meta-analysis of randomized controlled trials,in,0.0472
189,Effectiveness of mobile apps to promote health and manage disease: systematic review and meta-analysis of randomized controlled trials,increasingly,0.1642
189,Effectiveness of mobile apps to promote health and manage disease: systematic review and meta-analysis of randomized controlled trials,manage,0.1771
189,Effectiveness of mobile apps to promote health and manage disease: systematic review and meta-analysis of randomized controlled trials,metaanalysis,0.1771
189,Effectiveness of mobile apps to promote health and manage disease: systematic review and meta-analysis of randomized controlled trials,mobile,0.1459
189,Effectiveness of mobile apps to promote health and manage disease: systematic review and meta-analysis of randomized controlled trials,now,0.1642
189,Effectiveness of mobile apps to promote health and manage disease: systematic review and meta-analysis of randomized controlled trials,of,0.1136
189,Effectiveness of mobile apps to promote health and manage disease: systematic review and meta-analysis of randomized controlled trials,promote,0.1989
189,Effectiveness of mobile apps to promote health and manage disease: systematic review and meta-analysis of randomized controlled trials,randomized,0.1989
189,Effectiveness of mobile apps to promote health and manage disease: systematic review and meta-analysis of randomized controlled trials,related,0.1423
189,Effectiveness of mobile apps to promote health and manage disease: systematic review and meta-analysis of randomized controlled trials,review,0.0885
189,Effectiveness of mobile apps to promote health and manage disease: systematic review and meta-analysis of randomized controlled trials,systematic,0.1205
189,Effectiveness of mobile apps to promote health and manage disease: systematic review and meta-analysis of randomized controlled trials,the,0.1153
189,Effectiveness of mobile apps to promote health and manage disease: systematic review and meta-analysis of randomized controlled trials,to,0.0516
189,Effectiveness of mobile apps to promote health and manage disease: systematic review and meta-analysis of randomized controlled trials,trials,0.1771
189,Effectiveness of mobile apps to promote health and manage disease: systematic review and meta-analysis of randomized controlled trials,with,0.0787
190,Customers' perceived value and dining choice through mobile apps in Indonesia,alibabaowned,0.2072
190,Customers' perceived value and dining choice through mobile apps in Indonesia,and,0.0417
190,Customers' perceived value and dining choice through mobile apps in Indonesia,app,0.2081
190,Customers' perceived value and dining choice through mobile apps in Indonesia,applications,0.0858
190,Customers' perceived value and dining choice through mobile apps in Indonesia,apps,0.2765
190,Customers' perceived value and dining choice through mobile apps in Indonesia,as,0.0884
190,Customers' perceived value and dining choice through mobile apps in Indonesia,choice,0.1844
190,Customers' perceived value and dining choice through mobile apps in Indonesia,commerce,0.2072
190,Customers' perceived value and dining choice through mobile apps in Indonesia,customers,0.1844
190,Customers' perceived value and dining choice through mobile apps in Indonesia,example,0.1844
190,Customers' perceived value and dining choice through mobile apps in Indonesia,for,0.061
190,Customers' perceived value and dining choice through mobile apps in Indonesia,gained,0.2072
190,Customers' perceived value and dining choice through mobile apps in Indonesia,have,0.1204
190,Customers' perceived value and dining choice through mobile apps in Indonesia,hereafter,0.4144
190,Customers' perceived value and dining choice through mobile apps in Indonesia,in,0.0983
190,Customers' perceived value and dining choice through mobile apps in Indonesia,indonesia,0.2072
190,Customers' perceived value and dining choice through mobile apps in Indonesia,mobile,0.3798
190,Customers' perceived value and dining choice through mobile apps in Indonesia,ning,0.2072
190,Customers' perceived value and dining choice through mobile apps in Indonesia,or,0.1283
190,Customers' perceived value and dining choice through mobile apps in Indonesia,perceived,0.1844
190,Customers' perceived value and dining choice through mobile apps in Indonesia,popularity,0.1844
190,Customers' perceived value and dining choice through mobile apps in Indonesia,such,0.1542
190,Customers' perceived value and dining choice through mobile apps in Indonesia,taobao,0.2072
190,Customers' perceived value and dining choice through mobile apps in Indonesia,through,0.1254
190,Customers' perceived value and dining choice through mobile apps in Indonesia,value,0.171
190,Customers' perceived value and dining choice through mobile apps in Indonesia,with,0.082
191,Design and implementation of smart hydroponics farming using IoT‐Based AI controller with mobile application system,ai,0.1363
191,Design and implementation of smart hydroponics farming using IoT‐Based AI controller with mobile application system,and,0.0383
191,Design and implementation of smart hydroponics farming using IoT‐Based AI controller with mobile application system,app,0.0956
191,Design and implementation of smart hydroponics farming using IoT‐Based AI controller with mobile application system,application,0.2831
191,Design and implementation of smart hydroponics farming using IoT‐Based AI controller with mobile application system,based,0.124
191,Design and implementation of smart hydroponics farming using IoT‐Based AI controller with mobile application system,can,0.1031
191,Design and implementation of smart hydroponics farming using IoT‐Based AI controller with mobile application system,connected,0.1905
191,Design and implementation of smart hydroponics farming using IoT‐Based AI controller with mobile application system,continuously,0.1905
191,Design and implementation of smart hydroponics farming using IoT‐Based AI controller with mobile application system,controller,0.1905
191,Design and implementation of smart hydroponics farming using IoT‐Based AI controller with mobile application system,design,0.0897
191,Design and implementation of smart hydroponics farming using IoT‐Based AI controller with mobile application system,environment,0.1695
191,Design and implementation of smart hydroponics farming using IoT‐Based AI controller with mobile application system,farmer,0.1905
191,Design and implementation of smart hydroponics farming using IoT‐Based AI controller with mobile application system,farming,0.1905
191,Design and implementation of smart hydroponics farming using IoT‐Based AI controller with mobile application system,field,0.1485
191,Design and implementation of smart hydroponics farming using IoT‐Based AI controller with mobile application system,his,0.1905
191,Design and implementation of smart hydroponics farming using IoT‐Based AI controller with mobile application system,hydroponics,0.1905
191,Design and implementation of smart hydroponics farming using IoT‐Based AI controller with mobile application system,implementation,0.1905
191,Design and implementation of smart hydroponics farming using IoT‐Based AI controller with mobile application system,in,0.0452
191,Design and implementation of smart hydroponics farming using IoT‐Based AI controller with mobile application system,integrated,0.1905
191,Design and implementation of smart hydroponics farming using IoT‐Based AI controller with mobile application system,iot,0.3809
191,Design and implementation of smart hydroponics farming using IoT‐Based AI controller with mobile application system,is,0.0704
191,Design and implementation of smart hydroponics farming using IoT‐Based AI controller with mobile application system,manner,0.1905
191,Design and implementation of smart hydroponics farming using IoT‐Based AI controller with mobile application system,mobile,0.2793
191,Design and implementation of smart hydroponics farming using IoT‐Based AI controller with mobile application system,of,0.1087
191,Design and implementation of smart hydroponics farming using IoT‐Based AI controller with mobile application system,over,0.1485
191,Design and implementation of smart hydroponics farming using IoT‐Based AI controller with mobile application system,smart,0.1485
191,Design and implementation of smart hydroponics farming using IoT‐Based AI controller with mobile application system,status,0.1905
191,Design and implementation of smart hydroponics farming using IoT‐Based AI controller with mobile application system,system,0.1363
191,Design and implementation of smart hydroponics farming using IoT‐Based AI controller with mobile application system,the,0.1104
191,Design and implementation of smart hydroponics farming using IoT‐Based AI controller with mobile application system,this,0.0693
191,Design and implementation of smart hydroponics farming using IoT‐Based AI controller with mobile application system,track,0.1905
191,Design and implementation of smart hydroponics farming using IoT‐Based AI controller with mobile application system,using,0.1816
191,Design and implementation of smart hydroponics farming using IoT‐Based AI controller with mobile application system,which,0.1014
191,Design and implementation of smart hydroponics farming using IoT‐Based AI controller with mobile application system,with,0.0753
192,Enhancing English vocabulary learning through mobile apps: A new paradigm in educational technology,and,0.0498
192,Enhancing English vocabulary learning through mobile apps: A new paradigm in educational technology,application,0.1226
192,Enhancing English vocabulary learning through mobile apps: A new paradigm in educational technology,applications,0.1026
192,Enhancing English vocabulary learning through mobile apps: A new paradigm in educational technology,apps,0.2203
192,Enhancing English vocabulary learning through mobile apps: A new paradigm in educational technology,educational,0.2203
192,Enhancing English vocabulary learning through mobile apps: A new paradigm in educational technology,effectiveness,0.1843
192,Enhancing English vocabulary learning through mobile apps: A new paradigm in educational technology,english,0.2476
192,Enhancing English vocabulary learning through mobile apps: A new paradigm in educational technology,enhancing,0.1711
192,Enhancing English vocabulary learning through mobile apps: A new paradigm in educational technology,explores,0.2044
192,Enhancing English vocabulary learning through mobile apps: A new paradigm in educational technology,for,0.0729
192,Enhancing English vocabulary learning through mobile apps: A new paradigm in educational technology,in,0.1175
192,Enhancing English vocabulary learning through mobile apps: A new paradigm in educational technology,learning,0.0847
192,Enhancing English vocabulary learning through mobile apps: A new paradigm in educational technology,mobile,0.3631
192,Enhancing English vocabulary learning through mobile apps: A new paradigm in educational technology,new,0.1386
192,Enhancing English vocabulary learning through mobile apps: A new paradigm in educational technology,of,0.0942
192,Enhancing English vocabulary learning through mobile apps: A new paradigm in educational technology,on,0.0901
192,Enhancing English vocabulary learning through mobile apps: A new paradigm in educational technology,outlines,0.2476
192,Enhancing English vocabulary learning through mobile apps: A new paradigm in educational technology,paper,0.1533
192,Enhancing English vocabulary learning through mobile apps: A new paradigm in educational technology,paradigm,0.2044
192,Enhancing English vocabulary learning through mobile apps: A new paradigm in educational technology,patterns,0.2203
192,Enhancing English vocabulary learning through mobile apps: A new paradigm in educational technology,perception,0.2203
192,Enhancing English vocabulary learning through mobile apps: A new paradigm in educational technology,preferences,0.2476
192,Enhancing English vocabulary learning through mobile apps: A new paradigm in educational technology,study,0.1226
192,Enhancing English vocabulary learning through mobile apps: A new paradigm in educational technology,survey,0.1411
192,Enhancing English vocabulary learning through mobile apps: A new paradigm in educational technology,technology,0.1438
192,Enhancing English vocabulary learning through mobile apps: A new paradigm in educational technology,the,0.0478
192,Enhancing English vocabulary learning through mobile apps: A new paradigm in educational technology,this,0.1801
192,Enhancing English vocabulary learning through mobile apps: A new paradigm in educational technology,through,0.1499
192,Enhancing English vocabulary learning through mobile apps: A new paradigm in educational technology,usage,0.1931
192,Enhancing English vocabulary learning through mobile apps: A new paradigm in educational technology,used,0.134
192,Enhancing English vocabulary learning through mobile apps: A new paradigm in educational technology,vocabulary,0.2476
193,Augmented reality mobile apps for cultural heritage reactivation,and,0.0444
193,Augmented reality mobile apps for cultural heritage reactivation,app,0.1109
193,Augmented reality mobile apps for cultural heritage reactivation,applications,0.0915
193,Augmented reality mobile apps for cultural heritage reactivation,apps,0.1964
193,Augmented reality mobile apps for cultural heritage reactivation,augmented,0.3443
193,Augmented reality mobile apps for cultural heritage reactivation,cultural,0.2208
193,Augmented reality mobile apps for cultural heritage reactivation,during,0.1643
193,Augmented reality mobile apps for cultural heritage reactivation,for,0.1301
193,Augmented reality mobile apps for cultural heritage reactivation,heritage,0.2208
193,Augmented reality mobile apps for cultural heritage reactivation,impacted,0.2208
193,Augmented reality mobile apps for cultural heritage reactivation,insights,0.1822
193,Augmented reality mobile apps for cultural heritage reactivation,into,0.1437
193,Augmented reality mobile apps for cultural heritage reactivation,learning,0.0755
193,Augmented reality mobile apps for cultural heritage reactivation,mobile,0.2428
193,Augmented reality mobile apps for cultural heritage reactivation,not,0.1337
193,Augmented reality mobile apps for cultural heritage reactivation,perception,0.1965
193,Augmented reality mobile apps for cultural heritage reactivation,proposed,0.2208
193,Augmented reality mobile apps for cultural heritage reactivation,reactivating,0.2208
193,Augmented reality mobile apps for cultural heritage reactivation,reactivation,0.2208
193,Augmented reality mobile apps for cultural heritage reactivation,reality,0.3443
193,Augmented reality mobile apps for cultural heritage reactivation,technological,0.2208
193,Augmented reality mobile apps for cultural heritage reactivation,the,0.0427
193,Augmented reality mobile apps for cultural heritage reactivation,user,0.1258
193,Augmented reality mobile apps for cultural heritage reactivation,was,0.3051
193,Augmented reality mobile apps for cultural heritage reactivation,when,0.1525
193,Augmented reality mobile apps for cultural heritage reactivation,with,0.0873
194,Examining travel mobile app attributes and its impact on consumer engagement: An application of SOR framework,an,0.0752
194,Examining travel mobile app attributes and its impact on consumer engagement: An application of SOR framework,and,0.0347
194,Examining travel mobile app attributes and its impact on consumer engagement: An application of SOR framework,app,0.26
194,Examining travel mobile app attributes and its impact on consumer engagement: An application of SOR framework,application,0.0855
194,Examining travel mobile app attributes and its impact on consumer engagement: An application of SOR framework,apps,0.0768
194,Examining travel mobile app attributes and its impact on consumer engagement: An application of SOR framework,as,0.0736
194,Examining travel mobile app attributes and its impact on consumer engagement: An application of SOR framework,attributes,0.2849
194,Examining travel mobile app attributes and its impact on consumer engagement: An application of SOR framework,behavioral,0.1726
194,Examining travel mobile app attributes and its impact on consumer engagement: An application of SOR framework,consumer,0.3071
194,Examining travel mobile app attributes and its impact on consumer engagement: An application of SOR framework,engagement,0.2469
194,Examining travel mobile app attributes and its impact on consumer engagement: An application of SOR framework,examining,0.1425
194,Examining travel mobile app attributes and its impact on consumer engagement: An application of SOR framework,focus,0.2692
194,Examining travel mobile app attributes and its impact on consumer engagement: An application of SOR framework,framework,0.1192
194,Examining travel mobile app attributes and its impact on consumer engagement: An application of SOR framework,impact,0.1045
194,Examining travel mobile app attributes and its impact on consumer engagement: An application of SOR framework,in,0.0409
194,Examining travel mobile app attributes and its impact on consumer engagement: An application of SOR framework,influencing,0.1425
194,Examining travel mobile app attributes and its impact on consumer engagement: An application of SOR framework,intentions,0.1726
194,Examining travel mobile app attributes and its impact on consumer engagement: An application of SOR framework,its,0.1124
194,Examining travel mobile app attributes and its impact on consumer engagement: An application of SOR framework,mobile,0.1898
194,Examining travel mobile app attributes and its impact on consumer engagement: An application of SOR framework,of,0.0985
194,Examining travel mobile app attributes and its impact on consumer engagement: An application of SOR framework,on,0.1255
194,Examining travel mobile app attributes and its impact on consumer engagement: An application of SOR framework,part,0.1425
194,Examining travel mobile app attributes and its impact on consumer engagement: An application of SOR framework,qualitative,0.1726
194,Examining travel mobile app attributes and its impact on consumer engagement: An application of SOR framework,research,0.0934
194,Examining travel mobile app attributes and its impact on consumer engagement: An application of SOR framework,sor,0.1726
194,Examining travel mobile app attributes and its impact on consumer engagement: An application of SOR framework,special,0.1536
194,Examining travel mobile app attributes and its impact on consumer engagement: An application of SOR framework,the,0.0333
194,Examining travel mobile app attributes and its impact on consumer engagement: An application of SOR framework,to,0.0448
194,Examining travel mobile app attributes and its impact on consumer engagement: An application of SOR framework,travel,0.5177
194,Examining travel mobile app attributes and its impact on consumer engagement: An application of SOR framework,use,0.0949
194,Examining travel mobile app attributes and its impact on consumer engagement: An application of SOR framework,with,0.0683
195,User experience analysis on mobile application design using user experience questionnaire,aims,0.1807
195,User experience analysis on mobile application design using user experience questionnaire,all,0.1601
195,User experience analysis on mobile application design using user experience questionnaire,analysis,0.1215
195,User experience analysis on mobile application design using user experience questionnaire,analyze,0.1807
195,User experience analysis on mobile application design using user experience questionnaire,application,0.3444
195,User experience analysis on mobile application design using user experience questionnaire,concepts,0.1913
195,User experience analysis on mobile application design using user experience questionnaire,design,0.2183
195,User experience analysis on mobile application design using user experience questionnaire,essential,0.1913
195,User experience analysis on mobile application design using user experience questionnaire,experience,0.2806
195,User experience analysis on mobile application design using user experience questionnaire,humancomputer,0.2317
195,User experience analysis on mobile application design using user experience questionnaire,interaction,0.2062
195,User experience analysis on mobile application design using user experience questionnaire,is,0.0857
195,User experience analysis on mobile application design using user experience questionnaire,it,0.1197
195,User experience analysis on mobile application design using user experience questionnaire,manuscript,0.2317
195,User experience analysis on mobile application design using user experience questionnaire,mobile,0.2549
195,User experience analysis on mobile application design using user experience questionnaire,nowadays,0.2317
195,User experience analysis on mobile application design using user experience questionnaire,of,0.0441
195,User experience analysis on mobile application design using user experience questionnaire,on,0.0843
195,User experience analysis on mobile application design using user experience questionnaire,questionnaire,0.2062
195,User experience analysis on mobile application design using user experience questionnaire,this,0.0843
195,User experience analysis on mobile application design using user experience questionnaire,to,0.1805
195,User experience analysis on mobile application design using user experience questionnaire,understand,0.2317
195,User experience analysis on mobile application design using user experience questionnaire,usability,0.2062
195,User experience analysis on mobile application design using user experience questionnaire,use,0.1275
195,User experience analysis on mobile application design using user experience questionnaire,user,0.2642
195,User experience analysis on mobile application design using user experience questionnaire,using,0.1105
196,Characterization and prediction of mobile-app traffic using Markov modeling,and,0.0865
196,Characterization and prediction of mobile-app traffic using Markov modeling,application,0.1064
196,Characterization and prediction of mobile-app traffic using Markov modeling,applications,0.089
196,Characterization and prediction of mobile-app traffic using Markov modeling,at,0.1537
196,Characterization and prediction of mobile-app traffic using Markov modeling,category,0.1773
196,Characterization and prediction of mobile-app traffic using Markov modeling,characterization,0.2148
196,Characterization and prediction of mobile-app traffic using Markov modeling,detail,0.1911
196,Characterization and prediction of mobile-app traffic using Markov modeling,different,0.1484
196,Characterization and prediction of mobile-app traffic using Markov modeling,granularities,0.2148
196,Characterization and prediction of mobile-app traffic using Markov modeling,ii,0.1911
196,Characterization and prediction of mobile-app traffic using Markov modeling,iii,0.2148
196,Characterization and prediction of mobile-app traffic using Markov modeling,in,0.051
196,Characterization and prediction of mobile-app traffic using Markov modeling,is,0.0794
196,Characterization and prediction of mobile-app traffic using Markov modeling,markov,0.2148
196,Characterization and prediction of mobile-app traffic using Markov modeling,mobile,0.0787
196,Characterization and prediction of mobile-app traffic using Markov modeling,mobileapp,0.1911
196,Characterization and prediction of mobile-app traffic using Markov modeling,model,0.2877
196,Characterization and prediction of mobile-app traffic using Markov modeling,modeling,0.1773
196,Characterization and prediction of mobile-app traffic using Markov modeling,network,0.1484
196,Characterization and prediction of mobile-app traffic using Markov modeling,objective,0.1911
196,Characterization and prediction of mobile-app traffic using Markov modeling,of,0.0817
196,Characterization and prediction of mobile-app traffic using Markov modeling,point,0.2148
196,Characterization and prediction of mobile-app traffic using Markov modeling,prediction,0.2148
196,Characterization and prediction of mobile-app traffic using Markov modeling,the,0.083
196,Characterization and prediction of mobile-app traffic using Markov modeling,this,0.0781
196,Characterization and prediction of mobile-app traffic using Markov modeling,three,0.1484
196,Characterization and prediction of mobile-app traffic using Markov modeling,to,0.1115
196,Characterization and prediction of mobile-app traffic using Markov modeling,traffic,0.4295
196,Characterization and prediction of mobile-app traffic using Markov modeling,using,0.1024
196,Characterization and prediction of mobile-app traffic using Markov modeling,version,0.2148
196,Characterization and prediction of mobile-app traffic using Markov modeling,we,0.0857
196,Characterization and prediction of mobile-app traffic using Markov modeling,work,0.1398
197,Human monkeypox classification from skin lesion images with deep pre-trained network using mobile application,an,0.0831
197,Human monkeypox classification from skin lesion images with deep pre-trained network using mobile application,android,0.1574
197,Human monkeypox classification from skin lesion images with deep pre-trained network using mobile application,application,0.2834
197,Human monkeypox classification from skin lesion images with deep pre-trained network using mobile application,are,0.0971
197,Human monkeypox classification from skin lesion images with deep pre-trained network using mobile application,assist,0.1907
197,Human monkeypox classification from skin lesion images with deep pre-trained network using mobile application,camera,0.1907
197,Human monkeypox classification from skin lesion images with deep pre-trained network using mobile application,classification,0.1697
197,Human monkeypox classification from skin lesion images with deep pre-trained network using mobile application,deep,0.3543
197,Human monkeypox classification from skin lesion images with deep pre-trained network using mobile application,device,0.1697
197,Human monkeypox classification from skin lesion images with deep pre-trained network using mobile application,dispatched,0.1907
197,Human monkeypox classification from skin lesion images with deep pre-trained network using mobile application,from,0.1032
197,Human monkeypox classification from skin lesion images with deep pre-trained network using mobile application,gathered,0.1907
197,Human monkeypox classification from skin lesion images with deep pre-trained network using mobile application,has,0.1049
197,Human monkeypox classification from skin lesion images with deep pre-trained network using mobile application,human,0.1574
197,Human monkeypox classification from skin lesion images with deep pre-trained network using mobile application,images,0.3814
197,Human monkeypox classification from skin lesion images with deep pre-trained network using mobile application,learning,0.0653
197,Human monkeypox classification from skin lesion images with deep pre-trained network using mobile application,lesion,0.1907
197,Human monkeypox classification from skin lesion images with deep pre-trained network using mobile application,mobile,0.2098
197,Human monkeypox classification from skin lesion images with deep pre-trained network using mobile application,monkeypox,0.1907
197,Human monkeypox classification from skin lesion images with deep pre-trained network using mobile application,network,0.1318
197,Human monkeypox classification from skin lesion images with deep pre-trained network using mobile application,pretrained,0.1907
197,Human monkeypox classification from skin lesion images with deep pre-trained network using mobile application,situation,0.1907
197,Human monkeypox classification from skin lesion images with deep pre-trained network using mobile application,skin,0.1697
197,Human monkeypox classification from skin lesion images with deep pre-trained network using mobile application,that,0.0748
197,Human monkeypox classification from skin lesion images with deep pre-trained network using mobile application,the,0.0737
197,Human monkeypox classification from skin lesion images with deep pre-trained network using mobile application,this,0.0694
197,Human monkeypox classification from skin lesion images with deep pre-trained network using mobile application,through,0.1155
197,Human monkeypox classification from skin lesion images with deep pre-trained network using mobile application,to,0.099
197,Human monkeypox classification from skin lesion images with deep pre-trained network using mobile application,uses,0.1907
197,Human monkeypox classification from skin lesion images with deep pre-trained network using mobile application,using,0.0909
197,Human monkeypox classification from skin lesion images with deep pre-trained network using mobile application,video,0.1697
197,Human monkeypox classification from skin lesion images with deep pre-trained network using mobile application,with,0.0754
198,Effectiveness of mobile app-based psychological interventions for college students: a systematic review of the literature,addressing,0.1449
198,Effectiveness of mobile app-based psychological interventions for college students: a systematic review of the literature,and,0.0392
198,Effectiveness of mobile app-based psychological interventions for college students: a systematic review of the literature,app,0.1955
198,Effectiveness of mobile app-based psychological interventions for college students: a systematic review of the literature,appbased,0.1947
198,Effectiveness of mobile app-based psychological interventions for college students: a systematic review of the literature,apps,0.0866
198,Effectiveness of mobile app-based psychological interventions for college students: a systematic review of the literature,available,0.1449
198,Effectiveness of mobile app-based psychological interventions for college students: a systematic review of the literature,college,0.3894
198,Effectiveness of mobile app-based psychological interventions for college students: a systematic review of the literature,commercially,0.1947
198,Effectiveness of mobile app-based psychological interventions for college students: a systematic review of the literature,conducted,0.1449
198,Effectiveness of mobile app-based psychological interventions for college students: a systematic review of the literature,effectiveness,0.1449
198,Effectiveness of mobile app-based psychological interventions for college students: a systematic review of the literature,efficacy,0.1947
198,Effectiveness of mobile app-based psychological interventions for college students: a systematic review of the literature,for,0.1147
198,Effectiveness of mobile app-based psychological interventions for college students: a systematic review of the literature,health,0.1304
198,Effectiveness of mobile app-based psychological interventions for college students: a systematic review of the literature,in,0.0924
198,Effectiveness of mobile app-based psychological interventions for college students: a systematic review of the literature,interventions,0.3215
198,Effectiveness of mobile app-based psychological interventions for college students: a systematic review of the literature,literature,0.1345
198,Effectiveness of mobile app-based psychological interventions for college students: a systematic review of the literature,mental,0.1947
198,Effectiveness of mobile app-based psychological interventions for college students: a systematic review of the literature,mobile,0.2142
198,Effectiveness of mobile app-based psychological interventions for college students: a systematic review of the literature,not,0.1179
198,Effectiveness of mobile app-based psychological interventions for college students: a systematic review of the literature,of,0.1482
198,Effectiveness of mobile app-based psychological interventions for college students: a systematic review of the literature,outcomes,0.1947
198,Effectiveness of mobile app-based psychological interventions for college students: a systematic review of the literature,psychological,0.1947
198,Effectiveness of mobile app-based psychological interventions for college students: a systematic review of the literature,review,0.0866
198,Effectiveness of mobile app-based psychological interventions for college students: a systematic review of the literature,search,0.1449
198,Effectiveness of mobile app-based psychological interventions for college students: a systematic review of the literature,store,0.1733
198,Effectiveness of mobile app-based psychological interventions for college students: a systematic review of the literature,students,0.3894
198,Effectiveness of mobile app-based psychological interventions for college students: a systematic review of the literature,systematic,0.1179
198,Effectiveness of mobile app-based psychological interventions for college students: a systematic review of the literature,the,0.0752
198,Effectiveness of mobile app-based psychological interventions for college students: a systematic review of the literature,was,0.1345
199,Gamification in personal health management: a focus on mobile apps,and,0.0838
199,Gamification in personal health management: a focus on mobile apps,applications,0.0862
199,Gamification in personal health management: a focus on mobile apps,apps,0.1852
199,Gamification in personal health management: a focus on mobile apps,article,0.1438
199,Gamification in personal health management: a focus on mobile apps,concept,0.155
199,Gamification in personal health management: a focus on mobile apps,elements,0.1852
199,Gamification in personal health management: a focus on mobile apps,explores,0.1718
199,Gamification in personal health management: a focus on mobile apps,focus,0.3247
199,Gamification in personal health management: a focus on mobile apps,game,0.1718
199,Gamification in personal health management: a focus on mobile apps,gamification,0.5155
199,Gamification in personal health management: a focus on mobile apps,health,0.2789
199,Gamification in personal health management: a focus on mobile apps,in,0.0988
199,Gamification in personal health management: a focus on mobile apps,is,0.0769
199,Gamification in personal health management: a focus on mobile apps,management,0.3437
199,Gamification in personal health management: a focus on mobile apps,mobile,0.1526
199,Gamification in personal health management: a focus on mobile apps,of,0.0792
199,Gamification in personal health management: a focus on mobile apps,on,0.1514
199,Gamification in personal health management: a focus on mobile apps,personal,0.3705
199,Gamification in personal health management: a focus on mobile apps,review,0.0926
199,Gamification in personal health management: a focus on mobile apps,the,0.0804
199,Gamification in personal health management: a focus on mobile apps,this,0.0757
199,Gamification in personal health management: a focus on mobile apps,use,0.1145
199,Gamification in personal health management: a focus on mobile apps,with,0.0823
200,ForestScanner: A mobile application for measuring and mapping trees with LiDAR‐equipped iPhone and iPad,allows,0.1449
200,ForestScanner: A mobile application for measuring and mapping trees with LiDAR‐equipped iPhone and iPad,and,0.0656
200,ForestScanner: A mobile application for measuring and mapping trees with LiDAR‐equipped iPhone and iPad,application,0.1613
200,ForestScanner: A mobile application for measuring and mapping trees with LiDAR‐equipped iPhone and iPad,builtin,0.1628
200,ForestScanner: A mobile application for measuring and mapping trees with LiDAR‐equipped iPhone and iPad,by,0.0749
200,ForestScanner: A mobile application for measuring and mapping trees with LiDAR‐equipped iPhone and iPad,does,0.1628
200,ForestScanner: A mobile application for measuring and mapping trees with LiDAR‐equipped iPhone and iPad,equipped,0.1628
200,ForestScanner: A mobile application for measuring and mapping trees with LiDAR‐equipped iPhone and iPad,for,0.048
200,ForestScanner: A mobile application for measuring and mapping trees with LiDAR‐equipped iPhone and iPad,forest,0.1449
200,ForestScanner: A mobile application for measuring and mapping trees with LiDAR‐equipped iPhone and iPad,forestscanner,0.4884
200,ForestScanner: A mobile application for measuring and mapping trees with LiDAR‐equipped iPhone and iPad,free,0.1449
200,ForestScanner: A mobile application for measuring and mapping trees with LiDAR‐equipped iPhone and iPad,here,0.127
200,ForestScanner: A mobile application for measuring and mapping trees with LiDAR‐equipped iPhone and iPad,introduce,0.127
200,ForestScanner: A mobile application for measuring and mapping trees with LiDAR‐equipped iPhone and iPad,inventories,0.1628
200,ForestScanner: A mobile application for measuring and mapping trees with LiDAR‐equipped iPhone and iPad,ipad,0.3256
200,ForestScanner: A mobile application for measuring and mapping trees with LiDAR‐equipped iPhone and iPad,iphone,0.3256
200,ForestScanner: A mobile application for measuring and mapping trees with LiDAR‐equipped iPhone and iPad,lidar,0.3256
200,ForestScanner: A mobile application for measuring and mapping trees with LiDAR‐equipped iPhone and iPad,lidarbased,0.1628
200,ForestScanner: A mobile application for measuring and mapping trees with LiDAR‐equipped iPhone and iPad,mapping,0.1449
200,ForestScanner: A mobile application for measuring and mapping trees with LiDAR‐equipped iPhone and iPad,means,0.1628
200,ForestScanner: A mobile application for measuring and mapping trees with LiDAR‐equipped iPhone and iPad,measuring,0.1628
200,ForestScanner: A mobile application for measuring and mapping trees with LiDAR‐equipped iPhone and iPad,mobile,0.1194
200,ForestScanner: A mobile application for measuring and mapping trees with LiDAR‐equipped iPhone and iPad,of,0.031
200,ForestScanner: A mobile application for measuring and mapping trees with LiDAR‐equipped iPhone and iPad,or,0.1008
200,ForestScanner: A mobile application for measuring and mapping trees with LiDAR‐equipped iPhone and iPad,sensor,0.1628
200,ForestScanner: A mobile application for measuring and mapping trees with LiDAR‐equipped iPhone and iPad,that,0.0638
200,ForestScanner: A mobile application for measuring and mapping trees with LiDAR‐equipped iPhone and iPad,trees,0.1628
200,ForestScanner: A mobile application for measuring and mapping trees with LiDAR‐equipped iPhone and iPad,we,0.065
200,ForestScanner: A mobile application for measuring and mapping trees with LiDAR‐equipped iPhone and iPad,with,0.1288
